{
"type": "FeatureCollection",
"name": "final_output_map",
"crs": { "type": "name", "properties": { "name": "urn:ogc:def:crs:EPSG::5179" } },
"features": [
{ "type": "Feature", "properties": { "fid": 1, "id": 1, "left": 961886.06606614962, "top": 1951805.1136619265, "right": 962059.27114690654, "bottom": 1951655.1136619265, "row_index": 0, "col_index": 0, "HexScore": 1 }, "geometry": { "type": "Polygon", "coordinates": [ [ [ 961886.066066149622202, 1951730.11366192647256 ], [ 961929.367336338851601, 1951805.11366192647256 ], [ 962015.969876717310399, 1951805.11366192647256 ], [ 962059.271146906539798, 1951730.11366192647256 ], [ 962015.969876717310399, 1951655.11366192647256 ], [ 961929.367336338851601, 1951655.11366192647256 ], [ 961886.066066149622202, 1951730.11366192647256 ] ] ] } },
{ "type": "Feature", "properties": { "fid": 2, "id": 2, "left": 961886.06606614962, "top": 1951655.1136619265, "right": 962059.27114690654, "bottom": 1951505.1136619265, "row_index": 1, "col_index": 0, "HexScore": 1 }, "geometry": { "type": "Polygon", "coordinates": [ [ [ 961886.066066149622202, 1951580.11366192647256 ], [ 961929.367336338851601, 1951655.11366192647256 ], [ 962015.969876717310399, 1951655.11366192647256 ], [ 962059.271146906539798, 1951580.11366192647256 ], [ 962015.969876717310399, 1951505.11366192647256 ], [ 961929.367336338851601, 1951505.11366192647256 ], [ 961886.066066149622202, 1951580.11366192647256 ] ] ] } },
{ "type": "Feature", "properties": { "fid": 3, "id": 3, "left": 961886.06606614962, "top": 1951505.1136619265, "right": 962059.27114690654, "bottom": 1951355.1136619265, "row_index": 2, "col_index": 0, "HexScore": 3 }, "geometry": { "type": "Polygon", "coordinates": [ [ [ 961886.066066149622202, 1951430.11366192647256 ], [ 961929.367336338851601, 1951505.11366192647256 ], [ 962015.969876717310399, 1951505.11366192647256 ], [ 962059.271146906539798, 1951430.11366192647256 ], [ 962015.969876717310399, 1951355.11366192647256 ], [ 961929.367336338851601, 1951355.11366192647256 ], [ 961886.066066149622202, 1951430.11366192647256 ] ] ] } },
{ "type": "Feature", "properties": { "fid": 4, "id": 4, "left": 961886.06606614962, "top": 1951355.1136619265, "right": 962059.27114690654, "bottom": 1951205.1136619265, "row_index": 3, "col_index": 0, "HexScore": 3 }, "geometry": { "type": "Polygon", "coordinates": [ [ [ 961886.066066149622202, 1951280.11366192647256 ], [ 961929.367336338851601, 1951355.11366192647256 ], [ 962015.969876717310399, 1951355.11366192647256 ], [ 962059.271146906539798, 1951280.11366192647256 ], [ 962015.969876717310399, 1951205.11366192647256 ], [ 961929.367336338851601, 1951205.11366192647256 ], [ 961886.066066149622202, 1951280.11366192647256 ] ] ] } },
{ "type": "Feature", "properties": { "fid": 5, "id": 5, "left": 961886.06606614962, "top": 1951205.1136619265, "right": 962059.27114690654, "bottom": 1951055.1136619265, "row_index": 4, "col_index": 0, "HexScore": 3 }, "geometry": { "type": "Polygon", "coordinates": [ [ [ 961886.066066149622202, 1951130.11366192647256 ], [ 961929.367336338851601, 1951205.11366192647256 ], [ 962015.969876717310399, 1951205.11366192647256 ], [ 962059.271146906539798, 1951130.11366192647256 ], [ 962015.969876717310399, 1951055.11366192647256 ], [ 961929.367336338851601, 1951055.11366192647256 ], [ 961886.066066149622202, 1951130.11366192647256 ] ] ] } },
{ "type": "Feature", "properties": { "fid": 6, "id": 6, "left": 961886.06606614962, "top": 1951055.1136619265, "right": 962059.27114690654, "bottom": 1950905.1136619265, "row_index": 5, "col_index": 0, "HexScore": 1 }, "geometry": { "type": "Polygon", "coordinates": [ [ [ 961886.066066149622202, 1950980.11366192647256 ], [ 961929.367336338851601, 1951055.11366192647256 ], [ 962015.969876717310399, 1951055.11366192647256 ], [ 962059.271146906539798, 1950980.11366192647256 ], [ 962015.969876717310399, 1950905.11366192647256 ], [ 961929.367336338851601, 1950905.11366192647256 ], [ 961886.066066149622202, 1950980.11366192647256 ] ] ] } },
{ "type": "Feature", "properties": { "fid": 7, "id": 7, "left": 961886.06606614962, "top": 1950905.1136619265, "right": 962059.27114690654, "bottom": 1950755.1136619265, "row_index": 6, "col_index": 0, "HexScore": 3 }, "geometry": { "type": "Polygon", "coordinates": [ [ [ 961886.066066149622202, 1950830.11366192647256 ], [ 961929.367336338851601, 1950905.11366192647256 ], [ 962015.969876717310399, 1950905.11366192647256 ], [ 962059.271146906539798, 1950830.11366192647256 ], [ 962015.969876717310399, 1950755.11366192647256 ], [ 961929.367336338851601, 1950755.11366192647256 ], [ 961886.066066149622202, 1950830.11366192647256 ] ] ] } },
{ "type": "Feature", "properties": { "fid": 8, "id": 8, "left": 961886.06606614962, "top": 1950755.1136619265, "right": 962059.27114690654, "bottom": 1950605.1136619265, "row_index": 7, "col_index": 0, "HexScore": 1 }, "geometry": { "type": "Polygon", "coordinates": [ [ [ 961886.066066149622202, 1950680.11366192647256 ], [ 961929.367336338851601, 1950755.11366192647256 ], [ 962015.969876717310399, 1950755.11366192647256 ], [ 962059.271146906539798, 1950680.11366192647256 ], [ 962015.969876717310399, 1950605.11366192647256 ], [ 961929.367336338851601, 1950605.11366192647256 ], [ 961886.066066149622202, 1950680.11366192647256 ] ] ] } },
{ "type": "Feature", "properties": { "fid": 9, "id": 9, "left": 961886.06606614962, "top": 1950605.1136619265, "right": 962059.27114690654, "bottom": 1950455.1136619265, "row_index": 8, "col_index": 0, "HexScore": 3 }, "geometry": { "type": "Polygon", "coordinates": [ [ [ 961886.066066149622202, 1950530.11366192647256 ], [ 961929.367336338851601, 1950605.11366192647256 ], [ 962015.969876717310399, 1950605.11366192647256 ], [ 962059.271146906539798, 1950530.11366192647256 ], [ 962015.969876717310399, 1950455.11366192647256 ], [ 961929.367336338851601, 1950455.11366192647256 ], [ 961886.066066149622202, 1950530.11366192647256 ] ] ] } },
{ "type": "Feature", "properties": { "fid": 10, "id": 10, "left": 961886.06606614962, "top": 1950455.1136619265, "right": 962059.27114690654, "bottom": 1950305.1136619265, "row_index": 9, "col_index": 0, "HexScore": 3 }, "geometry": { "type": "Polygon", "coordinates": [ [ [ 961886.066066149622202, 1950380.11366192647256 ], [ 961929.367336338851601, 1950455.11366192647256 ], [ 962015.969876717310399, 1950455.11366192647256 ], [ 962059.271146906539798, 1950380.11366192647256 ], [ 962015.969876717310399, 1950305.11366192647256 ], [ 961929.367336338851601, 1950305.11366192647256 ], [ 961886.066066149622202, 1950380.11366192647256 ] ] ] } },
{ "type": "Feature", "properties": { "fid": 11, "id": 11, "left": 961886.06606614962, "top": 1950305.1136619265, "right": 962059.27114690654, "bottom": 1950155.1136619265, "row_index": 10, "col_index": 0, "HexScore": 1 }, "geometry": { "type": "Polygon", "coordinates": [ [ [ 961886.066066149622202, 1950230.11366192647256 ], [ 961929.367336338851601, 1950305.11366192647256 ], [ 962015.969876717310399, 1950305.11366192647256 ], [ 962059.271146906539798, 1950230.11366192647256 ], [ 962015.969876717310399, 1950155.11366192647256 ], [ 961929.367336338851601, 1950155.11366192647256 ], [ 961886.066066149622202, 1950230.11366192647256 ] ] ] } },
{ "type": "Feature", "properties": { "fid": 12, "id": 12, "left": 961886.06606614962, "top": 1950155.1136619265, "right": 962059.27114690654, "bottom": 1950005.1136619265, "row_index": 11, "col_index": 0, "HexScore": 3 }, "geometry": { "type": "Polygon", "coordinates": [ [ [ 961886.066066149622202, 1950080.11366192647256 ], [ 961929.367336338851601, 1950155.11366192647256 ], [ 962015.969876717310399, 1950155.11366192647256 ], [ 962059.271146906539798, 1950080.11366192647256 ], [ 962015.969876717310399, 1950005.11366192647256 ], [ 961929.367336338851601, 1950005.11366192647256 ], [ 961886.066066149622202, 1950080.11366192647256 ] ] ] } },
{ "type": "Feature", "properties": { "fid": 13, "id": 13, "left": 961886.06606614962, "top": 1950005.1136619265, "right": 962059.27114690654, "bottom": 1949855.1136619265, "row_index": 12, "col_index": 0, "HexScore": 3 }, "geometry": { "type": "Polygon", "coordinates": [ [ [ 961886.066066149622202, 1949930.11366192647256 ], [ 961929.367336338851601, 1950005.11366192647256 ], [ 962015.969876717310399, 1950005.11366192647256 ], [ 962059.271146906539798, 1949930.11366192647256 ], [ 962015.969876717310399, 1949855.11366192647256 ], [ 961929.367336338851601, 1949855.11366192647256 ], [ 961886.066066149622202, 1949930.11366192647256 ] ] ] } },
{ "type": "Feature", "properties": { "fid": 14, "id": 14, "left": 961886.06606614962, "top": 1949855.1136619265, "right": 962059.27114690654, "bottom": 1949705.1136619265, "row_index": 13, "col_index": 0, "HexScore": 1 }, "geometry": { "type": "Polygon", "coordinates": [ [ [ 961886.066066149622202, 1949780.11366192647256 ], [ 961929.367336338851601, 1949855.11366192647256 ], [ 962015.969876717310399, 1949855.11366192647256 ], [ 962059.271146906539798, 1949780.11366192647256 ], [ 962015.969876717310399, 1949705.11366192647256 ], [ 961929.367336338851601, 1949705.11366192647256 ], [ 961886.066066149622202, 1949780.11366192647256 ] ] ] } },
{ "type": "Feature", "properties": { "fid": 15, "id": 15, "left": 961886.06606614962, "top": 1949705.1136619265, "right": 962059.27114690654, "bottom": 1949555.1136619265, "row_index": 14, "col_index": 0, "HexScore": 1 }, "geometry": { "type": "Polygon", "coordinates": [ [ [ 961886.066066149622202, 1949630.11366192647256 ], [ 961929.367336338851601, 1949705.11366192647256 ], [ 962015.969876717310399, 1949705.11366192647256 ], [ 962059.271146906539798, 1949630.11366192647256 ], [ 962015.969876717310399, 1949555.11366192647256 ], [ 961929.367336338851601, 1949555.11366192647256 ], [ 961886.066066149622202, 1949630.11366192647256 ] ] ] } },
{ "type": "Feature", "properties": { "fid": 16, "id": 16, "left": 961886.06606614962, "top": 1949555.1136619265, "right": 962059.27114690654, "bottom": 1949405.1136619265, "row_index": 15, "col_index": 0, "HexScore": 1 }, "geometry": { "type": "Polygon", "coordinates": [ [ [ 961886.066066149622202, 1949480.11366192647256 ], [ 961929.367336338851601, 1949555.11366192647256 ], [ 962015.969876717310399, 1949555.11366192647256 ], [ 962059.271146906539798, 1949480.11366192647256 ], [ 962015.969876717310399, 1949405.11366192647256 ], [ 961929.367336338851601, 1949405.11366192647256 ], [ 961886.066066149622202, 1949480.11366192647256 ] ] ] } },
{ "type": "Feature", "properties": { "fid": 17, "id": 17, "left": 961886.06606614962, "top": 1949405.1136619265, "right": 962059.27114690654, "bottom": 1949255.1136619265, "row_index": 16, "col_index": 0, "HexScore": 1 }, "geometry": { "type": "Polygon", "coordinates": [ [ [ 961886.066066149622202, 1949330.11366192647256 ], [ 961929.367336338851601, 1949405.11366192647256 ], [ 962015.969876717310399, 1949405.11366192647256 ], [ 962059.271146906539798, 1949330.11366192647256 ], [ 962015.969876717310399, 1949255.11366192647256 ], [ 961929.367336338851601, 1949255.11366192647256 ], [ 961886.066066149622202, 1949330.11366192647256 ] ] ] } },
{ "type": "Feature", "properties": { "fid": 18, "id": 18, "left": 961886.06606614962, "top": 1949255.1136619265, "right": 962059.27114690654, "bottom": 1949105.1136619265, "row_index": 17, "col_index": 0, "HexScore": 3 }, "geometry": { "type": "Polygon", "coordinates": [ [ [ 961886.066066149622202, 1949180.11366192647256 ], [ 961929.367336338851601, 1949255.11366192647256 ], [ 962015.969876717310399, 1949255.11366192647256 ], [ 962059.271146906539798, 1949180.11366192647256 ], [ 962015.969876717310399, 1949105.11366192647256 ], [ 961929.367336338851601, 1949105.11366192647256 ], [ 961886.066066149622202, 1949180.11366192647256 ] ] ] } },
{ "type": "Feature", "properties": { "fid": 19, "id": 19, "left": 961886.06606614962, "top": 1949105.1136619265, "right": 962059.27114690654, "bottom": 1948955.1136619265, "row_index": 18, "col_index": 0, "HexScore": 3 }, "geometry": { "type": "Polygon", "coordinates": [ [ [ 961886.066066149622202, 1949030.11366192647256 ], [ 961929.367336338851601, 1949105.11366192647256 ], [ 962015.969876717310399, 1949105.11366192647256 ], [ 962059.271146906539798, 1949030.11366192647256 ], [ 962015.969876717310399, 1948955.11366192647256 ], [ 961929.367336338851601, 1948955.11366192647256 ], [ 961886.066066149622202, 1949030.11366192647256 ] ] ] } },
{ "type": "Feature", "properties": { "fid": 20, "id": 20, "left": 961886.06606614962, "top": 1948955.1136619265, "right": 962059.27114690654, "bottom": 1948805.1136619265, "row_index": 19, "col_index": 0, "HexScore": 3 }, "geometry": { "type": "Polygon", "coordinates": [ [ [ 961886.066066149622202, 1948880.11366192647256 ], [ 961929.367336338851601, 1948955.11366192647256 ], [ 962015.969876717310399, 1948955.11366192647256 ], [ 962059.271146906539798, 1948880.11366192647256 ], [ 962015.969876717310399, 1948805.11366192647256 ], [ 961929.367336338851601, 1948805.11366192647256 ], [ 961886.066066149622202, 1948880.11366192647256 ] ] ] } },
{ "type": "Feature", "properties": { "fid": 21, "id": 21, "left": 961886.06606614962, "top": 1948805.1136619265, "right": 962059.27114690654, "bottom": 1948655.1136619265, "row_index": 20, "col_index": 0, "HexScore": 3 }, "geometry": { "type": "Polygon", "coordinates": [ [ [ 961886.066066149622202, 1948730.11366192647256 ], [ 961929.367336338851601, 1948805.11366192647256 ], [ 962015.969876717310399, 1948805.11366192647256 ], [ 962059.271146906539798, 1948730.11366192647256 ], [ 962015.969876717310399, 1948655.11366192647256 ], [ 961929.367336338851601, 1948655.11366192647256 ], [ 961886.066066149622202, 1948730.11366192647256 ] ] ] } },
{ "type": "Feature", "properties": { "fid": 22, "id": 22, "left": 962015.96987671731, "top": 1951730.1136619265, "right": 962189.17495747423, "bottom": 1951580.1136619265, "row_index": 0, "col_index": 1, "HexScore": 1 }, "geometry": { "type": "Polygon", "coordinates": [ [ [ 962015.969876717310399, 1951655.11366192647256 ], [ 962059.271146906539798, 1951730.11366192647256 ], [ 962145.873687284998596, 1951730.11366192647256 ], [ 962189.174957474227995, 1951655.11366192647256 ], [ 962145.873687284998596, 1951580.11366192647256 ], [ 962059.271146906539798, 1951580.11366192647256 ], [ 962015.969876717310399, 1951655.11366192647256 ] ] ] } },
{ "type": "Feature", "properties": { "fid": 23, "id": 23, "left": 962015.96987671731, "top": 1951580.1136619265, "right": 962189.17495747423, "bottom": 1951430.1136619265, "row_index": 1, "col_index": 1, "HexScore": 1 }, "geometry": { "type": "Polygon", "coordinates": [ [ [ 962015.969876717310399, 1951505.11366192647256 ], [ 962059.271146906539798, 1951580.11366192647256 ], [ 962145.873687284998596, 1951580.11366192647256 ], [ 962189.174957474227995, 1951505.11366192647256 ], [ 962145.873687284998596, 1951430.11366192647256 ], [ 962059.271146906539798, 1951430.11366192647256 ], [ 962015.969876717310399, 1951505.11366192647256 ] ] ] } },
{ "type": "Feature", "properties": { "fid": 24, "id": 24, "left": 962015.96987671731, "top": 1951430.1136619265, "right": 962189.17495747423, "bottom": 1951280.1136619265, "row_index": 2, "col_index": 1, "HexScore": 1 }, "geometry": { "type": "Polygon", "coordinates": [ [ [ 962015.969876717310399, 1951355.11366192647256 ], [ 962059.271146906539798, 1951430.11366192647256 ], [ 962145.873687284998596, 1951430.11366192647256 ], [ 962189.174957474227995, 1951355.11366192647256 ], [ 962145.873687284998596, 1951280.11366192647256 ], [ 962059.271146906539798, 1951280.11366192647256 ], [ 962015.969876717310399, 1951355.11366192647256 ] ] ] } },
{ "type": "Feature", "properties": { "fid": 25, "id": 25, "left": 962015.96987671731, "top": 1951280.1136619265, "right": 962189.17495747423, "bottom": 1951130.1136619265, "row_index": 3, "col_index": 1, "HexScore": 1 }, "geometry": { "type": "Polygon", "coordinates": [ [ [ 962015.969876717310399, 1951205.11366192647256 ], [ 962059.271146906539798, 1951280.11366192647256 ], [ 962145.873687284998596, 1951280.11366192647256 ], [ 962189.174957474227995, 1951205.11366192647256 ], [ 962145.873687284998596, 1951130.11366192647256 ], [ 962059.271146906539798, 1951130.11366192647256 ], [ 962015.969876717310399, 1951205.11366192647256 ] ] ] } },
{ "type": "Feature", "properties": { "fid": 26, "id": 26, "left": 962015.96987671731, "top": 1951130.1136619265, "right": 962189.17495747423, "bottom": 1950980.1136619265, "row_index": 4, "col_index": 1, "HexScore": 1 }, "geometry": { "type": "Polygon", "coordinates": [ [ [ 962015.969876717310399, 1951055.11366192647256 ], [ 962059.271146906539798, 1951130.11366192647256 ], [ 962145.873687284998596, 1951130.11366192647256 ], [ 962189.174957474227995, 1951055.11366192647256 ], [ 962145.873687284998596, 1950980.11366192647256 ], [ 962059.271146906539798, 1950980.11366192647256 ], [ 962015.969876717310399, 1951055.11366192647256 ] ] ] } },
{ "type": "Feature", "properties": { "fid": 27, "id": 27, "left": 962015.96987671731, "top": 1950980.1136619265, "right": 962189.17495747423, "bottom": 1950830.1136619265, "row_index": 5, "col_index": 1, "HexScore": 3 }, "geometry": { "type": "Polygon", "coordinates": [ [ [ 962015.969876717310399, 1950905.11366192647256 ], [ 962059.271146906539798, 1950980.11366192647256 ], [ 962145.873687284998596, 1950980.11366192647256 ], [ 962189.174957474227995, 1950905.11366192647256 ], [ 962145.873687284998596, 1950830.11366192647256 ], [ 962059.271146906539798, 1950830.11366192647256 ], [ 962015.969876717310399, 1950905.11366192647256 ] ] ] } },
{ "type": "Feature", "properties": { "fid": 28, "id": 28, "left": 962015.96987671731, "top": 1950830.1136619265, "right": 962189.17495747423, "bottom": 1950680.1136619265, "row_index": 6, "col_index": 1, "HexScore": 3 }, "geometry": { "type": "Polygon", "coordinates": [ [ [ 962015.969876717310399, 1950755.11366192647256 ], [ 962059.271146906539798, 1950830.11366192647256 ], [ 962145.873687284998596, 1950830.11366192647256 ], [ 962189.174957474227995, 1950755.11366192647256 ], [ 962145.873687284998596, 1950680.11366192647256 ], [ 962059.271146906539798, 1950680.11366192647256 ], [ 962015.969876717310399, 1950755.11366192647256 ] ] ] } },
{ "type": "Feature", "properties": { "fid": 29, "id": 29, "left": 962015.96987671731, "top": 1950680.1136619265, "right": 962189.17495747423, "bottom": 1950530.1136619265, "row_index": 7, "col_index": 1, "HexScore": 1 }, "geometry": { "type": "Polygon", "coordinates": [ [ [ 962015.969876717310399, 1950605.11366192647256 ], [ 962059.271146906539798, 1950680.11366192647256 ], [ 962145.873687284998596, 1950680.11366192647256 ], [ 962189.174957474227995, 1950605.11366192647256 ], [ 962145.873687284998596, 1950530.11366192647256 ], [ 962059.271146906539798, 1950530.11366192647256 ], [ 962015.969876717310399, 1950605.11366192647256 ] ] ] } },
{ "type": "Feature", "properties": { "fid": 30, "id": 30, "left": 962015.96987671731, "top": 1950530.1136619265, "right": 962189.17495747423, "bottom": 1950380.1136619265, "row_index": 8, "col_index": 1, "HexScore": 1 }, "geometry": { "type": "Polygon", "coordinates": [ [ [ 962015.969876717310399, 1950455.11366192647256 ], [ 962059.271146906539798, 1950530.11366192647256 ], [ 962145.873687284998596, 1950530.11366192647256 ], [ 962189.174957474227995, 1950455.11366192647256 ], [ 962145.873687284998596, 1950380.11366192647256 ], [ 962059.271146906539798, 1950380.11366192647256 ], [ 962015.969876717310399, 1950455.11366192647256 ] ] ] } },
{ "type": "Feature", "properties": { "fid": 31, "id": 31, "left": 962015.96987671731, "top": 1950380.1136619265, "right": 962189.17495747423, "bottom": 1950230.1136619265, "row_index": 9, "col_index": 1, "HexScore": 1 }, "geometry": { "type": "Polygon", "coordinates": [ [ [ 962015.969876717310399, 1950305.11366192647256 ], [ 962059.271146906539798, 1950380.11366192647256 ], [ 962145.873687284998596, 1950380.11366192647256 ], [ 962189.174957474227995, 1950305.11366192647256 ], [ 962145.873687284998596, 1950230.11366192647256 ], [ 962059.271146906539798, 1950230.11366192647256 ], [ 962015.969876717310399, 1950305.11366192647256 ] ] ] } },
{ "type": "Feature", "properties": { "fid": 32, "id": 32, "left": 962015.96987671731, "top": 1950230.1136619265, "right": 962189.17495747423, "bottom": 1950080.1136619265, "row_index": 10, "col_index": 1, "HexScore": 1 }, "geometry": { "type": "Polygon", "coordinates": [ [ [ 962015.969876717310399, 1950155.11366192647256 ], [ 962059.271146906539798, 1950230.11366192647256 ], [ 962145.873687284998596, 1950230.11366192647256 ], [ 962189.174957474227995, 1950155.11366192647256 ], [ 962145.873687284998596, 1950080.11366192647256 ], [ 962059.271146906539798, 1950080.11366192647256 ], [ 962015.969876717310399, 1950155.11366192647256 ] ] ] } },
{ "type": "Feature", "properties": { "fid": 33, "id": 33, "left": 962015.96987671731, "top": 1950080.1136619265, "right": 962189.17495747423, "bottom": 1949930.1136619265, "row_index": 11, "col_index": 1, "HexScore": 3 }, "geometry": { "type": "Polygon", "coordinates": [ [ [ 962015.969876717310399, 1950005.11366192647256 ], [ 962059.271146906539798, 1950080.11366192647256 ], [ 962145.873687284998596, 1950080.11366192647256 ], [ 962189.174957474227995, 1950005.11366192647256 ], [ 962145.873687284998596, 1949930.11366192647256 ], [ 962059.271146906539798, 1949930.11366192647256 ], [ 962015.969876717310399, 1950005.11366192647256 ] ] ] } },
{ "type": "Feature", "properties": { "fid": 34, "id": 34, "left": 962015.96987671731, "top": 1949930.1136619265, "right": 962189.17495747423, "bottom": 1949780.1136619265, "row_index": 12, "col_index": 1, "HexScore": 3 }, "geometry": { "type": "Polygon", "coordinates": [ [ [ 962015.969876717310399, 1949855.11366192647256 ], [ 962059.271146906539798, 1949930.11366192647256 ], [ 962145.873687284998596, 1949930.11366192647256 ], [ 962189.174957474227995, 1949855.11366192647256 ], [ 962145.873687284998596, 1949780.11366192647256 ], [ 962059.271146906539798, 1949780.11366192647256 ], [ 962015.969876717310399, 1949855.11366192647256 ] ] ] } },
{ "type": "Feature", "properties": { "fid": 35, "id": 35, "left": 962015.96987671731, "top": 1949780.1136619265, "right": 962189.17495747423, "bottom": 1949630.1136619265, "row_index": 13, "col_index": 1, "HexScore": 1 }, "geometry": { "type": "Polygon", "coordinates": [ [ [ 962015.969876717310399, 1949705.11366192647256 ], [ 962059.271146906539798, 1949780.11366192647256 ], [ 962145.873687284998596, 1949780.11366192647256 ], [ 962189.174957474227995, 1949705.11366192647256 ], [ 962145.873687284998596, 1949630.11366192647256 ], [ 962059.271146906539798, 1949630.11366192647256 ], [ 962015.969876717310399, 1949705.11366192647256 ] ] ] } },
{ "type": "Feature", "properties": { "fid": 36, "id": 36, "left": 962015.96987671731, "top": 1949630.1136619265, "right": 962189.17495747423, "bottom": 1949480.1136619265, "row_index": 14, "col_index": 1, "HexScore": 1 }, "geometry": { "type": "Polygon", "coordinates": [ [ [ 962015.969876717310399, 1949555.11366192647256 ], [ 962059.271146906539798, 1949630.11366192647256 ], [ 962145.873687284998596, 1949630.11366192647256 ], [ 962189.174957474227995, 1949555.11366192647256 ], [ 962145.873687284998596, 1949480.11366192647256 ], [ 962059.271146906539798, 1949480.11366192647256 ], [ 962015.969876717310399, 1949555.11366192647256 ] ] ] } },
{ "type": "Feature", "properties": { "fid": 37, "id": 37, "left": 962015.96987671731, "top": 1949480.1136619265, "right": 962189.17495747423, "bottom": 1949330.1136619265, "row_index": 15, "col_index": 1, "HexScore": 1 }, "geometry": { "type": "Polygon", "coordinates": [ [ [ 962015.969876717310399, 1949405.11366192647256 ], [ 962059.271146906539798, 1949480.11366192647256 ], [ 962145.873687284998596, 1949480.11366192647256 ], [ 962189.174957474227995, 1949405.11366192647256 ], [ 962145.873687284998596, 1949330.11366192647256 ], [ 962059.271146906539798, 1949330.11366192647256 ], [ 962015.969876717310399, 1949405.11366192647256 ] ] ] } },
{ "type": "Feature", "properties": { "fid": 38, "id": 38, "left": 962015.96987671731, "top": 1949330.1136619265, "right": 962189.17495747423, "bottom": 1949180.1136619265, "row_index": 16, "col_index": 1, "HexScore": 3 }, "geometry": { "type": "Polygon", "coordinates": [ [ [ 962015.969876717310399, 1949255.11366192647256 ], [ 962059.271146906539798, 1949330.11366192647256 ], [ 962145.873687284998596, 1949330.11366192647256 ], [ 962189.174957474227995, 1949255.11366192647256 ], [ 962145.873687284998596, 1949180.11366192647256 ], [ 962059.271146906539798, 1949180.11366192647256 ], [ 962015.969876717310399, 1949255.11366192647256 ] ] ] } },
{ "type": "Feature", "properties": { "fid": 39, "id": 39, "left": 962015.96987671731, "top": 1949180.1136619265, "right": 962189.17495747423, "bottom": 1949030.1136619265, "row_index": 17, "col_index": 1, "HexScore": 3 }, "geometry": { "type": "Polygon", "coordinates": [ [ [ 962015.969876717310399, 1949105.11366192647256 ], [ 962059.271146906539798, 1949180.11366192647256 ], [ 962145.873687284998596, 1949180.11366192647256 ], [ 962189.174957474227995, 1949105.11366192647256 ], [ 962145.873687284998596, 1949030.11366192647256 ], [ 962059.271146906539798, 1949030.11366192647256 ], [ 962015.969876717310399, 1949105.11366192647256 ] ] ] } },
{ "type": "Feature", "properties": { "fid": 40, "id": 40, "left": 962015.96987671731, "top": 1949030.1136619265, "right": 962189.17495747423, "bottom": 1948880.1136619265, "row_index": 18, "col_index": 1, "HexScore": 3 }, "geometry": { "type": "Polygon", "coordinates": [ [ [ 962015.969876717310399, 1948955.11366192647256 ], [ 962059.271146906539798, 1949030.11366192647256 ], [ 962145.873687284998596, 1949030.11366192647256 ], [ 962189.174957474227995, 1948955.11366192647256 ], [ 962145.873687284998596, 1948880.11366192647256 ], [ 962059.271146906539798, 1948880.11366192647256 ], [ 962015.969876717310399, 1948955.11366192647256 ] ] ] } },
{ "type": "Feature", "properties": { "fid": 41, "id": 41, "left": 962015.96987671731, "top": 1948880.1136619265, "right": 962189.17495747423, "bottom": 1948730.1136619265, "row_index": 19, "col_index": 1, "HexScore": 3 }, "geometry": { "type": "Polygon", "coordinates": [ [ [ 962015.969876717310399, 1948805.11366192647256 ], [ 962059.271146906539798, 1948880.11366192647256 ], [ 962145.873687284998596, 1948880.11366192647256 ], [ 962189.174957474227995, 1948805.11366192647256 ], [ 962145.873687284998596, 1948730.11366192647256 ], [ 962059.271146906539798, 1948730.11366192647256 ], [ 962015.969876717310399, 1948805.11366192647256 ] ] ] } },
{ "type": "Feature", "properties": { "fid": 42, "id": 42, "left": 962015.96987671731, "top": 1948730.1136619265, "right": 962189.17495747423, "bottom": 1948580.1136619265, "row_index": 20, "col_index": 1, "HexScore": 3 }, "geometry": { "type": "Polygon", "coordinates": [ [ [ 962015.969876717310399, 1948655.11366192647256 ], [ 962059.271146906539798, 1948730.11366192647256 ], [ 962145.873687284998596, 1948730.11366192647256 ], [ 962189.174957474227995, 1948655.11366192647256 ], [ 962145.873687284998596, 1948580.11366192647256 ], [ 962059.271146906539798, 1948580.11366192647256 ], [ 962015.969876717310399, 1948655.11366192647256 ] ] ] } },
{ "type": "Feature", "properties": { "fid": 43, "id": 43, "left": 962145.873687285, "top": 1951805.1136619265, "right": 962319.07876804192, "bottom": 1951655.1136619265, "row_index": 0, "col_index": 2, "HexScore": 3 }, "geometry": { "type": "Polygon", "coordinates": [ [ [ 962145.873687284998596, 1951730.11366192647256 ], [ 962189.174957474227995, 1951805.11366192647256 ], [ 962275.777497852686793, 1951805.11366192647256 ], [ 962319.078768041916192, 1951730.11366192647256 ], [ 962275.777497852686793, 1951655.11366192647256 ], [ 962189.174957474227995, 1951655.11366192647256 ], [ 962145.873687284998596, 1951730.11366192647256 ] ] ] } },
{ "type": "Feature", "properties": { "fid": 44, "id": 44, "left": 962145.873687285, "top": 1951655.1136619265, "right": 962319.07876804192, "bottom": 1951505.1136619265, "row_index": 1, "col_index": 2, "HexScore": 3 }, "geometry": { "type": "Polygon", "coordinates": [ [ [ 962145.873687284998596, 1951580.11366192647256 ], [ 962189.174957474227995, 1951655.11366192647256 ], [ 962275.777497852686793, 1951655.11366192647256 ], [ 962319.078768041916192, 1951580.11366192647256 ], [ 962275.777497852686793, 1951505.11366192647256 ], [ 962189.174957474227995, 1951505.11366192647256 ], [ 962145.873687284998596, 1951580.11366192647256 ] ] ] } },
{ "type": "Feature", "properties": { "fid": 45, "id": 45, "left": 962145.873687285, "top": 1951505.1136619265, "right": 962319.07876804192, "bottom": 1951355.1136619265, "row_index": 2, "col_index": 2, "HexScore": 1 }, "geometry": { "type": "Polygon", "coordinates": [ [ [ 962145.873687284998596, 1951430.11366192647256 ], [ 962189.174957474227995, 1951505.11366192647256 ], [ 962275.777497852686793, 1951505.11366192647256 ], [ 962319.078768041916192, 1951430.11366192647256 ], [ 962275.777497852686793, 1951355.11366192647256 ], [ 962189.174957474227995, 1951355.11366192647256 ], [ 962145.873687284998596, 1951430.11366192647256 ] ] ] } },
{ "type": "Feature", "properties": { "fid": 46, "id": 46, "left": 962145.873687285, "top": 1951355.1136619265, "right": 962319.07876804192, "bottom": 1951205.1136619265, "row_index": 3, "col_index": 2, "HexScore": 1 }, "geometry": { "type": "Polygon", "coordinates": [ [ [ 962145.873687284998596, 1951280.11366192647256 ], [ 962189.174957474227995, 1951355.11366192647256 ], [ 962275.777497852686793, 1951355.11366192647256 ], [ 962319.078768041916192, 1951280.11366192647256 ], [ 962275.777497852686793, 1951205.11366192647256 ], [ 962189.174957474227995, 1951205.11366192647256 ], [ 962145.873687284998596, 1951280.11366192647256 ] ] ] } },
{ "type": "Feature", "properties": { "fid": 47, "id": 47, "left": 962145.873687285, "top": 1951205.1136619265, "right": 962319.07876804192, "bottom": 1951055.1136619265, "row_index": 4, "col_index": 2, "HexScore": 1 }, "geometry": { "type": "Polygon", "coordinates": [ [ [ 962145.873687284998596, 1951130.11366192647256 ], [ 962189.174957474227995, 1951205.11366192647256 ], [ 962275.777497852686793, 1951205.11366192647256 ], [ 962319.078768041916192, 1951130.11366192647256 ], [ 962275.777497852686793, 1951055.11366192647256 ], [ 962189.174957474227995, 1951055.11366192647256 ], [ 962145.873687284998596, 1951130.11366192647256 ] ] ] } },
{ "type": "Feature", "properties": { "fid": 48, "id": 48, "left": 962145.873687285, "top": 1951055.1136619265, "right": 962319.07876804192, "bottom": 1950905.1136619265, "row_index": 5, "col_index": 2, "HexScore": 1 }, "geometry": { "type": "Polygon", "coordinates": [ [ [ 962145.873687284998596, 1950980.11366192647256 ], [ 962189.174957474227995, 1951055.11366192647256 ], [ 962275.777497852686793, 1951055.11366192647256 ], [ 962319.078768041916192, 1950980.11366192647256 ], [ 962275.777497852686793, 1950905.11366192647256 ], [ 962189.174957474227995, 1950905.11366192647256 ], [ 962145.873687284998596, 1950980.11366192647256 ] ] ] } },
{ "type": "Feature", "properties": { "fid": 49, "id": 49, "left": 962145.873687285, "top": 1950905.1136619265, "right": 962319.07876804192, "bottom": 1950755.1136619265, "row_index": 6, "col_index": 2, "HexScore": 1 }, "geometry": { "type": "Polygon", "coordinates": [ [ [ 962145.873687284998596, 1950830.11366192647256 ], [ 962189.174957474227995, 1950905.11366192647256 ], [ 962275.777497852686793, 1950905.11366192647256 ], [ 962319.078768041916192, 1950830.11366192647256 ], [ 962275.777497852686793, 1950755.11366192647256 ], [ 962189.174957474227995, 1950755.11366192647256 ], [ 962145.873687284998596, 1950830.11366192647256 ] ] ] } },
{ "type": "Feature", "properties": { "fid": 50, "id": 50, "left": 962145.873687285, "top": 1950755.1136619265, "right": 962319.07876804192, "bottom": 1950605.1136619265, "row_index": 7, "col_index": 2, "HexScore": 1 }, "geometry": { "type": "Polygon", "coordinates": [ [ [ 962145.873687284998596, 1950680.11366192647256 ], [ 962189.174957474227995, 1950755.11366192647256 ], [ 962275.777497852686793, 1950755.11366192647256 ], [ 962319.078768041916192, 1950680.11366192647256 ], [ 962275.777497852686793, 1950605.11366192647256 ], [ 962189.174957474227995, 1950605.11366192647256 ], [ 962145.873687284998596, 1950680.11366192647256 ] ] ] } },
{ "type": "Feature", "properties": { "fid": 51, "id": 51, "left": 962145.873687285, "top": 1950605.1136619265, "right": 962319.07876804192, "bottom": 1950455.1136619265, "row_index": 8, "col_index": 2, "HexScore": 3 }, "geometry": { "type": "Polygon", "coordinates": [ [ [ 962145.873687284998596, 1950530.11366192647256 ], [ 962189.174957474227995, 1950605.11366192647256 ], [ 962275.777497852686793, 1950605.11366192647256 ], [ 962319.078768041916192, 1950530.11366192647256 ], [ 962275.777497852686793, 1950455.11366192647256 ], [ 962189.174957474227995, 1950455.11366192647256 ], [ 962145.873687284998596, 1950530.11366192647256 ] ] ] } },
{ "type": "Feature", "properties": { "fid": 52, "id": 52, "left": 962145.873687285, "top": 1950455.1136619265, "right": 962319.07876804192, "bottom": 1950305.1136619265, "row_index": 9, "col_index": 2, "HexScore": 1 }, "geometry": { "type": "Polygon", "coordinates": [ [ [ 962145.873687284998596, 1950380.11366192647256 ], [ 962189.174957474227995, 1950455.11366192647256 ], [ 962275.777497852686793, 1950455.11366192647256 ], [ 962319.078768041916192, 1950380.11366192647256 ], [ 962275.777497852686793, 1950305.11366192647256 ], [ 962189.174957474227995, 1950305.11366192647256 ], [ 962145.873687284998596, 1950380.11366192647256 ] ] ] } },
{ "type": "Feature", "properties": { "fid": 53, "id": 53, "left": 962145.873687285, "top": 1950305.1136619265, "right": 962319.07876804192, "bottom": 1950155.1136619265, "row_index": 10, "col_index": 2, "HexScore": 3 }, "geometry": { "type": "Polygon", "coordinates": [ [ [ 962145.873687284998596, 1950230.11366192647256 ], [ 962189.174957474227995, 1950305.11366192647256 ], [ 962275.777497852686793, 1950305.11366192647256 ], [ 962319.078768041916192, 1950230.11366192647256 ], [ 962275.777497852686793, 1950155.11366192647256 ], [ 962189.174957474227995, 1950155.11366192647256 ], [ 962145.873687284998596, 1950230.11366192647256 ] ] ] } },
{ "type": "Feature", "properties": { "fid": 54, "id": 54, "left": 962145.873687285, "top": 1950155.1136619265, "right": 962319.07876804192, "bottom": 1950005.1136619265, "row_index": 11, "col_index": 2, "HexScore": 3 }, "geometry": { "type": "Polygon", "coordinates": [ [ [ 962145.873687284998596, 1950080.11366192647256 ], [ 962189.174957474227995, 1950155.11366192647256 ], [ 962275.777497852686793, 1950155.11366192647256 ], [ 962319.078768041916192, 1950080.11366192647256 ], [ 962275.777497852686793, 1950005.11366192647256 ], [ 962189.174957474227995, 1950005.11366192647256 ], [ 962145.873687284998596, 1950080.11366192647256 ] ] ] } },
{ "type": "Feature", "properties": { "fid": 55, "id": 55, "left": 962145.873687285, "top": 1950005.1136619265, "right": 962319.07876804192, "bottom": 1949855.1136619265, "row_index": 12, "col_index": 2, "HexScore": 3 }, "geometry": { "type": "Polygon", "coordinates": [ [ [ 962145.873687284998596, 1949930.11366192647256 ], [ 962189.174957474227995, 1950005.11366192647256 ], [ 962275.777497852686793, 1950005.11366192647256 ], [ 962319.078768041916192, 1949930.11366192647256 ], [ 962275.777497852686793, 1949855.11366192647256 ], [ 962189.174957474227995, 1949855.11366192647256 ], [ 962145.873687284998596, 1949930.11366192647256 ] ] ] } },
{ "type": "Feature", "properties": { "fid": 56, "id": 56, "left": 962145.873687285, "top": 1949855.1136619265, "right": 962319.07876804192, "bottom": 1949705.1136619265, "row_index": 13, "col_index": 2, "HexScore": 3 }, "geometry": { "type": "Polygon", "coordinates": [ [ [ 962145.873687284998596, 1949780.11366192647256 ], [ 962189.174957474227995, 1949855.11366192647256 ], [ 962275.777497852686793, 1949855.11366192647256 ], [ 962319.078768041916192, 1949780.11366192647256 ], [ 962275.777497852686793, 1949705.11366192647256 ], [ 962189.174957474227995, 1949705.11366192647256 ], [ 962145.873687284998596, 1949780.11366192647256 ] ] ] } },
{ "type": "Feature", "properties": { "fid": 57, "id": 57, "left": 962145.873687285, "top": 1949705.1136619265, "right": 962319.07876804192, "bottom": 1949555.1136619265, "row_index": 14, "col_index": 2, "HexScore": 3 }, "geometry": { "type": "Polygon", "coordinates": [ [ [ 962145.873687284998596, 1949630.11366192647256 ], [ 962189.174957474227995, 1949705.11366192647256 ], [ 962275.777497852686793, 1949705.11366192647256 ], [ 962319.078768041916192, 1949630.11366192647256 ], [ 962275.777497852686793, 1949555.11366192647256 ], [ 962189.174957474227995, 1949555.11366192647256 ], [ 962145.873687284998596, 1949630.11366192647256 ] ] ] } },
{ "type": "Feature", "properties": { "fid": 58, "id": 58, "left": 962145.873687285, "top": 1949555.1136619265, "right": 962319.07876804192, "bottom": 1949405.1136619265, "row_index": 15, "col_index": 2, "HexScore": 3 }, "geometry": { "type": "Polygon", "coordinates": [ [ [ 962145.873687284998596, 1949480.11366192647256 ], [ 962189.174957474227995, 1949555.11366192647256 ], [ 962275.777497852686793, 1949555.11366192647256 ], [ 962319.078768041916192, 1949480.11366192647256 ], [ 962275.777497852686793, 1949405.11366192647256 ], [ 962189.174957474227995, 1949405.11366192647256 ], [ 962145.873687284998596, 1949480.11366192647256 ] ] ] } },
{ "type": "Feature", "properties": { "fid": 59, "id": 59, "left": 962145.873687285, "top": 1949405.1136619265, "right": 962319.07876804192, "bottom": 1949255.1136619265, "row_index": 16, "col_index": 2, "HexScore": 3 }, "geometry": { "type": "Polygon", "coordinates": [ [ [ 962145.873687284998596, 1949330.11366192647256 ], [ 962189.174957474227995, 1949405.11366192647256 ], [ 962275.777497852686793, 1949405.11366192647256 ], [ 962319.078768041916192, 1949330.11366192647256 ], [ 962275.777497852686793, 1949255.11366192647256 ], [ 962189.174957474227995, 1949255.11366192647256 ], [ 962145.873687284998596, 1949330.11366192647256 ] ] ] } },
{ "type": "Feature", "properties": { "fid": 60, "id": 60, "left": 962145.873687285, "top": 1949255.1136619265, "right": 962319.07876804192, "bottom": 1949105.1136619265, "row_index": 17, "col_index": 2, "HexScore": 3 }, "geometry": { "type": "Polygon", "coordinates": [ [ [ 962145.873687284998596, 1949180.11366192647256 ], [ 962189.174957474227995, 1949255.11366192647256 ], [ 962275.777497852686793, 1949255.11366192647256 ], [ 962319.078768041916192, 1949180.11366192647256 ], [ 962275.777497852686793, 1949105.11366192647256 ], [ 962189.174957474227995, 1949105.11366192647256 ], [ 962145.873687284998596, 1949180.11366192647256 ] ] ] } },
{ "type": "Feature", "properties": { "fid": 61, "id": 61, "left": 962145.873687285, "top": 1949105.1136619265, "right": 962319.07876804192, "bottom": 1948955.1136619265, "row_index": 18, "col_index": 2, "HexScore": 3 }, "geometry": { "type": "Polygon", "coordinates": [ [ [ 962145.873687284998596, 1949030.11366192647256 ], [ 962189.174957474227995, 1949105.11366192647256 ], [ 962275.777497852686793, 1949105.11366192647256 ], [ 962319.078768041916192, 1949030.11366192647256 ], [ 962275.777497852686793, 1948955.11366192647256 ], [ 962189.174957474227995, 1948955.11366192647256 ], [ 962145.873687284998596, 1949030.11366192647256 ] ] ] } },
{ "type": "Feature", "properties": { "fid": 62, "id": 62, "left": 962145.873687285, "top": 1948955.1136619265, "right": 962319.07876804192, "bottom": 1948805.1136619265, "row_index": 19, "col_index": 2, "HexScore": 3 }, "geometry": { "type": "Polygon", "coordinates": [ [ [ 962145.873687284998596, 1948880.11366192647256 ], [ 962189.174957474227995, 1948955.11366192647256 ], [ 962275.777497852686793, 1948955.11366192647256 ], [ 962319.078768041916192, 1948880.11366192647256 ], [ 962275.777497852686793, 1948805.11366192647256 ], [ 962189.174957474227995, 1948805.11366192647256 ], [ 962145.873687284998596, 1948880.11366192647256 ] ] ] } },
{ "type": "Feature", "properties": { "fid": 63, "id": 63, "left": 962145.873687285, "top": 1948805.1136619265, "right": 962319.07876804192, "bottom": 1948655.1136619265, "row_index": 20, "col_index": 2, "HexScore": 3 }, "geometry": { "type": "Polygon", "coordinates": [ [ [ 962145.873687284998596, 1948730.11366192647256 ], [ 962189.174957474227995, 1948805.11366192647256 ], [ 962275.777497852686793, 1948805.11366192647256 ], [ 962319.078768041916192, 1948730.11366192647256 ], [ 962275.777497852686793, 1948655.11366192647256 ], [ 962189.174957474227995, 1948655.11366192647256 ], [ 962145.873687284998596, 1948730.11366192647256 ] ] ] } },
{ "type": "Feature", "properties": { "fid": 64, "id": 64, "left": 962275.77749785257, "top": 1951730.1136619265, "right": 962448.98257860949, "bottom": 1951580.1136619265, "row_index": 0, "col_index": 3, "HexScore": 1 }, "geometry": { "type": "Polygon", "coordinates": [ [ [ 962275.777497852570377, 1951655.11366192647256 ], [ 962319.078768041799776, 1951730.11366192647256 ], [ 962405.681308420258574, 1951730.11366192647256 ], [ 962448.982578609487973, 1951655.11366192647256 ], [ 962405.681308420258574, 1951580.11366192647256 ], [ 962319.078768041799776, 1951580.11366192647256 ], [ 962275.777497852570377, 1951655.11366192647256 ] ] ] } },
{ "type": "Feature", "properties": { "fid": 65, "id": 65, "left": 962275.77749785257, "top": 1951580.1136619265, "right": 962448.98257860949, "bottom": 1951430.1136619265, "row_index": 1, "col_index": 3, "HexScore": 1 }, "geometry": { "type": "Polygon", "coordinates": [ [ [ 962275.777497852570377, 1951505.11366192647256 ], [ 962319.078768041799776, 1951580.11366192647256 ], [ 962405.681308420258574, 1951580.11366192647256 ], [ 962448.982578609487973, 1951505.11366192647256 ], [ 962405.681308420258574, 1951430.11366192647256 ], [ 962319.078768041799776, 1951430.11366192647256 ], [ 962275.777497852570377, 1951505.11366192647256 ] ] ] } },
{ "type": "Feature", "properties": { "fid": 66, "id": 66, "left": 962275.77749785257, "top": 1951430.1136619265, "right": 962448.98257860949, "bottom": 1951280.1136619265, "row_index": 2, "col_index": 3, "HexScore": 1 }, "geometry": { "type": "Polygon", "coordinates": [ [ [ 962275.777497852570377, 1951355.11366192647256 ], [ 962319.078768041799776, 1951430.11366192647256 ], [ 962405.681308420258574, 1951430.11366192647256 ], [ 962448.982578609487973, 1951355.11366192647256 ], [ 962405.681308420258574, 1951280.11366192647256 ], [ 962319.078768041799776, 1951280.11366192647256 ], [ 962275.777497852570377, 1951355.11366192647256 ] ] ] } },
{ "type": "Feature", "properties": { "fid": 67, "id": 67, "left": 962275.77749785257, "top": 1951280.1136619265, "right": 962448.98257860949, "bottom": 1951130.1136619265, "row_index": 3, "col_index": 3, "HexScore": 1 }, "geometry": { "type": "Polygon", "coordinates": [ [ [ 962275.777497852570377, 1951205.11366192647256 ], [ 962319.078768041799776, 1951280.11366192647256 ], [ 962405.681308420258574, 1951280.11366192647256 ], [ 962448.982578609487973, 1951205.11366192647256 ], [ 962405.681308420258574, 1951130.11366192647256 ], [ 962319.078768041799776, 1951130.11366192647256 ], [ 962275.777497852570377, 1951205.11366192647256 ] ] ] } },
{ "type": "Feature", "properties": { "fid": 68, "id": 68, "left": 962275.77749785257, "top": 1951130.1136619265, "right": 962448.98257860949, "bottom": 1950980.1136619265, "row_index": 4, "col_index": 3, "HexScore": 1 }, "geometry": { "type": "Polygon", "coordinates": [ [ [ 962275.777497852570377, 1951055.11366192647256 ], [ 962319.078768041799776, 1951130.11366192647256 ], [ 962405.681308420258574, 1951130.11366192647256 ], [ 962448.982578609487973, 1951055.11366192647256 ], [ 962405.681308420258574, 1950980.11366192647256 ], [ 962319.078768041799776, 1950980.11366192647256 ], [ 962275.777497852570377, 1951055.11366192647256 ] ] ] } },
{ "type": "Feature", "properties": { "fid": 69, "id": 69, "left": 962275.77749785257, "top": 1950980.1136619265, "right": 962448.98257860949, "bottom": 1950830.1136619265, "row_index": 5, "col_index": 3, "HexScore": 1 }, "geometry": { "type": "Polygon", "coordinates": [ [ [ 962275.777497852570377, 1950905.11366192647256 ], [ 962319.078768041799776, 1950980.11366192647256 ], [ 962405.681308420258574, 1950980.11366192647256 ], [ 962448.982578609487973, 1950905.11366192647256 ], [ 962405.681308420258574, 1950830.11366192647256 ], [ 962319.078768041799776, 1950830.11366192647256 ], [ 962275.777497852570377, 1950905.11366192647256 ] ] ] } },
{ "type": "Feature", "properties": { "fid": 70, "id": 70, "left": 962275.77749785257, "top": 1950830.1136619265, "right": 962448.98257860949, "bottom": 1950680.1136619265, "row_index": 6, "col_index": 3, "HexScore": 1 }, "geometry": { "type": "Polygon", "coordinates": [ [ [ 962275.777497852570377, 1950755.11366192647256 ], [ 962319.078768041799776, 1950830.11366192647256 ], [ 962405.681308420258574, 1950830.11366192647256 ], [ 962448.982578609487973, 1950755.11366192647256 ], [ 962405.681308420258574, 1950680.11366192647256 ], [ 962319.078768041799776, 1950680.11366192647256 ], [ 962275.777497852570377, 1950755.11366192647256 ] ] ] } },
{ "type": "Feature", "properties": { "fid": 71, "id": 71, "left": 962275.77749785257, "top": 1950680.1136619265, "right": 962448.98257860949, "bottom": 1950530.1136619265, "row_index": 7, "col_index": 3, "HexScore": 1 }, "geometry": { "type": "Polygon", "coordinates": [ [ [ 962275.777497852570377, 1950605.11366192647256 ], [ 962319.078768041799776, 1950680.11366192647256 ], [ 962405.681308420258574, 1950680.11366192647256 ], [ 962448.982578609487973, 1950605.11366192647256 ], [ 962405.681308420258574, 1950530.11366192647256 ], [ 962319.078768041799776, 1950530.11366192647256 ], [ 962275.777497852570377, 1950605.11366192647256 ] ] ] } },
{ "type": "Feature", "properties": { "fid": 72, "id": 72, "left": 962275.77749785257, "top": 1950530.1136619265, "right": 962448.98257860949, "bottom": 1950380.1136619265, "row_index": 8, "col_index": 3, "HexScore": 1 }, "geometry": { "type": "Polygon", "coordinates": [ [ [ 962275.777497852570377, 1950455.11366192647256 ], [ 962319.078768041799776, 1950530.11366192647256 ], [ 962405.681308420258574, 1950530.11366192647256 ], [ 962448.982578609487973, 1950455.11366192647256 ], [ 962405.681308420258574, 1950380.11366192647256 ], [ 962319.078768041799776, 1950380.11366192647256 ], [ 962275.777497852570377, 1950455.11366192647256 ] ] ] } },
{ "type": "Feature", "properties": { "fid": 73, "id": 73, "left": 962275.77749785257, "top": 1950380.1136619265, "right": 962448.98257860949, "bottom": 1950230.1136619265, "row_index": 9, "col_index": 3, "HexScore": 3 }, "geometry": { "type": "Polygon", "coordinates": [ [ [ 962275.777497852570377, 1950305.11366192647256 ], [ 962319.078768041799776, 1950380.11366192647256 ], [ 962405.681308420258574, 1950380.11366192647256 ], [ 962448.982578609487973, 1950305.11366192647256 ], [ 962405.681308420258574, 1950230.11366192647256 ], [ 962319.078768041799776, 1950230.11366192647256 ], [ 962275.777497852570377, 1950305.11366192647256 ] ] ] } },
{ "type": "Feature", "properties": { "fid": 74, "id": 74, "left": 962275.77749785257, "top": 1950230.1136619265, "right": 962448.98257860949, "bottom": 1950080.1136619265, "row_index": 10, "col_index": 3, "HexScore": 3 }, "geometry": { "type": "Polygon", "coordinates": [ [ [ 962275.777497852570377, 1950155.11366192647256 ], [ 962319.078768041799776, 1950230.11366192647256 ], [ 962405.681308420258574, 1950230.11366192647256 ], [ 962448.982578609487973, 1950155.11366192647256 ], [ 962405.681308420258574, 1950080.11366192647256 ], [ 962319.078768041799776, 1950080.11366192647256 ], [ 962275.777497852570377, 1950155.11366192647256 ] ] ] } },
{ "type": "Feature", "properties": { "fid": 75, "id": 75, "left": 962275.77749785257, "top": 1950080.1136619265, "right": 962448.98257860949, "bottom": 1949930.1136619265, "row_index": 11, "col_index": 3, "HexScore": 2 }, "geometry": { "type": "Polygon", "coordinates": [ [ [ 962275.777497852570377, 1950005.11366192647256 ], [ 962319.078768041799776, 1950080.11366192647256 ], [ 962405.681308420258574, 1950080.11366192647256 ], [ 962448.982578609487973, 1950005.11366192647256 ], [ 962405.681308420258574, 1949930.11366192647256 ], [ 962319.078768041799776, 1949930.11366192647256 ], [ 962275.777497852570377, 1950005.11366192647256 ] ] ] } },
{ "type": "Feature", "properties": { "fid": 76, "id": 76, "left": 962275.77749785257, "top": 1949930.1136619265, "right": 962448.98257860949, "bottom": 1949780.1136619265, "row_index": 12, "col_index": 3, "HexScore": 2 }, "geometry": { "type": "Polygon", "coordinates": [ [ [ 962275.777497852570377, 1949855.11366192647256 ], [ 962319.078768041799776, 1949930.11366192647256 ], [ 962405.681308420258574, 1949930.11366192647256 ], [ 962448.982578609487973, 1949855.11366192647256 ], [ 962405.681308420258574, 1949780.11366192647256 ], [ 962319.078768041799776, 1949780.11366192647256 ], [ 962275.777497852570377, 1949855.11366192647256 ] ] ] } },
{ "type": "Feature", "properties": { "fid": 77, "id": 77, "left": 962275.77749785257, "top": 1949780.1136619265, "right": 962448.98257860949, "bottom": 1949630.1136619265, "row_index": 13, "col_index": 3, "HexScore": 3 }, "geometry": { "type": "Polygon", "coordinates": [ [ [ 962275.777497852570377, 1949705.11366192647256 ], [ 962319.078768041799776, 1949780.11366192647256 ], [ 962405.681308420258574, 1949780.11366192647256 ], [ 962448.982578609487973, 1949705.11366192647256 ], [ 962405.681308420258574, 1949630.11366192647256 ], [ 962319.078768041799776, 1949630.11366192647256 ], [ 962275.777497852570377, 1949705.11366192647256 ] ] ] } },
{ "type": "Feature", "properties": { "fid": 78, "id": 78, "left": 962275.77749785257, "top": 1949630.1136619265, "right": 962448.98257860949, "bottom": 1949480.1136619265, "row_index": 14, "col_index": 3, "HexScore": 3 }, "geometry": { "type": "Polygon", "coordinates": [ [ [ 962275.777497852570377, 1949555.11366192647256 ], [ 962319.078768041799776, 1949630.11366192647256 ], [ 962405.681308420258574, 1949630.11366192647256 ], [ 962448.982578609487973, 1949555.11366192647256 ], [ 962405.681308420258574, 1949480.11366192647256 ], [ 962319.078768041799776, 1949480.11366192647256 ], [ 962275.777497852570377, 1949555.11366192647256 ] ] ] } },
{ "type": "Feature", "properties": { "fid": 79, "id": 79, "left": 962275.77749785257, "top": 1949480.1136619265, "right": 962448.98257860949, "bottom": 1949330.1136619265, "row_index": 15, "col_index": 3, "HexScore": 3 }, "geometry": { "type": "Polygon", "coordinates": [ [ [ 962275.777497852570377, 1949405.11366192647256 ], [ 962319.078768041799776, 1949480.11366192647256 ], [ 962405.681308420258574, 1949480.11366192647256 ], [ 962448.982578609487973, 1949405.11366192647256 ], [ 962405.681308420258574, 1949330.11366192647256 ], [ 962319.078768041799776, 1949330.11366192647256 ], [ 962275.777497852570377, 1949405.11366192647256 ] ] ] } },
{ "type": "Feature", "properties": { "fid": 80, "id": 80, "left": 962275.77749785257, "top": 1949330.1136619265, "right": 962448.98257860949, "bottom": 1949180.1136619265, "row_index": 16, "col_index": 3, "HexScore": 1 }, "geometry": { "type": "Polygon", "coordinates": [ [ [ 962275.777497852570377, 1949255.11366192647256 ], [ 962319.078768041799776, 1949330.11366192647256 ], [ 962405.681308420258574, 1949330.11366192647256 ], [ 962448.982578609487973, 1949255.11366192647256 ], [ 962405.681308420258574, 1949180.11366192647256 ], [ 962319.078768041799776, 1949180.11366192647256 ], [ 962275.777497852570377, 1949255.11366192647256 ] ] ] } },
{ "type": "Feature", "properties": { "fid": 81, "id": 81, "left": 962275.77749785257, "top": 1949180.1136619265, "right": 962448.98257860949, "bottom": 1949030.1136619265, "row_index": 17, "col_index": 3, "HexScore": 3 }, "geometry": { "type": "Polygon", "coordinates": [ [ [ 962275.777497852570377, 1949105.11366192647256 ], [ 962319.078768041799776, 1949180.11366192647256 ], [ 962405.681308420258574, 1949180.11366192647256 ], [ 962448.982578609487973, 1949105.11366192647256 ], [ 962405.681308420258574, 1949030.11366192647256 ], [ 962319.078768041799776, 1949030.11366192647256 ], [ 962275.777497852570377, 1949105.11366192647256 ] ] ] } },
{ "type": "Feature", "properties": { "fid": 82, "id": 82, "left": 962275.77749785257, "top": 1949030.1136619265, "right": 962448.98257860949, "bottom": 1948880.1136619265, "row_index": 18, "col_index": 3, "HexScore": 3 }, "geometry": { "type": "Polygon", "coordinates": [ [ [ 962275.777497852570377, 1948955.11366192647256 ], [ 962319.078768041799776, 1949030.11366192647256 ], [ 962405.681308420258574, 1949030.11366192647256 ], [ 962448.982578609487973, 1948955.11366192647256 ], [ 962405.681308420258574, 1948880.11366192647256 ], [ 962319.078768041799776, 1948880.11366192647256 ], [ 962275.777497852570377, 1948955.11366192647256 ] ] ] } },
{ "type": "Feature", "properties": { "fid": 83, "id": 83, "left": 962275.77749785257, "top": 1948880.1136619265, "right": 962448.98257860949, "bottom": 1948730.1136619265, "row_index": 19, "col_index": 3, "HexScore": 3 }, "geometry": { "type": "Polygon", "coordinates": [ [ [ 962275.777497852570377, 1948805.11366192647256 ], [ 962319.078768041799776, 1948880.11366192647256 ], [ 962405.681308420258574, 1948880.11366192647256 ], [ 962448.982578609487973, 1948805.11366192647256 ], [ 962405.681308420258574, 1948730.11366192647256 ], [ 962319.078768041799776, 1948730.11366192647256 ], [ 962275.777497852570377, 1948805.11366192647256 ] ] ] } },
{ "type": "Feature", "properties": { "fid": 84, "id": 84, "left": 962275.77749785257, "top": 1948730.1136619265, "right": 962448.98257860949, "bottom": 1948580.1136619265, "row_index": 20, "col_index": 3, "HexScore": 3 }, "geometry": { "type": "Polygon", "coordinates": [ [ [ 962275.777497852570377, 1948655.11366192647256 ], [ 962319.078768041799776, 1948730.11366192647256 ], [ 962405.681308420258574, 1948730.11366192647256 ], [ 962448.982578609487973, 1948655.11366192647256 ], [ 962405.681308420258574, 1948580.11366192647256 ], [ 962319.078768041799776, 1948580.11366192647256 ], [ 962275.777497852570377, 1948655.11366192647256 ] ] ] } },
{ "type": "Feature", "properties": { "fid": 85, "id": 85, "left": 962405.68130842026, "top": 1951805.1136619265, "right": 962578.88638917718, "bottom": 1951655.1136619265, "row_index": 0, "col_index": 4, "HexScore": 1 }, "geometry": { "type": "Polygon", "coordinates": [ [ [ 962405.681308420258574, 1951730.11366192647256 ], [ 962448.982578609487973, 1951805.11366192647256 ], [ 962535.585118987946771, 1951805.11366192647256 ], [ 962578.88638917717617, 1951730.11366192647256 ], [ 962535.585118987946771, 1951655.11366192647256 ], [ 962448.982578609487973, 1951655.11366192647256 ], [ 962405.681308420258574, 1951730.11366192647256 ] ] ] } },
{ "type": "Feature", "properties": { "fid": 86, "id": 86, "left": 962405.68130842026, "top": 1951655.1136619265, "right": 962578.88638917718, "bottom": 1951505.1136619265, "row_index": 1, "col_index": 4, "HexScore": 1 }, "geometry": { "type": "Polygon", "coordinates": [ [ [ 962405.681308420258574, 1951580.11366192647256 ], [ 962448.982578609487973, 1951655.11366192647256 ], [ 962535.585118987946771, 1951655.11366192647256 ], [ 962578.88638917717617, 1951580.11366192647256 ], [ 962535.585118987946771, 1951505.11366192647256 ], [ 962448.982578609487973, 1951505.11366192647256 ], [ 962405.681308420258574, 1951580.11366192647256 ] ] ] } },
{ "type": "Feature", "properties": { "fid": 87, "id": 87, "left": 962405.68130842026, "top": 1951505.1136619265, "right": 962578.88638917718, "bottom": 1951355.1136619265, "row_index": 2, "col_index": 4, "HexScore": 1 }, "geometry": { "type": "Polygon", "coordinates": [ [ [ 962405.681308420258574, 1951430.11366192647256 ], [ 962448.982578609487973, 1951505.11366192647256 ], [ 962535.585118987946771, 1951505.11366192647256 ], [ 962578.88638917717617, 1951430.11366192647256 ], [ 962535.585118987946771, 1951355.11366192647256 ], [ 962448.982578609487973, 1951355.11366192647256 ], [ 962405.681308420258574, 1951430.11366192647256 ] ] ] } },
{ "type": "Feature", "properties": { "fid": 88, "id": 88, "left": 962405.68130842026, "top": 1951355.1136619265, "right": 962578.88638917718, "bottom": 1951205.1136619265, "row_index": 3, "col_index": 4, "HexScore": 1 }, "geometry": { "type": "Polygon", "coordinates": [ [ [ 962405.681308420258574, 1951280.11366192647256 ], [ 962448.982578609487973, 1951355.11366192647256 ], [ 962535.585118987946771, 1951355.11366192647256 ], [ 962578.88638917717617, 1951280.11366192647256 ], [ 962535.585118987946771, 1951205.11366192647256 ], [ 962448.982578609487973, 1951205.11366192647256 ], [ 962405.681308420258574, 1951280.11366192647256 ] ] ] } },
{ "type": "Feature", "properties": { "fid": 89, "id": 89, "left": 962405.68130842026, "top": 1951205.1136619265, "right": 962578.88638917718, "bottom": 1951055.1136619265, "row_index": 4, "col_index": 4, "HexScore": 1 }, "geometry": { "type": "Polygon", "coordinates": [ [ [ 962405.681308420258574, 1951130.11366192647256 ], [ 962448.982578609487973, 1951205.11366192647256 ], [ 962535.585118987946771, 1951205.11366192647256 ], [ 962578.88638917717617, 1951130.11366192647256 ], [ 962535.585118987946771, 1951055.11366192647256 ], [ 962448.982578609487973, 1951055.11366192647256 ], [ 962405.681308420258574, 1951130.11366192647256 ] ] ] } },
{ "type": "Feature", "properties": { "fid": 90, "id": 90, "left": 962405.68130842026, "top": 1951055.1136619265, "right": 962578.88638917718, "bottom": 1950905.1136619265, "row_index": 5, "col_index": 4, "HexScore": 1 }, "geometry": { "type": "Polygon", "coordinates": [ [ [ 962405.681308420258574, 1950980.11366192647256 ], [ 962448.982578609487973, 1951055.11366192647256 ], [ 962535.585118987946771, 1951055.11366192647256 ], [ 962578.88638917717617, 1950980.11366192647256 ], [ 962535.585118987946771, 1950905.11366192647256 ], [ 962448.982578609487973, 1950905.11366192647256 ], [ 962405.681308420258574, 1950980.11366192647256 ] ] ] } },
{ "type": "Feature", "properties": { "fid": 91, "id": 91, "left": 962405.68130842026, "top": 1950905.1136619265, "right": 962578.88638917718, "bottom": 1950755.1136619265, "row_index": 6, "col_index": 4, "HexScore": 1 }, "geometry": { "type": "Polygon", "coordinates": [ [ [ 962405.681308420258574, 1950830.11366192647256 ], [ 962448.982578609487973, 1950905.11366192647256 ], [ 962535.585118987946771, 1950905.11366192647256 ], [ 962578.88638917717617, 1950830.11366192647256 ], [ 962535.585118987946771, 1950755.11366192647256 ], [ 962448.982578609487973, 1950755.11366192647256 ], [ 962405.681308420258574, 1950830.11366192647256 ] ] ] } },
{ "type": "Feature", "properties": { "fid": 92, "id": 92, "left": 962405.68130842026, "top": 1950755.1136619265, "right": 962578.88638917718, "bottom": 1950605.1136619265, "row_index": 7, "col_index": 4, "HexScore": 1 }, "geometry": { "type": "Polygon", "coordinates": [ [ [ 962405.681308420258574, 1950680.11366192647256 ], [ 962448.982578609487973, 1950755.11366192647256 ], [ 962535.585118987946771, 1950755.11366192647256 ], [ 962578.88638917717617, 1950680.11366192647256 ], [ 962535.585118987946771, 1950605.11366192647256 ], [ 962448.982578609487973, 1950605.11366192647256 ], [ 962405.681308420258574, 1950680.11366192647256 ] ] ] } },
{ "type": "Feature", "properties": { "fid": 93, "id": 93, "left": 962405.68130842026, "top": 1950605.1136619265, "right": 962578.88638917718, "bottom": 1950455.1136619265, "row_index": 8, "col_index": 4, "HexScore": 1 }, "geometry": { "type": "Polygon", "coordinates": [ [ [ 962405.681308420258574, 1950530.11366192647256 ], [ 962448.982578609487973, 1950605.11366192647256 ], [ 962535.585118987946771, 1950605.11366192647256 ], [ 962578.88638917717617, 1950530.11366192647256 ], [ 962535.585118987946771, 1950455.11366192647256 ], [ 962448.982578609487973, 1950455.11366192647256 ], [ 962405.681308420258574, 1950530.11366192647256 ] ] ] } },
{ "type": "Feature", "properties": { "fid": 94, "id": 94, "left": 962405.68130842026, "top": 1950455.1136619265, "right": 962578.88638917718, "bottom": 1950305.1136619265, "row_index": 9, "col_index": 4, "HexScore": 3 }, "geometry": { "type": "Polygon", "coordinates": [ [ [ 962405.681308420258574, 1950380.11366192647256 ], [ 962448.982578609487973, 1950455.11366192647256 ], [ 962535.585118987946771, 1950455.11366192647256 ], [ 962578.88638917717617, 1950380.11366192647256 ], [ 962535.585118987946771, 1950305.11366192647256 ], [ 962448.982578609487973, 1950305.11366192647256 ], [ 962405.681308420258574, 1950380.11366192647256 ] ] ] } },
{ "type": "Feature", "properties": { "fid": 95, "id": 95, "left": 962405.68130842026, "top": 1950305.1136619265, "right": 962578.88638917718, "bottom": 1950155.1136619265, "row_index": 10, "col_index": 4, "HexScore": 3 }, "geometry": { "type": "Polygon", "coordinates": [ [ [ 962405.681308420258574, 1950230.11366192647256 ], [ 962448.982578609487973, 1950305.11366192647256 ], [ 962535.585118987946771, 1950305.11366192647256 ], [ 962578.88638917717617, 1950230.11366192647256 ], [ 962535.585118987946771, 1950155.11366192647256 ], [ 962448.982578609487973, 1950155.11366192647256 ], [ 962405.681308420258574, 1950230.11366192647256 ] ] ] } },
{ "type": "Feature", "properties": { "fid": 96, "id": 96, "left": 962405.68130842026, "top": 1950155.1136619265, "right": 962578.88638917718, "bottom": 1950005.1136619265, "row_index": 11, "col_index": 4, "HexScore": 2 }, "geometry": { "type": "Polygon", "coordinates": [ [ [ 962405.681308420258574, 1950080.11366192647256 ], [ 962448.982578609487973, 1950155.11366192647256 ], [ 962535.585118987946771, 1950155.11366192647256 ], [ 962578.88638917717617, 1950080.11366192647256 ], [ 962535.585118987946771, 1950005.11366192647256 ], [ 962448.982578609487973, 1950005.11366192647256 ], [ 962405.681308420258574, 1950080.11366192647256 ] ] ] } },
{ "type": "Feature", "properties": { "fid": 97, "id": 97, "left": 962405.68130842026, "top": 1950005.1136619265, "right": 962578.88638917718, "bottom": 1949855.1136619265, "row_index": 12, "col_index": 4, "HexScore": 2 }, "geometry": { "type": "Polygon", "coordinates": [ [ [ 962405.681308420258574, 1949930.11366192647256 ], [ 962448.982578609487973, 1950005.11366192647256 ], [ 962535.585118987946771, 1950005.11366192647256 ], [ 962578.88638917717617, 1949930.11366192647256 ], [ 962535.585118987946771, 1949855.11366192647256 ], [ 962448.982578609487973, 1949855.11366192647256 ], [ 962405.681308420258574, 1949930.11366192647256 ] ] ] } },
{ "type": "Feature", "properties": { "fid": 98, "id": 98, "left": 962405.68130842026, "top": 1949855.1136619265, "right": 962578.88638917718, "bottom": 1949705.1136619265, "row_index": 13, "col_index": 4, "HexScore": 3 }, "geometry": { "type": "Polygon", "coordinates": [ [ [ 962405.681308420258574, 1949780.11366192647256 ], [ 962448.982578609487973, 1949855.11366192647256 ], [ 962535.585118987946771, 1949855.11366192647256 ], [ 962578.88638917717617, 1949780.11366192647256 ], [ 962535.585118987946771, 1949705.11366192647256 ], [ 962448.982578609487973, 1949705.11366192647256 ], [ 962405.681308420258574, 1949780.11366192647256 ] ] ] } },
{ "type": "Feature", "properties": { "fid": 99, "id": 99, "left": 962405.68130842026, "top": 1949705.1136619265, "right": 962578.88638917718, "bottom": 1949555.1136619265, "row_index": 14, "col_index": 4, "HexScore": 1 }, "geometry": { "type": "Polygon", "coordinates": [ [ [ 962405.681308420258574, 1949630.11366192647256 ], [ 962448.982578609487973, 1949705.11366192647256 ], [ 962535.585118987946771, 1949705.11366192647256 ], [ 962578.88638917717617, 1949630.11366192647256 ], [ 962535.585118987946771, 1949555.11366192647256 ], [ 962448.982578609487973, 1949555.11366192647256 ], [ 962405.681308420258574, 1949630.11366192647256 ] ] ] } },
{ "type": "Feature", "properties": { "fid": 100, "id": 100, "left": 962405.68130842026, "top": 1949555.1136619265, "right": 962578.88638917718, "bottom": 1949405.1136619265, "row_index": 15, "col_index": 4, "HexScore": 3 }, "geometry": { "type": "Polygon", "coordinates": [ [ [ 962405.681308420258574, 1949480.11366192647256 ], [ 962448.982578609487973, 1949555.11366192647256 ], [ 962535.585118987946771, 1949555.11366192647256 ], [ 962578.88638917717617, 1949480.11366192647256 ], [ 962535.585118987946771, 1949405.11366192647256 ], [ 962448.982578609487973, 1949405.11366192647256 ], [ 962405.681308420258574, 1949480.11366192647256 ] ] ] } },
{ "type": "Feature", "properties": { "fid": 101, "id": 101, "left": 962405.68130842026, "top": 1949405.1136619265, "right": 962578.88638917718, "bottom": 1949255.1136619265, "row_index": 16, "col_index": 4, "HexScore": 1 }, "geometry": { "type": "Polygon", "coordinates": [ [ [ 962405.681308420258574, 1949330.11366192647256 ], [ 962448.982578609487973, 1949405.11366192647256 ], [ 962535.585118987946771, 1949405.11366192647256 ], [ 962578.88638917717617, 1949330.11366192647256 ], [ 962535.585118987946771, 1949255.11366192647256 ], [ 962448.982578609487973, 1949255.11366192647256 ], [ 962405.681308420258574, 1949330.11366192647256 ] ] ] } },
{ "type": "Feature", "properties": { "fid": 102, "id": 102, "left": 962405.68130842026, "top": 1949255.1136619265, "right": 962578.88638917718, "bottom": 1949105.1136619265, "row_index": 17, "col_index": 4, "HexScore": 1 }, "geometry": { "type": "Polygon", "coordinates": [ [ [ 962405.681308420258574, 1949180.11366192647256 ], [ 962448.982578609487973, 1949255.11366192647256 ], [ 962535.585118987946771, 1949255.11366192647256 ], [ 962578.88638917717617, 1949180.11366192647256 ], [ 962535.585118987946771, 1949105.11366192647256 ], [ 962448.982578609487973, 1949105.11366192647256 ], [ 962405.681308420258574, 1949180.11366192647256 ] ] ] } },
{ "type": "Feature", "properties": { "fid": 103, "id": 103, "left": 962405.68130842026, "top": 1949105.1136619265, "right": 962578.88638917718, "bottom": 1948955.1136619265, "row_index": 18, "col_index": 4, "HexScore": 1 }, "geometry": { "type": "Polygon", "coordinates": [ [ [ 962405.681308420258574, 1949030.11366192647256 ], [ 962448.982578609487973, 1949105.11366192647256 ], [ 962535.585118987946771, 1949105.11366192647256 ], [ 962578.88638917717617, 1949030.11366192647256 ], [ 962535.585118987946771, 1948955.11366192647256 ], [ 962448.982578609487973, 1948955.11366192647256 ], [ 962405.681308420258574, 1949030.11366192647256 ] ] ] } },
{ "type": "Feature", "properties": { "fid": 104, "id": 104, "left": 962405.68130842026, "top": 1948955.1136619265, "right": 962578.88638917718, "bottom": 1948805.1136619265, "row_index": 19, "col_index": 4, "HexScore": 3 }, "geometry": { "type": "Polygon", "coordinates": [ [ [ 962405.681308420258574, 1948880.11366192647256 ], [ 962448.982578609487973, 1948955.11366192647256 ], [ 962535.585118987946771, 1948955.11366192647256 ], [ 962578.88638917717617, 1948880.11366192647256 ], [ 962535.585118987946771, 1948805.11366192647256 ], [ 962448.982578609487973, 1948805.11366192647256 ], [ 962405.681308420258574, 1948880.11366192647256 ] ] ] } },
{ "type": "Feature", "properties": { "fid": 105, "id": 105, "left": 962405.68130842026, "top": 1948805.1136619265, "right": 962578.88638917718, "bottom": 1948655.1136619265, "row_index": 20, "col_index": 4, "HexScore": 1 }, "geometry": { "type": "Polygon", "coordinates": [ [ [ 962405.681308420258574, 1948730.11366192647256 ], [ 962448.982578609487973, 1948805.11366192647256 ], [ 962535.585118987946771, 1948805.11366192647256 ], [ 962578.88638917717617, 1948730.11366192647256 ], [ 962535.585118987946771, 1948655.11366192647256 ], [ 962448.982578609487973, 1948655.11366192647256 ], [ 962405.681308420258574, 1948730.11366192647256 ] ] ] } },
{ "type": "Feature", "properties": { "fid": 106, "id": 106, "left": 962535.58511898795, "top": 1951730.1136619265, "right": 962708.79019974486, "bottom": 1951580.1136619265, "row_index": 0, "col_index": 5, "HexScore": 1 }, "geometry": { "type": "Polygon", "coordinates": [ [ [ 962535.585118987946771, 1951655.11366192647256 ], [ 962578.88638917717617, 1951730.11366192647256 ], [ 962665.488929555634968, 1951730.11366192647256 ], [ 962708.790199744864367, 1951655.11366192647256 ], [ 962665.488929555634968, 1951580.11366192647256 ], [ 962578.88638917717617, 1951580.11366192647256 ], [ 962535.585118987946771, 1951655.11366192647256 ] ] ] } },
{ "type": "Feature", "properties": { "fid": 107, "id": 107, "left": 962535.58511898795, "top": 1951580.1136619265, "right": 962708.79019974486, "bottom": 1951430.1136619265, "row_index": 1, "col_index": 5, "HexScore": 1 }, "geometry": { "type": "Polygon", "coordinates": [ [ [ 962535.585118987946771, 1951505.11366192647256 ], [ 962578.88638917717617, 1951580.11366192647256 ], [ 962665.488929555634968, 1951580.11366192647256 ], [ 962708.790199744864367, 1951505.11366192647256 ], [ 962665.488929555634968, 1951430.11366192647256 ], [ 962578.88638917717617, 1951430.11366192647256 ], [ 962535.585118987946771, 1951505.11366192647256 ] ] ] } },
{ "type": "Feature", "properties": { "fid": 108, "id": 108, "left": 962535.58511898795, "top": 1951430.1136619265, "right": 962708.79019974486, "bottom": 1951280.1136619265, "row_index": 2, "col_index": 5, "HexScore": 1 }, "geometry": { "type": "Polygon", "coordinates": [ [ [ 962535.585118987946771, 1951355.11366192647256 ], [ 962578.88638917717617, 1951430.11366192647256 ], [ 962665.488929555634968, 1951430.11366192647256 ], [ 962708.790199744864367, 1951355.11366192647256 ], [ 962665.488929555634968, 1951280.11366192647256 ], [ 962578.88638917717617, 1951280.11366192647256 ], [ 962535.585118987946771, 1951355.11366192647256 ] ] ] } },
{ "type": "Feature", "properties": { "fid": 109, "id": 109, "left": 962535.58511898795, "top": 1951280.1136619265, "right": 962708.79019974486, "bottom": 1951130.1136619265, "row_index": 3, "col_index": 5, "HexScore": 1 }, "geometry": { "type": "Polygon", "coordinates": [ [ [ 962535.585118987946771, 1951205.11366192647256 ], [ 962578.88638917717617, 1951280.11366192647256 ], [ 962665.488929555634968, 1951280.11366192647256 ], [ 962708.790199744864367, 1951205.11366192647256 ], [ 962665.488929555634968, 1951130.11366192647256 ], [ 962578.88638917717617, 1951130.11366192647256 ], [ 962535.585118987946771, 1951205.11366192647256 ] ] ] } },
{ "type": "Feature", "properties": { "fid": 110, "id": 110, "left": 962535.58511898795, "top": 1951130.1136619265, "right": 962708.79019974486, "bottom": 1950980.1136619265, "row_index": 4, "col_index": 5, "HexScore": 1 }, "geometry": { "type": "Polygon", "coordinates": [ [ [ 962535.585118987946771, 1951055.11366192647256 ], [ 962578.88638917717617, 1951130.11366192647256 ], [ 962665.488929555634968, 1951130.11366192647256 ], [ 962708.790199744864367, 1951055.11366192647256 ], [ 962665.488929555634968, 1950980.11366192647256 ], [ 962578.88638917717617, 1950980.11366192647256 ], [ 962535.585118987946771, 1951055.11366192647256 ] ] ] } },
{ "type": "Feature", "properties": { "fid": 111, "id": 111, "left": 962535.58511898795, "top": 1950980.1136619265, "right": 962708.79019974486, "bottom": 1950830.1136619265, "row_index": 5, "col_index": 5, "HexScore": 1 }, "geometry": { "type": "Polygon", "coordinates": [ [ [ 962535.585118987946771, 1950905.11366192647256 ], [ 962578.88638917717617, 1950980.11366192647256 ], [ 962665.488929555634968, 1950980.11366192647256 ], [ 962708.790199744864367, 1950905.11366192647256 ], [ 962665.488929555634968, 1950830.11366192647256 ], [ 962578.88638917717617, 1950830.11366192647256 ], [ 962535.585118987946771, 1950905.11366192647256 ] ] ] } },
{ "type": "Feature", "properties": { "fid": 112, "id": 112, "left": 962535.58511898795, "top": 1950830.1136619265, "right": 962708.79019974486, "bottom": 1950680.1136619265, "row_index": 6, "col_index": 5, "HexScore": 1 }, "geometry": { "type": "Polygon", "coordinates": [ [ [ 962535.585118987946771, 1950755.11366192647256 ], [ 962578.88638917717617, 1950830.11366192647256 ], [ 962665.488929555634968, 1950830.11366192647256 ], [ 962708.790199744864367, 1950755.11366192647256 ], [ 962665.488929555634968, 1950680.11366192647256 ], [ 962578.88638917717617, 1950680.11366192647256 ], [ 962535.585118987946771, 1950755.11366192647256 ] ] ] } },
{ "type": "Feature", "properties": { "fid": 113, "id": 113, "left": 962535.58511898795, "top": 1950680.1136619265, "right": 962708.79019974486, "bottom": 1950530.1136619265, "row_index": 7, "col_index": 5, "HexScore": 1 }, "geometry": { "type": "Polygon", "coordinates": [ [ [ 962535.585118987946771, 1950605.11366192647256 ], [ 962578.88638917717617, 1950680.11366192647256 ], [ 962665.488929555634968, 1950680.11366192647256 ], [ 962708.790199744864367, 1950605.11366192647256 ], [ 962665.488929555634968, 1950530.11366192647256 ], [ 962578.88638917717617, 1950530.11366192647256 ], [ 962535.585118987946771, 1950605.11366192647256 ] ] ] } },
{ "type": "Feature", "properties": { "fid": 114, "id": 114, "left": 962535.58511898795, "top": 1950530.1136619265, "right": 962708.79019974486, "bottom": 1950380.1136619265, "row_index": 8, "col_index": 5, "HexScore": 1 }, "geometry": { "type": "Polygon", "coordinates": [ [ [ 962535.585118987946771, 1950455.11366192647256 ], [ 962578.88638917717617, 1950530.11366192647256 ], [ 962665.488929555634968, 1950530.11366192647256 ], [ 962708.790199744864367, 1950455.11366192647256 ], [ 962665.488929555634968, 1950380.11366192647256 ], [ 962578.88638917717617, 1950380.11366192647256 ], [ 962535.585118987946771, 1950455.11366192647256 ] ] ] } },
{ "type": "Feature", "properties": { "fid": 115, "id": 115, "left": 962535.58511898795, "top": 1950380.1136619265, "right": 962708.79019974486, "bottom": 1950230.1136619265, "row_index": 9, "col_index": 5, "HexScore": 1 }, "geometry": { "type": "Polygon", "coordinates": [ [ [ 962535.585118987946771, 1950305.11366192647256 ], [ 962578.88638917717617, 1950380.11366192647256 ], [ 962665.488929555634968, 1950380.11366192647256 ], [ 962708.790199744864367, 1950305.11366192647256 ], [ 962665.488929555634968, 1950230.11366192647256 ], [ 962578.88638917717617, 1950230.11366192647256 ], [ 962535.585118987946771, 1950305.11366192647256 ] ] ] } },
{ "type": "Feature", "properties": { "fid": 116, "id": 116, "left": 962535.58511898795, "top": 1950230.1136619265, "right": 962708.79019974486, "bottom": 1950080.1136619265, "row_index": 10, "col_index": 5, "HexScore": 2 }, "geometry": { "type": "Polygon", "coordinates": [ [ [ 962535.585118987946771, 1950155.11366192647256 ], [ 962578.88638917717617, 1950230.11366192647256 ], [ 962665.488929555634968, 1950230.11366192647256 ], [ 962708.790199744864367, 1950155.11366192647256 ], [ 962665.488929555634968, 1950080.11366192647256 ], [ 962578.88638917717617, 1950080.11366192647256 ], [ 962535.585118987946771, 1950155.11366192647256 ] ] ] } },
{ "type": "Feature", "properties": { "fid": 117, "id": 117, "left": 962535.58511898795, "top": 1950080.1136619265, "right": 962708.79019974486, "bottom": 1949930.1136619265, "row_index": 11, "col_index": 5, "HexScore": 2 }, "geometry": { "type": "Polygon", "coordinates": [ [ [ 962535.585118987946771, 1950005.11366192647256 ], [ 962578.88638917717617, 1950080.11366192647256 ], [ 962665.488929555634968, 1950080.11366192647256 ], [ 962708.790199744864367, 1950005.11366192647256 ], [ 962665.488929555634968, 1949930.11366192647256 ], [ 962578.88638917717617, 1949930.11366192647256 ], [ 962535.585118987946771, 1950005.11366192647256 ] ] ] } },
{ "type": "Feature", "properties": { "fid": 118, "id": 118, "left": 962535.58511898795, "top": 1949930.1136619265, "right": 962708.79019974486, "bottom": 1949780.1136619265, "row_index": 12, "col_index": 5, "HexScore": 2 }, "geometry": { "type": "Polygon", "coordinates": [ [ [ 962535.585118987946771, 1949855.11366192647256 ], [ 962578.88638917717617, 1949930.11366192647256 ], [ 962665.488929555634968, 1949930.11366192647256 ], [ 962708.790199744864367, 1949855.11366192647256 ], [ 962665.488929555634968, 1949780.11366192647256 ], [ 962578.88638917717617, 1949780.11366192647256 ], [ 962535.585118987946771, 1949855.11366192647256 ] ] ] } },
{ "type": "Feature", "properties": { "fid": 119, "id": 119, "left": 962535.58511898795, "top": 1949780.1136619265, "right": 962708.79019974486, "bottom": 1949630.1136619265, "row_index": 13, "col_index": 5, "HexScore": 3 }, "geometry": { "type": "Polygon", "coordinates": [ [ [ 962535.585118987946771, 1949705.11366192647256 ], [ 962578.88638917717617, 1949780.11366192647256 ], [ 962665.488929555634968, 1949780.11366192647256 ], [ 962708.790199744864367, 1949705.11366192647256 ], [ 962665.488929555634968, 1949630.11366192647256 ], [ 962578.88638917717617, 1949630.11366192647256 ], [ 962535.585118987946771, 1949705.11366192647256 ] ] ] } },
{ "type": "Feature", "properties": { "fid": 120, "id": 120, "left": 962535.58511898795, "top": 1949630.1136619265, "right": 962708.79019974486, "bottom": 1949480.1136619265, "row_index": 14, "col_index": 5, "HexScore": 3 }, "geometry": { "type": "Polygon", "coordinates": [ [ [ 962535.585118987946771, 1949555.11366192647256 ], [ 962578.88638917717617, 1949630.11366192647256 ], [ 962665.488929555634968, 1949630.11366192647256 ], [ 962708.790199744864367, 1949555.11366192647256 ], [ 962665.488929555634968, 1949480.11366192647256 ], [ 962578.88638917717617, 1949480.11366192647256 ], [ 962535.585118987946771, 1949555.11366192647256 ] ] ] } },
{ "type": "Feature", "properties": { "fid": 121, "id": 121, "left": 962535.58511898795, "top": 1949480.1136619265, "right": 962708.79019974486, "bottom": 1949330.1136619265, "row_index": 15, "col_index": 5, "HexScore": 3 }, "geometry": { "type": "Polygon", "coordinates": [ [ [ 962535.585118987946771, 1949405.11366192647256 ], [ 962578.88638917717617, 1949480.11366192647256 ], [ 962665.488929555634968, 1949480.11366192647256 ], [ 962708.790199744864367, 1949405.11366192647256 ], [ 962665.488929555634968, 1949330.11366192647256 ], [ 962578.88638917717617, 1949330.11366192647256 ], [ 962535.585118987946771, 1949405.11366192647256 ] ] ] } },
{ "type": "Feature", "properties": { "fid": 122, "id": 122, "left": 962535.58511898795, "top": 1949330.1136619265, "right": 962708.79019974486, "bottom": 1949180.1136619265, "row_index": 16, "col_index": 5, "HexScore": 1 }, "geometry": { "type": "Polygon", "coordinates": [ [ [ 962535.585118987946771, 1949255.11366192647256 ], [ 962578.88638917717617, 1949330.11366192647256 ], [ 962665.488929555634968, 1949330.11366192647256 ], [ 962708.790199744864367, 1949255.11366192647256 ], [ 962665.488929555634968, 1949180.11366192647256 ], [ 962578.88638917717617, 1949180.11366192647256 ], [ 962535.585118987946771, 1949255.11366192647256 ] ] ] } },
{ "type": "Feature", "properties": { "fid": 123, "id": 123, "left": 962535.58511898795, "top": 1949180.1136619265, "right": 962708.79019974486, "bottom": 1949030.1136619265, "row_index": 17, "col_index": 5, "HexScore": 3 }, "geometry": { "type": "Polygon", "coordinates": [ [ [ 962535.585118987946771, 1949105.11366192647256 ], [ 962578.88638917717617, 1949180.11366192647256 ], [ 962665.488929555634968, 1949180.11366192647256 ], [ 962708.790199744864367, 1949105.11366192647256 ], [ 962665.488929555634968, 1949030.11366192647256 ], [ 962578.88638917717617, 1949030.11366192647256 ], [ 962535.585118987946771, 1949105.11366192647256 ] ] ] } },
{ "type": "Feature", "properties": { "fid": 124, "id": 124, "left": 962535.58511898795, "top": 1949030.1136619265, "right": 962708.79019974486, "bottom": 1948880.1136619265, "row_index": 18, "col_index": 5, "HexScore": 3 }, "geometry": { "type": "Polygon", "coordinates": [ [ [ 962535.585118987946771, 1948955.11366192647256 ], [ 962578.88638917717617, 1949030.11366192647256 ], [ 962665.488929555634968, 1949030.11366192647256 ], [ 962708.790199744864367, 1948955.11366192647256 ], [ 962665.488929555634968, 1948880.11366192647256 ], [ 962578.88638917717617, 1948880.11366192647256 ], [ 962535.585118987946771, 1948955.11366192647256 ] ] ] } },
{ "type": "Feature", "properties": { "fid": 125, "id": 125, "left": 962535.58511898795, "top": 1948880.1136619265, "right": 962708.79019974486, "bottom": 1948730.1136619265, "row_index": 19, "col_index": 5, "HexScore": 3 }, "geometry": { "type": "Polygon", "coordinates": [ [ [ 962535.585118987946771, 1948805.11366192647256 ], [ 962578.88638917717617, 1948880.11366192647256 ], [ 962665.488929555634968, 1948880.11366192647256 ], [ 962708.790199744864367, 1948805.11366192647256 ], [ 962665.488929555634968, 1948730.11366192647256 ], [ 962578.88638917717617, 1948730.11366192647256 ], [ 962535.585118987946771, 1948805.11366192647256 ] ] ] } },
{ "type": "Feature", "properties": { "fid": 126, "id": 126, "left": 962535.58511898795, "top": 1948730.1136619265, "right": 962708.79019974486, "bottom": 1948580.1136619265, "row_index": 20, "col_index": 5, "HexScore": 1 }, "geometry": { "type": "Polygon", "coordinates": [ [ [ 962535.585118987946771, 1948655.11366192647256 ], [ 962578.88638917717617, 1948730.11366192647256 ], [ 962665.488929555634968, 1948730.11366192647256 ], [ 962708.790199744864367, 1948655.11366192647256 ], [ 962665.488929555634968, 1948580.11366192647256 ], [ 962578.88638917717617, 1948580.11366192647256 ], [ 962535.585118987946771, 1948655.11366192647256 ] ] ] } },
{ "type": "Feature", "properties": { "fid": 127, "id": 127, "left": 962665.48892955563, "top": 1951805.1136619265, "right": 962838.69401031255, "bottom": 1951655.1136619265, "row_index": 0, "col_index": 6, "HexScore": 1 }, "geometry": { "type": "Polygon", "coordinates": [ [ [ 962665.488929555634968, 1951730.11366192647256 ], [ 962708.790199744864367, 1951805.11366192647256 ], [ 962795.392740123323165, 1951805.11366192647256 ], [ 962838.694010312552564, 1951730.11366192647256 ], [ 962795.392740123323165, 1951655.11366192647256 ], [ 962708.790199744864367, 1951655.11366192647256 ], [ 962665.488929555634968, 1951730.11366192647256 ] ] ] } },
{ "type": "Feature", "properties": { "fid": 128, "id": 128, "left": 962665.48892955563, "top": 1951655.1136619265, "right": 962838.69401031255, "bottom": 1951505.1136619265, "row_index": 1, "col_index": 6, "HexScore": 1 }, "geometry": { "type": "Polygon", "coordinates": [ [ [ 962665.488929555634968, 1951580.11366192647256 ], [ 962708.790199744864367, 1951655.11366192647256 ], [ 962795.392740123323165, 1951655.11366192647256 ], [ 962838.694010312552564, 1951580.11366192647256 ], [ 962795.392740123323165, 1951505.11366192647256 ], [ 962708.790199744864367, 1951505.11366192647256 ], [ 962665.488929555634968, 1951580.11366192647256 ] ] ] } },
{ "type": "Feature", "properties": { "fid": 129, "id": 129, "left": 962665.48892955563, "top": 1951505.1136619265, "right": 962838.69401031255, "bottom": 1951355.1136619265, "row_index": 2, "col_index": 6, "HexScore": 1 }, "geometry": { "type": "Polygon", "coordinates": [ [ [ 962665.488929555634968, 1951430.11366192647256 ], [ 962708.790199744864367, 1951505.11366192647256 ], [ 962795.392740123323165, 1951505.11366192647256 ], [ 962838.694010312552564, 1951430.11366192647256 ], [ 962795.392740123323165, 1951355.11366192647256 ], [ 962708.790199744864367, 1951355.11366192647256 ], [ 962665.488929555634968, 1951430.11366192647256 ] ] ] } },
{ "type": "Feature", "properties": { "fid": 130, "id": 130, "left": 962665.48892955563, "top": 1951355.1136619265, "right": 962838.69401031255, "bottom": 1951205.1136619265, "row_index": 3, "col_index": 6, "HexScore": 1 }, "geometry": { "type": "Polygon", "coordinates": [ [ [ 962665.488929555634968, 1951280.11366192647256 ], [ 962708.790199744864367, 1951355.11366192647256 ], [ 962795.392740123323165, 1951355.11366192647256 ], [ 962838.694010312552564, 1951280.11366192647256 ], [ 962795.392740123323165, 1951205.11366192647256 ], [ 962708.790199744864367, 1951205.11366192647256 ], [ 962665.488929555634968, 1951280.11366192647256 ] ] ] } },
{ "type": "Feature", "properties": { "fid": 131, "id": 131, "left": 962665.48892955563, "top": 1951205.1136619265, "right": 962838.69401031255, "bottom": 1951055.1136619265, "row_index": 4, "col_index": 6, "HexScore": 1 }, "geometry": { "type": "Polygon", "coordinates": [ [ [ 962665.488929555634968, 1951130.11366192647256 ], [ 962708.790199744864367, 1951205.11366192647256 ], [ 962795.392740123323165, 1951205.11366192647256 ], [ 962838.694010312552564, 1951130.11366192647256 ], [ 962795.392740123323165, 1951055.11366192647256 ], [ 962708.790199744864367, 1951055.11366192647256 ], [ 962665.488929555634968, 1951130.11366192647256 ] ] ] } },
{ "type": "Feature", "properties": { "fid": 132, "id": 132, "left": 962665.48892955563, "top": 1951055.1136619265, "right": 962838.69401031255, "bottom": 1950905.1136619265, "row_index": 5, "col_index": 6, "HexScore": 1 }, "geometry": { "type": "Polygon", "coordinates": [ [ [ 962665.488929555634968, 1950980.11366192647256 ], [ 962708.790199744864367, 1951055.11366192647256 ], [ 962795.392740123323165, 1951055.11366192647256 ], [ 962838.694010312552564, 1950980.11366192647256 ], [ 962795.392740123323165, 1950905.11366192647256 ], [ 962708.790199744864367, 1950905.11366192647256 ], [ 962665.488929555634968, 1950980.11366192647256 ] ] ] } },
{ "type": "Feature", "properties": { "fid": 133, "id": 133, "left": 962665.48892955563, "top": 1950905.1136619265, "right": 962838.69401031255, "bottom": 1950755.1136619265, "row_index": 6, "col_index": 6, "HexScore": 1 }, "geometry": { "type": "Polygon", "coordinates": [ [ [ 962665.488929555634968, 1950830.11366192647256 ], [ 962708.790199744864367, 1950905.11366192647256 ], [ 962795.392740123323165, 1950905.11366192647256 ], [ 962838.694010312552564, 1950830.11366192647256 ], [ 962795.392740123323165, 1950755.11366192647256 ], [ 962708.790199744864367, 1950755.11366192647256 ], [ 962665.488929555634968, 1950830.11366192647256 ] ] ] } },
{ "type": "Feature", "properties": { "fid": 134, "id": 134, "left": 962665.48892955563, "top": 1950755.1136619265, "right": 962838.69401031255, "bottom": 1950605.1136619265, "row_index": 7, "col_index": 6, "HexScore": 1 }, "geometry": { "type": "Polygon", "coordinates": [ [ [ 962665.488929555634968, 1950680.11366192647256 ], [ 962708.790199744864367, 1950755.11366192647256 ], [ 962795.392740123323165, 1950755.11366192647256 ], [ 962838.694010312552564, 1950680.11366192647256 ], [ 962795.392740123323165, 1950605.11366192647256 ], [ 962708.790199744864367, 1950605.11366192647256 ], [ 962665.488929555634968, 1950680.11366192647256 ] ] ] } },
{ "type": "Feature", "properties": { "fid": 135, "id": 135, "left": 962665.48892955563, "top": 1950605.1136619265, "right": 962838.69401031255, "bottom": 1950455.1136619265, "row_index": 8, "col_index": 6, "HexScore": 1 }, "geometry": { "type": "Polygon", "coordinates": [ [ [ 962665.488929555634968, 1950530.11366192647256 ], [ 962708.790199744864367, 1950605.11366192647256 ], [ 962795.392740123323165, 1950605.11366192647256 ], [ 962838.694010312552564, 1950530.11366192647256 ], [ 962795.392740123323165, 1950455.11366192647256 ], [ 962708.790199744864367, 1950455.11366192647256 ], [ 962665.488929555634968, 1950530.11366192647256 ] ] ] } },
{ "type": "Feature", "properties": { "fid": 136, "id": 136, "left": 962665.48892955563, "top": 1950455.1136619265, "right": 962838.69401031255, "bottom": 1950305.1136619265, "row_index": 9, "col_index": 6, "HexScore": 2 }, "geometry": { "type": "Polygon", "coordinates": [ [ [ 962665.488929555634968, 1950380.11366192647256 ], [ 962708.790199744864367, 1950455.11366192647256 ], [ 962795.392740123323165, 1950455.11366192647256 ], [ 962838.694010312552564, 1950380.11366192647256 ], [ 962795.392740123323165, 1950305.11366192647256 ], [ 962708.790199744864367, 1950305.11366192647256 ], [ 962665.488929555634968, 1950380.11366192647256 ] ] ] } },
{ "type": "Feature", "properties": { "fid": 137, "id": 137, "left": 962665.48892955563, "top": 1950305.1136619265, "right": 962838.69401031255, "bottom": 1950155.1136619265, "row_index": 10, "col_index": 6, "HexScore": 2 }, "geometry": { "type": "Polygon", "coordinates": [ [ [ 962665.488929555634968, 1950230.11366192647256 ], [ 962708.790199744864367, 1950305.11366192647256 ], [ 962795.392740123323165, 1950305.11366192647256 ], [ 962838.694010312552564, 1950230.11366192647256 ], [ 962795.392740123323165, 1950155.11366192647256 ], [ 962708.790199744864367, 1950155.11366192647256 ], [ 962665.488929555634968, 1950230.11366192647256 ] ] ] } },
{ "type": "Feature", "properties": { "fid": 138, "id": 138, "left": 962665.48892955563, "top": 1950155.1136619265, "right": 962838.69401031255, "bottom": 1950005.1136619265, "row_index": 11, "col_index": 6, "HexScore": 2 }, "geometry": { "type": "Polygon", "coordinates": [ [ [ 962665.488929555634968, 1950080.11366192647256 ], [ 962708.790199744864367, 1950155.11366192647256 ], [ 962795.392740123323165, 1950155.11366192647256 ], [ 962838.694010312552564, 1950080.11366192647256 ], [ 962795.392740123323165, 1950005.11366192647256 ], [ 962708.790199744864367, 1950005.11366192647256 ], [ 962665.488929555634968, 1950080.11366192647256 ] ] ] } },
{ "type": "Feature", "properties": { "fid": 139, "id": 139, "left": 962665.48892955563, "top": 1950005.1136619265, "right": 962838.69401031255, "bottom": 1949855.1136619265, "row_index": 12, "col_index": 6, "HexScore": 2 }, "geometry": { "type": "Polygon", "coordinates": [ [ [ 962665.488929555634968, 1949930.11366192647256 ], [ 962708.790199744864367, 1950005.11366192647256 ], [ 962795.392740123323165, 1950005.11366192647256 ], [ 962838.694010312552564, 1949930.11366192647256 ], [ 962795.392740123323165, 1949855.11366192647256 ], [ 962708.790199744864367, 1949855.11366192647256 ], [ 962665.488929555634968, 1949930.11366192647256 ] ] ] } },
{ "type": "Feature", "properties": { "fid": 140, "id": 140, "left": 962665.48892955563, "top": 1949855.1136619265, "right": 962838.69401031255, "bottom": 1949705.1136619265, "row_index": 13, "col_index": 6, "HexScore": 2 }, "geometry": { "type": "Polygon", "coordinates": [ [ [ 962665.488929555634968, 1949780.11366192647256 ], [ 962708.790199744864367, 1949855.11366192647256 ], [ 962795.392740123323165, 1949855.11366192647256 ], [ 962838.694010312552564, 1949780.11366192647256 ], [ 962795.392740123323165, 1949705.11366192647256 ], [ 962708.790199744864367, 1949705.11366192647256 ], [ 962665.488929555634968, 1949780.11366192647256 ] ] ] } },
{ "type": "Feature", "properties": { "fid": 141, "id": 141, "left": 962665.48892955563, "top": 1949705.1136619265, "right": 962838.69401031255, "bottom": 1949555.1136619265, "row_index": 14, "col_index": 6, "HexScore": 2 }, "geometry": { "type": "Polygon", "coordinates": [ [ [ 962665.488929555634968, 1949630.11366192647256 ], [ 962708.790199744864367, 1949705.11366192647256 ], [ 962795.392740123323165, 1949705.11366192647256 ], [ 962838.694010312552564, 1949630.11366192647256 ], [ 962795.392740123323165, 1949555.11366192647256 ], [ 962708.790199744864367, 1949555.11366192647256 ], [ 962665.488929555634968, 1949630.11366192647256 ] ] ] } },
{ "type": "Feature", "properties": { "fid": 142, "id": 142, "left": 962665.48892955563, "top": 1949555.1136619265, "right": 962838.69401031255, "bottom": 1949405.1136619265, "row_index": 15, "col_index": 6, "HexScore": 3 }, "geometry": { "type": "Polygon", "coordinates": [ [ [ 962665.488929555634968, 1949480.11366192647256 ], [ 962708.790199744864367, 1949555.11366192647256 ], [ 962795.392740123323165, 1949555.11366192647256 ], [ 962838.694010312552564, 1949480.11366192647256 ], [ 962795.392740123323165, 1949405.11366192647256 ], [ 962708.790199744864367, 1949405.11366192647256 ], [ 962665.488929555634968, 1949480.11366192647256 ] ] ] } },
{ "type": "Feature", "properties": { "fid": 143, "id": 143, "left": 962665.48892955563, "top": 1949405.1136619265, "right": 962838.69401031255, "bottom": 1949255.1136619265, "row_index": 16, "col_index": 6, "HexScore": 3 }, "geometry": { "type": "Polygon", "coordinates": [ [ [ 962665.488929555634968, 1949330.11366192647256 ], [ 962708.790199744864367, 1949405.11366192647256 ], [ 962795.392740123323165, 1949405.11366192647256 ], [ 962838.694010312552564, 1949330.11366192647256 ], [ 962795.392740123323165, 1949255.11366192647256 ], [ 962708.790199744864367, 1949255.11366192647256 ], [ 962665.488929555634968, 1949330.11366192647256 ] ] ] } },
{ "type": "Feature", "properties": { "fid": 144, "id": 144, "left": 962665.48892955563, "top": 1949255.1136619265, "right": 962838.69401031255, "bottom": 1949105.1136619265, "row_index": 17, "col_index": 6, "HexScore": 3 }, "geometry": { "type": "Polygon", "coordinates": [ [ [ 962665.488929555634968, 1949180.11366192647256 ], [ 962708.790199744864367, 1949255.11366192647256 ], [ 962795.392740123323165, 1949255.11366192647256 ], [ 962838.694010312552564, 1949180.11366192647256 ], [ 962795.392740123323165, 1949105.11366192647256 ], [ 962708.790199744864367, 1949105.11366192647256 ], [ 962665.488929555634968, 1949180.11366192647256 ] ] ] } },
{ "type": "Feature", "properties": { "fid": 145, "id": 145, "left": 962665.48892955563, "top": 1949105.1136619265, "right": 962838.69401031255, "bottom": 1948955.1136619265, "row_index": 18, "col_index": 6, "HexScore": 3 }, "geometry": { "type": "Polygon", "coordinates": [ [ [ 962665.488929555634968, 1949030.11366192647256 ], [ 962708.790199744864367, 1949105.11366192647256 ], [ 962795.392740123323165, 1949105.11366192647256 ], [ 962838.694010312552564, 1949030.11366192647256 ], [ 962795.392740123323165, 1948955.11366192647256 ], [ 962708.790199744864367, 1948955.11366192647256 ], [ 962665.488929555634968, 1949030.11366192647256 ] ] ] } },
{ "type": "Feature", "properties": { "fid": 146, "id": 146, "left": 962665.48892955563, "top": 1948955.1136619265, "right": 962838.69401031255, "bottom": 1948805.1136619265, "row_index": 19, "col_index": 6, "HexScore": 1 }, "geometry": { "type": "Polygon", "coordinates": [ [ [ 962665.488929555634968, 1948880.11366192647256 ], [ 962708.790199744864367, 1948955.11366192647256 ], [ 962795.392740123323165, 1948955.11366192647256 ], [ 962838.694010312552564, 1948880.11366192647256 ], [ 962795.392740123323165, 1948805.11366192647256 ], [ 962708.790199744864367, 1948805.11366192647256 ], [ 962665.488929555634968, 1948880.11366192647256 ] ] ] } },
{ "type": "Feature", "properties": { "fid": 147, "id": 147, "left": 962665.48892955563, "top": 1948805.1136619265, "right": 962838.69401031255, "bottom": 1948655.1136619265, "row_index": 20, "col_index": 6, "HexScore": 1 }, "geometry": { "type": "Polygon", "coordinates": [ [ [ 962665.488929555634968, 1948730.11366192647256 ], [ 962708.790199744864367, 1948805.11366192647256 ], [ 962795.392740123323165, 1948805.11366192647256 ], [ 962838.694010312552564, 1948730.11366192647256 ], [ 962795.392740123323165, 1948655.11366192647256 ], [ 962708.790199744864367, 1948655.11366192647256 ], [ 962665.488929555634968, 1948730.11366192647256 ] ] ] } },
{ "type": "Feature", "properties": { "fid": 148, "id": 148, "left": 962795.39274012332, "top": 1951730.1136619265, "right": 962968.59782088024, "bottom": 1951580.1136619265, "row_index": 0, "col_index": 7, "HexScore": 1 }, "geometry": { "type": "Polygon", "coordinates": [ [ [ 962795.392740123323165, 1951655.11366192647256 ], [ 962838.694010312552564, 1951730.11366192647256 ], [ 962925.296550691011362, 1951730.11366192647256 ], [ 962968.597820880240761, 1951655.11366192647256 ], [ 962925.296550691011362, 1951580.11366192647256 ], [ 962838.694010312552564, 1951580.11366192647256 ], [ 962795.392740123323165, 1951655.11366192647256 ] ] ] } },
{ "type": "Feature", "properties": { "fid": 149, "id": 149, "left": 962795.39274012332, "top": 1951580.1136619265, "right": 962968.59782088024, "bottom": 1951430.1136619265, "row_index": 1, "col_index": 7, "HexScore": 1 }, "geometry": { "type": "Polygon", "coordinates": [ [ [ 962795.392740123323165, 1951505.11366192647256 ], [ 962838.694010312552564, 1951580.11366192647256 ], [ 962925.296550691011362, 1951580.11366192647256 ], [ 962968.597820880240761, 1951505.11366192647256 ], [ 962925.296550691011362, 1951430.11366192647256 ], [ 962838.694010312552564, 1951430.11366192647256 ], [ 962795.392740123323165, 1951505.11366192647256 ] ] ] } },
{ "type": "Feature", "properties": { "fid": 150, "id": 150, "left": 962795.39274012332, "top": 1951430.1136619265, "right": 962968.59782088024, "bottom": 1951280.1136619265, "row_index": 2, "col_index": 7, "HexScore": 1 }, "geometry": { "type": "Polygon", "coordinates": [ [ [ 962795.392740123323165, 1951355.11366192647256 ], [ 962838.694010312552564, 1951430.11366192647256 ], [ 962925.296550691011362, 1951430.11366192647256 ], [ 962968.597820880240761, 1951355.11366192647256 ], [ 962925.296550691011362, 1951280.11366192647256 ], [ 962838.694010312552564, 1951280.11366192647256 ], [ 962795.392740123323165, 1951355.11366192647256 ] ] ] } },
{ "type": "Feature", "properties": { "fid": 151, "id": 151, "left": 962795.39274012332, "top": 1951280.1136619265, "right": 962968.59782088024, "bottom": 1951130.1136619265, "row_index": 3, "col_index": 7, "HexScore": 1 }, "geometry": { "type": "Polygon", "coordinates": [ [ [ 962795.392740123323165, 1951205.11366192647256 ], [ 962838.694010312552564, 1951280.11366192647256 ], [ 962925.296550691011362, 1951280.11366192647256 ], [ 962968.597820880240761, 1951205.11366192647256 ], [ 962925.296550691011362, 1951130.11366192647256 ], [ 962838.694010312552564, 1951130.11366192647256 ], [ 962795.392740123323165, 1951205.11366192647256 ] ] ] } },
{ "type": "Feature", "properties": { "fid": 152, "id": 152, "left": 962795.39274012332, "top": 1951130.1136619265, "right": 962968.59782088024, "bottom": 1950980.1136619265, "row_index": 4, "col_index": 7, "HexScore": 1 }, "geometry": { "type": "Polygon", "coordinates": [ [ [ 962795.392740123323165, 1951055.11366192647256 ], [ 962838.694010312552564, 1951130.11366192647256 ], [ 962925.296550691011362, 1951130.11366192647256 ], [ 962968.597820880240761, 1951055.11366192647256 ], [ 962925.296550691011362, 1950980.11366192647256 ], [ 962838.694010312552564, 1950980.11366192647256 ], [ 962795.392740123323165, 1951055.11366192647256 ] ] ] } },
{ "type": "Feature", "properties": { "fid": 153, "id": 153, "left": 962795.39274012332, "top": 1950980.1136619265, "right": 962968.59782088024, "bottom": 1950830.1136619265, "row_index": 5, "col_index": 7, "HexScore": 1 }, "geometry": { "type": "Polygon", "coordinates": [ [ [ 962795.392740123323165, 1950905.11366192647256 ], [ 962838.694010312552564, 1950980.11366192647256 ], [ 962925.296550691011362, 1950980.11366192647256 ], [ 962968.597820880240761, 1950905.11366192647256 ], [ 962925.296550691011362, 1950830.11366192647256 ], [ 962838.694010312552564, 1950830.11366192647256 ], [ 962795.392740123323165, 1950905.11366192647256 ] ] ] } },
{ "type": "Feature", "properties": { "fid": 154, "id": 154, "left": 962795.39274012332, "top": 1950830.1136619265, "right": 962968.59782088024, "bottom": 1950680.1136619265, "row_index": 6, "col_index": 7, "HexScore": 1 }, "geometry": { "type": "Polygon", "coordinates": [ [ [ 962795.392740123323165, 1950755.11366192647256 ], [ 962838.694010312552564, 1950830.11366192647256 ], [ 962925.296550691011362, 1950830.11366192647256 ], [ 962968.597820880240761, 1950755.11366192647256 ], [ 962925.296550691011362, 1950680.11366192647256 ], [ 962838.694010312552564, 1950680.11366192647256 ], [ 962795.392740123323165, 1950755.11366192647256 ] ] ] } },
{ "type": "Feature", "properties": { "fid": 155, "id": 155, "left": 962795.39274012332, "top": 1950680.1136619265, "right": 962968.59782088024, "bottom": 1950530.1136619265, "row_index": 7, "col_index": 7, "HexScore": 1 }, "geometry": { "type": "Polygon", "coordinates": [ [ [ 962795.392740123323165, 1950605.11366192647256 ], [ 962838.694010312552564, 1950680.11366192647256 ], [ 962925.296550691011362, 1950680.11366192647256 ], [ 962968.597820880240761, 1950605.11366192647256 ], [ 962925.296550691011362, 1950530.11366192647256 ], [ 962838.694010312552564, 1950530.11366192647256 ], [ 962795.392740123323165, 1950605.11366192647256 ] ] ] } },
{ "type": "Feature", "properties": { "fid": 156, "id": 156, "left": 962795.39274012332, "top": 1950530.1136619265, "right": 962968.59782088024, "bottom": 1950380.1136619265, "row_index": 8, "col_index": 7, "HexScore": 2 }, "geometry": { "type": "Polygon", "coordinates": [ [ [ 962795.392740123323165, 1950455.11366192647256 ], [ 962838.694010312552564, 1950530.11366192647256 ], [ 962925.296550691011362, 1950530.11366192647256 ], [ 962968.597820880240761, 1950455.11366192647256 ], [ 962925.296550691011362, 1950380.11366192647256 ], [ 962838.694010312552564, 1950380.11366192647256 ], [ 962795.392740123323165, 1950455.11366192647256 ] ] ] } },
{ "type": "Feature", "properties": { "fid": 157, "id": 157, "left": 962795.39274012332, "top": 1950380.1136619265, "right": 962968.59782088024, "bottom": 1950230.1136619265, "row_index": 9, "col_index": 7, "HexScore": 2 }, "geometry": { "type": "Polygon", "coordinates": [ [ [ 962795.392740123323165, 1950305.11366192647256 ], [ 962838.694010312552564, 1950380.11366192647256 ], [ 962925.296550691011362, 1950380.11366192647256 ], [ 962968.597820880240761, 1950305.11366192647256 ], [ 962925.296550691011362, 1950230.11366192647256 ], [ 962838.694010312552564, 1950230.11366192647256 ], [ 962795.392740123323165, 1950305.11366192647256 ] ] ] } },
{ "type": "Feature", "properties": { "fid": 158, "id": 158, "left": 962795.39274012332, "top": 1950230.1136619265, "right": 962968.59782088024, "bottom": 1950080.1136619265, "row_index": 10, "col_index": 7, "HexScore": 2 }, "geometry": { "type": "Polygon", "coordinates": [ [ [ 962795.392740123323165, 1950155.11366192647256 ], [ 962838.694010312552564, 1950230.11366192647256 ], [ 962925.296550691011362, 1950230.11366192647256 ], [ 962968.597820880240761, 1950155.11366192647256 ], [ 962925.296550691011362, 1950080.11366192647256 ], [ 962838.694010312552564, 1950080.11366192647256 ], [ 962795.392740123323165, 1950155.11366192647256 ] ] ] } },
{ "type": "Feature", "properties": { "fid": 159, "id": 159, "left": 962795.39274012332, "top": 1950080.1136619265, "right": 962968.59782088024, "bottom": 1949930.1136619265, "row_index": 11, "col_index": 7, "HexScore": 2 }, "geometry": { "type": "Polygon", "coordinates": [ [ [ 962795.392740123323165, 1950005.11366192647256 ], [ 962838.694010312552564, 1950080.11366192647256 ], [ 962925.296550691011362, 1950080.11366192647256 ], [ 962968.597820880240761, 1950005.11366192647256 ], [ 962925.296550691011362, 1949930.11366192647256 ], [ 962838.694010312552564, 1949930.11366192647256 ], [ 962795.392740123323165, 1950005.11366192647256 ] ] ] } },
{ "type": "Feature", "properties": { "fid": 160, "id": 160, "left": 962795.39274012332, "top": 1949930.1136619265, "right": 962968.59782088024, "bottom": 1949780.1136619265, "row_index": 12, "col_index": 7, "HexScore": 2 }, "geometry": { "type": "Polygon", "coordinates": [ [ [ 962795.392740123323165, 1949855.11366192647256 ], [ 962838.694010312552564, 1949930.11366192647256 ], [ 962925.296550691011362, 1949930.11366192647256 ], [ 962968.597820880240761, 1949855.11366192647256 ], [ 962925.296550691011362, 1949780.11366192647256 ], [ 962838.694010312552564, 1949780.11366192647256 ], [ 962795.392740123323165, 1949855.11366192647256 ] ] ] } },
{ "type": "Feature", "properties": { "fid": 161, "id": 161, "left": 962795.39274012332, "top": 1949780.1136619265, "right": 962968.59782088024, "bottom": 1949630.1136619265, "row_index": 13, "col_index": 7, "HexScore": 2 }, "geometry": { "type": "Polygon", "coordinates": [ [ [ 962795.392740123323165, 1949705.11366192647256 ], [ 962838.694010312552564, 1949780.11366192647256 ], [ 962925.296550691011362, 1949780.11366192647256 ], [ 962968.597820880240761, 1949705.11366192647256 ], [ 962925.296550691011362, 1949630.11366192647256 ], [ 962838.694010312552564, 1949630.11366192647256 ], [ 962795.392740123323165, 1949705.11366192647256 ] ] ] } },
{ "type": "Feature", "properties": { "fid": 162, "id": 162, "left": 962795.39274012332, "top": 1949630.1136619265, "right": 962968.59782088024, "bottom": 1949480.1136619265, "row_index": 14, "col_index": 7, "HexScore": 3 }, "geometry": { "type": "Polygon", "coordinates": [ [ [ 962795.392740123323165, 1949555.11366192647256 ], [ 962838.694010312552564, 1949630.11366192647256 ], [ 962925.296550691011362, 1949630.11366192647256 ], [ 962968.597820880240761, 1949555.11366192647256 ], [ 962925.296550691011362, 1949480.11366192647256 ], [ 962838.694010312552564, 1949480.11366192647256 ], [ 962795.392740123323165, 1949555.11366192647256 ] ] ] } },
{ "type": "Feature", "properties": { "fid": 163, "id": 163, "left": 962795.39274012332, "top": 1949480.1136619265, "right": 962968.59782088024, "bottom": 1949330.1136619265, "row_index": 15, "col_index": 7, "HexScore": 3 }, "geometry": { "type": "Polygon", "coordinates": [ [ [ 962795.392740123323165, 1949405.11366192647256 ], [ 962838.694010312552564, 1949480.11366192647256 ], [ 962925.296550691011362, 1949480.11366192647256 ], [ 962968.597820880240761, 1949405.11366192647256 ], [ 962925.296550691011362, 1949330.11366192647256 ], [ 962838.694010312552564, 1949330.11366192647256 ], [ 962795.392740123323165, 1949405.11366192647256 ] ] ] } },
{ "type": "Feature", "properties": { "fid": 164, "id": 164, "left": 962795.39274012332, "top": 1949330.1136619265, "right": 962968.59782088024, "bottom": 1949180.1136619265, "row_index": 16, "col_index": 7, "HexScore": 3 }, "geometry": { "type": "Polygon", "coordinates": [ [ [ 962795.392740123323165, 1949255.11366192647256 ], [ 962838.694010312552564, 1949330.11366192647256 ], [ 962925.296550691011362, 1949330.11366192647256 ], [ 962968.597820880240761, 1949255.11366192647256 ], [ 962925.296550691011362, 1949180.11366192647256 ], [ 962838.694010312552564, 1949180.11366192647256 ], [ 962795.392740123323165, 1949255.11366192647256 ] ] ] } },
{ "type": "Feature", "properties": { "fid": 165, "id": 165, "left": 962795.39274012332, "top": 1949180.1136619265, "right": 962968.59782088024, "bottom": 1949030.1136619265, "row_index": 17, "col_index": 7, "HexScore": 3 }, "geometry": { "type": "Polygon", "coordinates": [ [ [ 962795.392740123323165, 1949105.11366192647256 ], [ 962838.694010312552564, 1949180.11366192647256 ], [ 962925.296550691011362, 1949180.11366192647256 ], [ 962968.597820880240761, 1949105.11366192647256 ], [ 962925.296550691011362, 1949030.11366192647256 ], [ 962838.694010312552564, 1949030.11366192647256 ], [ 962795.392740123323165, 1949105.11366192647256 ] ] ] } },
{ "type": "Feature", "properties": { "fid": 166, "id": 166, "left": 962795.39274012332, "top": 1949030.1136619265, "right": 962968.59782088024, "bottom": 1948880.1136619265, "row_index": 18, "col_index": 7, "HexScore": 3 }, "geometry": { "type": "Polygon", "coordinates": [ [ [ 962795.392740123323165, 1948955.11366192647256 ], [ 962838.694010312552564, 1949030.11366192647256 ], [ 962925.296550691011362, 1949030.11366192647256 ], [ 962968.597820880240761, 1948955.11366192647256 ], [ 962925.296550691011362, 1948880.11366192647256 ], [ 962838.694010312552564, 1948880.11366192647256 ], [ 962795.392740123323165, 1948955.11366192647256 ] ] ] } },
{ "type": "Feature", "properties": { "fid": 167, "id": 167, "left": 962795.39274012332, "top": 1948880.1136619265, "right": 962968.59782088024, "bottom": 1948730.1136619265, "row_index": 19, "col_index": 7, "HexScore": 1 }, "geometry": { "type": "Polygon", "coordinates": [ [ [ 962795.392740123323165, 1948805.11366192647256 ], [ 962838.694010312552564, 1948880.11366192647256 ], [ 962925.296550691011362, 1948880.11366192647256 ], [ 962968.597820880240761, 1948805.11366192647256 ], [ 962925.296550691011362, 1948730.11366192647256 ], [ 962838.694010312552564, 1948730.11366192647256 ], [ 962795.392740123323165, 1948805.11366192647256 ] ] ] } },
{ "type": "Feature", "properties": { "fid": 168, "id": 168, "left": 962795.39274012332, "top": 1948730.1136619265, "right": 962968.59782088024, "bottom": 1948580.1136619265, "row_index": 20, "col_index": 7, "HexScore": 1 }, "geometry": { "type": "Polygon", "coordinates": [ [ [ 962795.392740123323165, 1948655.11366192647256 ], [ 962838.694010312552564, 1948730.11366192647256 ], [ 962925.296550691011362, 1948730.11366192647256 ], [ 962968.597820880240761, 1948655.11366192647256 ], [ 962925.296550691011362, 1948580.11366192647256 ], [ 962838.694010312552564, 1948580.11366192647256 ], [ 962795.392740123323165, 1948655.11366192647256 ] ] ] } },
{ "type": "Feature", "properties": { "fid": 169, "id": 169, "left": 962925.29655069089, "top": 1951805.1136619265, "right": 963098.50163144781, "bottom": 1951655.1136619265, "row_index": 0, "col_index": 8, "HexScore": 1 }, "geometry": { "type": "Polygon", "coordinates": [ [ [ 962925.296550690894946, 1951730.11366192647256 ], [ 962968.597820880124345, 1951805.11366192647256 ], [ 963055.200361258583143, 1951805.11366192647256 ], [ 963098.501631447812542, 1951730.11366192647256 ], [ 963055.200361258583143, 1951655.11366192647256 ], [ 962968.597820880124345, 1951655.11366192647256 ], [ 962925.296550690894946, 1951730.11366192647256 ] ] ] } },
{ "type": "Feature", "properties": { "fid": 170, "id": 170, "left": 962925.29655069089, "top": 1951655.1136619265, "right": 963098.50163144781, "bottom": 1951505.1136619265, "row_index": 1, "col_index": 8, "HexScore": 1 }, "geometry": { "type": "Polygon", "coordinates": [ [ [ 962925.296550690894946, 1951580.11366192647256 ], [ 962968.597820880124345, 1951655.11366192647256 ], [ 963055.200361258583143, 1951655.11366192647256 ], [ 963098.501631447812542, 1951580.11366192647256 ], [ 963055.200361258583143, 1951505.11366192647256 ], [ 962968.597820880124345, 1951505.11366192647256 ], [ 962925.296550690894946, 1951580.11366192647256 ] ] ] } },
{ "type": "Feature", "properties": { "fid": 171, "id": 171, "left": 962925.29655069089, "top": 1951505.1136619265, "right": 963098.50163144781, "bottom": 1951355.1136619265, "row_index": 2, "col_index": 8, "HexScore": 1 }, "geometry": { "type": "Polygon", "coordinates": [ [ [ 962925.296550690894946, 1951430.11366192647256 ], [ 962968.597820880124345, 1951505.11366192647256 ], [ 963055.200361258583143, 1951505.11366192647256 ], [ 963098.501631447812542, 1951430.11366192647256 ], [ 963055.200361258583143, 1951355.11366192647256 ], [ 962968.597820880124345, 1951355.11366192647256 ], [ 962925.296550690894946, 1951430.11366192647256 ] ] ] } },
{ "type": "Feature", "properties": { "fid": 172, "id": 172, "left": 962925.29655069089, "top": 1951355.1136619265, "right": 963098.50163144781, "bottom": 1951205.1136619265, "row_index": 3, "col_index": 8, "HexScore": 1 }, "geometry": { "type": "Polygon", "coordinates": [ [ [ 962925.296550690894946, 1951280.11366192647256 ], [ 962968.597820880124345, 1951355.11366192647256 ], [ 963055.200361258583143, 1951355.11366192647256 ], [ 963098.501631447812542, 1951280.11366192647256 ], [ 963055.200361258583143, 1951205.11366192647256 ], [ 962968.597820880124345, 1951205.11366192647256 ], [ 962925.296550690894946, 1951280.11366192647256 ] ] ] } },
{ "type": "Feature", "properties": { "fid": 173, "id": 173, "left": 962925.29655069089, "top": 1951205.1136619265, "right": 963098.50163144781, "bottom": 1951055.1136619265, "row_index": 4, "col_index": 8, "HexScore": 1 }, "geometry": { "type": "Polygon", "coordinates": [ [ [ 962925.296550690894946, 1951130.11366192647256 ], [ 962968.597820880124345, 1951205.11366192647256 ], [ 963055.200361258583143, 1951205.11366192647256 ], [ 963098.501631447812542, 1951130.11366192647256 ], [ 963055.200361258583143, 1951055.11366192647256 ], [ 962968.597820880124345, 1951055.11366192647256 ], [ 962925.296550690894946, 1951130.11366192647256 ] ] ] } },
{ "type": "Feature", "properties": { "fid": 174, "id": 174, "left": 962925.29655069089, "top": 1951055.1136619265, "right": 963098.50163144781, "bottom": 1950905.1136619265, "row_index": 5, "col_index": 8, "HexScore": 1 }, "geometry": { "type": "Polygon", "coordinates": [ [ [ 962925.296550690894946, 1950980.11366192647256 ], [ 962968.597820880124345, 1951055.11366192647256 ], [ 963055.200361258583143, 1951055.11366192647256 ], [ 963098.501631447812542, 1950980.11366192647256 ], [ 963055.200361258583143, 1950905.11366192647256 ], [ 962968.597820880124345, 1950905.11366192647256 ], [ 962925.296550690894946, 1950980.11366192647256 ] ] ] } },
{ "type": "Feature", "properties": { "fid": 175, "id": 175, "left": 962925.29655069089, "top": 1950905.1136619265, "right": 963098.50163144781, "bottom": 1950755.1136619265, "row_index": 6, "col_index": 8, "HexScore": 1 }, "geometry": { "type": "Polygon", "coordinates": [ [ [ 962925.296550690894946, 1950830.11366192647256 ], [ 962968.597820880124345, 1950905.11366192647256 ], [ 963055.200361258583143, 1950905.11366192647256 ], [ 963098.501631447812542, 1950830.11366192647256 ], [ 963055.200361258583143, 1950755.11366192647256 ], [ 962968.597820880124345, 1950755.11366192647256 ], [ 962925.296550690894946, 1950830.11366192647256 ] ] ] } },
{ "type": "Feature", "properties": { "fid": 176, "id": 176, "left": 962925.29655069089, "top": 1950755.1136619265, "right": 963098.50163144781, "bottom": 1950605.1136619265, "row_index": 7, "col_index": 8, "HexScore": 1 }, "geometry": { "type": "Polygon", "coordinates": [ [ [ 962925.296550690894946, 1950680.11366192647256 ], [ 962968.597820880124345, 1950755.11366192647256 ], [ 963055.200361258583143, 1950755.11366192647256 ], [ 963098.501631447812542, 1950680.11366192647256 ], [ 963055.200361258583143, 1950605.11366192647256 ], [ 962968.597820880124345, 1950605.11366192647256 ], [ 962925.296550690894946, 1950680.11366192647256 ] ] ] } },
{ "type": "Feature", "properties": { "fid": 177, "id": 177, "left": 962925.29655069089, "top": 1950605.1136619265, "right": 963098.50163144781, "bottom": 1950455.1136619265, "row_index": 8, "col_index": 8, "HexScore": 2 }, "geometry": { "type": "Polygon", "coordinates": [ [ [ 962925.296550690894946, 1950530.11366192647256 ], [ 962968.597820880124345, 1950605.11366192647256 ], [ 963055.200361258583143, 1950605.11366192647256 ], [ 963098.501631447812542, 1950530.11366192647256 ], [ 963055.200361258583143, 1950455.11366192647256 ], [ 962968.597820880124345, 1950455.11366192647256 ], [ 962925.296550690894946, 1950530.11366192647256 ] ] ] } },
{ "type": "Feature", "properties": { "fid": 178, "id": 178, "left": 962925.29655069089, "top": 1950455.1136619265, "right": 963098.50163144781, "bottom": 1950305.1136619265, "row_index": 9, "col_index": 8, "HexScore": 2 }, "geometry": { "type": "Polygon", "coordinates": [ [ [ 962925.296550690894946, 1950380.11366192647256 ], [ 962968.597820880124345, 1950455.11366192647256 ], [ 963055.200361258583143, 1950455.11366192647256 ], [ 963098.501631447812542, 1950380.11366192647256 ], [ 963055.200361258583143, 1950305.11366192647256 ], [ 962968.597820880124345, 1950305.11366192647256 ], [ 962925.296550690894946, 1950380.11366192647256 ] ] ] } },
{ "type": "Feature", "properties": { "fid": 179, "id": 179, "left": 962925.29655069089, "top": 1950305.1136619265, "right": 963098.50163144781, "bottom": 1950155.1136619265, "row_index": 10, "col_index": 8, "HexScore": 2 }, "geometry": { "type": "Polygon", "coordinates": [ [ [ 962925.296550690894946, 1950230.11366192647256 ], [ 962968.597820880124345, 1950305.11366192647256 ], [ 963055.200361258583143, 1950305.11366192647256 ], [ 963098.501631447812542, 1950230.11366192647256 ], [ 963055.200361258583143, 1950155.11366192647256 ], [ 962968.597820880124345, 1950155.11366192647256 ], [ 962925.296550690894946, 1950230.11366192647256 ] ] ] } },
{ "type": "Feature", "properties": { "fid": 180, "id": 180, "left": 962925.29655069089, "top": 1950155.1136619265, "right": 963098.50163144781, "bottom": 1950005.1136619265, "row_index": 11, "col_index": 8, "HexScore": 2 }, "geometry": { "type": "Polygon", "coordinates": [ [ [ 962925.296550690894946, 1950080.11366192647256 ], [ 962968.597820880124345, 1950155.11366192647256 ], [ 963055.200361258583143, 1950155.11366192647256 ], [ 963098.501631447812542, 1950080.11366192647256 ], [ 963055.200361258583143, 1950005.11366192647256 ], [ 962968.597820880124345, 1950005.11366192647256 ], [ 962925.296550690894946, 1950080.11366192647256 ] ] ] } },
{ "type": "Feature", "properties": { "fid": 181, "id": 181, "left": 962925.29655069089, "top": 1950005.1136619265, "right": 963098.50163144781, "bottom": 1949855.1136619265, "row_index": 12, "col_index": 8, "HexScore": 2 }, "geometry": { "type": "Polygon", "coordinates": [ [ [ 962925.296550690894946, 1949930.11366192647256 ], [ 962968.597820880124345, 1950005.11366192647256 ], [ 963055.200361258583143, 1950005.11366192647256 ], [ 963098.501631447812542, 1949930.11366192647256 ], [ 963055.200361258583143, 1949855.11366192647256 ], [ 962968.597820880124345, 1949855.11366192647256 ], [ 962925.296550690894946, 1949930.11366192647256 ] ] ] } },
{ "type": "Feature", "properties": { "fid": 182, "id": 182, "left": 962925.29655069089, "top": 1949855.1136619265, "right": 963098.50163144781, "bottom": 1949705.1136619265, "row_index": 13, "col_index": 8, "HexScore": 2 }, "geometry": { "type": "Polygon", "coordinates": [ [ [ 962925.296550690894946, 1949780.11366192647256 ], [ 962968.597820880124345, 1949855.11366192647256 ], [ 963055.200361258583143, 1949855.11366192647256 ], [ 963098.501631447812542, 1949780.11366192647256 ], [ 963055.200361258583143, 1949705.11366192647256 ], [ 962968.597820880124345, 1949705.11366192647256 ], [ 962925.296550690894946, 1949780.11366192647256 ] ] ] } },
{ "type": "Feature", "properties": { "fid": 183, "id": 183, "left": 962925.29655069089, "top": 1949705.1136619265, "right": 963098.50163144781, "bottom": 1949555.1136619265, "row_index": 14, "col_index": 8, "HexScore": 3 }, "geometry": { "type": "Polygon", "coordinates": [ [ [ 962925.296550690894946, 1949630.11366192647256 ], [ 962968.597820880124345, 1949705.11366192647256 ], [ 963055.200361258583143, 1949705.11366192647256 ], [ 963098.501631447812542, 1949630.11366192647256 ], [ 963055.200361258583143, 1949555.11366192647256 ], [ 962968.597820880124345, 1949555.11366192647256 ], [ 962925.296550690894946, 1949630.11366192647256 ] ] ] } },
{ "type": "Feature", "properties": { "fid": 184, "id": 184, "left": 962925.29655069089, "top": 1949555.1136619265, "right": 963098.50163144781, "bottom": 1949405.1136619265, "row_index": 15, "col_index": 8, "HexScore": 3 }, "geometry": { "type": "Polygon", "coordinates": [ [ [ 962925.296550690894946, 1949480.11366192647256 ], [ 962968.597820880124345, 1949555.11366192647256 ], [ 963055.200361258583143, 1949555.11366192647256 ], [ 963098.501631447812542, 1949480.11366192647256 ], [ 963055.200361258583143, 1949405.11366192647256 ], [ 962968.597820880124345, 1949405.11366192647256 ], [ 962925.296550690894946, 1949480.11366192647256 ] ] ] } },
{ "type": "Feature", "properties": { "fid": 185, "id": 185, "left": 962925.29655069089, "top": 1949405.1136619265, "right": 963098.50163144781, "bottom": 1949255.1136619265, "row_index": 16, "col_index": 8, "HexScore": 3 }, "geometry": { "type": "Polygon", "coordinates": [ [ [ 962925.296550690894946, 1949330.11366192647256 ], [ 962968.597820880124345, 1949405.11366192647256 ], [ 963055.200361258583143, 1949405.11366192647256 ], [ 963098.501631447812542, 1949330.11366192647256 ], [ 963055.200361258583143, 1949255.11366192647256 ], [ 962968.597820880124345, 1949255.11366192647256 ], [ 962925.296550690894946, 1949330.11366192647256 ] ] ] } },
{ "type": "Feature", "properties": { "fid": 186, "id": 186, "left": 962925.29655069089, "top": 1949255.1136619265, "right": 963098.50163144781, "bottom": 1949105.1136619265, "row_index": 17, "col_index": 8, "HexScore": 3 }, "geometry": { "type": "Polygon", "coordinates": [ [ [ 962925.296550690894946, 1949180.11366192647256 ], [ 962968.597820880124345, 1949255.11366192647256 ], [ 963055.200361258583143, 1949255.11366192647256 ], [ 963098.501631447812542, 1949180.11366192647256 ], [ 963055.200361258583143, 1949105.11366192647256 ], [ 962968.597820880124345, 1949105.11366192647256 ], [ 962925.296550690894946, 1949180.11366192647256 ] ] ] } },
{ "type": "Feature", "properties": { "fid": 187, "id": 187, "left": 962925.29655069089, "top": 1949105.1136619265, "right": 963098.50163144781, "bottom": 1948955.1136619265, "row_index": 18, "col_index": 8, "HexScore": 3 }, "geometry": { "type": "Polygon", "coordinates": [ [ [ 962925.296550690894946, 1949030.11366192647256 ], [ 962968.597820880124345, 1949105.11366192647256 ], [ 963055.200361258583143, 1949105.11366192647256 ], [ 963098.501631447812542, 1949030.11366192647256 ], [ 963055.200361258583143, 1948955.11366192647256 ], [ 962968.597820880124345, 1948955.11366192647256 ], [ 962925.296550690894946, 1949030.11366192647256 ] ] ] } },
{ "type": "Feature", "properties": { "fid": 188, "id": 188, "left": 962925.29655069089, "top": 1948955.1136619265, "right": 963098.50163144781, "bottom": 1948805.1136619265, "row_index": 19, "col_index": 8, "HexScore": 3 }, "geometry": { "type": "Polygon", "coordinates": [ [ [ 962925.296550690894946, 1948880.11366192647256 ], [ 962968.597820880124345, 1948955.11366192647256 ], [ 963055.200361258583143, 1948955.11366192647256 ], [ 963098.501631447812542, 1948880.11366192647256 ], [ 963055.200361258583143, 1948805.11366192647256 ], [ 962968.597820880124345, 1948805.11366192647256 ], [ 962925.296550690894946, 1948880.11366192647256 ] ] ] } },
{ "type": "Feature", "properties": { "fid": 189, "id": 189, "left": 962925.29655069089, "top": 1948805.1136619265, "right": 963098.50163144781, "bottom": 1948655.1136619265, "row_index": 20, "col_index": 8, "HexScore": 3 }, "geometry": { "type": "Polygon", "coordinates": [ [ [ 962925.296550690894946, 1948730.11366192647256 ], [ 962968.597820880124345, 1948805.11366192647256 ], [ 963055.200361258583143, 1948805.11366192647256 ], [ 963098.501631447812542, 1948730.11366192647256 ], [ 963055.200361258583143, 1948655.11366192647256 ], [ 962968.597820880124345, 1948655.11366192647256 ], [ 962925.296550690894946, 1948730.11366192647256 ] ] ] } },
{ "type": "Feature", "properties": { "fid": 190, "id": 190, "left": 963055.20036125858, "top": 1951730.1136619265, "right": 963228.4054420155, "bottom": 1951580.1136619265, "row_index": 0, "col_index": 9, "HexScore": 1 }, "geometry": { "type": "Polygon", "coordinates": [ [ [ 963055.200361258583143, 1951655.11366192647256 ], [ 963098.501631447812542, 1951730.11366192647256 ], [ 963185.10417182627134, 1951730.11366192647256 ], [ 963228.405442015500739, 1951655.11366192647256 ], [ 963185.10417182627134, 1951580.11366192647256 ], [ 963098.501631447812542, 1951580.11366192647256 ], [ 963055.200361258583143, 1951655.11366192647256 ] ] ] } },
{ "type": "Feature", "properties": { "fid": 191, "id": 191, "left": 963055.20036125858, "top": 1951580.1136619265, "right": 963228.4054420155, "bottom": 1951430.1136619265, "row_index": 1, "col_index": 9, "HexScore": 1 }, "geometry": { "type": "Polygon", "coordinates": [ [ [ 963055.200361258583143, 1951505.11366192647256 ], [ 963098.501631447812542, 1951580.11366192647256 ], [ 963185.10417182627134, 1951580.11366192647256 ], [ 963228.405442015500739, 1951505.11366192647256 ], [ 963185.10417182627134, 1951430.11366192647256 ], [ 963098.501631447812542, 1951430.11366192647256 ], [ 963055.200361258583143, 1951505.11366192647256 ] ] ] } },
{ "type": "Feature", "properties": { "fid": 192, "id": 192, "left": 963055.20036125858, "top": 1951430.1136619265, "right": 963228.4054420155, "bottom": 1951280.1136619265, "row_index": 2, "col_index": 9, "HexScore": 1 }, "geometry": { "type": "Polygon", "coordinates": [ [ [ 963055.200361258583143, 1951355.11366192647256 ], [ 963098.501631447812542, 1951430.11366192647256 ], [ 963185.10417182627134, 1951430.11366192647256 ], [ 963228.405442015500739, 1951355.11366192647256 ], [ 963185.10417182627134, 1951280.11366192647256 ], [ 963098.501631447812542, 1951280.11366192647256 ], [ 963055.200361258583143, 1951355.11366192647256 ] ] ] } },
{ "type": "Feature", "properties": { "fid": 193, "id": 193, "left": 963055.20036125858, "top": 1951280.1136619265, "right": 963228.4054420155, "bottom": 1951130.1136619265, "row_index": 3, "col_index": 9, "HexScore": 1 }, "geometry": { "type": "Polygon", "coordinates": [ [ [ 963055.200361258583143, 1951205.11366192647256 ], [ 963098.501631447812542, 1951280.11366192647256 ], [ 963185.10417182627134, 1951280.11366192647256 ], [ 963228.405442015500739, 1951205.11366192647256 ], [ 963185.10417182627134, 1951130.11366192647256 ], [ 963098.501631447812542, 1951130.11366192647256 ], [ 963055.200361258583143, 1951205.11366192647256 ] ] ] } },
{ "type": "Feature", "properties": { "fid": 194, "id": 194, "left": 963055.20036125858, "top": 1951130.1136619265, "right": 963228.4054420155, "bottom": 1950980.1136619265, "row_index": 4, "col_index": 9, "HexScore": 1 }, "geometry": { "type": "Polygon", "coordinates": [ [ [ 963055.200361258583143, 1951055.11366192647256 ], [ 963098.501631447812542, 1951130.11366192647256 ], [ 963185.10417182627134, 1951130.11366192647256 ], [ 963228.405442015500739, 1951055.11366192647256 ], [ 963185.10417182627134, 1950980.11366192647256 ], [ 963098.501631447812542, 1950980.11366192647256 ], [ 963055.200361258583143, 1951055.11366192647256 ] ] ] } },
{ "type": "Feature", "properties": { "fid": 195, "id": 195, "left": 963055.20036125858, "top": 1950980.1136619265, "right": 963228.4054420155, "bottom": 1950830.1136619265, "row_index": 5, "col_index": 9, "HexScore": 1 }, "geometry": { "type": "Polygon", "coordinates": [ [ [ 963055.200361258583143, 1950905.11366192647256 ], [ 963098.501631447812542, 1950980.11366192647256 ], [ 963185.10417182627134, 1950980.11366192647256 ], [ 963228.405442015500739, 1950905.11366192647256 ], [ 963185.10417182627134, 1950830.11366192647256 ], [ 963098.501631447812542, 1950830.11366192647256 ], [ 963055.200361258583143, 1950905.11366192647256 ] ] ] } },
{ "type": "Feature", "properties": { "fid": 196, "id": 196, "left": 963055.20036125858, "top": 1950830.1136619265, "right": 963228.4054420155, "bottom": 1950680.1136619265, "row_index": 6, "col_index": 9, "HexScore": 1 }, "geometry": { "type": "Polygon", "coordinates": [ [ [ 963055.200361258583143, 1950755.11366192647256 ], [ 963098.501631447812542, 1950830.11366192647256 ], [ 963185.10417182627134, 1950830.11366192647256 ], [ 963228.405442015500739, 1950755.11366192647256 ], [ 963185.10417182627134, 1950680.11366192647256 ], [ 963098.501631447812542, 1950680.11366192647256 ], [ 963055.200361258583143, 1950755.11366192647256 ] ] ] } },
{ "type": "Feature", "properties": { "fid": 197, "id": 197, "left": 963055.20036125858, "top": 1950680.1136619265, "right": 963228.4054420155, "bottom": 1950530.1136619265, "row_index": 7, "col_index": 9, "HexScore": 1 }, "geometry": { "type": "Polygon", "coordinates": [ [ [ 963055.200361258583143, 1950605.11366192647256 ], [ 963098.501631447812542, 1950680.11366192647256 ], [ 963185.10417182627134, 1950680.11366192647256 ], [ 963228.405442015500739, 1950605.11366192647256 ], [ 963185.10417182627134, 1950530.11366192647256 ], [ 963098.501631447812542, 1950530.11366192647256 ], [ 963055.200361258583143, 1950605.11366192647256 ] ] ] } },
{ "type": "Feature", "properties": { "fid": 198, "id": 198, "left": 963055.20036125858, "top": 1950530.1136619265, "right": 963228.4054420155, "bottom": 1950380.1136619265, "row_index": 8, "col_index": 9, "HexScore": 2 }, "geometry": { "type": "Polygon", "coordinates": [ [ [ 963055.200361258583143, 1950455.11366192647256 ], [ 963098.501631447812542, 1950530.11366192647256 ], [ 963185.10417182627134, 1950530.11366192647256 ], [ 963228.405442015500739, 1950455.11366192647256 ], [ 963185.10417182627134, 1950380.11366192647256 ], [ 963098.501631447812542, 1950380.11366192647256 ], [ 963055.200361258583143, 1950455.11366192647256 ] ] ] } },
{ "type": "Feature", "properties": { "fid": 199, "id": 199, "left": 963055.20036125858, "top": 1950380.1136619265, "right": 963228.4054420155, "bottom": 1950230.1136619265, "row_index": 9, "col_index": 9, "HexScore": 2 }, "geometry": { "type": "Polygon", "coordinates": [ [ [ 963055.200361258583143, 1950305.11366192647256 ], [ 963098.501631447812542, 1950380.11366192647256 ], [ 963185.10417182627134, 1950380.11366192647256 ], [ 963228.405442015500739, 1950305.11366192647256 ], [ 963185.10417182627134, 1950230.11366192647256 ], [ 963098.501631447812542, 1950230.11366192647256 ], [ 963055.200361258583143, 1950305.11366192647256 ] ] ] } },
{ "type": "Feature", "properties": { "fid": 200, "id": 200, "left": 963055.20036125858, "top": 1950230.1136619265, "right": 963228.4054420155, "bottom": 1950080.1136619265, "row_index": 10, "col_index": 9, "HexScore": 2 }, "geometry": { "type": "Polygon", "coordinates": [ [ [ 963055.200361258583143, 1950155.11366192647256 ], [ 963098.501631447812542, 1950230.11366192647256 ], [ 963185.10417182627134, 1950230.11366192647256 ], [ 963228.405442015500739, 1950155.11366192647256 ], [ 963185.10417182627134, 1950080.11366192647256 ], [ 963098.501631447812542, 1950080.11366192647256 ], [ 963055.200361258583143, 1950155.11366192647256 ] ] ] } },
{ "type": "Feature", "properties": { "fid": 201, "id": 201, "left": 963055.20036125858, "top": 1950080.1136619265, "right": 963228.4054420155, "bottom": 1949930.1136619265, "row_index": 11, "col_index": 9, "HexScore": 2 }, "geometry": { "type": "Polygon", "coordinates": [ [ [ 963055.200361258583143, 1950005.11366192647256 ], [ 963098.501631447812542, 1950080.11366192647256 ], [ 963185.10417182627134, 1950080.11366192647256 ], [ 963228.405442015500739, 1950005.11366192647256 ], [ 963185.10417182627134, 1949930.11366192647256 ], [ 963098.501631447812542, 1949930.11366192647256 ], [ 963055.200361258583143, 1950005.11366192647256 ] ] ] } },
{ "type": "Feature", "properties": { "fid": 202, "id": 202, "left": 963055.20036125858, "top": 1949930.1136619265, "right": 963228.4054420155, "bottom": 1949780.1136619265, "row_index": 12, "col_index": 9, "HexScore": 2 }, "geometry": { "type": "Polygon", "coordinates": [ [ [ 963055.200361258583143, 1949855.11366192647256 ], [ 963098.501631447812542, 1949930.11366192647256 ], [ 963185.10417182627134, 1949930.11366192647256 ], [ 963228.405442015500739, 1949855.11366192647256 ], [ 963185.10417182627134, 1949780.11366192647256 ], [ 963098.501631447812542, 1949780.11366192647256 ], [ 963055.200361258583143, 1949855.11366192647256 ] ] ] } },
{ "type": "Feature", "properties": { "fid": 203, "id": 203, "left": 963055.20036125858, "top": 1949780.1136619265, "right": 963228.4054420155, "bottom": 1949630.1136619265, "row_index": 13, "col_index": 9, "HexScore": 2 }, "geometry": { "type": "Polygon", "coordinates": [ [ [ 963055.200361258583143, 1949705.11366192647256 ], [ 963098.501631447812542, 1949780.11366192647256 ], [ 963185.10417182627134, 1949780.11366192647256 ], [ 963228.405442015500739, 1949705.11366192647256 ], [ 963185.10417182627134, 1949630.11366192647256 ], [ 963098.501631447812542, 1949630.11366192647256 ], [ 963055.200361258583143, 1949705.11366192647256 ] ] ] } },
{ "type": "Feature", "properties": { "fid": 204, "id": 204, "left": 963055.20036125858, "top": 1949630.1136619265, "right": 963228.4054420155, "bottom": 1949480.1136619265, "row_index": 14, "col_index": 9, "HexScore": 3 }, "geometry": { "type": "Polygon", "coordinates": [ [ [ 963055.200361258583143, 1949555.11366192647256 ], [ 963098.501631447812542, 1949630.11366192647256 ], [ 963185.10417182627134, 1949630.11366192647256 ], [ 963228.405442015500739, 1949555.11366192647256 ], [ 963185.10417182627134, 1949480.11366192647256 ], [ 963098.501631447812542, 1949480.11366192647256 ], [ 963055.200361258583143, 1949555.11366192647256 ] ] ] } },
{ "type": "Feature", "properties": { "fid": 205, "id": 205, "left": 963055.20036125858, "top": 1949480.1136619265, "right": 963228.4054420155, "bottom": 1949330.1136619265, "row_index": 15, "col_index": 9, "HexScore": 3 }, "geometry": { "type": "Polygon", "coordinates": [ [ [ 963055.200361258583143, 1949405.11366192647256 ], [ 963098.501631447812542, 1949480.11366192647256 ], [ 963185.10417182627134, 1949480.11366192647256 ], [ 963228.405442015500739, 1949405.11366192647256 ], [ 963185.10417182627134, 1949330.11366192647256 ], [ 963098.501631447812542, 1949330.11366192647256 ], [ 963055.200361258583143, 1949405.11366192647256 ] ] ] } },
{ "type": "Feature", "properties": { "fid": 206, "id": 206, "left": 963055.20036125858, "top": 1949330.1136619265, "right": 963228.4054420155, "bottom": 1949180.1136619265, "row_index": 16, "col_index": 9, "HexScore": 3 }, "geometry": { "type": "Polygon", "coordinates": [ [ [ 963055.200361258583143, 1949255.11366192647256 ], [ 963098.501631447812542, 1949330.11366192647256 ], [ 963185.10417182627134, 1949330.11366192647256 ], [ 963228.405442015500739, 1949255.11366192647256 ], [ 963185.10417182627134, 1949180.11366192647256 ], [ 963098.501631447812542, 1949180.11366192647256 ], [ 963055.200361258583143, 1949255.11366192647256 ] ] ] } },
{ "type": "Feature", "properties": { "fid": 207, "id": 207, "left": 963055.20036125858, "top": 1949180.1136619265, "right": 963228.4054420155, "bottom": 1949030.1136619265, "row_index": 17, "col_index": 9, "HexScore": 3 }, "geometry": { "type": "Polygon", "coordinates": [ [ [ 963055.200361258583143, 1949105.11366192647256 ], [ 963098.501631447812542, 1949180.11366192647256 ], [ 963185.10417182627134, 1949180.11366192647256 ], [ 963228.405442015500739, 1949105.11366192647256 ], [ 963185.10417182627134, 1949030.11366192647256 ], [ 963098.501631447812542, 1949030.11366192647256 ], [ 963055.200361258583143, 1949105.11366192647256 ] ] ] } },
{ "type": "Feature", "properties": { "fid": 208, "id": 208, "left": 963055.20036125858, "top": 1949030.1136619265, "right": 963228.4054420155, "bottom": 1948880.1136619265, "row_index": 18, "col_index": 9, "HexScore": 3 }, "geometry": { "type": "Polygon", "coordinates": [ [ [ 963055.200361258583143, 1948955.11366192647256 ], [ 963098.501631447812542, 1949030.11366192647256 ], [ 963185.10417182627134, 1949030.11366192647256 ], [ 963228.405442015500739, 1948955.11366192647256 ], [ 963185.10417182627134, 1948880.11366192647256 ], [ 963098.501631447812542, 1948880.11366192647256 ], [ 963055.200361258583143, 1948955.11366192647256 ] ] ] } },
{ "type": "Feature", "properties": { "fid": 209, "id": 209, "left": 963055.20036125858, "top": 1948880.1136619265, "right": 963228.4054420155, "bottom": 1948730.1136619265, "row_index": 19, "col_index": 9, "HexScore": 3 }, "geometry": { "type": "Polygon", "coordinates": [ [ [ 963055.200361258583143, 1948805.11366192647256 ], [ 963098.501631447812542, 1948880.11366192647256 ], [ 963185.10417182627134, 1948880.11366192647256 ], [ 963228.405442015500739, 1948805.11366192647256 ], [ 963185.10417182627134, 1948730.11366192647256 ], [ 963098.501631447812542, 1948730.11366192647256 ], [ 963055.200361258583143, 1948805.11366192647256 ] ] ] } },
{ "type": "Feature", "properties": { "fid": 210, "id": 210, "left": 963055.20036125858, "top": 1948730.1136619265, "right": 963228.4054420155, "bottom": 1948580.1136619265, "row_index": 20, "col_index": 9, "HexScore": 3 }, "geometry": { "type": "Polygon", "coordinates": [ [ [ 963055.200361258583143, 1948655.11366192647256 ], [ 963098.501631447812542, 1948730.11366192647256 ], [ 963185.10417182627134, 1948730.11366192647256 ], [ 963228.405442015500739, 1948655.11366192647256 ], [ 963185.10417182627134, 1948580.11366192647256 ], [ 963098.501631447812542, 1948580.11366192647256 ], [ 963055.200361258583143, 1948655.11366192647256 ] ] ] } },
{ "type": "Feature", "properties": { "fid": 211, "id": 211, "left": 963185.10417182627, "top": 1951805.1136619265, "right": 963358.30925258319, "bottom": 1951655.1136619265, "row_index": 0, "col_index": 10, "HexScore": 1 }, "geometry": { "type": "Polygon", "coordinates": [ [ [ 963185.10417182627134, 1951730.11366192647256 ], [ 963228.405442015500739, 1951805.11366192647256 ], [ 963315.007982393959537, 1951805.11366192647256 ], [ 963358.309252583188936, 1951730.11366192647256 ], [ 963315.007982393959537, 1951655.11366192647256 ], [ 963228.405442015500739, 1951655.11366192647256 ], [ 963185.10417182627134, 1951730.11366192647256 ] ] ] } },
{ "type": "Feature", "properties": { "fid": 212, "id": 212, "left": 963185.10417182627, "top": 1951655.1136619265, "right": 963358.30925258319, "bottom": 1951505.1136619265, "row_index": 1, "col_index": 10, "HexScore": 1 }, "geometry": { "type": "Polygon", "coordinates": [ [ [ 963185.10417182627134, 1951580.11366192647256 ], [ 963228.405442015500739, 1951655.11366192647256 ], [ 963315.007982393959537, 1951655.11366192647256 ], [ 963358.309252583188936, 1951580.11366192647256 ], [ 963315.007982393959537, 1951505.11366192647256 ], [ 963228.405442015500739, 1951505.11366192647256 ], [ 963185.10417182627134, 1951580.11366192647256 ] ] ] } },
{ "type": "Feature", "properties": { "fid": 213, "id": 213, "left": 963185.10417182627, "top": 1951505.1136619265, "right": 963358.30925258319, "bottom": 1951355.1136619265, "row_index": 2, "col_index": 10, "HexScore": 1 }, "geometry": { "type": "Polygon", "coordinates": [ [ [ 963185.10417182627134, 1951430.11366192647256 ], [ 963228.405442015500739, 1951505.11366192647256 ], [ 963315.007982393959537, 1951505.11366192647256 ], [ 963358.309252583188936, 1951430.11366192647256 ], [ 963315.007982393959537, 1951355.11366192647256 ], [ 963228.405442015500739, 1951355.11366192647256 ], [ 963185.10417182627134, 1951430.11366192647256 ] ] ] } },
{ "type": "Feature", "properties": { "fid": 214, "id": 214, "left": 963185.10417182627, "top": 1951355.1136619265, "right": 963358.30925258319, "bottom": 1951205.1136619265, "row_index": 3, "col_index": 10, "HexScore": 1 }, "geometry": { "type": "Polygon", "coordinates": [ [ [ 963185.10417182627134, 1951280.11366192647256 ], [ 963228.405442015500739, 1951355.11366192647256 ], [ 963315.007982393959537, 1951355.11366192647256 ], [ 963358.309252583188936, 1951280.11366192647256 ], [ 963315.007982393959537, 1951205.11366192647256 ], [ 963228.405442015500739, 1951205.11366192647256 ], [ 963185.10417182627134, 1951280.11366192647256 ] ] ] } },
{ "type": "Feature", "properties": { "fid": 215, "id": 215, "left": 963185.10417182627, "top": 1951205.1136619265, "right": 963358.30925258319, "bottom": 1951055.1136619265, "row_index": 4, "col_index": 10, "HexScore": 1 }, "geometry": { "type": "Polygon", "coordinates": [ [ [ 963185.10417182627134, 1951130.11366192647256 ], [ 963228.405442015500739, 1951205.11366192647256 ], [ 963315.007982393959537, 1951205.11366192647256 ], [ 963358.309252583188936, 1951130.11366192647256 ], [ 963315.007982393959537, 1951055.11366192647256 ], [ 963228.405442015500739, 1951055.11366192647256 ], [ 963185.10417182627134, 1951130.11366192647256 ] ] ] } },
{ "type": "Feature", "properties": { "fid": 216, "id": 216, "left": 963185.10417182627, "top": 1951055.1136619265, "right": 963358.30925258319, "bottom": 1950905.1136619265, "row_index": 5, "col_index": 10, "HexScore": 1 }, "geometry": { "type": "Polygon", "coordinates": [ [ [ 963185.10417182627134, 1950980.11366192647256 ], [ 963228.405442015500739, 1951055.11366192647256 ], [ 963315.007982393959537, 1951055.11366192647256 ], [ 963358.309252583188936, 1950980.11366192647256 ], [ 963315.007982393959537, 1950905.11366192647256 ], [ 963228.405442015500739, 1950905.11366192647256 ], [ 963185.10417182627134, 1950980.11366192647256 ] ] ] } },
{ "type": "Feature", "properties": { "fid": 217, "id": 217, "left": 963185.10417182627, "top": 1950905.1136619265, "right": 963358.30925258319, "bottom": 1950755.1136619265, "row_index": 6, "col_index": 10, "HexScore": 3 }, "geometry": { "type": "Polygon", "coordinates": [ [ [ 963185.10417182627134, 1950830.11366192647256 ], [ 963228.405442015500739, 1950905.11366192647256 ], [ 963315.007982393959537, 1950905.11366192647256 ], [ 963358.309252583188936, 1950830.11366192647256 ], [ 963315.007982393959537, 1950755.11366192647256 ], [ 963228.405442015500739, 1950755.11366192647256 ], [ 963185.10417182627134, 1950830.11366192647256 ] ] ] } },
{ "type": "Feature", "properties": { "fid": 218, "id": 218, "left": 963185.10417182627, "top": 1950755.1136619265, "right": 963358.30925258319, "bottom": 1950605.1136619265, "row_index": 7, "col_index": 10, "HexScore": 1 }, "geometry": { "type": "Polygon", "coordinates": [ [ [ 963185.10417182627134, 1950680.11366192647256 ], [ 963228.405442015500739, 1950755.11366192647256 ], [ 963315.007982393959537, 1950755.11366192647256 ], [ 963358.309252583188936, 1950680.11366192647256 ], [ 963315.007982393959537, 1950605.11366192647256 ], [ 963228.405442015500739, 1950605.11366192647256 ], [ 963185.10417182627134, 1950680.11366192647256 ] ] ] } },
{ "type": "Feature", "properties": { "fid": 219, "id": 219, "left": 963185.10417182627, "top": 1950605.1136619265, "right": 963358.30925258319, "bottom": 1950455.1136619265, "row_index": 8, "col_index": 10, "HexScore": 2 }, "geometry": { "type": "Polygon", "coordinates": [ [ [ 963185.10417182627134, 1950530.11366192647256 ], [ 963228.405442015500739, 1950605.11366192647256 ], [ 963315.007982393959537, 1950605.11366192647256 ], [ 963358.309252583188936, 1950530.11366192647256 ], [ 963315.007982393959537, 1950455.11366192647256 ], [ 963228.405442015500739, 1950455.11366192647256 ], [ 963185.10417182627134, 1950530.11366192647256 ] ] ] } },
{ "type": "Feature", "properties": { "fid": 220, "id": 220, "left": 963185.10417182627, "top": 1950455.1136619265, "right": 963358.30925258319, "bottom": 1950305.1136619265, "row_index": 9, "col_index": 10, "HexScore": 2 }, "geometry": { "type": "Polygon", "coordinates": [ [ [ 963185.10417182627134, 1950380.11366192647256 ], [ 963228.405442015500739, 1950455.11366192647256 ], [ 963315.007982393959537, 1950455.11366192647256 ], [ 963358.309252583188936, 1950380.11366192647256 ], [ 963315.007982393959537, 1950305.11366192647256 ], [ 963228.405442015500739, 1950305.11366192647256 ], [ 963185.10417182627134, 1950380.11366192647256 ] ] ] } },
{ "type": "Feature", "properties": { "fid": 221, "id": 221, "left": 963185.10417182627, "top": 1950305.1136619265, "right": 963358.30925258319, "bottom": 1950155.1136619265, "row_index": 10, "col_index": 10, "HexScore": 2 }, "geometry": { "type": "Polygon", "coordinates": [ [ [ 963185.10417182627134, 1950230.11366192647256 ], [ 963228.405442015500739, 1950305.11366192647256 ], [ 963315.007982393959537, 1950305.11366192647256 ], [ 963358.309252583188936, 1950230.11366192647256 ], [ 963315.007982393959537, 1950155.11366192647256 ], [ 963228.405442015500739, 1950155.11366192647256 ], [ 963185.10417182627134, 1950230.11366192647256 ] ] ] } },
{ "type": "Feature", "properties": { "fid": 222, "id": 222, "left": 963185.10417182627, "top": 1950155.1136619265, "right": 963358.30925258319, "bottom": 1950005.1136619265, "row_index": 11, "col_index": 10, "HexScore": 2 }, "geometry": { "type": "Polygon", "coordinates": [ [ [ 963185.10417182627134, 1950080.11366192647256 ], [ 963228.405442015500739, 1950155.11366192647256 ], [ 963315.007982393959537, 1950155.11366192647256 ], [ 963358.309252583188936, 1950080.11366192647256 ], [ 963315.007982393959537, 1950005.11366192647256 ], [ 963228.405442015500739, 1950005.11366192647256 ], [ 963185.10417182627134, 1950080.11366192647256 ] ] ] } },
{ "type": "Feature", "properties": { "fid": 223, "id": 223, "left": 963185.10417182627, "top": 1950005.1136619265, "right": 963358.30925258319, "bottom": 1949855.1136619265, "row_index": 12, "col_index": 10, "HexScore": 2 }, "geometry": { "type": "Polygon", "coordinates": [ [ [ 963185.10417182627134, 1949930.11366192647256 ], [ 963228.405442015500739, 1950005.11366192647256 ], [ 963315.007982393959537, 1950005.11366192647256 ], [ 963358.309252583188936, 1949930.11366192647256 ], [ 963315.007982393959537, 1949855.11366192647256 ], [ 963228.405442015500739, 1949855.11366192647256 ], [ 963185.10417182627134, 1949930.11366192647256 ] ] ] } },
{ "type": "Feature", "properties": { "fid": 224, "id": 224, "left": 963185.10417182627, "top": 1949855.1136619265, "right": 963358.30925258319, "bottom": 1949705.1136619265, "row_index": 13, "col_index": 10, "HexScore": 2 }, "geometry": { "type": "Polygon", "coordinates": [ [ [ 963185.10417182627134, 1949780.11366192647256 ], [ 963228.405442015500739, 1949855.11366192647256 ], [ 963315.007982393959537, 1949855.11366192647256 ], [ 963358.309252583188936, 1949780.11366192647256 ], [ 963315.007982393959537, 1949705.11366192647256 ], [ 963228.405442015500739, 1949705.11366192647256 ], [ 963185.10417182627134, 1949780.11366192647256 ] ] ] } },
{ "type": "Feature", "properties": { "fid": 225, "id": 225, "left": 963185.10417182627, "top": 1949705.1136619265, "right": 963358.30925258319, "bottom": 1949555.1136619265, "row_index": 14, "col_index": 10, "HexScore": 2 }, "geometry": { "type": "Polygon", "coordinates": [ [ [ 963185.10417182627134, 1949630.11366192647256 ], [ 963228.405442015500739, 1949705.11366192647256 ], [ 963315.007982393959537, 1949705.11366192647256 ], [ 963358.309252583188936, 1949630.11366192647256 ], [ 963315.007982393959537, 1949555.11366192647256 ], [ 963228.405442015500739, 1949555.11366192647256 ], [ 963185.10417182627134, 1949630.11366192647256 ] ] ] } },
{ "type": "Feature", "properties": { "fid": 226, "id": 226, "left": 963185.10417182627, "top": 1949555.1136619265, "right": 963358.30925258319, "bottom": 1949405.1136619265, "row_index": 15, "col_index": 10, "HexScore": 1 }, "geometry": { "type": "Polygon", "coordinates": [ [ [ 963185.10417182627134, 1949480.11366192647256 ], [ 963228.405442015500739, 1949555.11366192647256 ], [ 963315.007982393959537, 1949555.11366192647256 ], [ 963358.309252583188936, 1949480.11366192647256 ], [ 963315.007982393959537, 1949405.11366192647256 ], [ 963228.405442015500739, 1949405.11366192647256 ], [ 963185.10417182627134, 1949480.11366192647256 ] ] ] } },
{ "type": "Feature", "properties": { "fid": 227, "id": 227, "left": 963185.10417182627, "top": 1949405.1136619265, "right": 963358.30925258319, "bottom": 1949255.1136619265, "row_index": 16, "col_index": 10, "HexScore": 3 }, "geometry": { "type": "Polygon", "coordinates": [ [ [ 963185.10417182627134, 1949330.11366192647256 ], [ 963228.405442015500739, 1949405.11366192647256 ], [ 963315.007982393959537, 1949405.11366192647256 ], [ 963358.309252583188936, 1949330.11366192647256 ], [ 963315.007982393959537, 1949255.11366192647256 ], [ 963228.405442015500739, 1949255.11366192647256 ], [ 963185.10417182627134, 1949330.11366192647256 ] ] ] } },
{ "type": "Feature", "properties": { "fid": 228, "id": 228, "left": 963185.10417182627, "top": 1949255.1136619265, "right": 963358.30925258319, "bottom": 1949105.1136619265, "row_index": 17, "col_index": 10, "HexScore": 3 }, "geometry": { "type": "Polygon", "coordinates": [ [ [ 963185.10417182627134, 1949180.11366192647256 ], [ 963228.405442015500739, 1949255.11366192647256 ], [ 963315.007982393959537, 1949255.11366192647256 ], [ 963358.309252583188936, 1949180.11366192647256 ], [ 963315.007982393959537, 1949105.11366192647256 ], [ 963228.405442015500739, 1949105.11366192647256 ], [ 963185.10417182627134, 1949180.11366192647256 ] ] ] } },
{ "type": "Feature", "properties": { "fid": 229, "id": 229, "left": 963185.10417182627, "top": 1949105.1136619265, "right": 963358.30925258319, "bottom": 1948955.1136619265, "row_index": 18, "col_index": 10, "HexScore": 3 }, "geometry": { "type": "Polygon", "coordinates": [ [ [ 963185.10417182627134, 1949030.11366192647256 ], [ 963228.405442015500739, 1949105.11366192647256 ], [ 963315.007982393959537, 1949105.11366192647256 ], [ 963358.309252583188936, 1949030.11366192647256 ], [ 963315.007982393959537, 1948955.11366192647256 ], [ 963228.405442015500739, 1948955.11366192647256 ], [ 963185.10417182627134, 1949030.11366192647256 ] ] ] } },
{ "type": "Feature", "properties": { "fid": 230, "id": 230, "left": 963185.10417182627, "top": 1948955.1136619265, "right": 963358.30925258319, "bottom": 1948805.1136619265, "row_index": 19, "col_index": 10, "HexScore": 3 }, "geometry": { "type": "Polygon", "coordinates": [ [ [ 963185.10417182627134, 1948880.11366192647256 ], [ 963228.405442015500739, 1948955.11366192647256 ], [ 963315.007982393959537, 1948955.11366192647256 ], [ 963358.309252583188936, 1948880.11366192647256 ], [ 963315.007982393959537, 1948805.11366192647256 ], [ 963228.405442015500739, 1948805.11366192647256 ], [ 963185.10417182627134, 1948880.11366192647256 ] ] ] } },
{ "type": "Feature", "properties": { "fid": 231, "id": 231, "left": 963185.10417182627, "top": 1948805.1136619265, "right": 963358.30925258319, "bottom": 1948655.1136619265, "row_index": 20, "col_index": 10, "HexScore": 1 }, "geometry": { "type": "Polygon", "coordinates": [ [ [ 963185.10417182627134, 1948730.11366192647256 ], [ 963228.405442015500739, 1948805.11366192647256 ], [ 963315.007982393959537, 1948805.11366192647256 ], [ 963358.309252583188936, 1948730.11366192647256 ], [ 963315.007982393959537, 1948655.11366192647256 ], [ 963228.405442015500739, 1948655.11366192647256 ], [ 963185.10417182627134, 1948730.11366192647256 ] ] ] } },
{ "type": "Feature", "properties": { "fid": 232, "id": 232, "left": 963315.00798239396, "top": 1951730.1136619265, "right": 963488.21306315088, "bottom": 1951580.1136619265, "row_index": 0, "col_index": 11, "HexScore": 1 }, "geometry": { "type": "Polygon", "coordinates": [ [ [ 963315.007982393959537, 1951655.11366192647256 ], [ 963358.309252583188936, 1951730.11366192647256 ], [ 963444.911792961647734, 1951730.11366192647256 ], [ 963488.213063150877133, 1951655.11366192647256 ], [ 963444.911792961647734, 1951580.11366192647256 ], [ 963358.309252583188936, 1951580.11366192647256 ], [ 963315.007982393959537, 1951655.11366192647256 ] ] ] } },
{ "type": "Feature", "properties": { "fid": 233, "id": 233, "left": 963315.00798239396, "top": 1951580.1136619265, "right": 963488.21306315088, "bottom": 1951430.1136619265, "row_index": 1, "col_index": 11, "HexScore": 1 }, "geometry": { "type": "Polygon", "coordinates": [ [ [ 963315.007982393959537, 1951505.11366192647256 ], [ 963358.309252583188936, 1951580.11366192647256 ], [ 963444.911792961647734, 1951580.11366192647256 ], [ 963488.213063150877133, 1951505.11366192647256 ], [ 963444.911792961647734, 1951430.11366192647256 ], [ 963358.309252583188936, 1951430.11366192647256 ], [ 963315.007982393959537, 1951505.11366192647256 ] ] ] } },
{ "type": "Feature", "properties": { "fid": 234, "id": 234, "left": 963315.00798239396, "top": 1951430.1136619265, "right": 963488.21306315088, "bottom": 1951280.1136619265, "row_index": 2, "col_index": 11, "HexScore": 1 }, "geometry": { "type": "Polygon", "coordinates": [ [ [ 963315.007982393959537, 1951355.11366192647256 ], [ 963358.309252583188936, 1951430.11366192647256 ], [ 963444.911792961647734, 1951430.11366192647256 ], [ 963488.213063150877133, 1951355.11366192647256 ], [ 963444.911792961647734, 1951280.11366192647256 ], [ 963358.309252583188936, 1951280.11366192647256 ], [ 963315.007982393959537, 1951355.11366192647256 ] ] ] } },
{ "type": "Feature", "properties": { "fid": 235, "id": 235, "left": 963315.00798239396, "top": 1951280.1136619265, "right": 963488.21306315088, "bottom": 1951130.1136619265, "row_index": 3, "col_index": 11, "HexScore": 1 }, "geometry": { "type": "Polygon", "coordinates": [ [ [ 963315.007982393959537, 1951205.11366192647256 ], [ 963358.309252583188936, 1951280.11366192647256 ], [ 963444.911792961647734, 1951280.11366192647256 ], [ 963488.213063150877133, 1951205.11366192647256 ], [ 963444.911792961647734, 1951130.11366192647256 ], [ 963358.309252583188936, 1951130.11366192647256 ], [ 963315.007982393959537, 1951205.11366192647256 ] ] ] } },
{ "type": "Feature", "properties": { "fid": 236, "id": 236, "left": 963315.00798239396, "top": 1951130.1136619265, "right": 963488.21306315088, "bottom": 1950980.1136619265, "row_index": 4, "col_index": 11, "HexScore": 1 }, "geometry": { "type": "Polygon", "coordinates": [ [ [ 963315.007982393959537, 1951055.11366192647256 ], [ 963358.309252583188936, 1951130.11366192647256 ], [ 963444.911792961647734, 1951130.11366192647256 ], [ 963488.213063150877133, 1951055.11366192647256 ], [ 963444.911792961647734, 1950980.11366192647256 ], [ 963358.309252583188936, 1950980.11366192647256 ], [ 963315.007982393959537, 1951055.11366192647256 ] ] ] } },
{ "type": "Feature", "properties": { "fid": 237, "id": 237, "left": 963315.00798239396, "top": 1950980.1136619265, "right": 963488.21306315088, "bottom": 1950830.1136619265, "row_index": 5, "col_index": 11, "HexScore": 1 }, "geometry": { "type": "Polygon", "coordinates": [ [ [ 963315.007982393959537, 1950905.11366192647256 ], [ 963358.309252583188936, 1950980.11366192647256 ], [ 963444.911792961647734, 1950980.11366192647256 ], [ 963488.213063150877133, 1950905.11366192647256 ], [ 963444.911792961647734, 1950830.11366192647256 ], [ 963358.309252583188936, 1950830.11366192647256 ], [ 963315.007982393959537, 1950905.11366192647256 ] ] ] } },
{ "type": "Feature", "properties": { "fid": 238, "id": 238, "left": 963315.00798239396, "top": 1950830.1136619265, "right": 963488.21306315088, "bottom": 1950680.1136619265, "row_index": 6, "col_index": 11, "HexScore": 3 }, "geometry": { "type": "Polygon", "coordinates": [ [ [ 963315.007982393959537, 1950755.11366192647256 ], [ 963358.309252583188936, 1950830.11366192647256 ], [ 963444.911792961647734, 1950830.11366192647256 ], [ 963488.213063150877133, 1950755.11366192647256 ], [ 963444.911792961647734, 1950680.11366192647256 ], [ 963358.309252583188936, 1950680.11366192647256 ], [ 963315.007982393959537, 1950755.11366192647256 ] ] ] } },
{ "type": "Feature", "properties": { "fid": 239, "id": 239, "left": 963315.00798239396, "top": 1950680.1136619265, "right": 963488.21306315088, "bottom": 1950530.1136619265, "row_index": 7, "col_index": 11, "HexScore": 1 }, "geometry": { "type": "Polygon", "coordinates": [ [ [ 963315.007982393959537, 1950605.11366192647256 ], [ 963358.309252583188936, 1950680.11366192647256 ], [ 963444.911792961647734, 1950680.11366192647256 ], [ 963488.213063150877133, 1950605.11366192647256 ], [ 963444.911792961647734, 1950530.11366192647256 ], [ 963358.309252583188936, 1950530.11366192647256 ], [ 963315.007982393959537, 1950605.11366192647256 ] ] ] } },
{ "type": "Feature", "properties": { "fid": 240, "id": 240, "left": 963315.00798239396, "top": 1950530.1136619265, "right": 963488.21306315088, "bottom": 1950380.1136619265, "row_index": 8, "col_index": 11, "HexScore": 2 }, "geometry": { "type": "Polygon", "coordinates": [ [ [ 963315.007982393959537, 1950455.11366192647256 ], [ 963358.309252583188936, 1950530.11366192647256 ], [ 963444.911792961647734, 1950530.11366192647256 ], [ 963488.213063150877133, 1950455.11366192647256 ], [ 963444.911792961647734, 1950380.11366192647256 ], [ 963358.309252583188936, 1950380.11366192647256 ], [ 963315.007982393959537, 1950455.11366192647256 ] ] ] } },
{ "type": "Feature", "properties": { "fid": 241, "id": 241, "left": 963315.00798239396, "top": 1950380.1136619265, "right": 963488.21306315088, "bottom": 1950230.1136619265, "row_index": 9, "col_index": 11, "HexScore": 2 }, "geometry": { "type": "Polygon", "coordinates": [ [ [ 963315.007982393959537, 1950305.11366192647256 ], [ 963358.309252583188936, 1950380.11366192647256 ], [ 963444.911792961647734, 1950380.11366192647256 ], [ 963488.213063150877133, 1950305.11366192647256 ], [ 963444.911792961647734, 1950230.11366192647256 ], [ 963358.309252583188936, 1950230.11366192647256 ], [ 963315.007982393959537, 1950305.11366192647256 ] ] ] } },
{ "type": "Feature", "properties": { "fid": 242, "id": 242, "left": 963315.00798239396, "top": 1950230.1136619265, "right": 963488.21306315088, "bottom": 1950080.1136619265, "row_index": 10, "col_index": 11, "HexScore": 2 }, "geometry": { "type": "Polygon", "coordinates": [ [ [ 963315.007982393959537, 1950155.11366192647256 ], [ 963358.309252583188936, 1950230.11366192647256 ], [ 963444.911792961647734, 1950230.11366192647256 ], [ 963488.213063150877133, 1950155.11366192647256 ], [ 963444.911792961647734, 1950080.11366192647256 ], [ 963358.309252583188936, 1950080.11366192647256 ], [ 963315.007982393959537, 1950155.11366192647256 ] ] ] } },
{ "type": "Feature", "properties": { "fid": 243, "id": 243, "left": 963315.00798239396, "top": 1950080.1136619265, "right": 963488.21306315088, "bottom": 1949930.1136619265, "row_index": 11, "col_index": 11, "HexScore": 2 }, "geometry": { "type": "Polygon", "coordinates": [ [ [ 963315.007982393959537, 1950005.11366192647256 ], [ 963358.309252583188936, 1950080.11366192647256 ], [ 963444.911792961647734, 1950080.11366192647256 ], [ 963488.213063150877133, 1950005.11366192647256 ], [ 963444.911792961647734, 1949930.11366192647256 ], [ 963358.309252583188936, 1949930.11366192647256 ], [ 963315.007982393959537, 1950005.11366192647256 ] ] ] } },
{ "type": "Feature", "properties": { "fid": 244, "id": 244, "left": 963315.00798239396, "top": 1949930.1136619265, "right": 963488.21306315088, "bottom": 1949780.1136619265, "row_index": 12, "col_index": 11, "HexScore": 2 }, "geometry": { "type": "Polygon", "coordinates": [ [ [ 963315.007982393959537, 1949855.11366192647256 ], [ 963358.309252583188936, 1949930.11366192647256 ], [ 963444.911792961647734, 1949930.11366192647256 ], [ 963488.213063150877133, 1949855.11366192647256 ], [ 963444.911792961647734, 1949780.11366192647256 ], [ 963358.309252583188936, 1949780.11366192647256 ], [ 963315.007982393959537, 1949855.11366192647256 ] ] ] } },
{ "type": "Feature", "properties": { "fid": 245, "id": 245, "left": 963315.00798239396, "top": 1949780.1136619265, "right": 963488.21306315088, "bottom": 1949630.1136619265, "row_index": 13, "col_index": 11, "HexScore": 2 }, "geometry": { "type": "Polygon", "coordinates": [ [ [ 963315.007982393959537, 1949705.11366192647256 ], [ 963358.309252583188936, 1949780.11366192647256 ], [ 963444.911792961647734, 1949780.11366192647256 ], [ 963488.213063150877133, 1949705.11366192647256 ], [ 963444.911792961647734, 1949630.11366192647256 ], [ 963358.309252583188936, 1949630.11366192647256 ], [ 963315.007982393959537, 1949705.11366192647256 ] ] ] } },
{ "type": "Feature", "properties": { "fid": 246, "id": 246, "left": 963315.00798239396, "top": 1949630.1136619265, "right": 963488.21306315088, "bottom": 1949480.1136619265, "row_index": 14, "col_index": 11, "HexScore": 1 }, "geometry": { "type": "Polygon", "coordinates": [ [ [ 963315.007982393959537, 1949555.11366192647256 ], [ 963358.309252583188936, 1949630.11366192647256 ], [ 963444.911792961647734, 1949630.11366192647256 ], [ 963488.213063150877133, 1949555.11366192647256 ], [ 963444.911792961647734, 1949480.11366192647256 ], [ 963358.309252583188936, 1949480.11366192647256 ], [ 963315.007982393959537, 1949555.11366192647256 ] ] ] } },
{ "type": "Feature", "properties": { "fid": 247, "id": 247, "left": 963315.00798239396, "top": 1949480.1136619265, "right": 963488.21306315088, "bottom": 1949330.1136619265, "row_index": 15, "col_index": 11, "HexScore": 1 }, "geometry": { "type": "Polygon", "coordinates": [ [ [ 963315.007982393959537, 1949405.11366192647256 ], [ 963358.309252583188936, 1949480.11366192647256 ], [ 963444.911792961647734, 1949480.11366192647256 ], [ 963488.213063150877133, 1949405.11366192647256 ], [ 963444.911792961647734, 1949330.11366192647256 ], [ 963358.309252583188936, 1949330.11366192647256 ], [ 963315.007982393959537, 1949405.11366192647256 ] ] ] } },
{ "type": "Feature", "properties": { "fid": 248, "id": 248, "left": 963315.00798239396, "top": 1949330.1136619265, "right": 963488.21306315088, "bottom": 1949180.1136619265, "row_index": 16, "col_index": 11, "HexScore": 1 }, "geometry": { "type": "Polygon", "coordinates": [ [ [ 963315.007982393959537, 1949255.11366192647256 ], [ 963358.309252583188936, 1949330.11366192647256 ], [ 963444.911792961647734, 1949330.11366192647256 ], [ 963488.213063150877133, 1949255.11366192647256 ], [ 963444.911792961647734, 1949180.11366192647256 ], [ 963358.309252583188936, 1949180.11366192647256 ], [ 963315.007982393959537, 1949255.11366192647256 ] ] ] } },
{ "type": "Feature", "properties": { "fid": 249, "id": 249, "left": 963315.00798239396, "top": 1949180.1136619265, "right": 963488.21306315088, "bottom": 1949030.1136619265, "row_index": 17, "col_index": 11, "HexScore": 1 }, "geometry": { "type": "Polygon", "coordinates": [ [ [ 963315.007982393959537, 1949105.11366192647256 ], [ 963358.309252583188936, 1949180.11366192647256 ], [ 963444.911792961647734, 1949180.11366192647256 ], [ 963488.213063150877133, 1949105.11366192647256 ], [ 963444.911792961647734, 1949030.11366192647256 ], [ 963358.309252583188936, 1949030.11366192647256 ], [ 963315.007982393959537, 1949105.11366192647256 ] ] ] } },
{ "type": "Feature", "properties": { "fid": 250, "id": 250, "left": 963315.00798239396, "top": 1949030.1136619265, "right": 963488.21306315088, "bottom": 1948880.1136619265, "row_index": 18, "col_index": 11, "HexScore": 1 }, "geometry": { "type": "Polygon", "coordinates": [ [ [ 963315.007982393959537, 1948955.11366192647256 ], [ 963358.309252583188936, 1949030.11366192647256 ], [ 963444.911792961647734, 1949030.11366192647256 ], [ 963488.213063150877133, 1948955.11366192647256 ], [ 963444.911792961647734, 1948880.11366192647256 ], [ 963358.309252583188936, 1948880.11366192647256 ], [ 963315.007982393959537, 1948955.11366192647256 ] ] ] } },
{ "type": "Feature", "properties": { "fid": 251, "id": 251, "left": 963315.00798239396, "top": 1948880.1136619265, "right": 963488.21306315088, "bottom": 1948730.1136619265, "row_index": 19, "col_index": 11, "HexScore": 1 }, "geometry": { "type": "Polygon", "coordinates": [ [ [ 963315.007982393959537, 1948805.11366192647256 ], [ 963358.309252583188936, 1948880.11366192647256 ], [ 963444.911792961647734, 1948880.11366192647256 ], [ 963488.213063150877133, 1948805.11366192647256 ], [ 963444.911792961647734, 1948730.11366192647256 ], [ 963358.309252583188936, 1948730.11366192647256 ], [ 963315.007982393959537, 1948805.11366192647256 ] ] ] } },
{ "type": "Feature", "properties": { "fid": 252, "id": 252, "left": 963315.00798239396, "top": 1948730.1136619265, "right": 963488.21306315088, "bottom": 1948580.1136619265, "row_index": 20, "col_index": 11, "HexScore": 1 }, "geometry": { "type": "Polygon", "coordinates": [ [ [ 963315.007982393959537, 1948655.11366192647256 ], [ 963358.309252583188936, 1948730.11366192647256 ], [ 963444.911792961647734, 1948730.11366192647256 ], [ 963488.213063150877133, 1948655.11366192647256 ], [ 963444.911792961647734, 1948580.11366192647256 ], [ 963358.309252583188936, 1948580.11366192647256 ], [ 963315.007982393959537, 1948655.11366192647256 ] ] ] } },
{ "type": "Feature", "properties": { "fid": 253, "id": 253, "left": 963444.91179296165, "top": 1951805.1136619265, "right": 963618.11687371857, "bottom": 1951655.1136619265, "row_index": 0, "col_index": 12, "HexScore": 3 }, "geometry": { "type": "Polygon", "coordinates": [ [ [ 963444.911792961647734, 1951730.11366192647256 ], [ 963488.213063150877133, 1951805.11366192647256 ], [ 963574.815603529335931, 1951805.11366192647256 ], [ 963618.11687371856533, 1951730.11366192647256 ], [ 963574.815603529335931, 1951655.11366192647256 ], [ 963488.213063150877133, 1951655.11366192647256 ], [ 963444.911792961647734, 1951730.11366192647256 ] ] ] } },
{ "type": "Feature", "properties": { "fid": 254, "id": 254, "left": 963444.91179296165, "top": 1951655.1136619265, "right": 963618.11687371857, "bottom": 1951505.1136619265, "row_index": 1, "col_index": 12, "HexScore": 1 }, "geometry": { "type": "Polygon", "coordinates": [ [ [ 963444.911792961647734, 1951580.11366192647256 ], [ 963488.213063150877133, 1951655.11366192647256 ], [ 963574.815603529335931, 1951655.11366192647256 ], [ 963618.11687371856533, 1951580.11366192647256 ], [ 963574.815603529335931, 1951505.11366192647256 ], [ 963488.213063150877133, 1951505.11366192647256 ], [ 963444.911792961647734, 1951580.11366192647256 ] ] ] } },
{ "type": "Feature", "properties": { "fid": 255, "id": 255, "left": 963444.91179296165, "top": 1951505.1136619265, "right": 963618.11687371857, "bottom": 1951355.1136619265, "row_index": 2, "col_index": 12, "HexScore": 1 }, "geometry": { "type": "Polygon", "coordinates": [ [ [ 963444.911792961647734, 1951430.11366192647256 ], [ 963488.213063150877133, 1951505.11366192647256 ], [ 963574.815603529335931, 1951505.11366192647256 ], [ 963618.11687371856533, 1951430.11366192647256 ], [ 963574.815603529335931, 1951355.11366192647256 ], [ 963488.213063150877133, 1951355.11366192647256 ], [ 963444.911792961647734, 1951430.11366192647256 ] ] ] } },
{ "type": "Feature", "properties": { "fid": 256, "id": 256, "left": 963444.91179296165, "top": 1951355.1136619265, "right": 963618.11687371857, "bottom": 1951205.1136619265, "row_index": 3, "col_index": 12, "HexScore": 1 }, "geometry": { "type": "Polygon", "coordinates": [ [ [ 963444.911792961647734, 1951280.11366192647256 ], [ 963488.213063150877133, 1951355.11366192647256 ], [ 963574.815603529335931, 1951355.11366192647256 ], [ 963618.11687371856533, 1951280.11366192647256 ], [ 963574.815603529335931, 1951205.11366192647256 ], [ 963488.213063150877133, 1951205.11366192647256 ], [ 963444.911792961647734, 1951280.11366192647256 ] ] ] } },
{ "type": "Feature", "properties": { "fid": 257, "id": 257, "left": 963444.91179296165, "top": 1951205.1136619265, "right": 963618.11687371857, "bottom": 1951055.1136619265, "row_index": 4, "col_index": 12, "HexScore": 1 }, "geometry": { "type": "Polygon", "coordinates": [ [ [ 963444.911792961647734, 1951130.11366192647256 ], [ 963488.213063150877133, 1951205.11366192647256 ], [ 963574.815603529335931, 1951205.11366192647256 ], [ 963618.11687371856533, 1951130.11366192647256 ], [ 963574.815603529335931, 1951055.11366192647256 ], [ 963488.213063150877133, 1951055.11366192647256 ], [ 963444.911792961647734, 1951130.11366192647256 ] ] ] } },
{ "type": "Feature", "properties": { "fid": 258, "id": 258, "left": 963444.91179296165, "top": 1951055.1136619265, "right": 963618.11687371857, "bottom": 1950905.1136619265, "row_index": 5, "col_index": 12, "HexScore": 1 }, "geometry": { "type": "Polygon", "coordinates": [ [ [ 963444.911792961647734, 1950980.11366192647256 ], [ 963488.213063150877133, 1951055.11366192647256 ], [ 963574.815603529335931, 1951055.11366192647256 ], [ 963618.11687371856533, 1950980.11366192647256 ], [ 963574.815603529335931, 1950905.11366192647256 ], [ 963488.213063150877133, 1950905.11366192647256 ], [ 963444.911792961647734, 1950980.11366192647256 ] ] ] } },
{ "type": "Feature", "properties": { "fid": 259, "id": 259, "left": 963444.91179296165, "top": 1950905.1136619265, "right": 963618.11687371857, "bottom": 1950755.1136619265, "row_index": 6, "col_index": 12, "HexScore": 3 }, "geometry": { "type": "Polygon", "coordinates": [ [ [ 963444.911792961647734, 1950830.11366192647256 ], [ 963488.213063150877133, 1950905.11366192647256 ], [ 963574.815603529335931, 1950905.11366192647256 ], [ 963618.11687371856533, 1950830.11366192647256 ], [ 963574.815603529335931, 1950755.11366192647256 ], [ 963488.213063150877133, 1950755.11366192647256 ], [ 963444.911792961647734, 1950830.11366192647256 ] ] ] } },
{ "type": "Feature", "properties": { "fid": 260, "id": 260, "left": 963444.91179296165, "top": 1950755.1136619265, "right": 963618.11687371857, "bottom": 1950605.1136619265, "row_index": 7, "col_index": 12, "HexScore": 3 }, "geometry": { "type": "Polygon", "coordinates": [ [ [ 963444.911792961647734, 1950680.11366192647256 ], [ 963488.213063150877133, 1950755.11366192647256 ], [ 963574.815603529335931, 1950755.11366192647256 ], [ 963618.11687371856533, 1950680.11366192647256 ], [ 963574.815603529335931, 1950605.11366192647256 ], [ 963488.213063150877133, 1950605.11366192647256 ], [ 963444.911792961647734, 1950680.11366192647256 ] ] ] } },
{ "type": "Feature", "properties": { "fid": 261, "id": 261, "left": 963444.91179296165, "top": 1950605.1136619265, "right": 963618.11687371857, "bottom": 1950455.1136619265, "row_index": 8, "col_index": 12, "HexScore": 1 }, "geometry": { "type": "Polygon", "coordinates": [ [ [ 963444.911792961647734, 1950530.11366192647256 ], [ 963488.213063150877133, 1950605.11366192647256 ], [ 963574.815603529335931, 1950605.11366192647256 ], [ 963618.11687371856533, 1950530.11366192647256 ], [ 963574.815603529335931, 1950455.11366192647256 ], [ 963488.213063150877133, 1950455.11366192647256 ], [ 963444.911792961647734, 1950530.11366192647256 ] ] ] } },
{ "type": "Feature", "properties": { "fid": 262, "id": 262, "left": 963444.91179296165, "top": 1950455.1136619265, "right": 963618.11687371857, "bottom": 1950305.1136619265, "row_index": 9, "col_index": 12, "HexScore": 2 }, "geometry": { "type": "Polygon", "coordinates": [ [ [ 963444.911792961647734, 1950380.11366192647256 ], [ 963488.213063150877133, 1950455.11366192647256 ], [ 963574.815603529335931, 1950455.11366192647256 ], [ 963618.11687371856533, 1950380.11366192647256 ], [ 963574.815603529335931, 1950305.11366192647256 ], [ 963488.213063150877133, 1950305.11366192647256 ], [ 963444.911792961647734, 1950380.11366192647256 ] ] ] } },
{ "type": "Feature", "properties": { "fid": 263, "id": 263, "left": 963444.91179296165, "top": 1950305.1136619265, "right": 963618.11687371857, "bottom": 1950155.1136619265, "row_index": 10, "col_index": 12, "HexScore": 2 }, "geometry": { "type": "Polygon", "coordinates": [ [ [ 963444.911792961647734, 1950230.11366192647256 ], [ 963488.213063150877133, 1950305.11366192647256 ], [ 963574.815603529335931, 1950305.11366192647256 ], [ 963618.11687371856533, 1950230.11366192647256 ], [ 963574.815603529335931, 1950155.11366192647256 ], [ 963488.213063150877133, 1950155.11366192647256 ], [ 963444.911792961647734, 1950230.11366192647256 ] ] ] } },
{ "type": "Feature", "properties": { "fid": 264, "id": 264, "left": 963444.91179296165, "top": 1950155.1136619265, "right": 963618.11687371857, "bottom": 1950005.1136619265, "row_index": 11, "col_index": 12, "HexScore": 2 }, "geometry": { "type": "Polygon", "coordinates": [ [ [ 963444.911792961647734, 1950080.11366192647256 ], [ 963488.213063150877133, 1950155.11366192647256 ], [ 963574.815603529335931, 1950155.11366192647256 ], [ 963618.11687371856533, 1950080.11366192647256 ], [ 963574.815603529335931, 1950005.11366192647256 ], [ 963488.213063150877133, 1950005.11366192647256 ], [ 963444.911792961647734, 1950080.11366192647256 ] ] ] } },
{ "type": "Feature", "properties": { "fid": 265, "id": 265, "left": 963444.91179296165, "top": 1950005.1136619265, "right": 963618.11687371857, "bottom": 1949855.1136619265, "row_index": 12, "col_index": 12, "HexScore": 1 }, "geometry": { "type": "Polygon", "coordinates": [ [ [ 963444.911792961647734, 1949930.11366192647256 ], [ 963488.213063150877133, 1950005.11366192647256 ], [ 963574.815603529335931, 1950005.11366192647256 ], [ 963618.11687371856533, 1949930.11366192647256 ], [ 963574.815603529335931, 1949855.11366192647256 ], [ 963488.213063150877133, 1949855.11366192647256 ], [ 963444.911792961647734, 1949930.11366192647256 ] ] ] } },
{ "type": "Feature", "properties": { "fid": 266, "id": 266, "left": 963444.91179296165, "top": 1949855.1136619265, "right": 963618.11687371857, "bottom": 1949705.1136619265, "row_index": 13, "col_index": 12, "HexScore": 1 }, "geometry": { "type": "Polygon", "coordinates": [ [ [ 963444.911792961647734, 1949780.11366192647256 ], [ 963488.213063150877133, 1949855.11366192647256 ], [ 963574.815603529335931, 1949855.11366192647256 ], [ 963618.11687371856533, 1949780.11366192647256 ], [ 963574.815603529335931, 1949705.11366192647256 ], [ 963488.213063150877133, 1949705.11366192647256 ], [ 963444.911792961647734, 1949780.11366192647256 ] ] ] } },
{ "type": "Feature", "properties": { "fid": 267, "id": 267, "left": 963444.91179296165, "top": 1949705.1136619265, "right": 963618.11687371857, "bottom": 1949555.1136619265, "row_index": 14, "col_index": 12, "HexScore": 1 }, "geometry": { "type": "Polygon", "coordinates": [ [ [ 963444.911792961647734, 1949630.11366192647256 ], [ 963488.213063150877133, 1949705.11366192647256 ], [ 963574.815603529335931, 1949705.11366192647256 ], [ 963618.11687371856533, 1949630.11366192647256 ], [ 963574.815603529335931, 1949555.11366192647256 ], [ 963488.213063150877133, 1949555.11366192647256 ], [ 963444.911792961647734, 1949630.11366192647256 ] ] ] } },
{ "type": "Feature", "properties": { "fid": 268, "id": 268, "left": 963444.91179296165, "top": 1949555.1136619265, "right": 963618.11687371857, "bottom": 1949405.1136619265, "row_index": 15, "col_index": 12, "HexScore": 1 }, "geometry": { "type": "Polygon", "coordinates": [ [ [ 963444.911792961647734, 1949480.11366192647256 ], [ 963488.213063150877133, 1949555.11366192647256 ], [ 963574.815603529335931, 1949555.11366192647256 ], [ 963618.11687371856533, 1949480.11366192647256 ], [ 963574.815603529335931, 1949405.11366192647256 ], [ 963488.213063150877133, 1949405.11366192647256 ], [ 963444.911792961647734, 1949480.11366192647256 ] ] ] } },
{ "type": "Feature", "properties": { "fid": 269, "id": 269, "left": 963444.91179296165, "top": 1949405.1136619265, "right": 963618.11687371857, "bottom": 1949255.1136619265, "row_index": 16, "col_index": 12, "HexScore": 1 }, "geometry": { "type": "Polygon", "coordinates": [ [ [ 963444.911792961647734, 1949330.11366192647256 ], [ 963488.213063150877133, 1949405.11366192647256 ], [ 963574.815603529335931, 1949405.11366192647256 ], [ 963618.11687371856533, 1949330.11366192647256 ], [ 963574.815603529335931, 1949255.11366192647256 ], [ 963488.213063150877133, 1949255.11366192647256 ], [ 963444.911792961647734, 1949330.11366192647256 ] ] ] } },
{ "type": "Feature", "properties": { "fid": 270, "id": 270, "left": 963444.91179296165, "top": 1949255.1136619265, "right": 963618.11687371857, "bottom": 1949105.1136619265, "row_index": 17, "col_index": 12, "HexScore": 1 }, "geometry": { "type": "Polygon", "coordinates": [ [ [ 963444.911792961647734, 1949180.11366192647256 ], [ 963488.213063150877133, 1949255.11366192647256 ], [ 963574.815603529335931, 1949255.11366192647256 ], [ 963618.11687371856533, 1949180.11366192647256 ], [ 963574.815603529335931, 1949105.11366192647256 ], [ 963488.213063150877133, 1949105.11366192647256 ], [ 963444.911792961647734, 1949180.11366192647256 ] ] ] } },
{ "type": "Feature", "properties": { "fid": 271, "id": 271, "left": 963444.91179296165, "top": 1949105.1136619265, "right": 963618.11687371857, "bottom": 1948955.1136619265, "row_index": 18, "col_index": 12, "HexScore": 1 }, "geometry": { "type": "Polygon", "coordinates": [ [ [ 963444.911792961647734, 1949030.11366192647256 ], [ 963488.213063150877133, 1949105.11366192647256 ], [ 963574.815603529335931, 1949105.11366192647256 ], [ 963618.11687371856533, 1949030.11366192647256 ], [ 963574.815603529335931, 1948955.11366192647256 ], [ 963488.213063150877133, 1948955.11366192647256 ], [ 963444.911792961647734, 1949030.11366192647256 ] ] ] } },
{ "type": "Feature", "properties": { "fid": 272, "id": 272, "left": 963444.91179296165, "top": 1948955.1136619265, "right": 963618.11687371857, "bottom": 1948805.1136619265, "row_index": 19, "col_index": 12, "HexScore": 1 }, "geometry": { "type": "Polygon", "coordinates": [ [ [ 963444.911792961647734, 1948880.11366192647256 ], [ 963488.213063150877133, 1948955.11366192647256 ], [ 963574.815603529335931, 1948955.11366192647256 ], [ 963618.11687371856533, 1948880.11366192647256 ], [ 963574.815603529335931, 1948805.11366192647256 ], [ 963488.213063150877133, 1948805.11366192647256 ], [ 963444.911792961647734, 1948880.11366192647256 ] ] ] } },
{ "type": "Feature", "properties": { "fid": 273, "id": 273, "left": 963444.91179296165, "top": 1948805.1136619265, "right": 963618.11687371857, "bottom": 1948655.1136619265, "row_index": 20, "col_index": 12, "HexScore": 3 }, "geometry": { "type": "Polygon", "coordinates": [ [ [ 963444.911792961647734, 1948730.11366192647256 ], [ 963488.213063150877133, 1948805.11366192647256 ], [ 963574.815603529335931, 1948805.11366192647256 ], [ 963618.11687371856533, 1948730.11366192647256 ], [ 963574.815603529335931, 1948655.11366192647256 ], [ 963488.213063150877133, 1948655.11366192647256 ], [ 963444.911792961647734, 1948730.11366192647256 ] ] ] } },
{ "type": "Feature", "properties": { "fid": 274, "id": 274, "left": 963574.81560352934, "top": 1951730.1136619265, "right": 963748.02068428625, "bottom": 1951580.1136619265, "row_index": 0, "col_index": 13, "HexScore": 3 }, "geometry": { "type": "Polygon", "coordinates": [ [ [ 963574.815603529335931, 1951655.11366192647256 ], [ 963618.11687371856533, 1951730.11366192647256 ], [ 963704.719414097024128, 1951730.11366192647256 ], [ 963748.020684286253527, 1951655.11366192647256 ], [ 963704.719414097024128, 1951580.11366192647256 ], [ 963618.11687371856533, 1951580.11366192647256 ], [ 963574.815603529335931, 1951655.11366192647256 ] ] ] } },
{ "type": "Feature", "properties": { "fid": 275, "id": 275, "left": 963574.81560352934, "top": 1951580.1136619265, "right": 963748.02068428625, "bottom": 1951430.1136619265, "row_index": 1, "col_index": 13, "HexScore": 3 }, "geometry": { "type": "Polygon", "coordinates": [ [ [ 963574.815603529335931, 1951505.11366192647256 ], [ 963618.11687371856533, 1951580.11366192647256 ], [ 963704.719414097024128, 1951580.11366192647256 ], [ 963748.020684286253527, 1951505.11366192647256 ], [ 963704.719414097024128, 1951430.11366192647256 ], [ 963618.11687371856533, 1951430.11366192647256 ], [ 963574.815603529335931, 1951505.11366192647256 ] ] ] } },
{ "type": "Feature", "properties": { "fid": 276, "id": 276, "left": 963574.81560352934, "top": 1951430.1136619265, "right": 963748.02068428625, "bottom": 1951280.1136619265, "row_index": 2, "col_index": 13, "HexScore": 1 }, "geometry": { "type": "Polygon", "coordinates": [ [ [ 963574.815603529335931, 1951355.11366192647256 ], [ 963618.11687371856533, 1951430.11366192647256 ], [ 963704.719414097024128, 1951430.11366192647256 ], [ 963748.020684286253527, 1951355.11366192647256 ], [ 963704.719414097024128, 1951280.11366192647256 ], [ 963618.11687371856533, 1951280.11366192647256 ], [ 963574.815603529335931, 1951355.11366192647256 ] ] ] } },
{ "type": "Feature", "properties": { "fid": 277, "id": 277, "left": 963574.81560352934, "top": 1951280.1136619265, "right": 963748.02068428625, "bottom": 1951130.1136619265, "row_index": 3, "col_index": 13, "HexScore": 1 }, "geometry": { "type": "Polygon", "coordinates": [ [ [ 963574.815603529335931, 1951205.11366192647256 ], [ 963618.11687371856533, 1951280.11366192647256 ], [ 963704.719414097024128, 1951280.11366192647256 ], [ 963748.020684286253527, 1951205.11366192647256 ], [ 963704.719414097024128, 1951130.11366192647256 ], [ 963618.11687371856533, 1951130.11366192647256 ], [ 963574.815603529335931, 1951205.11366192647256 ] ] ] } },
{ "type": "Feature", "properties": { "fid": 278, "id": 278, "left": 963574.81560352934, "top": 1951130.1136619265, "right": 963748.02068428625, "bottom": 1950980.1136619265, "row_index": 4, "col_index": 13, "HexScore": 1 }, "geometry": { "type": "Polygon", "coordinates": [ [ [ 963574.815603529335931, 1951055.11366192647256 ], [ 963618.11687371856533, 1951130.11366192647256 ], [ 963704.719414097024128, 1951130.11366192647256 ], [ 963748.020684286253527, 1951055.11366192647256 ], [ 963704.719414097024128, 1950980.11366192647256 ], [ 963618.11687371856533, 1950980.11366192647256 ], [ 963574.815603529335931, 1951055.11366192647256 ] ] ] } },
{ "type": "Feature", "properties": { "fid": 279, "id": 279, "left": 963574.81560352934, "top": 1950980.1136619265, "right": 963748.02068428625, "bottom": 1950830.1136619265, "row_index": 5, "col_index": 13, "HexScore": 1 }, "geometry": { "type": "Polygon", "coordinates": [ [ [ 963574.815603529335931, 1950905.11366192647256 ], [ 963618.11687371856533, 1950980.11366192647256 ], [ 963704.719414097024128, 1950980.11366192647256 ], [ 963748.020684286253527, 1950905.11366192647256 ], [ 963704.719414097024128, 1950830.11366192647256 ], [ 963618.11687371856533, 1950830.11366192647256 ], [ 963574.815603529335931, 1950905.11366192647256 ] ] ] } },
{ "type": "Feature", "properties": { "fid": 280, "id": 280, "left": 963574.81560352934, "top": 1950830.1136619265, "right": 963748.02068428625, "bottom": 1950680.1136619265, "row_index": 6, "col_index": 13, "HexScore": 3 }, "geometry": { "type": "Polygon", "coordinates": [ [ [ 963574.815603529335931, 1950755.11366192647256 ], [ 963618.11687371856533, 1950830.11366192647256 ], [ 963704.719414097024128, 1950830.11366192647256 ], [ 963748.020684286253527, 1950755.11366192647256 ], [ 963704.719414097024128, 1950680.11366192647256 ], [ 963618.11687371856533, 1950680.11366192647256 ], [ 963574.815603529335931, 1950755.11366192647256 ] ] ] } },
{ "type": "Feature", "properties": { "fid": 281, "id": 281, "left": 963574.81560352934, "top": 1950680.1136619265, "right": 963748.02068428625, "bottom": 1950530.1136619265, "row_index": 7, "col_index": 13, "HexScore": 3 }, "geometry": { "type": "Polygon", "coordinates": [ [ [ 963574.815603529335931, 1950605.11366192647256 ], [ 963618.11687371856533, 1950680.11366192647256 ], [ 963704.719414097024128, 1950680.11366192647256 ], [ 963748.020684286253527, 1950605.11366192647256 ], [ 963704.719414097024128, 1950530.11366192647256 ], [ 963618.11687371856533, 1950530.11366192647256 ], [ 963574.815603529335931, 1950605.11366192647256 ] ] ] } },
{ "type": "Feature", "properties": { "fid": 282, "id": 282, "left": 963574.81560352934, "top": 1950530.1136619265, "right": 963748.02068428625, "bottom": 1950380.1136619265, "row_index": 8, "col_index": 13, "HexScore": 2 }, "geometry": { "type": "Polygon", "coordinates": [ [ [ 963574.815603529335931, 1950455.11366192647256 ], [ 963618.11687371856533, 1950530.11366192647256 ], [ 963704.719414097024128, 1950530.11366192647256 ], [ 963748.020684286253527, 1950455.11366192647256 ], [ 963704.719414097024128, 1950380.11366192647256 ], [ 963618.11687371856533, 1950380.11366192647256 ], [ 963574.815603529335931, 1950455.11366192647256 ] ] ] } },
{ "type": "Feature", "properties": { "fid": 283, "id": 283, "left": 963574.81560352934, "top": 1950380.1136619265, "right": 963748.02068428625, "bottom": 1950230.1136619265, "row_index": 9, "col_index": 13, "HexScore": 2 }, "geometry": { "type": "Polygon", "coordinates": [ [ [ 963574.815603529335931, 1950305.11366192647256 ], [ 963618.11687371856533, 1950380.11366192647256 ], [ 963704.719414097024128, 1950380.11366192647256 ], [ 963748.020684286253527, 1950305.11366192647256 ], [ 963704.719414097024128, 1950230.11366192647256 ], [ 963618.11687371856533, 1950230.11366192647256 ], [ 963574.815603529335931, 1950305.11366192647256 ] ] ] } },
{ "type": "Feature", "properties": { "fid": 284, "id": 284, "left": 963574.81560352934, "top": 1950230.1136619265, "right": 963748.02068428625, "bottom": 1950080.1136619265, "row_index": 10, "col_index": 13, "HexScore": 2 }, "geometry": { "type": "Polygon", "coordinates": [ [ [ 963574.815603529335931, 1950155.11366192647256 ], [ 963618.11687371856533, 1950230.11366192647256 ], [ 963704.719414097024128, 1950230.11366192647256 ], [ 963748.020684286253527, 1950155.11366192647256 ], [ 963704.719414097024128, 1950080.11366192647256 ], [ 963618.11687371856533, 1950080.11366192647256 ], [ 963574.815603529335931, 1950155.11366192647256 ] ] ] } },
{ "type": "Feature", "properties": { "fid": 285, "id": 285, "left": 963574.81560352934, "top": 1950080.1136619265, "right": 963748.02068428625, "bottom": 1949930.1136619265, "row_index": 11, "col_index": 13, "HexScore": 1 }, "geometry": { "type": "Polygon", "coordinates": [ [ [ 963574.815603529335931, 1950005.11366192647256 ], [ 963618.11687371856533, 1950080.11366192647256 ], [ 963704.719414097024128, 1950080.11366192647256 ], [ 963748.020684286253527, 1950005.11366192647256 ], [ 963704.719414097024128, 1949930.11366192647256 ], [ 963618.11687371856533, 1949930.11366192647256 ], [ 963574.815603529335931, 1950005.11366192647256 ] ] ] } },
{ "type": "Feature", "properties": { "fid": 286, "id": 286, "left": 963574.81560352934, "top": 1949930.1136619265, "right": 963748.02068428625, "bottom": 1949780.1136619265, "row_index": 12, "col_index": 13, "HexScore": 1 }, "geometry": { "type": "Polygon", "coordinates": [ [ [ 963574.815603529335931, 1949855.11366192647256 ], [ 963618.11687371856533, 1949930.11366192647256 ], [ 963704.719414097024128, 1949930.11366192647256 ], [ 963748.020684286253527, 1949855.11366192647256 ], [ 963704.719414097024128, 1949780.11366192647256 ], [ 963618.11687371856533, 1949780.11366192647256 ], [ 963574.815603529335931, 1949855.11366192647256 ] ] ] } },
{ "type": "Feature", "properties": { "fid": 287, "id": 287, "left": 963574.81560352934, "top": 1949780.1136619265, "right": 963748.02068428625, "bottom": 1949630.1136619265, "row_index": 13, "col_index": 13, "HexScore": 1 }, "geometry": { "type": "Polygon", "coordinates": [ [ [ 963574.815603529335931, 1949705.11366192647256 ], [ 963618.11687371856533, 1949780.11366192647256 ], [ 963704.719414097024128, 1949780.11366192647256 ], [ 963748.020684286253527, 1949705.11366192647256 ], [ 963704.719414097024128, 1949630.11366192647256 ], [ 963618.11687371856533, 1949630.11366192647256 ], [ 963574.815603529335931, 1949705.11366192647256 ] ] ] } },
{ "type": "Feature", "properties": { "fid": 288, "id": 288, "left": 963574.81560352934, "top": 1949630.1136619265, "right": 963748.02068428625, "bottom": 1949480.1136619265, "row_index": 14, "col_index": 13, "HexScore": 1 }, "geometry": { "type": "Polygon", "coordinates": [ [ [ 963574.815603529335931, 1949555.11366192647256 ], [ 963618.11687371856533, 1949630.11366192647256 ], [ 963704.719414097024128, 1949630.11366192647256 ], [ 963748.020684286253527, 1949555.11366192647256 ], [ 963704.719414097024128, 1949480.11366192647256 ], [ 963618.11687371856533, 1949480.11366192647256 ], [ 963574.815603529335931, 1949555.11366192647256 ] ] ] } },
{ "type": "Feature", "properties": { "fid": 289, "id": 289, "left": 963574.81560352934, "top": 1949480.1136619265, "right": 963748.02068428625, "bottom": 1949330.1136619265, "row_index": 15, "col_index": 13, "HexScore": 1 }, "geometry": { "type": "Polygon", "coordinates": [ [ [ 963574.815603529335931, 1949405.11366192647256 ], [ 963618.11687371856533, 1949480.11366192647256 ], [ 963704.719414097024128, 1949480.11366192647256 ], [ 963748.020684286253527, 1949405.11366192647256 ], [ 963704.719414097024128, 1949330.11366192647256 ], [ 963618.11687371856533, 1949330.11366192647256 ], [ 963574.815603529335931, 1949405.11366192647256 ] ] ] } },
{ "type": "Feature", "properties": { "fid": 290, "id": 290, "left": 963574.81560352934, "top": 1949330.1136619265, "right": 963748.02068428625, "bottom": 1949180.1136619265, "row_index": 16, "col_index": 13, "HexScore": 1 }, "geometry": { "type": "Polygon", "coordinates": [ [ [ 963574.815603529335931, 1949255.11366192647256 ], [ 963618.11687371856533, 1949330.11366192647256 ], [ 963704.719414097024128, 1949330.11366192647256 ], [ 963748.020684286253527, 1949255.11366192647256 ], [ 963704.719414097024128, 1949180.11366192647256 ], [ 963618.11687371856533, 1949180.11366192647256 ], [ 963574.815603529335931, 1949255.11366192647256 ] ] ] } },
{ "type": "Feature", "properties": { "fid": 291, "id": 291, "left": 963574.81560352934, "top": 1949180.1136619265, "right": 963748.02068428625, "bottom": 1949030.1136619265, "row_index": 17, "col_index": 13, "HexScore": 1 }, "geometry": { "type": "Polygon", "coordinates": [ [ [ 963574.815603529335931, 1949105.11366192647256 ], [ 963618.11687371856533, 1949180.11366192647256 ], [ 963704.719414097024128, 1949180.11366192647256 ], [ 963748.020684286253527, 1949105.11366192647256 ], [ 963704.719414097024128, 1949030.11366192647256 ], [ 963618.11687371856533, 1949030.11366192647256 ], [ 963574.815603529335931, 1949105.11366192647256 ] ] ] } },
{ "type": "Feature", "properties": { "fid": 292, "id": 292, "left": 963574.81560352934, "top": 1949030.1136619265, "right": 963748.02068428625, "bottom": 1948880.1136619265, "row_index": 18, "col_index": 13, "HexScore": 1 }, "geometry": { "type": "Polygon", "coordinates": [ [ [ 963574.815603529335931, 1948955.11366192647256 ], [ 963618.11687371856533, 1949030.11366192647256 ], [ 963704.719414097024128, 1949030.11366192647256 ], [ 963748.020684286253527, 1948955.11366192647256 ], [ 963704.719414097024128, 1948880.11366192647256 ], [ 963618.11687371856533, 1948880.11366192647256 ], [ 963574.815603529335931, 1948955.11366192647256 ] ] ] } },
{ "type": "Feature", "properties": { "fid": 293, "id": 293, "left": 963574.81560352934, "top": 1948880.1136619265, "right": 963748.02068428625, "bottom": 1948730.1136619265, "row_index": 19, "col_index": 13, "HexScore": 3 }, "geometry": { "type": "Polygon", "coordinates": [ [ [ 963574.815603529335931, 1948805.11366192647256 ], [ 963618.11687371856533, 1948880.11366192647256 ], [ 963704.719414097024128, 1948880.11366192647256 ], [ 963748.020684286253527, 1948805.11366192647256 ], [ 963704.719414097024128, 1948730.11366192647256 ], [ 963618.11687371856533, 1948730.11366192647256 ], [ 963574.815603529335931, 1948805.11366192647256 ] ] ] } },
{ "type": "Feature", "properties": { "fid": 294, "id": 294, "left": 963574.81560352934, "top": 1948730.1136619265, "right": 963748.02068428625, "bottom": 1948580.1136619265, "row_index": 20, "col_index": 13, "HexScore": 3 }, "geometry": { "type": "Polygon", "coordinates": [ [ [ 963574.815603529335931, 1948655.11366192647256 ], [ 963618.11687371856533, 1948730.11366192647256 ], [ 963704.719414097024128, 1948730.11366192647256 ], [ 963748.020684286253527, 1948655.11366192647256 ], [ 963704.719414097024128, 1948580.11366192647256 ], [ 963618.11687371856533, 1948580.11366192647256 ], [ 963574.815603529335931, 1948655.11366192647256 ] ] ] } },
{ "type": "Feature", "properties": { "fid": 295, "id": 295, "left": 963704.71941409691, "top": 1951805.1136619265, "right": 963877.92449485383, "bottom": 1951655.1136619265, "row_index": 0, "col_index": 14, "HexScore": 3 }, "geometry": { "type": "Polygon", "coordinates": [ [ [ 963704.719414096907713, 1951730.11366192647256 ], [ 963748.020684286137111, 1951805.11366192647256 ], [ 963834.623224664595909, 1951805.11366192647256 ], [ 963877.924494853825308, 1951730.11366192647256 ], [ 963834.623224664595909, 1951655.11366192647256 ], [ 963748.020684286137111, 1951655.11366192647256 ], [ 963704.719414096907713, 1951730.11366192647256 ] ] ] } },
{ "type": "Feature", "properties": { "fid": 296, "id": 296, "left": 963704.71941409691, "top": 1951655.1136619265, "right": 963877.92449485383, "bottom": 1951505.1136619265, "row_index": 1, "col_index": 14, "HexScore": 3 }, "geometry": { "type": "Polygon", "coordinates": [ [ [ 963704.719414096907713, 1951580.11366192647256 ], [ 963748.020684286137111, 1951655.11366192647256 ], [ 963834.623224664595909, 1951655.11366192647256 ], [ 963877.924494853825308, 1951580.11366192647256 ], [ 963834.623224664595909, 1951505.11366192647256 ], [ 963748.020684286137111, 1951505.11366192647256 ], [ 963704.719414096907713, 1951580.11366192647256 ] ] ] } },
{ "type": "Feature", "properties": { "fid": 297, "id": 297, "left": 963704.71941409691, "top": 1951505.1136619265, "right": 963877.92449485383, "bottom": 1951355.1136619265, "row_index": 2, "col_index": 14, "HexScore": 3 }, "geometry": { "type": "Polygon", "coordinates": [ [ [ 963704.719414096907713, 1951430.11366192647256 ], [ 963748.020684286137111, 1951505.11366192647256 ], [ 963834.623224664595909, 1951505.11366192647256 ], [ 963877.924494853825308, 1951430.11366192647256 ], [ 963834.623224664595909, 1951355.11366192647256 ], [ 963748.020684286137111, 1951355.11366192647256 ], [ 963704.719414096907713, 1951430.11366192647256 ] ] ] } },
{ "type": "Feature", "properties": { "fid": 298, "id": 298, "left": 963704.71941409691, "top": 1951355.1136619265, "right": 963877.92449485383, "bottom": 1951205.1136619265, "row_index": 3, "col_index": 14, "HexScore": 3 }, "geometry": { "type": "Polygon", "coordinates": [ [ [ 963704.719414096907713, 1951280.11366192647256 ], [ 963748.020684286137111, 1951355.11366192647256 ], [ 963834.623224664595909, 1951355.11366192647256 ], [ 963877.924494853825308, 1951280.11366192647256 ], [ 963834.623224664595909, 1951205.11366192647256 ], [ 963748.020684286137111, 1951205.11366192647256 ], [ 963704.719414096907713, 1951280.11366192647256 ] ] ] } },
{ "type": "Feature", "properties": { "fid": 299, "id": 299, "left": 963704.71941409691, "top": 1951205.1136619265, "right": 963877.92449485383, "bottom": 1951055.1136619265, "row_index": 4, "col_index": 14, "HexScore": 1 }, "geometry": { "type": "Polygon", "coordinates": [ [ [ 963704.719414096907713, 1951130.11366192647256 ], [ 963748.020684286137111, 1951205.11366192647256 ], [ 963834.623224664595909, 1951205.11366192647256 ], [ 963877.924494853825308, 1951130.11366192647256 ], [ 963834.623224664595909, 1951055.11366192647256 ], [ 963748.020684286137111, 1951055.11366192647256 ], [ 963704.719414096907713, 1951130.11366192647256 ] ] ] } },
{ "type": "Feature", "properties": { "fid": 300, "id": 300, "left": 963704.71941409691, "top": 1951055.1136619265, "right": 963877.92449485383, "bottom": 1950905.1136619265, "row_index": 5, "col_index": 14, "HexScore": 1 }, "geometry": { "type": "Polygon", "coordinates": [ [ [ 963704.719414096907713, 1950980.11366192647256 ], [ 963748.020684286137111, 1951055.11366192647256 ], [ 963834.623224664595909, 1951055.11366192647256 ], [ 963877.924494853825308, 1950980.11366192647256 ], [ 963834.623224664595909, 1950905.11366192647256 ], [ 963748.020684286137111, 1950905.11366192647256 ], [ 963704.719414096907713, 1950980.11366192647256 ] ] ] } },
{ "type": "Feature", "properties": { "fid": 301, "id": 301, "left": 963704.71941409691, "top": 1950905.1136619265, "right": 963877.92449485383, "bottom": 1950755.1136619265, "row_index": 6, "col_index": 14, "HexScore": 1 }, "geometry": { "type": "Polygon", "coordinates": [ [ [ 963704.719414096907713, 1950830.11366192647256 ], [ 963748.020684286137111, 1950905.11366192647256 ], [ 963834.623224664595909, 1950905.11366192647256 ], [ 963877.924494853825308, 1950830.11366192647256 ], [ 963834.623224664595909, 1950755.11366192647256 ], [ 963748.020684286137111, 1950755.11366192647256 ], [ 963704.719414096907713, 1950830.11366192647256 ] ] ] } },
{ "type": "Feature", "properties": { "fid": 302, "id": 302, "left": 963704.71941409691, "top": 1950755.1136619265, "right": 963877.92449485383, "bottom": 1950605.1136619265, "row_index": 7, "col_index": 14, "HexScore": 1 }, "geometry": { "type": "Polygon", "coordinates": [ [ [ 963704.719414096907713, 1950680.11366192647256 ], [ 963748.020684286137111, 1950755.11366192647256 ], [ 963834.623224664595909, 1950755.11366192647256 ], [ 963877.924494853825308, 1950680.11366192647256 ], [ 963834.623224664595909, 1950605.11366192647256 ], [ 963748.020684286137111, 1950605.11366192647256 ], [ 963704.719414096907713, 1950680.11366192647256 ] ] ] } },
{ "type": "Feature", "properties": { "fid": 303, "id": 303, "left": 963704.71941409691, "top": 1950605.1136619265, "right": 963877.92449485383, "bottom": 1950455.1136619265, "row_index": 8, "col_index": 14, "HexScore": 1 }, "geometry": { "type": "Polygon", "coordinates": [ [ [ 963704.719414096907713, 1950530.11366192647256 ], [ 963748.020684286137111, 1950605.11366192647256 ], [ 963834.623224664595909, 1950605.11366192647256 ], [ 963877.924494853825308, 1950530.11366192647256 ], [ 963834.623224664595909, 1950455.11366192647256 ], [ 963748.020684286137111, 1950455.11366192647256 ], [ 963704.719414096907713, 1950530.11366192647256 ] ] ] } },
{ "type": "Feature", "properties": { "fid": 304, "id": 304, "left": 963704.71941409691, "top": 1950455.1136619265, "right": 963877.92449485383, "bottom": 1950305.1136619265, "row_index": 9, "col_index": 14, "HexScore": 2 }, "geometry": { "type": "Polygon", "coordinates": [ [ [ 963704.719414096907713, 1950380.11366192647256 ], [ 963748.020684286137111, 1950455.11366192647256 ], [ 963834.623224664595909, 1950455.11366192647256 ], [ 963877.924494853825308, 1950380.11366192647256 ], [ 963834.623224664595909, 1950305.11366192647256 ], [ 963748.020684286137111, 1950305.11366192647256 ], [ 963704.719414096907713, 1950380.11366192647256 ] ] ] } },
{ "type": "Feature", "properties": { "fid": 305, "id": 305, "left": 963704.71941409691, "top": 1950305.1136619265, "right": 963877.92449485383, "bottom": 1950155.1136619265, "row_index": 10, "col_index": 14, "HexScore": 1 }, "geometry": { "type": "Polygon", "coordinates": [ [ [ 963704.719414096907713, 1950230.11366192647256 ], [ 963748.020684286137111, 1950305.11366192647256 ], [ 963834.623224664595909, 1950305.11366192647256 ], [ 963877.924494853825308, 1950230.11366192647256 ], [ 963834.623224664595909, 1950155.11366192647256 ], [ 963748.020684286137111, 1950155.11366192647256 ], [ 963704.719414096907713, 1950230.11366192647256 ] ] ] } },
{ "type": "Feature", "properties": { "fid": 306, "id": 306, "left": 963704.71941409691, "top": 1950155.1136619265, "right": 963877.92449485383, "bottom": 1950005.1136619265, "row_index": 11, "col_index": 14, "HexScore": 1 }, "geometry": { "type": "Polygon", "coordinates": [ [ [ 963704.719414096907713, 1950080.11366192647256 ], [ 963748.020684286137111, 1950155.11366192647256 ], [ 963834.623224664595909, 1950155.11366192647256 ], [ 963877.924494853825308, 1950080.11366192647256 ], [ 963834.623224664595909, 1950005.11366192647256 ], [ 963748.020684286137111, 1950005.11366192647256 ], [ 963704.719414096907713, 1950080.11366192647256 ] ] ] } },
{ "type": "Feature", "properties": { "fid": 307, "id": 307, "left": 963704.71941409691, "top": 1950005.1136619265, "right": 963877.92449485383, "bottom": 1949855.1136619265, "row_index": 12, "col_index": 14, "HexScore": 1 }, "geometry": { "type": "Polygon", "coordinates": [ [ [ 963704.719414096907713, 1949930.11366192647256 ], [ 963748.020684286137111, 1950005.11366192647256 ], [ 963834.623224664595909, 1950005.11366192647256 ], [ 963877.924494853825308, 1949930.11366192647256 ], [ 963834.623224664595909, 1949855.11366192647256 ], [ 963748.020684286137111, 1949855.11366192647256 ], [ 963704.719414096907713, 1949930.11366192647256 ] ] ] } },
{ "type": "Feature", "properties": { "fid": 308, "id": 308, "left": 963704.71941409691, "top": 1949855.1136619265, "right": 963877.92449485383, "bottom": 1949705.1136619265, "row_index": 13, "col_index": 14, "HexScore": 1 }, "geometry": { "type": "Polygon", "coordinates": [ [ [ 963704.719414096907713, 1949780.11366192647256 ], [ 963748.020684286137111, 1949855.11366192647256 ], [ 963834.623224664595909, 1949855.11366192647256 ], [ 963877.924494853825308, 1949780.11366192647256 ], [ 963834.623224664595909, 1949705.11366192647256 ], [ 963748.020684286137111, 1949705.11366192647256 ], [ 963704.719414096907713, 1949780.11366192647256 ] ] ] } },
{ "type": "Feature", "properties": { "fid": 309, "id": 309, "left": 963704.71941409691, "top": 1949705.1136619265, "right": 963877.92449485383, "bottom": 1949555.1136619265, "row_index": 14, "col_index": 14, "HexScore": 1 }, "geometry": { "type": "Polygon", "coordinates": [ [ [ 963704.719414096907713, 1949630.11366192647256 ], [ 963748.020684286137111, 1949705.11366192647256 ], [ 963834.623224664595909, 1949705.11366192647256 ], [ 963877.924494853825308, 1949630.11366192647256 ], [ 963834.623224664595909, 1949555.11366192647256 ], [ 963748.020684286137111, 1949555.11366192647256 ], [ 963704.719414096907713, 1949630.11366192647256 ] ] ] } },
{ "type": "Feature", "properties": { "fid": 310, "id": 310, "left": 963704.71941409691, "top": 1949555.1136619265, "right": 963877.92449485383, "bottom": 1949405.1136619265, "row_index": 15, "col_index": 14, "HexScore": 1 }, "geometry": { "type": "Polygon", "coordinates": [ [ [ 963704.719414096907713, 1949480.11366192647256 ], [ 963748.020684286137111, 1949555.11366192647256 ], [ 963834.623224664595909, 1949555.11366192647256 ], [ 963877.924494853825308, 1949480.11366192647256 ], [ 963834.623224664595909, 1949405.11366192647256 ], [ 963748.020684286137111, 1949405.11366192647256 ], [ 963704.719414096907713, 1949480.11366192647256 ] ] ] } },
{ "type": "Feature", "properties": { "fid": 311, "id": 311, "left": 963704.71941409691, "top": 1949405.1136619265, "right": 963877.92449485383, "bottom": 1949255.1136619265, "row_index": 16, "col_index": 14, "HexScore": 1 }, "geometry": { "type": "Polygon", "coordinates": [ [ [ 963704.719414096907713, 1949330.11366192647256 ], [ 963748.020684286137111, 1949405.11366192647256 ], [ 963834.623224664595909, 1949405.11366192647256 ], [ 963877.924494853825308, 1949330.11366192647256 ], [ 963834.623224664595909, 1949255.11366192647256 ], [ 963748.020684286137111, 1949255.11366192647256 ], [ 963704.719414096907713, 1949330.11366192647256 ] ] ] } },
{ "type": "Feature", "properties": { "fid": 312, "id": 312, "left": 963704.71941409691, "top": 1949255.1136619265, "right": 963877.92449485383, "bottom": 1949105.1136619265, "row_index": 17, "col_index": 14, "HexScore": 1 }, "geometry": { "type": "Polygon", "coordinates": [ [ [ 963704.719414096907713, 1949180.11366192647256 ], [ 963748.020684286137111, 1949255.11366192647256 ], [ 963834.623224664595909, 1949255.11366192647256 ], [ 963877.924494853825308, 1949180.11366192647256 ], [ 963834.623224664595909, 1949105.11366192647256 ], [ 963748.020684286137111, 1949105.11366192647256 ], [ 963704.719414096907713, 1949180.11366192647256 ] ] ] } },
{ "type": "Feature", "properties": { "fid": 313, "id": 313, "left": 963704.71941409691, "top": 1949105.1136619265, "right": 963877.92449485383, "bottom": 1948955.1136619265, "row_index": 18, "col_index": 14, "HexScore": 1 }, "geometry": { "type": "Polygon", "coordinates": [ [ [ 963704.719414096907713, 1949030.11366192647256 ], [ 963748.020684286137111, 1949105.11366192647256 ], [ 963834.623224664595909, 1949105.11366192647256 ], [ 963877.924494853825308, 1949030.11366192647256 ], [ 963834.623224664595909, 1948955.11366192647256 ], [ 963748.020684286137111, 1948955.11366192647256 ], [ 963704.719414096907713, 1949030.11366192647256 ] ] ] } },
{ "type": "Feature", "properties": { "fid": 314, "id": 314, "left": 963704.71941409691, "top": 1948955.1136619265, "right": 963877.92449485383, "bottom": 1948805.1136619265, "row_index": 19, "col_index": 14, "HexScore": 3 }, "geometry": { "type": "Polygon", "coordinates": [ [ [ 963704.719414096907713, 1948880.11366192647256 ], [ 963748.020684286137111, 1948955.11366192647256 ], [ 963834.623224664595909, 1948955.11366192647256 ], [ 963877.924494853825308, 1948880.11366192647256 ], [ 963834.623224664595909, 1948805.11366192647256 ], [ 963748.020684286137111, 1948805.11366192647256 ], [ 963704.719414096907713, 1948880.11366192647256 ] ] ] } },
{ "type": "Feature", "properties": { "fid": 315, "id": 315, "left": 963704.71941409691, "top": 1948805.1136619265, "right": 963877.92449485383, "bottom": 1948655.1136619265, "row_index": 20, "col_index": 14, "HexScore": 3 }, "geometry": { "type": "Polygon", "coordinates": [ [ [ 963704.719414096907713, 1948730.11366192647256 ], [ 963748.020684286137111, 1948805.11366192647256 ], [ 963834.623224664595909, 1948805.11366192647256 ], [ 963877.924494853825308, 1948730.11366192647256 ], [ 963834.623224664595909, 1948655.11366192647256 ], [ 963748.020684286137111, 1948655.11366192647256 ], [ 963704.719414096907713, 1948730.11366192647256 ] ] ] } },
{ "type": "Feature", "properties": { "fid": 316, "id": 316, "left": 963834.6232246646, "top": 1951730.1136619265, "right": 964007.82830542151, "bottom": 1951580.1136619265, "row_index": 0, "col_index": 15, "HexScore": 3 }, "geometry": { "type": "Polygon", "coordinates": [ [ [ 963834.623224664595909, 1951655.11366192647256 ], [ 963877.924494853825308, 1951730.11366192647256 ], [ 963964.527035232284106, 1951730.11366192647256 ], [ 964007.828305421513505, 1951655.11366192647256 ], [ 963964.527035232284106, 1951580.11366192647256 ], [ 963877.924494853825308, 1951580.11366192647256 ], [ 963834.623224664595909, 1951655.11366192647256 ] ] ] } },
{ "type": "Feature", "properties": { "fid": 317, "id": 317, "left": 963834.6232246646, "top": 1951580.1136619265, "right": 964007.82830542151, "bottom": 1951430.1136619265, "row_index": 1, "col_index": 15, "HexScore": 3 }, "geometry": { "type": "Polygon", "coordinates": [ [ [ 963834.623224664595909, 1951505.11366192647256 ], [ 963877.924494853825308, 1951580.11366192647256 ], [ 963964.527035232284106, 1951580.11366192647256 ], [ 964007.828305421513505, 1951505.11366192647256 ], [ 963964.527035232284106, 1951430.11366192647256 ], [ 963877.924494853825308, 1951430.11366192647256 ], [ 963834.623224664595909, 1951505.11366192647256 ] ] ] } },
{ "type": "Feature", "properties": { "fid": 318, "id": 318, "left": 963834.6232246646, "top": 1951430.1136619265, "right": 964007.82830542151, "bottom": 1951280.1136619265, "row_index": 2, "col_index": 15, "HexScore": 3 }, "geometry": { "type": "Polygon", "coordinates": [ [ [ 963834.623224664595909, 1951355.11366192647256 ], [ 963877.924494853825308, 1951430.11366192647256 ], [ 963964.527035232284106, 1951430.11366192647256 ], [ 964007.828305421513505, 1951355.11366192647256 ], [ 963964.527035232284106, 1951280.11366192647256 ], [ 963877.924494853825308, 1951280.11366192647256 ], [ 963834.623224664595909, 1951355.11366192647256 ] ] ] } },
{ "type": "Feature", "properties": { "fid": 319, "id": 319, "left": 963834.6232246646, "top": 1951280.1136619265, "right": 964007.82830542151, "bottom": 1951130.1136619265, "row_index": 3, "col_index": 15, "HexScore": 3 }, "geometry": { "type": "Polygon", "coordinates": [ [ [ 963834.623224664595909, 1951205.11366192647256 ], [ 963877.924494853825308, 1951280.11366192647256 ], [ 963964.527035232284106, 1951280.11366192647256 ], [ 964007.828305421513505, 1951205.11366192647256 ], [ 963964.527035232284106, 1951130.11366192647256 ], [ 963877.924494853825308, 1951130.11366192647256 ], [ 963834.623224664595909, 1951205.11366192647256 ] ] ] } },
{ "type": "Feature", "properties": { "fid": 320, "id": 320, "left": 963834.6232246646, "top": 1951130.1136619265, "right": 964007.82830542151, "bottom": 1950980.1136619265, "row_index": 4, "col_index": 15, "HexScore": 1 }, "geometry": { "type": "Polygon", "coordinates": [ [ [ 963834.623224664595909, 1951055.11366192647256 ], [ 963877.924494853825308, 1951130.11366192647256 ], [ 963964.527035232284106, 1951130.11366192647256 ], [ 964007.828305421513505, 1951055.11366192647256 ], [ 963964.527035232284106, 1950980.11366192647256 ], [ 963877.924494853825308, 1950980.11366192647256 ], [ 963834.623224664595909, 1951055.11366192647256 ] ] ] } },
{ "type": "Feature", "properties": { "fid": 321, "id": 321, "left": 963834.6232246646, "top": 1950980.1136619265, "right": 964007.82830542151, "bottom": 1950830.1136619265, "row_index": 5, "col_index": 15, "HexScore": 1 }, "geometry": { "type": "Polygon", "coordinates": [ [ [ 963834.623224664595909, 1950905.11366192647256 ], [ 963877.924494853825308, 1950980.11366192647256 ], [ 963964.527035232284106, 1950980.11366192647256 ], [ 964007.828305421513505, 1950905.11366192647256 ], [ 963964.527035232284106, 1950830.11366192647256 ], [ 963877.924494853825308, 1950830.11366192647256 ], [ 963834.623224664595909, 1950905.11366192647256 ] ] ] } },
{ "type": "Feature", "properties": { "fid": 322, "id": 322, "left": 963834.6232246646, "top": 1950830.1136619265, "right": 964007.82830542151, "bottom": 1950680.1136619265, "row_index": 6, "col_index": 15, "HexScore": 1 }, "geometry": { "type": "Polygon", "coordinates": [ [ [ 963834.623224664595909, 1950755.11366192647256 ], [ 963877.924494853825308, 1950830.11366192647256 ], [ 963964.527035232284106, 1950830.11366192647256 ], [ 964007.828305421513505, 1950755.11366192647256 ], [ 963964.527035232284106, 1950680.11366192647256 ], [ 963877.924494853825308, 1950680.11366192647256 ], [ 963834.623224664595909, 1950755.11366192647256 ] ] ] } },
{ "type": "Feature", "properties": { "fid": 323, "id": 323, "left": 963834.6232246646, "top": 1950680.1136619265, "right": 964007.82830542151, "bottom": 1950530.1136619265, "row_index": 7, "col_index": 15, "HexScore": 1 }, "geometry": { "type": "Polygon", "coordinates": [ [ [ 963834.623224664595909, 1950605.11366192647256 ], [ 963877.924494853825308, 1950680.11366192647256 ], [ 963964.527035232284106, 1950680.11366192647256 ], [ 964007.828305421513505, 1950605.11366192647256 ], [ 963964.527035232284106, 1950530.11366192647256 ], [ 963877.924494853825308, 1950530.11366192647256 ], [ 963834.623224664595909, 1950605.11366192647256 ] ] ] } },
{ "type": "Feature", "properties": { "fid": 324, "id": 324, "left": 963834.6232246646, "top": 1950530.1136619265, "right": 964007.82830542151, "bottom": 1950380.1136619265, "row_index": 8, "col_index": 15, "HexScore": 1 }, "geometry": { "type": "Polygon", "coordinates": [ [ [ 963834.623224664595909, 1950455.11366192647256 ], [ 963877.924494853825308, 1950530.11366192647256 ], [ 963964.527035232284106, 1950530.11366192647256 ], [ 964007.828305421513505, 1950455.11366192647256 ], [ 963964.527035232284106, 1950380.11366192647256 ], [ 963877.924494853825308, 1950380.11366192647256 ], [ 963834.623224664595909, 1950455.11366192647256 ] ] ] } },
{ "type": "Feature", "properties": { "fid": 325, "id": 325, "left": 963834.6232246646, "top": 1950380.1136619265, "right": 964007.82830542151, "bottom": 1950230.1136619265, "row_index": 9, "col_index": 15, "HexScore": 1 }, "geometry": { "type": "Polygon", "coordinates": [ [ [ 963834.623224664595909, 1950305.11366192647256 ], [ 963877.924494853825308, 1950380.11366192647256 ], [ 963964.527035232284106, 1950380.11366192647256 ], [ 964007.828305421513505, 1950305.11366192647256 ], [ 963964.527035232284106, 1950230.11366192647256 ], [ 963877.924494853825308, 1950230.11366192647256 ], [ 963834.623224664595909, 1950305.11366192647256 ] ] ] } },
{ "type": "Feature", "properties": { "fid": 326, "id": 326, "left": 963834.6232246646, "top": 1950230.1136619265, "right": 964007.82830542151, "bottom": 1950080.1136619265, "row_index": 10, "col_index": 15, "HexScore": 1 }, "geometry": { "type": "Polygon", "coordinates": [ [ [ 963834.623224664595909, 1950155.11366192647256 ], [ 963877.924494853825308, 1950230.11366192647256 ], [ 963964.527035232284106, 1950230.11366192647256 ], [ 964007.828305421513505, 1950155.11366192647256 ], [ 963964.527035232284106, 1950080.11366192647256 ], [ 963877.924494853825308, 1950080.11366192647256 ], [ 963834.623224664595909, 1950155.11366192647256 ] ] ] } },
{ "type": "Feature", "properties": { "fid": 327, "id": 327, "left": 963834.6232246646, "top": 1950080.1136619265, "right": 964007.82830542151, "bottom": 1949930.1136619265, "row_index": 11, "col_index": 15, "HexScore": 1 }, "geometry": { "type": "Polygon", "coordinates": [ [ [ 963834.623224664595909, 1950005.11366192647256 ], [ 963877.924494853825308, 1950080.11366192647256 ], [ 963964.527035232284106, 1950080.11366192647256 ], [ 964007.828305421513505, 1950005.11366192647256 ], [ 963964.527035232284106, 1949930.11366192647256 ], [ 963877.924494853825308, 1949930.11366192647256 ], [ 963834.623224664595909, 1950005.11366192647256 ] ] ] } },
{ "type": "Feature", "properties": { "fid": 328, "id": 328, "left": 963834.6232246646, "top": 1949930.1136619265, "right": 964007.82830542151, "bottom": 1949780.1136619265, "row_index": 12, "col_index": 15, "HexScore": 1 }, "geometry": { "type": "Polygon", "coordinates": [ [ [ 963834.623224664595909, 1949855.11366192647256 ], [ 963877.924494853825308, 1949930.11366192647256 ], [ 963964.527035232284106, 1949930.11366192647256 ], [ 964007.828305421513505, 1949855.11366192647256 ], [ 963964.527035232284106, 1949780.11366192647256 ], [ 963877.924494853825308, 1949780.11366192647256 ], [ 963834.623224664595909, 1949855.11366192647256 ] ] ] } },
{ "type": "Feature", "properties": { "fid": 329, "id": 329, "left": 963834.6232246646, "top": 1949780.1136619265, "right": 964007.82830542151, "bottom": 1949630.1136619265, "row_index": 13, "col_index": 15, "HexScore": 1 }, "geometry": { "type": "Polygon", "coordinates": [ [ [ 963834.623224664595909, 1949705.11366192647256 ], [ 963877.924494853825308, 1949780.11366192647256 ], [ 963964.527035232284106, 1949780.11366192647256 ], [ 964007.828305421513505, 1949705.11366192647256 ], [ 963964.527035232284106, 1949630.11366192647256 ], [ 963877.924494853825308, 1949630.11366192647256 ], [ 963834.623224664595909, 1949705.11366192647256 ] ] ] } },
{ "type": "Feature", "properties": { "fid": 330, "id": 330, "left": 963834.6232246646, "top": 1949630.1136619265, "right": 964007.82830542151, "bottom": 1949480.1136619265, "row_index": 14, "col_index": 15, "HexScore": 1 }, "geometry": { "type": "Polygon", "coordinates": [ [ [ 963834.623224664595909, 1949555.11366192647256 ], [ 963877.924494853825308, 1949630.11366192647256 ], [ 963964.527035232284106, 1949630.11366192647256 ], [ 964007.828305421513505, 1949555.11366192647256 ], [ 963964.527035232284106, 1949480.11366192647256 ], [ 963877.924494853825308, 1949480.11366192647256 ], [ 963834.623224664595909, 1949555.11366192647256 ] ] ] } },
{ "type": "Feature", "properties": { "fid": 331, "id": 331, "left": 963834.6232246646, "top": 1949480.1136619265, "right": 964007.82830542151, "bottom": 1949330.1136619265, "row_index": 15, "col_index": 15, "HexScore": 1 }, "geometry": { "type": "Polygon", "coordinates": [ [ [ 963834.623224664595909, 1949405.11366192647256 ], [ 963877.924494853825308, 1949480.11366192647256 ], [ 963964.527035232284106, 1949480.11366192647256 ], [ 964007.828305421513505, 1949405.11366192647256 ], [ 963964.527035232284106, 1949330.11366192647256 ], [ 963877.924494853825308, 1949330.11366192647256 ], [ 963834.623224664595909, 1949405.11366192647256 ] ] ] } },
{ "type": "Feature", "properties": { "fid": 332, "id": 332, "left": 963834.6232246646, "top": 1949330.1136619265, "right": 964007.82830542151, "bottom": 1949180.1136619265, "row_index": 16, "col_index": 15, "HexScore": 1 }, "geometry": { "type": "Polygon", "coordinates": [ [ [ 963834.623224664595909, 1949255.11366192647256 ], [ 963877.924494853825308, 1949330.11366192647256 ], [ 963964.527035232284106, 1949330.11366192647256 ], [ 964007.828305421513505, 1949255.11366192647256 ], [ 963964.527035232284106, 1949180.11366192647256 ], [ 963877.924494853825308, 1949180.11366192647256 ], [ 963834.623224664595909, 1949255.11366192647256 ] ] ] } },
{ "type": "Feature", "properties": { "fid": 333, "id": 333, "left": 963834.6232246646, "top": 1949180.1136619265, "right": 964007.82830542151, "bottom": 1949030.1136619265, "row_index": 17, "col_index": 15, "HexScore": 1 }, "geometry": { "type": "Polygon", "coordinates": [ [ [ 963834.623224664595909, 1949105.11366192647256 ], [ 963877.924494853825308, 1949180.11366192647256 ], [ 963964.527035232284106, 1949180.11366192647256 ], [ 964007.828305421513505, 1949105.11366192647256 ], [ 963964.527035232284106, 1949030.11366192647256 ], [ 963877.924494853825308, 1949030.11366192647256 ], [ 963834.623224664595909, 1949105.11366192647256 ] ] ] } },
{ "type": "Feature", "properties": { "fid": 334, "id": 334, "left": 963834.6232246646, "top": 1949030.1136619265, "right": 964007.82830542151, "bottom": 1948880.1136619265, "row_index": 18, "col_index": 15, "HexScore": 1 }, "geometry": { "type": "Polygon", "coordinates": [ [ [ 963834.623224664595909, 1948955.11366192647256 ], [ 963877.924494853825308, 1949030.11366192647256 ], [ 963964.527035232284106, 1949030.11366192647256 ], [ 964007.828305421513505, 1948955.11366192647256 ], [ 963964.527035232284106, 1948880.11366192647256 ], [ 963877.924494853825308, 1948880.11366192647256 ], [ 963834.623224664595909, 1948955.11366192647256 ] ] ] } },
{ "type": "Feature", "properties": { "fid": 335, "id": 335, "left": 963834.6232246646, "top": 1948880.1136619265, "right": 964007.82830542151, "bottom": 1948730.1136619265, "row_index": 19, "col_index": 15, "HexScore": 3 }, "geometry": { "type": "Polygon", "coordinates": [ [ [ 963834.623224664595909, 1948805.11366192647256 ], [ 963877.924494853825308, 1948880.11366192647256 ], [ 963964.527035232284106, 1948880.11366192647256 ], [ 964007.828305421513505, 1948805.11366192647256 ], [ 963964.527035232284106, 1948730.11366192647256 ], [ 963877.924494853825308, 1948730.11366192647256 ], [ 963834.623224664595909, 1948805.11366192647256 ] ] ] } },
{ "type": "Feature", "properties": { "fid": 336, "id": 336, "left": 963834.6232246646, "top": 1948730.1136619265, "right": 964007.82830542151, "bottom": 1948580.1136619265, "row_index": 20, "col_index": 15, "HexScore": 3 }, "geometry": { "type": "Polygon", "coordinates": [ [ [ 963834.623224664595909, 1948655.11366192647256 ], [ 963877.924494853825308, 1948730.11366192647256 ], [ 963964.527035232284106, 1948730.11366192647256 ], [ 964007.828305421513505, 1948655.11366192647256 ], [ 963964.527035232284106, 1948580.11366192647256 ], [ 963877.924494853825308, 1948580.11366192647256 ], [ 963834.623224664595909, 1948655.11366192647256 ] ] ] } },
{ "type": "Feature", "properties": { "fid": 337, "id": 337, "left": 963964.52703523228, "top": 1951805.1136619265, "right": 964137.7321159892, "bottom": 1951655.1136619265, "row_index": 0, "col_index": 16, "HexScore": 3 }, "geometry": { "type": "Polygon", "coordinates": [ [ [ 963964.527035232284106, 1951730.11366192647256 ], [ 964007.828305421513505, 1951805.11366192647256 ], [ 964094.430845799972303, 1951805.11366192647256 ], [ 964137.732115989201702, 1951730.11366192647256 ], [ 964094.430845799972303, 1951655.11366192647256 ], [ 964007.828305421513505, 1951655.11366192647256 ], [ 963964.527035232284106, 1951730.11366192647256 ] ] ] } },
{ "type": "Feature", "properties": { "fid": 338, "id": 338, "left": 963964.52703523228, "top": 1951655.1136619265, "right": 964137.7321159892, "bottom": 1951505.1136619265, "row_index": 1, "col_index": 16, "HexScore": 3 }, "geometry": { "type": "Polygon", "coordinates": [ [ [ 963964.527035232284106, 1951580.11366192647256 ], [ 964007.828305421513505, 1951655.11366192647256 ], [ 964094.430845799972303, 1951655.11366192647256 ], [ 964137.732115989201702, 1951580.11366192647256 ], [ 964094.430845799972303, 1951505.11366192647256 ], [ 964007.828305421513505, 1951505.11366192647256 ], [ 963964.527035232284106, 1951580.11366192647256 ] ] ] } },
{ "type": "Feature", "properties": { "fid": 339, "id": 339, "left": 963964.52703523228, "top": 1951505.1136619265, "right": 964137.7321159892, "bottom": 1951355.1136619265, "row_index": 2, "col_index": 16, "HexScore": 3 }, "geometry": { "type": "Polygon", "coordinates": [ [ [ 963964.527035232284106, 1951430.11366192647256 ], [ 964007.828305421513505, 1951505.11366192647256 ], [ 964094.430845799972303, 1951505.11366192647256 ], [ 964137.732115989201702, 1951430.11366192647256 ], [ 964094.430845799972303, 1951355.11366192647256 ], [ 964007.828305421513505, 1951355.11366192647256 ], [ 963964.527035232284106, 1951430.11366192647256 ] ] ] } },
{ "type": "Feature", "properties": { "fid": 340, "id": 340, "left": 963964.52703523228, "top": 1951355.1136619265, "right": 964137.7321159892, "bottom": 1951205.1136619265, "row_index": 3, "col_index": 16, "HexScore": 3 }, "geometry": { "type": "Polygon", "coordinates": [ [ [ 963964.527035232284106, 1951280.11366192647256 ], [ 964007.828305421513505, 1951355.11366192647256 ], [ 964094.430845799972303, 1951355.11366192647256 ], [ 964137.732115989201702, 1951280.11366192647256 ], [ 964094.430845799972303, 1951205.11366192647256 ], [ 964007.828305421513505, 1951205.11366192647256 ], [ 963964.527035232284106, 1951280.11366192647256 ] ] ] } },
{ "type": "Feature", "properties": { "fid": 341, "id": 341, "left": 963964.52703523228, "top": 1951205.1136619265, "right": 964137.7321159892, "bottom": 1951055.1136619265, "row_index": 4, "col_index": 16, "HexScore": 3 }, "geometry": { "type": "Polygon", "coordinates": [ [ [ 963964.527035232284106, 1951130.11366192647256 ], [ 964007.828305421513505, 1951205.11366192647256 ], [ 964094.430845799972303, 1951205.11366192647256 ], [ 964137.732115989201702, 1951130.11366192647256 ], [ 964094.430845799972303, 1951055.11366192647256 ], [ 964007.828305421513505, 1951055.11366192647256 ], [ 963964.527035232284106, 1951130.11366192647256 ] ] ] } },
{ "type": "Feature", "properties": { "fid": 342, "id": 342, "left": 963964.52703523228, "top": 1951055.1136619265, "right": 964137.7321159892, "bottom": 1950905.1136619265, "row_index": 5, "col_index": 16, "HexScore": 3 }, "geometry": { "type": "Polygon", "coordinates": [ [ [ 963964.527035232284106, 1950980.11366192647256 ], [ 964007.828305421513505, 1951055.11366192647256 ], [ 964094.430845799972303, 1951055.11366192647256 ], [ 964137.732115989201702, 1950980.11366192647256 ], [ 964094.430845799972303, 1950905.11366192647256 ], [ 964007.828305421513505, 1950905.11366192647256 ], [ 963964.527035232284106, 1950980.11366192647256 ] ] ] } },
{ "type": "Feature", "properties": { "fid": 343, "id": 343, "left": 963964.52703523228, "top": 1950905.1136619265, "right": 964137.7321159892, "bottom": 1950755.1136619265, "row_index": 6, "col_index": 16, "HexScore": 3 }, "geometry": { "type": "Polygon", "coordinates": [ [ [ 963964.527035232284106, 1950830.11366192647256 ], [ 964007.828305421513505, 1950905.11366192647256 ], [ 964094.430845799972303, 1950905.11366192647256 ], [ 964137.732115989201702, 1950830.11366192647256 ], [ 964094.430845799972303, 1950755.11366192647256 ], [ 964007.828305421513505, 1950755.11366192647256 ], [ 963964.527035232284106, 1950830.11366192647256 ] ] ] } },
{ "type": "Feature", "properties": { "fid": 344, "id": 344, "left": 963964.52703523228, "top": 1950755.1136619265, "right": 964137.7321159892, "bottom": 1950605.1136619265, "row_index": 7, "col_index": 16, "HexScore": 3 }, "geometry": { "type": "Polygon", "coordinates": [ [ [ 963964.527035232284106, 1950680.11366192647256 ], [ 964007.828305421513505, 1950755.11366192647256 ], [ 964094.430845799972303, 1950755.11366192647256 ], [ 964137.732115989201702, 1950680.11366192647256 ], [ 964094.430845799972303, 1950605.11366192647256 ], [ 964007.828305421513505, 1950605.11366192647256 ], [ 963964.527035232284106, 1950680.11366192647256 ] ] ] } },
{ "type": "Feature", "properties": { "fid": 345, "id": 345, "left": 963964.52703523228, "top": 1950605.1136619265, "right": 964137.7321159892, "bottom": 1950455.1136619265, "row_index": 8, "col_index": 16, "HexScore": 1 }, "geometry": { "type": "Polygon", "coordinates": [ [ [ 963964.527035232284106, 1950530.11366192647256 ], [ 964007.828305421513505, 1950605.11366192647256 ], [ 964094.430845799972303, 1950605.11366192647256 ], [ 964137.732115989201702, 1950530.11366192647256 ], [ 964094.430845799972303, 1950455.11366192647256 ], [ 964007.828305421513505, 1950455.11366192647256 ], [ 963964.527035232284106, 1950530.11366192647256 ] ] ] } },
{ "type": "Feature", "properties": { "fid": 346, "id": 346, "left": 963964.52703523228, "top": 1950455.1136619265, "right": 964137.7321159892, "bottom": 1950305.1136619265, "row_index": 9, "col_index": 16, "HexScore": 1 }, "geometry": { "type": "Polygon", "coordinates": [ [ [ 963964.527035232284106, 1950380.11366192647256 ], [ 964007.828305421513505, 1950455.11366192647256 ], [ 964094.430845799972303, 1950455.11366192647256 ], [ 964137.732115989201702, 1950380.11366192647256 ], [ 964094.430845799972303, 1950305.11366192647256 ], [ 964007.828305421513505, 1950305.11366192647256 ], [ 963964.527035232284106, 1950380.11366192647256 ] ] ] } },
{ "type": "Feature", "properties": { "fid": 347, "id": 347, "left": 963964.52703523228, "top": 1950305.1136619265, "right": 964137.7321159892, "bottom": 1950155.1136619265, "row_index": 10, "col_index": 16, "HexScore": 3 }, "geometry": { "type": "Polygon", "coordinates": [ [ [ 963964.527035232284106, 1950230.11366192647256 ], [ 964007.828305421513505, 1950305.11366192647256 ], [ 964094.430845799972303, 1950305.11366192647256 ], [ 964137.732115989201702, 1950230.11366192647256 ], [ 964094.430845799972303, 1950155.11366192647256 ], [ 964007.828305421513505, 1950155.11366192647256 ], [ 963964.527035232284106, 1950230.11366192647256 ] ] ] } },
{ "type": "Feature", "properties": { "fid": 348, "id": 348, "left": 963964.52703523228, "top": 1950155.1136619265, "right": 964137.7321159892, "bottom": 1950005.1136619265, "row_index": 11, "col_index": 16, "HexScore": 3 }, "geometry": { "type": "Polygon", "coordinates": [ [ [ 963964.527035232284106, 1950080.11366192647256 ], [ 964007.828305421513505, 1950155.11366192647256 ], [ 964094.430845799972303, 1950155.11366192647256 ], [ 964137.732115989201702, 1950080.11366192647256 ], [ 964094.430845799972303, 1950005.11366192647256 ], [ 964007.828305421513505, 1950005.11366192647256 ], [ 963964.527035232284106, 1950080.11366192647256 ] ] ] } },
{ "type": "Feature", "properties": { "fid": 349, "id": 349, "left": 963964.52703523228, "top": 1950005.1136619265, "right": 964137.7321159892, "bottom": 1949855.1136619265, "row_index": 12, "col_index": 16, "HexScore": 3 }, "geometry": { "type": "Polygon", "coordinates": [ [ [ 963964.527035232284106, 1949930.11366192647256 ], [ 964007.828305421513505, 1950005.11366192647256 ], [ 964094.430845799972303, 1950005.11366192647256 ], [ 964137.732115989201702, 1949930.11366192647256 ], [ 964094.430845799972303, 1949855.11366192647256 ], [ 964007.828305421513505, 1949855.11366192647256 ], [ 963964.527035232284106, 1949930.11366192647256 ] ] ] } },
{ "type": "Feature", "properties": { "fid": 350, "id": 350, "left": 963964.52703523228, "top": 1949855.1136619265, "right": 964137.7321159892, "bottom": 1949705.1136619265, "row_index": 13, "col_index": 16, "HexScore": 3 }, "geometry": { "type": "Polygon", "coordinates": [ [ [ 963964.527035232284106, 1949780.11366192647256 ], [ 964007.828305421513505, 1949855.11366192647256 ], [ 964094.430845799972303, 1949855.11366192647256 ], [ 964137.732115989201702, 1949780.11366192647256 ], [ 964094.430845799972303, 1949705.11366192647256 ], [ 964007.828305421513505, 1949705.11366192647256 ], [ 963964.527035232284106, 1949780.11366192647256 ] ] ] } },
{ "type": "Feature", "properties": { "fid": 351, "id": 351, "left": 963964.52703523228, "top": 1949705.1136619265, "right": 964137.7321159892, "bottom": 1949555.1136619265, "row_index": 14, "col_index": 16, "HexScore": 1 }, "geometry": { "type": "Polygon", "coordinates": [ [ [ 963964.527035232284106, 1949630.11366192647256 ], [ 964007.828305421513505, 1949705.11366192647256 ], [ 964094.430845799972303, 1949705.11366192647256 ], [ 964137.732115989201702, 1949630.11366192647256 ], [ 964094.430845799972303, 1949555.11366192647256 ], [ 964007.828305421513505, 1949555.11366192647256 ], [ 963964.527035232284106, 1949630.11366192647256 ] ] ] } },
{ "type": "Feature", "properties": { "fid": 352, "id": 352, "left": 963964.52703523228, "top": 1949555.1136619265, "right": 964137.7321159892, "bottom": 1949405.1136619265, "row_index": 15, "col_index": 16, "HexScore": 1 }, "geometry": { "type": "Polygon", "coordinates": [ [ [ 963964.527035232284106, 1949480.11366192647256 ], [ 964007.828305421513505, 1949555.11366192647256 ], [ 964094.430845799972303, 1949555.11366192647256 ], [ 964137.732115989201702, 1949480.11366192647256 ], [ 964094.430845799972303, 1949405.11366192647256 ], [ 964007.828305421513505, 1949405.11366192647256 ], [ 963964.527035232284106, 1949480.11366192647256 ] ] ] } },
{ "type": "Feature", "properties": { "fid": 353, "id": 353, "left": 963964.52703523228, "top": 1949405.1136619265, "right": 964137.7321159892, "bottom": 1949255.1136619265, "row_index": 16, "col_index": 16, "HexScore": 1 }, "geometry": { "type": "Polygon", "coordinates": [ [ [ 963964.527035232284106, 1949330.11366192647256 ], [ 964007.828305421513505, 1949405.11366192647256 ], [ 964094.430845799972303, 1949405.11366192647256 ], [ 964137.732115989201702, 1949330.11366192647256 ], [ 964094.430845799972303, 1949255.11366192647256 ], [ 964007.828305421513505, 1949255.11366192647256 ], [ 963964.527035232284106, 1949330.11366192647256 ] ] ] } },
{ "type": "Feature", "properties": { "fid": 354, "id": 354, "left": 963964.52703523228, "top": 1949255.1136619265, "right": 964137.7321159892, "bottom": 1949105.1136619265, "row_index": 17, "col_index": 16, "HexScore": 1 }, "geometry": { "type": "Polygon", "coordinates": [ [ [ 963964.527035232284106, 1949180.11366192647256 ], [ 964007.828305421513505, 1949255.11366192647256 ], [ 964094.430845799972303, 1949255.11366192647256 ], [ 964137.732115989201702, 1949180.11366192647256 ], [ 964094.430845799972303, 1949105.11366192647256 ], [ 964007.828305421513505, 1949105.11366192647256 ], [ 963964.527035232284106, 1949180.11366192647256 ] ] ] } },
{ "type": "Feature", "properties": { "fid": 355, "id": 355, "left": 963964.52703523228, "top": 1949105.1136619265, "right": 964137.7321159892, "bottom": 1948955.1136619265, "row_index": 18, "col_index": 16, "HexScore": 3 }, "geometry": { "type": "Polygon", "coordinates": [ [ [ 963964.527035232284106, 1949030.11366192647256 ], [ 964007.828305421513505, 1949105.11366192647256 ], [ 964094.430845799972303, 1949105.11366192647256 ], [ 964137.732115989201702, 1949030.11366192647256 ], [ 964094.430845799972303, 1948955.11366192647256 ], [ 964007.828305421513505, 1948955.11366192647256 ], [ 963964.527035232284106, 1949030.11366192647256 ] ] ] } },
{ "type": "Feature", "properties": { "fid": 356, "id": 356, "left": 963964.52703523228, "top": 1948955.1136619265, "right": 964137.7321159892, "bottom": 1948805.1136619265, "row_index": 19, "col_index": 16, "HexScore": 1 }, "geometry": { "type": "Polygon", "coordinates": [ [ [ 963964.527035232284106, 1948880.11366192647256 ], [ 964007.828305421513505, 1948955.11366192647256 ], [ 964094.430845799972303, 1948955.11366192647256 ], [ 964137.732115989201702, 1948880.11366192647256 ], [ 964094.430845799972303, 1948805.11366192647256 ], [ 964007.828305421513505, 1948805.11366192647256 ], [ 963964.527035232284106, 1948880.11366192647256 ] ] ] } },
{ "type": "Feature", "properties": { "fid": 357, "id": 357, "left": 963964.52703523228, "top": 1948805.1136619265, "right": 964137.7321159892, "bottom": 1948655.1136619265, "row_index": 20, "col_index": 16, "HexScore": 1 }, "geometry": { "type": "Polygon", "coordinates": [ [ [ 963964.527035232284106, 1948730.11366192647256 ], [ 964007.828305421513505, 1948805.11366192647256 ], [ 964094.430845799972303, 1948805.11366192647256 ], [ 964137.732115989201702, 1948730.11366192647256 ], [ 964094.430845799972303, 1948655.11366192647256 ], [ 964007.828305421513505, 1948655.11366192647256 ], [ 963964.527035232284106, 1948730.11366192647256 ] ] ] } },
{ "type": "Feature", "properties": { "fid": 358, "id": 358, "left": 964094.43084579997, "top": 1951730.1136619265, "right": 964267.63592655689, "bottom": 1951580.1136619265, "row_index": 0, "col_index": 17, "HexScore": 3 }, "geometry": { "type": "Polygon", "coordinates": [ [ [ 964094.430845799972303, 1951655.11366192647256 ], [ 964137.732115989201702, 1951730.11366192647256 ], [ 964224.3346563676605, 1951730.11366192647256 ], [ 964267.635926556889899, 1951655.11366192647256 ], [ 964224.3346563676605, 1951580.11366192647256 ], [ 964137.732115989201702, 1951580.11366192647256 ], [ 964094.430845799972303, 1951655.11366192647256 ] ] ] } },
{ "type": "Feature", "properties": { "fid": 359, "id": 359, "left": 964094.43084579997, "top": 1951580.1136619265, "right": 964267.63592655689, "bottom": 1951430.1136619265, "row_index": 1, "col_index": 17, "HexScore": 3 }, "geometry": { "type": "Polygon", "coordinates": [ [ [ 964094.430845799972303, 1951505.11366192647256 ], [ 964137.732115989201702, 1951580.11366192647256 ], [ 964224.3346563676605, 1951580.11366192647256 ], [ 964267.635926556889899, 1951505.11366192647256 ], [ 964224.3346563676605, 1951430.11366192647256 ], [ 964137.732115989201702, 1951430.11366192647256 ], [ 964094.430845799972303, 1951505.11366192647256 ] ] ] } },
{ "type": "Feature", "properties": { "fid": 360, "id": 360, "left": 964094.43084579997, "top": 1951430.1136619265, "right": 964267.63592655689, "bottom": 1951280.1136619265, "row_index": 2, "col_index": 17, "HexScore": 3 }, "geometry": { "type": "Polygon", "coordinates": [ [ [ 964094.430845799972303, 1951355.11366192647256 ], [ 964137.732115989201702, 1951430.11366192647256 ], [ 964224.3346563676605, 1951430.11366192647256 ], [ 964267.635926556889899, 1951355.11366192647256 ], [ 964224.3346563676605, 1951280.11366192647256 ], [ 964137.732115989201702, 1951280.11366192647256 ], [ 964094.430845799972303, 1951355.11366192647256 ] ] ] } },
{ "type": "Feature", "properties": { "fid": 361, "id": 361, "left": 964094.43084579997, "top": 1951280.1136619265, "right": 964267.63592655689, "bottom": 1951130.1136619265, "row_index": 3, "col_index": 17, "HexScore": 3 }, "geometry": { "type": "Polygon", "coordinates": [ [ [ 964094.430845799972303, 1951205.11366192647256 ], [ 964137.732115989201702, 1951280.11366192647256 ], [ 964224.3346563676605, 1951280.11366192647256 ], [ 964267.635926556889899, 1951205.11366192647256 ], [ 964224.3346563676605, 1951130.11366192647256 ], [ 964137.732115989201702, 1951130.11366192647256 ], [ 964094.430845799972303, 1951205.11366192647256 ] ] ] } },
{ "type": "Feature", "properties": { "fid": 362, "id": 362, "left": 964094.43084579997, "top": 1951130.1136619265, "right": 964267.63592655689, "bottom": 1950980.1136619265, "row_index": 4, "col_index": 17, "HexScore": 3 }, "geometry": { "type": "Polygon", "coordinates": [ [ [ 964094.430845799972303, 1951055.11366192647256 ], [ 964137.732115989201702, 1951130.11366192647256 ], [ 964224.3346563676605, 1951130.11366192647256 ], [ 964267.635926556889899, 1951055.11366192647256 ], [ 964224.3346563676605, 1950980.11366192647256 ], [ 964137.732115989201702, 1950980.11366192647256 ], [ 964094.430845799972303, 1951055.11366192647256 ] ] ] } },
{ "type": "Feature", "properties": { "fid": 363, "id": 363, "left": 964094.43084579997, "top": 1950980.1136619265, "right": 964267.63592655689, "bottom": 1950830.1136619265, "row_index": 5, "col_index": 17, "HexScore": 3 }, "geometry": { "type": "Polygon", "coordinates": [ [ [ 964094.430845799972303, 1950905.11366192647256 ], [ 964137.732115989201702, 1950980.11366192647256 ], [ 964224.3346563676605, 1950980.11366192647256 ], [ 964267.635926556889899, 1950905.11366192647256 ], [ 964224.3346563676605, 1950830.11366192647256 ], [ 964137.732115989201702, 1950830.11366192647256 ], [ 964094.430845799972303, 1950905.11366192647256 ] ] ] } },
{ "type": "Feature", "properties": { "fid": 364, "id": 364, "left": 964094.43084579997, "top": 1950830.1136619265, "right": 964267.63592655689, "bottom": 1950680.1136619265, "row_index": 6, "col_index": 17, "HexScore": 3 }, "geometry": { "type": "Polygon", "coordinates": [ [ [ 964094.430845799972303, 1950755.11366192647256 ], [ 964137.732115989201702, 1950830.11366192647256 ], [ 964224.3346563676605, 1950830.11366192647256 ], [ 964267.635926556889899, 1950755.11366192647256 ], [ 964224.3346563676605, 1950680.11366192647256 ], [ 964137.732115989201702, 1950680.11366192647256 ], [ 964094.430845799972303, 1950755.11366192647256 ] ] ] } },
{ "type": "Feature", "properties": { "fid": 365, "id": 365, "left": 964094.43084579997, "top": 1950680.1136619265, "right": 964267.63592655689, "bottom": 1950530.1136619265, "row_index": 7, "col_index": 17, "HexScore": 3 }, "geometry": { "type": "Polygon", "coordinates": [ [ [ 964094.430845799972303, 1950605.11366192647256 ], [ 964137.732115989201702, 1950680.11366192647256 ], [ 964224.3346563676605, 1950680.11366192647256 ], [ 964267.635926556889899, 1950605.11366192647256 ], [ 964224.3346563676605, 1950530.11366192647256 ], [ 964137.732115989201702, 1950530.11366192647256 ], [ 964094.430845799972303, 1950605.11366192647256 ] ] ] } },
{ "type": "Feature", "properties": { "fid": 366, "id": 366, "left": 964094.43084579997, "top": 1950530.1136619265, "right": 964267.63592655689, "bottom": 1950380.1136619265, "row_index": 8, "col_index": 17, "HexScore": 3 }, "geometry": { "type": "Polygon", "coordinates": [ [ [ 964094.430845799972303, 1950455.11366192647256 ], [ 964137.732115989201702, 1950530.11366192647256 ], [ 964224.3346563676605, 1950530.11366192647256 ], [ 964267.635926556889899, 1950455.11366192647256 ], [ 964224.3346563676605, 1950380.11366192647256 ], [ 964137.732115989201702, 1950380.11366192647256 ], [ 964094.430845799972303, 1950455.11366192647256 ] ] ] } },
{ "type": "Feature", "properties": { "fid": 367, "id": 367, "left": 964094.43084579997, "top": 1950380.1136619265, "right": 964267.63592655689, "bottom": 1950230.1136619265, "row_index": 9, "col_index": 17, "HexScore": 3 }, "geometry": { "type": "Polygon", "coordinates": [ [ [ 964094.430845799972303, 1950305.11366192647256 ], [ 964137.732115989201702, 1950380.11366192647256 ], [ 964224.3346563676605, 1950380.11366192647256 ], [ 964267.635926556889899, 1950305.11366192647256 ], [ 964224.3346563676605, 1950230.11366192647256 ], [ 964137.732115989201702, 1950230.11366192647256 ], [ 964094.430845799972303, 1950305.11366192647256 ] ] ] } },
{ "type": "Feature", "properties": { "fid": 368, "id": 368, "left": 964094.43084579997, "top": 1950230.1136619265, "right": 964267.63592655689, "bottom": 1950080.1136619265, "row_index": 10, "col_index": 17, "HexScore": 3 }, "geometry": { "type": "Polygon", "coordinates": [ [ [ 964094.430845799972303, 1950155.11366192647256 ], [ 964137.732115989201702, 1950230.11366192647256 ], [ 964224.3346563676605, 1950230.11366192647256 ], [ 964267.635926556889899, 1950155.11366192647256 ], [ 964224.3346563676605, 1950080.11366192647256 ], [ 964137.732115989201702, 1950080.11366192647256 ], [ 964094.430845799972303, 1950155.11366192647256 ] ] ] } },
{ "type": "Feature", "properties": { "fid": 369, "id": 369, "left": 964094.43084579997, "top": 1950080.1136619265, "right": 964267.63592655689, "bottom": 1949930.1136619265, "row_index": 11, "col_index": 17, "HexScore": 3 }, "geometry": { "type": "Polygon", "coordinates": [ [ [ 964094.430845799972303, 1950005.11366192647256 ], [ 964137.732115989201702, 1950080.11366192647256 ], [ 964224.3346563676605, 1950080.11366192647256 ], [ 964267.635926556889899, 1950005.11366192647256 ], [ 964224.3346563676605, 1949930.11366192647256 ], [ 964137.732115989201702, 1949930.11366192647256 ], [ 964094.430845799972303, 1950005.11366192647256 ] ] ] } },
{ "type": "Feature", "properties": { "fid": 370, "id": 370, "left": 964094.43084579997, "top": 1949930.1136619265, "right": 964267.63592655689, "bottom": 1949780.1136619265, "row_index": 12, "col_index": 17, "HexScore": 3 }, "geometry": { "type": "Polygon", "coordinates": [ [ [ 964094.430845799972303, 1949855.11366192647256 ], [ 964137.732115989201702, 1949930.11366192647256 ], [ 964224.3346563676605, 1949930.11366192647256 ], [ 964267.635926556889899, 1949855.11366192647256 ], [ 964224.3346563676605, 1949780.11366192647256 ], [ 964137.732115989201702, 1949780.11366192647256 ], [ 964094.430845799972303, 1949855.11366192647256 ] ] ] } },
{ "type": "Feature", "properties": { "fid": 371, "id": 371, "left": 964094.43084579997, "top": 1949780.1136619265, "right": 964267.63592655689, "bottom": 1949630.1136619265, "row_index": 13, "col_index": 17, "HexScore": 1 }, "geometry": { "type": "Polygon", "coordinates": [ [ [ 964094.430845799972303, 1949705.11366192647256 ], [ 964137.732115989201702, 1949780.11366192647256 ], [ 964224.3346563676605, 1949780.11366192647256 ], [ 964267.635926556889899, 1949705.11366192647256 ], [ 964224.3346563676605, 1949630.11366192647256 ], [ 964137.732115989201702, 1949630.11366192647256 ], [ 964094.430845799972303, 1949705.11366192647256 ] ] ] } },
{ "type": "Feature", "properties": { "fid": 372, "id": 372, "left": 964094.43084579997, "top": 1949630.1136619265, "right": 964267.63592655689, "bottom": 1949480.1136619265, "row_index": 14, "col_index": 17, "HexScore": 1 }, "geometry": { "type": "Polygon", "coordinates": [ [ [ 964094.430845799972303, 1949555.11366192647256 ], [ 964137.732115989201702, 1949630.11366192647256 ], [ 964224.3346563676605, 1949630.11366192647256 ], [ 964267.635926556889899, 1949555.11366192647256 ], [ 964224.3346563676605, 1949480.11366192647256 ], [ 964137.732115989201702, 1949480.11366192647256 ], [ 964094.430845799972303, 1949555.11366192647256 ] ] ] } },
{ "type": "Feature", "properties": { "fid": 373, "id": 373, "left": 964094.43084579997, "top": 1949480.1136619265, "right": 964267.63592655689, "bottom": 1949330.1136619265, "row_index": 15, "col_index": 17, "HexScore": 3 }, "geometry": { "type": "Polygon", "coordinates": [ [ [ 964094.430845799972303, 1949405.11366192647256 ], [ 964137.732115989201702, 1949480.11366192647256 ], [ 964224.3346563676605, 1949480.11366192647256 ], [ 964267.635926556889899, 1949405.11366192647256 ], [ 964224.3346563676605, 1949330.11366192647256 ], [ 964137.732115989201702, 1949330.11366192647256 ], [ 964094.430845799972303, 1949405.11366192647256 ] ] ] } },
{ "type": "Feature", "properties": { "fid": 374, "id": 374, "left": 964094.43084579997, "top": 1949330.1136619265, "right": 964267.63592655689, "bottom": 1949180.1136619265, "row_index": 16, "col_index": 17, "HexScore": 3 }, "geometry": { "type": "Polygon", "coordinates": [ [ [ 964094.430845799972303, 1949255.11366192647256 ], [ 964137.732115989201702, 1949330.11366192647256 ], [ 964224.3346563676605, 1949330.11366192647256 ], [ 964267.635926556889899, 1949255.11366192647256 ], [ 964224.3346563676605, 1949180.11366192647256 ], [ 964137.732115989201702, 1949180.11366192647256 ], [ 964094.430845799972303, 1949255.11366192647256 ] ] ] } },
{ "type": "Feature", "properties": { "fid": 375, "id": 375, "left": 964094.43084579997, "top": 1949180.1136619265, "right": 964267.63592655689, "bottom": 1949030.1136619265, "row_index": 17, "col_index": 17, "HexScore": 3 }, "geometry": { "type": "Polygon", "coordinates": [ [ [ 964094.430845799972303, 1949105.11366192647256 ], [ 964137.732115989201702, 1949180.11366192647256 ], [ 964224.3346563676605, 1949180.11366192647256 ], [ 964267.635926556889899, 1949105.11366192647256 ], [ 964224.3346563676605, 1949030.11366192647256 ], [ 964137.732115989201702, 1949030.11366192647256 ], [ 964094.430845799972303, 1949105.11366192647256 ] ] ] } },
{ "type": "Feature", "properties": { "fid": 376, "id": 376, "left": 964094.43084579997, "top": 1949030.1136619265, "right": 964267.63592655689, "bottom": 1948880.1136619265, "row_index": 18, "col_index": 17, "HexScore": 3 }, "geometry": { "type": "Polygon", "coordinates": [ [ [ 964094.430845799972303, 1948955.11366192647256 ], [ 964137.732115989201702, 1949030.11366192647256 ], [ 964224.3346563676605, 1949030.11366192647256 ], [ 964267.635926556889899, 1948955.11366192647256 ], [ 964224.3346563676605, 1948880.11366192647256 ], [ 964137.732115989201702, 1948880.11366192647256 ], [ 964094.430845799972303, 1948955.11366192647256 ] ] ] } },
{ "type": "Feature", "properties": { "fid": 377, "id": 377, "left": 964094.43084579997, "top": 1948880.1136619265, "right": 964267.63592655689, "bottom": 1948730.1136619265, "row_index": 19, "col_index": 17, "HexScore": 3 }, "geometry": { "type": "Polygon", "coordinates": [ [ [ 964094.430845799972303, 1948805.11366192647256 ], [ 964137.732115989201702, 1948880.11366192647256 ], [ 964224.3346563676605, 1948880.11366192647256 ], [ 964267.635926556889899, 1948805.11366192647256 ], [ 964224.3346563676605, 1948730.11366192647256 ], [ 964137.732115989201702, 1948730.11366192647256 ], [ 964094.430845799972303, 1948805.11366192647256 ] ] ] } },
{ "type": "Feature", "properties": { "fid": 378, "id": 378, "left": 964094.43084579997, "top": 1948730.1136619265, "right": 964267.63592655689, "bottom": 1948580.1136619265, "row_index": 20, "col_index": 17, "HexScore": 3 }, "geometry": { "type": "Polygon", "coordinates": [ [ [ 964094.430845799972303, 1948655.11366192647256 ], [ 964137.732115989201702, 1948730.11366192647256 ], [ 964224.3346563676605, 1948730.11366192647256 ], [ 964267.635926556889899, 1948655.11366192647256 ], [ 964224.3346563676605, 1948580.11366192647256 ], [ 964137.732115989201702, 1948580.11366192647256 ], [ 964094.430845799972303, 1948655.11366192647256 ] ] ] } },
{ "type": "Feature", "properties": { "fid": 379, "id": 379, "left": 964224.33465636766, "top": 1951805.1136619265, "right": 964397.53973712458, "bottom": 1951655.1136619265, "row_index": 0, "col_index": 18, "HexScore": 3 }, "geometry": { "type": "Polygon", "coordinates": [ [ [ 964224.3346563676605, 1951730.11366192647256 ], [ 964267.635926556889899, 1951805.11366192647256 ], [ 964354.238466935348697, 1951805.11366192647256 ], [ 964397.539737124578096, 1951730.11366192647256 ], [ 964354.238466935348697, 1951655.11366192647256 ], [ 964267.635926556889899, 1951655.11366192647256 ], [ 964224.3346563676605, 1951730.11366192647256 ] ] ] } },
{ "type": "Feature", "properties": { "fid": 380, "id": 380, "left": 964224.33465636766, "top": 1951655.1136619265, "right": 964397.53973712458, "bottom": 1951505.1136619265, "row_index": 1, "col_index": 18, "HexScore": 3 }, "geometry": { "type": "Polygon", "coordinates": [ [ [ 964224.3346563676605, 1951580.11366192647256 ], [ 964267.635926556889899, 1951655.11366192647256 ], [ 964354.238466935348697, 1951655.11366192647256 ], [ 964397.539737124578096, 1951580.11366192647256 ], [ 964354.238466935348697, 1951505.11366192647256 ], [ 964267.635926556889899, 1951505.11366192647256 ], [ 964224.3346563676605, 1951580.11366192647256 ] ] ] } },
{ "type": "Feature", "properties": { "fid": 381, "id": 381, "left": 964224.33465636766, "top": 1951505.1136619265, "right": 964397.53973712458, "bottom": 1951355.1136619265, "row_index": 2, "col_index": 18, "HexScore": 3 }, "geometry": { "type": "Polygon", "coordinates": [ [ [ 964224.3346563676605, 1951430.11366192647256 ], [ 964267.635926556889899, 1951505.11366192647256 ], [ 964354.238466935348697, 1951505.11366192647256 ], [ 964397.539737124578096, 1951430.11366192647256 ], [ 964354.238466935348697, 1951355.11366192647256 ], [ 964267.635926556889899, 1951355.11366192647256 ], [ 964224.3346563676605, 1951430.11366192647256 ] ] ] } },
{ "type": "Feature", "properties": { "fid": 382, "id": 382, "left": 964224.33465636766, "top": 1951355.1136619265, "right": 964397.53973712458, "bottom": 1951205.1136619265, "row_index": 3, "col_index": 18, "HexScore": 3 }, "geometry": { "type": "Polygon", "coordinates": [ [ [ 964224.3346563676605, 1951280.11366192647256 ], [ 964267.635926556889899, 1951355.11366192647256 ], [ 964354.238466935348697, 1951355.11366192647256 ], [ 964397.539737124578096, 1951280.11366192647256 ], [ 964354.238466935348697, 1951205.11366192647256 ], [ 964267.635926556889899, 1951205.11366192647256 ], [ 964224.3346563676605, 1951280.11366192647256 ] ] ] } },
{ "type": "Feature", "properties": { "fid": 383, "id": 383, "left": 964224.33465636766, "top": 1951205.1136619265, "right": 964397.53973712458, "bottom": 1951055.1136619265, "row_index": 4, "col_index": 18, "HexScore": 3 }, "geometry": { "type": "Polygon", "coordinates": [ [ [ 964224.3346563676605, 1951130.11366192647256 ], [ 964267.635926556889899, 1951205.11366192647256 ], [ 964354.238466935348697, 1951205.11366192647256 ], [ 964397.539737124578096, 1951130.11366192647256 ], [ 964354.238466935348697, 1951055.11366192647256 ], [ 964267.635926556889899, 1951055.11366192647256 ], [ 964224.3346563676605, 1951130.11366192647256 ] ] ] } },
{ "type": "Feature", "properties": { "fid": 384, "id": 384, "left": 964224.33465636766, "top": 1951055.1136619265, "right": 964397.53973712458, "bottom": 1950905.1136619265, "row_index": 5, "col_index": 18, "HexScore": 3 }, "geometry": { "type": "Polygon", "coordinates": [ [ [ 964224.3346563676605, 1950980.11366192647256 ], [ 964267.635926556889899, 1951055.11366192647256 ], [ 964354.238466935348697, 1951055.11366192647256 ], [ 964397.539737124578096, 1950980.11366192647256 ], [ 964354.238466935348697, 1950905.11366192647256 ], [ 964267.635926556889899, 1950905.11366192647256 ], [ 964224.3346563676605, 1950980.11366192647256 ] ] ] } },
{ "type": "Feature", "properties": { "fid": 385, "id": 385, "left": 964224.33465636766, "top": 1950905.1136619265, "right": 964397.53973712458, "bottom": 1950755.1136619265, "row_index": 6, "col_index": 18, "HexScore": 3 }, "geometry": { "type": "Polygon", "coordinates": [ [ [ 964224.3346563676605, 1950830.11366192647256 ], [ 964267.635926556889899, 1950905.11366192647256 ], [ 964354.238466935348697, 1950905.11366192647256 ], [ 964397.539737124578096, 1950830.11366192647256 ], [ 964354.238466935348697, 1950755.11366192647256 ], [ 964267.635926556889899, 1950755.11366192647256 ], [ 964224.3346563676605, 1950830.11366192647256 ] ] ] } },
{ "type": "Feature", "properties": { "fid": 386, "id": 386, "left": 964224.33465636766, "top": 1950755.1136619265, "right": 964397.53973712458, "bottom": 1950605.1136619265, "row_index": 7, "col_index": 18, "HexScore": 3 }, "geometry": { "type": "Polygon", "coordinates": [ [ [ 964224.3346563676605, 1950680.11366192647256 ], [ 964267.635926556889899, 1950755.11366192647256 ], [ 964354.238466935348697, 1950755.11366192647256 ], [ 964397.539737124578096, 1950680.11366192647256 ], [ 964354.238466935348697, 1950605.11366192647256 ], [ 964267.635926556889899, 1950605.11366192647256 ], [ 964224.3346563676605, 1950680.11366192647256 ] ] ] } },
{ "type": "Feature", "properties": { "fid": 387, "id": 387, "left": 964224.33465636766, "top": 1950605.1136619265, "right": 964397.53973712458, "bottom": 1950455.1136619265, "row_index": 8, "col_index": 18, "HexScore": 3 }, "geometry": { "type": "Polygon", "coordinates": [ [ [ 964224.3346563676605, 1950530.11366192647256 ], [ 964267.635926556889899, 1950605.11366192647256 ], [ 964354.238466935348697, 1950605.11366192647256 ], [ 964397.539737124578096, 1950530.11366192647256 ], [ 964354.238466935348697, 1950455.11366192647256 ], [ 964267.635926556889899, 1950455.11366192647256 ], [ 964224.3346563676605, 1950530.11366192647256 ] ] ] } },
{ "type": "Feature", "properties": { "fid": 388, "id": 388, "left": 964224.33465636766, "top": 1950455.1136619265, "right": 964397.53973712458, "bottom": 1950305.1136619265, "row_index": 9, "col_index": 18, "HexScore": 3 }, "geometry": { "type": "Polygon", "coordinates": [ [ [ 964224.3346563676605, 1950380.11366192647256 ], [ 964267.635926556889899, 1950455.11366192647256 ], [ 964354.238466935348697, 1950455.11366192647256 ], [ 964397.539737124578096, 1950380.11366192647256 ], [ 964354.238466935348697, 1950305.11366192647256 ], [ 964267.635926556889899, 1950305.11366192647256 ], [ 964224.3346563676605, 1950380.11366192647256 ] ] ] } },
{ "type": "Feature", "properties": { "fid": 389, "id": 389, "left": 964224.33465636766, "top": 1950305.1136619265, "right": 964397.53973712458, "bottom": 1950155.1136619265, "row_index": 10, "col_index": 18, "HexScore": 3 }, "geometry": { "type": "Polygon", "coordinates": [ [ [ 964224.3346563676605, 1950230.11366192647256 ], [ 964267.635926556889899, 1950305.11366192647256 ], [ 964354.238466935348697, 1950305.11366192647256 ], [ 964397.539737124578096, 1950230.11366192647256 ], [ 964354.238466935348697, 1950155.11366192647256 ], [ 964267.635926556889899, 1950155.11366192647256 ], [ 964224.3346563676605, 1950230.11366192647256 ] ] ] } },
{ "type": "Feature", "properties": { "fid": 390, "id": 390, "left": 964224.33465636766, "top": 1950155.1136619265, "right": 964397.53973712458, "bottom": 1950005.1136619265, "row_index": 11, "col_index": 18, "HexScore": 3 }, "geometry": { "type": "Polygon", "coordinates": [ [ [ 964224.3346563676605, 1950080.11366192647256 ], [ 964267.635926556889899, 1950155.11366192647256 ], [ 964354.238466935348697, 1950155.11366192647256 ], [ 964397.539737124578096, 1950080.11366192647256 ], [ 964354.238466935348697, 1950005.11366192647256 ], [ 964267.635926556889899, 1950005.11366192647256 ], [ 964224.3346563676605, 1950080.11366192647256 ] ] ] } },
{ "type": "Feature", "properties": { "fid": 391, "id": 391, "left": 964224.33465636766, "top": 1950005.1136619265, "right": 964397.53973712458, "bottom": 1949855.1136619265, "row_index": 12, "col_index": 18, "HexScore": 3 }, "geometry": { "type": "Polygon", "coordinates": [ [ [ 964224.3346563676605, 1949930.11366192647256 ], [ 964267.635926556889899, 1950005.11366192647256 ], [ 964354.238466935348697, 1950005.11366192647256 ], [ 964397.539737124578096, 1949930.11366192647256 ], [ 964354.238466935348697, 1949855.11366192647256 ], [ 964267.635926556889899, 1949855.11366192647256 ], [ 964224.3346563676605, 1949930.11366192647256 ] ] ] } },
{ "type": "Feature", "properties": { "fid": 392, "id": 392, "left": 964224.33465636766, "top": 1949855.1136619265, "right": 964397.53973712458, "bottom": 1949705.1136619265, "row_index": 13, "col_index": 18, "HexScore": 3 }, "geometry": { "type": "Polygon", "coordinates": [ [ [ 964224.3346563676605, 1949780.11366192647256 ], [ 964267.635926556889899, 1949855.11366192647256 ], [ 964354.238466935348697, 1949855.11366192647256 ], [ 964397.539737124578096, 1949780.11366192647256 ], [ 964354.238466935348697, 1949705.11366192647256 ], [ 964267.635926556889899, 1949705.11366192647256 ], [ 964224.3346563676605, 1949780.11366192647256 ] ] ] } },
{ "type": "Feature", "properties": { "fid": 393, "id": 393, "left": 964224.33465636766, "top": 1949705.1136619265, "right": 964397.53973712458, "bottom": 1949555.1136619265, "row_index": 14, "col_index": 18, "HexScore": 1 }, "geometry": { "type": "Polygon", "coordinates": [ [ [ 964224.3346563676605, 1949630.11366192647256 ], [ 964267.635926556889899, 1949705.11366192647256 ], [ 964354.238466935348697, 1949705.11366192647256 ], [ 964397.539737124578096, 1949630.11366192647256 ], [ 964354.238466935348697, 1949555.11366192647256 ], [ 964267.635926556889899, 1949555.11366192647256 ], [ 964224.3346563676605, 1949630.11366192647256 ] ] ] } },
{ "type": "Feature", "properties": { "fid": 394, "id": 394, "left": 964224.33465636766, "top": 1949555.1136619265, "right": 964397.53973712458, "bottom": 1949405.1136619265, "row_index": 15, "col_index": 18, "HexScore": 1 }, "geometry": { "type": "Polygon", "coordinates": [ [ [ 964224.3346563676605, 1949480.11366192647256 ], [ 964267.635926556889899, 1949555.11366192647256 ], [ 964354.238466935348697, 1949555.11366192647256 ], [ 964397.539737124578096, 1949480.11366192647256 ], [ 964354.238466935348697, 1949405.11366192647256 ], [ 964267.635926556889899, 1949405.11366192647256 ], [ 964224.3346563676605, 1949480.11366192647256 ] ] ] } },
{ "type": "Feature", "properties": { "fid": 395, "id": 395, "left": 964224.33465636766, "top": 1949405.1136619265, "right": 964397.53973712458, "bottom": 1949255.1136619265, "row_index": 16, "col_index": 18, "HexScore": 3 }, "geometry": { "type": "Polygon", "coordinates": [ [ [ 964224.3346563676605, 1949330.11366192647256 ], [ 964267.635926556889899, 1949405.11366192647256 ], [ 964354.238466935348697, 1949405.11366192647256 ], [ 964397.539737124578096, 1949330.11366192647256 ], [ 964354.238466935348697, 1949255.11366192647256 ], [ 964267.635926556889899, 1949255.11366192647256 ], [ 964224.3346563676605, 1949330.11366192647256 ] ] ] } },
{ "type": "Feature", "properties": { "fid": 396, "id": 396, "left": 964224.33465636766, "top": 1949255.1136619265, "right": 964397.53973712458, "bottom": 1949105.1136619265, "row_index": 17, "col_index": 18, "HexScore": 3 }, "geometry": { "type": "Polygon", "coordinates": [ [ [ 964224.3346563676605, 1949180.11366192647256 ], [ 964267.635926556889899, 1949255.11366192647256 ], [ 964354.238466935348697, 1949255.11366192647256 ], [ 964397.539737124578096, 1949180.11366192647256 ], [ 964354.238466935348697, 1949105.11366192647256 ], [ 964267.635926556889899, 1949105.11366192647256 ], [ 964224.3346563676605, 1949180.11366192647256 ] ] ] } },
{ "type": "Feature", "properties": { "fid": 397, "id": 397, "left": 964224.33465636766, "top": 1949105.1136619265, "right": 964397.53973712458, "bottom": 1948955.1136619265, "row_index": 18, "col_index": 18, "HexScore": 3 }, "geometry": { "type": "Polygon", "coordinates": [ [ [ 964224.3346563676605, 1949030.11366192647256 ], [ 964267.635926556889899, 1949105.11366192647256 ], [ 964354.238466935348697, 1949105.11366192647256 ], [ 964397.539737124578096, 1949030.11366192647256 ], [ 964354.238466935348697, 1948955.11366192647256 ], [ 964267.635926556889899, 1948955.11366192647256 ], [ 964224.3346563676605, 1949030.11366192647256 ] ] ] } },
{ "type": "Feature", "properties": { "fid": 398, "id": 398, "left": 964224.33465636766, "top": 1948955.1136619265, "right": 964397.53973712458, "bottom": 1948805.1136619265, "row_index": 19, "col_index": 18, "HexScore": 3 }, "geometry": { "type": "Polygon", "coordinates": [ [ [ 964224.3346563676605, 1948880.11366192647256 ], [ 964267.635926556889899, 1948955.11366192647256 ], [ 964354.238466935348697, 1948955.11366192647256 ], [ 964397.539737124578096, 1948880.11366192647256 ], [ 964354.238466935348697, 1948805.11366192647256 ], [ 964267.635926556889899, 1948805.11366192647256 ], [ 964224.3346563676605, 1948880.11366192647256 ] ] ] } },
{ "type": "Feature", "properties": { "fid": 399, "id": 399, "left": 964224.33465636766, "top": 1948805.1136619265, "right": 964397.53973712458, "bottom": 1948655.1136619265, "row_index": 20, "col_index": 18, "HexScore": 3 }, "geometry": { "type": "Polygon", "coordinates": [ [ [ 964224.3346563676605, 1948730.11366192647256 ], [ 964267.635926556889899, 1948805.11366192647256 ], [ 964354.238466935348697, 1948805.11366192647256 ], [ 964397.539737124578096, 1948730.11366192647256 ], [ 964354.238466935348697, 1948655.11366192647256 ], [ 964267.635926556889899, 1948655.11366192647256 ], [ 964224.3346563676605, 1948730.11366192647256 ] ] ] } },
{ "type": "Feature", "properties": { "fid": 400, "id": 400, "left": 964354.23846693523, "top": 1951730.1136619265, "right": 964527.44354769215, "bottom": 1951580.1136619265, "row_index": 0, "col_index": 19, "HexScore": 3 }, "geometry": { "type": "Polygon", "coordinates": [ [ [ 964354.238466935232282, 1951655.11366192647256 ], [ 964397.539737124461681, 1951730.11366192647256 ], [ 964484.142277502920479, 1951730.11366192647256 ], [ 964527.443547692149878, 1951655.11366192647256 ], [ 964484.142277502920479, 1951580.11366192647256 ], [ 964397.539737124461681, 1951580.11366192647256 ], [ 964354.238466935232282, 1951655.11366192647256 ] ] ] } },
{ "type": "Feature", "properties": { "fid": 401, "id": 401, "left": 964354.23846693523, "top": 1951580.1136619265, "right": 964527.44354769215, "bottom": 1951430.1136619265, "row_index": 1, "col_index": 19, "HexScore": 3 }, "geometry": { "type": "Polygon", "coordinates": [ [ [ 964354.238466935232282, 1951505.11366192647256 ], [ 964397.539737124461681, 1951580.11366192647256 ], [ 964484.142277502920479, 1951580.11366192647256 ], [ 964527.443547692149878, 1951505.11366192647256 ], [ 964484.142277502920479, 1951430.11366192647256 ], [ 964397.539737124461681, 1951430.11366192647256 ], [ 964354.238466935232282, 1951505.11366192647256 ] ] ] } },
{ "type": "Feature", "properties": { "fid": 402, "id": 402, "left": 964354.23846693523, "top": 1951430.1136619265, "right": 964527.44354769215, "bottom": 1951280.1136619265, "row_index": 2, "col_index": 19, "HexScore": 3 }, "geometry": { "type": "Polygon", "coordinates": [ [ [ 964354.238466935232282, 1951355.11366192647256 ], [ 964397.539737124461681, 1951430.11366192647256 ], [ 964484.142277502920479, 1951430.11366192647256 ], [ 964527.443547692149878, 1951355.11366192647256 ], [ 964484.142277502920479, 1951280.11366192647256 ], [ 964397.539737124461681, 1951280.11366192647256 ], [ 964354.238466935232282, 1951355.11366192647256 ] ] ] } },
{ "type": "Feature", "properties": { "fid": 403, "id": 403, "left": 964354.23846693523, "top": 1951280.1136619265, "right": 964527.44354769215, "bottom": 1951130.1136619265, "row_index": 3, "col_index": 19, "HexScore": 3 }, "geometry": { "type": "Polygon", "coordinates": [ [ [ 964354.238466935232282, 1951205.11366192647256 ], [ 964397.539737124461681, 1951280.11366192647256 ], [ 964484.142277502920479, 1951280.11366192647256 ], [ 964527.443547692149878, 1951205.11366192647256 ], [ 964484.142277502920479, 1951130.11366192647256 ], [ 964397.539737124461681, 1951130.11366192647256 ], [ 964354.238466935232282, 1951205.11366192647256 ] ] ] } },
{ "type": "Feature", "properties": { "fid": 404, "id": 404, "left": 964354.23846693523, "top": 1951130.1136619265, "right": 964527.44354769215, "bottom": 1950980.1136619265, "row_index": 4, "col_index": 19, "HexScore": 3 }, "geometry": { "type": "Polygon", "coordinates": [ [ [ 964354.238466935232282, 1951055.11366192647256 ], [ 964397.539737124461681, 1951130.11366192647256 ], [ 964484.142277502920479, 1951130.11366192647256 ], [ 964527.443547692149878, 1951055.11366192647256 ], [ 964484.142277502920479, 1950980.11366192647256 ], [ 964397.539737124461681, 1950980.11366192647256 ], [ 964354.238466935232282, 1951055.11366192647256 ] ] ] } },
{ "type": "Feature", "properties": { "fid": 405, "id": 405, "left": 964354.23846693523, "top": 1950980.1136619265, "right": 964527.44354769215, "bottom": 1950830.1136619265, "row_index": 5, "col_index": 19, "HexScore": 3 }, "geometry": { "type": "Polygon", "coordinates": [ [ [ 964354.238466935232282, 1950905.11366192647256 ], [ 964397.539737124461681, 1950980.11366192647256 ], [ 964484.142277502920479, 1950980.11366192647256 ], [ 964527.443547692149878, 1950905.11366192647256 ], [ 964484.142277502920479, 1950830.11366192647256 ], [ 964397.539737124461681, 1950830.11366192647256 ], [ 964354.238466935232282, 1950905.11366192647256 ] ] ] } },
{ "type": "Feature", "properties": { "fid": 406, "id": 406, "left": 964354.23846693523, "top": 1950830.1136619265, "right": 964527.44354769215, "bottom": 1950680.1136619265, "row_index": 6, "col_index": 19, "HexScore": 3 }, "geometry": { "type": "Polygon", "coordinates": [ [ [ 964354.238466935232282, 1950755.11366192647256 ], [ 964397.539737124461681, 1950830.11366192647256 ], [ 964484.142277502920479, 1950830.11366192647256 ], [ 964527.443547692149878, 1950755.11366192647256 ], [ 964484.142277502920479, 1950680.11366192647256 ], [ 964397.539737124461681, 1950680.11366192647256 ], [ 964354.238466935232282, 1950755.11366192647256 ] ] ] } },
{ "type": "Feature", "properties": { "fid": 407, "id": 407, "left": 964354.23846693523, "top": 1950680.1136619265, "right": 964527.44354769215, "bottom": 1950530.1136619265, "row_index": 7, "col_index": 19, "HexScore": 3 }, "geometry": { "type": "Polygon", "coordinates": [ [ [ 964354.238466935232282, 1950605.11366192647256 ], [ 964397.539737124461681, 1950680.11366192647256 ], [ 964484.142277502920479, 1950680.11366192647256 ], [ 964527.443547692149878, 1950605.11366192647256 ], [ 964484.142277502920479, 1950530.11366192647256 ], [ 964397.539737124461681, 1950530.11366192647256 ], [ 964354.238466935232282, 1950605.11366192647256 ] ] ] } },
{ "type": "Feature", "properties": { "fid": 408, "id": 408, "left": 964354.23846693523, "top": 1950530.1136619265, "right": 964527.44354769215, "bottom": 1950380.1136619265, "row_index": 8, "col_index": 19, "HexScore": 3 }, "geometry": { "type": "Polygon", "coordinates": [ [ [ 964354.238466935232282, 1950455.11366192647256 ], [ 964397.539737124461681, 1950530.11366192647256 ], [ 964484.142277502920479, 1950530.11366192647256 ], [ 964527.443547692149878, 1950455.11366192647256 ], [ 964484.142277502920479, 1950380.11366192647256 ], [ 964397.539737124461681, 1950380.11366192647256 ], [ 964354.238466935232282, 1950455.11366192647256 ] ] ] } },
{ "type": "Feature", "properties": { "fid": 409, "id": 409, "left": 964354.23846693523, "top": 1950380.1136619265, "right": 964527.44354769215, "bottom": 1950230.1136619265, "row_index": 9, "col_index": 19, "HexScore": 3 }, "geometry": { "type": "Polygon", "coordinates": [ [ [ 964354.238466935232282, 1950305.11366192647256 ], [ 964397.539737124461681, 1950380.11366192647256 ], [ 964484.142277502920479, 1950380.11366192647256 ], [ 964527.443547692149878, 1950305.11366192647256 ], [ 964484.142277502920479, 1950230.11366192647256 ], [ 964397.539737124461681, 1950230.11366192647256 ], [ 964354.238466935232282, 1950305.11366192647256 ] ] ] } },
{ "type": "Feature", "properties": { "fid": 410, "id": 410, "left": 964354.23846693523, "top": 1950230.1136619265, "right": 964527.44354769215, "bottom": 1950080.1136619265, "row_index": 10, "col_index": 19, "HexScore": 3 }, "geometry": { "type": "Polygon", "coordinates": [ [ [ 964354.238466935232282, 1950155.11366192647256 ], [ 964397.539737124461681, 1950230.11366192647256 ], [ 964484.142277502920479, 1950230.11366192647256 ], [ 964527.443547692149878, 1950155.11366192647256 ], [ 964484.142277502920479, 1950080.11366192647256 ], [ 964397.539737124461681, 1950080.11366192647256 ], [ 964354.238466935232282, 1950155.11366192647256 ] ] ] } },
{ "type": "Feature", "properties": { "fid": 411, "id": 411, "left": 964354.23846693523, "top": 1950080.1136619265, "right": 964527.44354769215, "bottom": 1949930.1136619265, "row_index": 11, "col_index": 19, "HexScore": 3 }, "geometry": { "type": "Polygon", "coordinates": [ [ [ 964354.238466935232282, 1950005.11366192647256 ], [ 964397.539737124461681, 1950080.11366192647256 ], [ 964484.142277502920479, 1950080.11366192647256 ], [ 964527.443547692149878, 1950005.11366192647256 ], [ 964484.142277502920479, 1949930.11366192647256 ], [ 964397.539737124461681, 1949930.11366192647256 ], [ 964354.238466935232282, 1950005.11366192647256 ] ] ] } },
{ "type": "Feature", "properties": { "fid": 412, "id": 412, "left": 964354.23846693523, "top": 1949930.1136619265, "right": 964527.44354769215, "bottom": 1949780.1136619265, "row_index": 12, "col_index": 19, "HexScore": 3 }, "geometry": { "type": "Polygon", "coordinates": [ [ [ 964354.238466935232282, 1949855.11366192647256 ], [ 964397.539737124461681, 1949930.11366192647256 ], [ 964484.142277502920479, 1949930.11366192647256 ], [ 964527.443547692149878, 1949855.11366192647256 ], [ 964484.142277502920479, 1949780.11366192647256 ], [ 964397.539737124461681, 1949780.11366192647256 ], [ 964354.238466935232282, 1949855.11366192647256 ] ] ] } },
{ "type": "Feature", "properties": { "fid": 413, "id": 413, "left": 964354.23846693523, "top": 1949780.1136619265, "right": 964527.44354769215, "bottom": 1949630.1136619265, "row_index": 13, "col_index": 19, "HexScore": 1 }, "geometry": { "type": "Polygon", "coordinates": [ [ [ 964354.238466935232282, 1949705.11366192647256 ], [ 964397.539737124461681, 1949780.11366192647256 ], [ 964484.142277502920479, 1949780.11366192647256 ], [ 964527.443547692149878, 1949705.11366192647256 ], [ 964484.142277502920479, 1949630.11366192647256 ], [ 964397.539737124461681, 1949630.11366192647256 ], [ 964354.238466935232282, 1949705.11366192647256 ] ] ] } },
{ "type": "Feature", "properties": { "fid": 414, "id": 414, "left": 964354.23846693523, "top": 1949630.1136619265, "right": 964527.44354769215, "bottom": 1949480.1136619265, "row_index": 14, "col_index": 19, "HexScore": 1 }, "geometry": { "type": "Polygon", "coordinates": [ [ [ 964354.238466935232282, 1949555.11366192647256 ], [ 964397.539737124461681, 1949630.11366192647256 ], [ 964484.142277502920479, 1949630.11366192647256 ], [ 964527.443547692149878, 1949555.11366192647256 ], [ 964484.142277502920479, 1949480.11366192647256 ], [ 964397.539737124461681, 1949480.11366192647256 ], [ 964354.238466935232282, 1949555.11366192647256 ] ] ] } },
{ "type": "Feature", "properties": { "fid": 415, "id": 415, "left": 964354.23846693523, "top": 1949480.1136619265, "right": 964527.44354769215, "bottom": 1949330.1136619265, "row_index": 15, "col_index": 19, "HexScore": 3 }, "geometry": { "type": "Polygon", "coordinates": [ [ [ 964354.238466935232282, 1949405.11366192647256 ], [ 964397.539737124461681, 1949480.11366192647256 ], [ 964484.142277502920479, 1949480.11366192647256 ], [ 964527.443547692149878, 1949405.11366192647256 ], [ 964484.142277502920479, 1949330.11366192647256 ], [ 964397.539737124461681, 1949330.11366192647256 ], [ 964354.238466935232282, 1949405.11366192647256 ] ] ] } },
{ "type": "Feature", "properties": { "fid": 416, "id": 416, "left": 964354.23846693523, "top": 1949330.1136619265, "right": 964527.44354769215, "bottom": 1949180.1136619265, "row_index": 16, "col_index": 19, "HexScore": 3 }, "geometry": { "type": "Polygon", "coordinates": [ [ [ 964354.238466935232282, 1949255.11366192647256 ], [ 964397.539737124461681, 1949330.11366192647256 ], [ 964484.142277502920479, 1949330.11366192647256 ], [ 964527.443547692149878, 1949255.11366192647256 ], [ 964484.142277502920479, 1949180.11366192647256 ], [ 964397.539737124461681, 1949180.11366192647256 ], [ 964354.238466935232282, 1949255.11366192647256 ] ] ] } },
{ "type": "Feature", "properties": { "fid": 417, "id": 417, "left": 964354.23846693523, "top": 1949180.1136619265, "right": 964527.44354769215, "bottom": 1949030.1136619265, "row_index": 17, "col_index": 19, "HexScore": 3 }, "geometry": { "type": "Polygon", "coordinates": [ [ [ 964354.238466935232282, 1949105.11366192647256 ], [ 964397.539737124461681, 1949180.11366192647256 ], [ 964484.142277502920479, 1949180.11366192647256 ], [ 964527.443547692149878, 1949105.11366192647256 ], [ 964484.142277502920479, 1949030.11366192647256 ], [ 964397.539737124461681, 1949030.11366192647256 ], [ 964354.238466935232282, 1949105.11366192647256 ] ] ] } },
{ "type": "Feature", "properties": { "fid": 418, "id": 418, "left": 964354.23846693523, "top": 1949030.1136619265, "right": 964527.44354769215, "bottom": 1948880.1136619265, "row_index": 18, "col_index": 19, "HexScore": 3 }, "geometry": { "type": "Polygon", "coordinates": [ [ [ 964354.238466935232282, 1948955.11366192647256 ], [ 964397.539737124461681, 1949030.11366192647256 ], [ 964484.142277502920479, 1949030.11366192647256 ], [ 964527.443547692149878, 1948955.11366192647256 ], [ 964484.142277502920479, 1948880.11366192647256 ], [ 964397.539737124461681, 1948880.11366192647256 ], [ 964354.238466935232282, 1948955.11366192647256 ] ] ] } },
{ "type": "Feature", "properties": { "fid": 419, "id": 419, "left": 964354.23846693523, "top": 1948880.1136619265, "right": 964527.44354769215, "bottom": 1948730.1136619265, "row_index": 19, "col_index": 19, "HexScore": 3 }, "geometry": { "type": "Polygon", "coordinates": [ [ [ 964354.238466935232282, 1948805.11366192647256 ], [ 964397.539737124461681, 1948880.11366192647256 ], [ 964484.142277502920479, 1948880.11366192647256 ], [ 964527.443547692149878, 1948805.11366192647256 ], [ 964484.142277502920479, 1948730.11366192647256 ], [ 964397.539737124461681, 1948730.11366192647256 ], [ 964354.238466935232282, 1948805.11366192647256 ] ] ] } },
{ "type": "Feature", "properties": { "fid": 420, "id": 420, "left": 964354.23846693523, "top": 1948730.1136619265, "right": 964527.44354769215, "bottom": 1948580.1136619265, "row_index": 20, "col_index": 19, "HexScore": 3 }, "geometry": { "type": "Polygon", "coordinates": [ [ [ 964354.238466935232282, 1948655.11366192647256 ], [ 964397.539737124461681, 1948730.11366192647256 ], [ 964484.142277502920479, 1948730.11366192647256 ], [ 964527.443547692149878, 1948655.11366192647256 ], [ 964484.142277502920479, 1948580.11366192647256 ], [ 964397.539737124461681, 1948580.11366192647256 ], [ 964354.238466935232282, 1948655.11366192647256 ] ] ] } },
{ "type": "Feature", "properties": { "fid": 421, "id": 421, "left": 964484.14227750292, "top": 1951805.1136619265, "right": 964657.34735825984, "bottom": 1951655.1136619265, "row_index": 0, "col_index": 20, "HexScore": 3 }, "geometry": { "type": "Polygon", "coordinates": [ [ [ 964484.142277502920479, 1951730.11366192647256 ], [ 964527.443547692149878, 1951805.11366192647256 ], [ 964614.046088070608675, 1951805.11366192647256 ], [ 964657.347358259838074, 1951730.11366192647256 ], [ 964614.046088070608675, 1951655.11366192647256 ], [ 964527.443547692149878, 1951655.11366192647256 ], [ 964484.142277502920479, 1951730.11366192647256 ] ] ] } },
{ "type": "Feature", "properties": { "fid": 422, "id": 422, "left": 964484.14227750292, "top": 1951655.1136619265, "right": 964657.34735825984, "bottom": 1951505.1136619265, "row_index": 1, "col_index": 20, "HexScore": 3 }, "geometry": { "type": "Polygon", "coordinates": [ [ [ 964484.142277502920479, 1951580.11366192647256 ], [ 964527.443547692149878, 1951655.11366192647256 ], [ 964614.046088070608675, 1951655.11366192647256 ], [ 964657.347358259838074, 1951580.11366192647256 ], [ 964614.046088070608675, 1951505.11366192647256 ], [ 964527.443547692149878, 1951505.11366192647256 ], [ 964484.142277502920479, 1951580.11366192647256 ] ] ] } },
{ "type": "Feature", "properties": { "fid": 423, "id": 423, "left": 964484.14227750292, "top": 1951505.1136619265, "right": 964657.34735825984, "bottom": 1951355.1136619265, "row_index": 2, "col_index": 20, "HexScore": 3 }, "geometry": { "type": "Polygon", "coordinates": [ [ [ 964484.142277502920479, 1951430.11366192647256 ], [ 964527.443547692149878, 1951505.11366192647256 ], [ 964614.046088070608675, 1951505.11366192647256 ], [ 964657.347358259838074, 1951430.11366192647256 ], [ 964614.046088070608675, 1951355.11366192647256 ], [ 964527.443547692149878, 1951355.11366192647256 ], [ 964484.142277502920479, 1951430.11366192647256 ] ] ] } },
{ "type": "Feature", "properties": { "fid": 424, "id": 424, "left": 964484.14227750292, "top": 1951355.1136619265, "right": 964657.34735825984, "bottom": 1951205.1136619265, "row_index": 3, "col_index": 20, "HexScore": 3 }, "geometry": { "type": "Polygon", "coordinates": [ [ [ 964484.142277502920479, 1951280.11366192647256 ], [ 964527.443547692149878, 1951355.11366192647256 ], [ 964614.046088070608675, 1951355.11366192647256 ], [ 964657.347358259838074, 1951280.11366192647256 ], [ 964614.046088070608675, 1951205.11366192647256 ], [ 964527.443547692149878, 1951205.11366192647256 ], [ 964484.142277502920479, 1951280.11366192647256 ] ] ] } },
{ "type": "Feature", "properties": { "fid": 425, "id": 425, "left": 964484.14227750292, "top": 1951205.1136619265, "right": 964657.34735825984, "bottom": 1951055.1136619265, "row_index": 4, "col_index": 20, "HexScore": 3 }, "geometry": { "type": "Polygon", "coordinates": [ [ [ 964484.142277502920479, 1951130.11366192647256 ], [ 964527.443547692149878, 1951205.11366192647256 ], [ 964614.046088070608675, 1951205.11366192647256 ], [ 964657.347358259838074, 1951130.11366192647256 ], [ 964614.046088070608675, 1951055.11366192647256 ], [ 964527.443547692149878, 1951055.11366192647256 ], [ 964484.142277502920479, 1951130.11366192647256 ] ] ] } },
{ "type": "Feature", "properties": { "fid": 426, "id": 426, "left": 964484.14227750292, "top": 1951055.1136619265, "right": 964657.34735825984, "bottom": 1950905.1136619265, "row_index": 5, "col_index": 20, "HexScore": 3 }, "geometry": { "type": "Polygon", "coordinates": [ [ [ 964484.142277502920479, 1950980.11366192647256 ], [ 964527.443547692149878, 1951055.11366192647256 ], [ 964614.046088070608675, 1951055.11366192647256 ], [ 964657.347358259838074, 1950980.11366192647256 ], [ 964614.046088070608675, 1950905.11366192647256 ], [ 964527.443547692149878, 1950905.11366192647256 ], [ 964484.142277502920479, 1950980.11366192647256 ] ] ] } },
{ "type": "Feature", "properties": { "fid": 427, "id": 427, "left": 964484.14227750292, "top": 1950905.1136619265, "right": 964657.34735825984, "bottom": 1950755.1136619265, "row_index": 6, "col_index": 20, "HexScore": 3 }, "geometry": { "type": "Polygon", "coordinates": [ [ [ 964484.142277502920479, 1950830.11366192647256 ], [ 964527.443547692149878, 1950905.11366192647256 ], [ 964614.046088070608675, 1950905.11366192647256 ], [ 964657.347358259838074, 1950830.11366192647256 ], [ 964614.046088070608675, 1950755.11366192647256 ], [ 964527.443547692149878, 1950755.11366192647256 ], [ 964484.142277502920479, 1950830.11366192647256 ] ] ] } },
{ "type": "Feature", "properties": { "fid": 428, "id": 428, "left": 964484.14227750292, "top": 1950755.1136619265, "right": 964657.34735825984, "bottom": 1950605.1136619265, "row_index": 7, "col_index": 20, "HexScore": 3 }, "geometry": { "type": "Polygon", "coordinates": [ [ [ 964484.142277502920479, 1950680.11366192647256 ], [ 964527.443547692149878, 1950755.11366192647256 ], [ 964614.046088070608675, 1950755.11366192647256 ], [ 964657.347358259838074, 1950680.11366192647256 ], [ 964614.046088070608675, 1950605.11366192647256 ], [ 964527.443547692149878, 1950605.11366192647256 ], [ 964484.142277502920479, 1950680.11366192647256 ] ] ] } },
{ "type": "Feature", "properties": { "fid": 429, "id": 429, "left": 964484.14227750292, "top": 1950605.1136619265, "right": 964657.34735825984, "bottom": 1950455.1136619265, "row_index": 8, "col_index": 20, "HexScore": 3 }, "geometry": { "type": "Polygon", "coordinates": [ [ [ 964484.142277502920479, 1950530.11366192647256 ], [ 964527.443547692149878, 1950605.11366192647256 ], [ 964614.046088070608675, 1950605.11366192647256 ], [ 964657.347358259838074, 1950530.11366192647256 ], [ 964614.046088070608675, 1950455.11366192647256 ], [ 964527.443547692149878, 1950455.11366192647256 ], [ 964484.142277502920479, 1950530.11366192647256 ] ] ] } },
{ "type": "Feature", "properties": { "fid": 430, "id": 430, "left": 964484.14227750292, "top": 1950455.1136619265, "right": 964657.34735825984, "bottom": 1950305.1136619265, "row_index": 9, "col_index": 20, "HexScore": 3 }, "geometry": { "type": "Polygon", "coordinates": [ [ [ 964484.142277502920479, 1950380.11366192647256 ], [ 964527.443547692149878, 1950455.11366192647256 ], [ 964614.046088070608675, 1950455.11366192647256 ], [ 964657.347358259838074, 1950380.11366192647256 ], [ 964614.046088070608675, 1950305.11366192647256 ], [ 964527.443547692149878, 1950305.11366192647256 ], [ 964484.142277502920479, 1950380.11366192647256 ] ] ] } },
{ "type": "Feature", "properties": { "fid": 431, "id": 431, "left": 964484.14227750292, "top": 1950305.1136619265, "right": 964657.34735825984, "bottom": 1950155.1136619265, "row_index": 10, "col_index": 20, "HexScore": 3 }, "geometry": { "type": "Polygon", "coordinates": [ [ [ 964484.142277502920479, 1950230.11366192647256 ], [ 964527.443547692149878, 1950305.11366192647256 ], [ 964614.046088070608675, 1950305.11366192647256 ], [ 964657.347358259838074, 1950230.11366192647256 ], [ 964614.046088070608675, 1950155.11366192647256 ], [ 964527.443547692149878, 1950155.11366192647256 ], [ 964484.142277502920479, 1950230.11366192647256 ] ] ] } },
{ "type": "Feature", "properties": { "fid": 432, "id": 432, "left": 964484.14227750292, "top": 1950155.1136619265, "right": 964657.34735825984, "bottom": 1950005.1136619265, "row_index": 11, "col_index": 20, "HexScore": 3 }, "geometry": { "type": "Polygon", "coordinates": [ [ [ 964484.142277502920479, 1950080.11366192647256 ], [ 964527.443547692149878, 1950155.11366192647256 ], [ 964614.046088070608675, 1950155.11366192647256 ], [ 964657.347358259838074, 1950080.11366192647256 ], [ 964614.046088070608675, 1950005.11366192647256 ], [ 964527.443547692149878, 1950005.11366192647256 ], [ 964484.142277502920479, 1950080.11366192647256 ] ] ] } },
{ "type": "Feature", "properties": { "fid": 433, "id": 433, "left": 964484.14227750292, "top": 1950005.1136619265, "right": 964657.34735825984, "bottom": 1949855.1136619265, "row_index": 12, "col_index": 20, "HexScore": 3 }, "geometry": { "type": "Polygon", "coordinates": [ [ [ 964484.142277502920479, 1949930.11366192647256 ], [ 964527.443547692149878, 1950005.11366192647256 ], [ 964614.046088070608675, 1950005.11366192647256 ], [ 964657.347358259838074, 1949930.11366192647256 ], [ 964614.046088070608675, 1949855.11366192647256 ], [ 964527.443547692149878, 1949855.11366192647256 ], [ 964484.142277502920479, 1949930.11366192647256 ] ] ] } },
{ "type": "Feature", "properties": { "fid": 434, "id": 434, "left": 964484.14227750292, "top": 1949855.1136619265, "right": 964657.34735825984, "bottom": 1949705.1136619265, "row_index": 13, "col_index": 20, "HexScore": 3 }, "geometry": { "type": "Polygon", "coordinates": [ [ [ 964484.142277502920479, 1949780.11366192647256 ], [ 964527.443547692149878, 1949855.11366192647256 ], [ 964614.046088070608675, 1949855.11366192647256 ], [ 964657.347358259838074, 1949780.11366192647256 ], [ 964614.046088070608675, 1949705.11366192647256 ], [ 964527.443547692149878, 1949705.11366192647256 ], [ 964484.142277502920479, 1949780.11366192647256 ] ] ] } },
{ "type": "Feature", "properties": { "fid": 435, "id": 435, "left": 964484.14227750292, "top": 1949705.1136619265, "right": 964657.34735825984, "bottom": 1949555.1136619265, "row_index": 14, "col_index": 20, "HexScore": 1 }, "geometry": { "type": "Polygon", "coordinates": [ [ [ 964484.142277502920479, 1949630.11366192647256 ], [ 964527.443547692149878, 1949705.11366192647256 ], [ 964614.046088070608675, 1949705.11366192647256 ], [ 964657.347358259838074, 1949630.11366192647256 ], [ 964614.046088070608675, 1949555.11366192647256 ], [ 964527.443547692149878, 1949555.11366192647256 ], [ 964484.142277502920479, 1949630.11366192647256 ] ] ] } },
{ "type": "Feature", "properties": { "fid": 436, "id": 436, "left": 964484.14227750292, "top": 1949555.1136619265, "right": 964657.34735825984, "bottom": 1949405.1136619265, "row_index": 15, "col_index": 20, "HexScore": 3 }, "geometry": { "type": "Polygon", "coordinates": [ [ [ 964484.142277502920479, 1949480.11366192647256 ], [ 964527.443547692149878, 1949555.11366192647256 ], [ 964614.046088070608675, 1949555.11366192647256 ], [ 964657.347358259838074, 1949480.11366192647256 ], [ 964614.046088070608675, 1949405.11366192647256 ], [ 964527.443547692149878, 1949405.11366192647256 ], [ 964484.142277502920479, 1949480.11366192647256 ] ] ] } },
{ "type": "Feature", "properties": { "fid": 437, "id": 437, "left": 964484.14227750292, "top": 1949405.1136619265, "right": 964657.34735825984, "bottom": 1949255.1136619265, "row_index": 16, "col_index": 20, "HexScore": 3 }, "geometry": { "type": "Polygon", "coordinates": [ [ [ 964484.142277502920479, 1949330.11366192647256 ], [ 964527.443547692149878, 1949405.11366192647256 ], [ 964614.046088070608675, 1949405.11366192647256 ], [ 964657.347358259838074, 1949330.11366192647256 ], [ 964614.046088070608675, 1949255.11366192647256 ], [ 964527.443547692149878, 1949255.11366192647256 ], [ 964484.142277502920479, 1949330.11366192647256 ] ] ] } },
{ "type": "Feature", "properties": { "fid": 438, "id": 438, "left": 964484.14227750292, "top": 1949255.1136619265, "right": 964657.34735825984, "bottom": 1949105.1136619265, "row_index": 17, "col_index": 20, "HexScore": 3 }, "geometry": { "type": "Polygon", "coordinates": [ [ [ 964484.142277502920479, 1949180.11366192647256 ], [ 964527.443547692149878, 1949255.11366192647256 ], [ 964614.046088070608675, 1949255.11366192647256 ], [ 964657.347358259838074, 1949180.11366192647256 ], [ 964614.046088070608675, 1949105.11366192647256 ], [ 964527.443547692149878, 1949105.11366192647256 ], [ 964484.142277502920479, 1949180.11366192647256 ] ] ] } },
{ "type": "Feature", "properties": { "fid": 439, "id": 439, "left": 964484.14227750292, "top": 1949105.1136619265, "right": 964657.34735825984, "bottom": 1948955.1136619265, "row_index": 18, "col_index": 20, "HexScore": 3 }, "geometry": { "type": "Polygon", "coordinates": [ [ [ 964484.142277502920479, 1949030.11366192647256 ], [ 964527.443547692149878, 1949105.11366192647256 ], [ 964614.046088070608675, 1949105.11366192647256 ], [ 964657.347358259838074, 1949030.11366192647256 ], [ 964614.046088070608675, 1948955.11366192647256 ], [ 964527.443547692149878, 1948955.11366192647256 ], [ 964484.142277502920479, 1949030.11366192647256 ] ] ] } },
{ "type": "Feature", "properties": { "fid": 440, "id": 440, "left": 964484.14227750292, "top": 1948955.1136619265, "right": 964657.34735825984, "bottom": 1948805.1136619265, "row_index": 19, "col_index": 20, "HexScore": 3 }, "geometry": { "type": "Polygon", "coordinates": [ [ [ 964484.142277502920479, 1948880.11366192647256 ], [ 964527.443547692149878, 1948955.11366192647256 ], [ 964614.046088070608675, 1948955.11366192647256 ], [ 964657.347358259838074, 1948880.11366192647256 ], [ 964614.046088070608675, 1948805.11366192647256 ], [ 964527.443547692149878, 1948805.11366192647256 ], [ 964484.142277502920479, 1948880.11366192647256 ] ] ] } },
{ "type": "Feature", "properties": { "fid": 441, "id": 441, "left": 964484.14227750292, "top": 1948805.1136619265, "right": 964657.34735825984, "bottom": 1948655.1136619265, "row_index": 20, "col_index": 20, "HexScore": 3 }, "geometry": { "type": "Polygon", "coordinates": [ [ [ 964484.142277502920479, 1948730.11366192647256 ], [ 964527.443547692149878, 1948805.11366192647256 ], [ 964614.046088070608675, 1948805.11366192647256 ], [ 964657.347358259838074, 1948730.11366192647256 ], [ 964614.046088070608675, 1948655.11366192647256 ], [ 964527.443547692149878, 1948655.11366192647256 ], [ 964484.142277502920479, 1948730.11366192647256 ] ] ] } },
{ "type": "Feature", "properties": { "fid": 442, "id": 442, "left": 964614.04608807061, "top": 1951730.1136619265, "right": 964787.25116882753, "bottom": 1951580.1136619265, "row_index": 0, "col_index": 21, "HexScore": 3 }, "geometry": { "type": "Polygon", "coordinates": [ [ [ 964614.046088070608675, 1951655.11366192647256 ], [ 964657.347358259838074, 1951730.11366192647256 ], [ 964743.949898638296872, 1951730.11366192647256 ], [ 964787.251168827526271, 1951655.11366192647256 ], [ 964743.949898638296872, 1951580.11366192647256 ], [ 964657.347358259838074, 1951580.11366192647256 ], [ 964614.046088070608675, 1951655.11366192647256 ] ] ] } },
{ "type": "Feature", "properties": { "fid": 443, "id": 443, "left": 964614.04608807061, "top": 1951580.1136619265, "right": 964787.25116882753, "bottom": 1951430.1136619265, "row_index": 1, "col_index": 21, "HexScore": 3 }, "geometry": { "type": "Polygon", "coordinates": [ [ [ 964614.046088070608675, 1951505.11366192647256 ], [ 964657.347358259838074, 1951580.11366192647256 ], [ 964743.949898638296872, 1951580.11366192647256 ], [ 964787.251168827526271, 1951505.11366192647256 ], [ 964743.949898638296872, 1951430.11366192647256 ], [ 964657.347358259838074, 1951430.11366192647256 ], [ 964614.046088070608675, 1951505.11366192647256 ] ] ] } },
{ "type": "Feature", "properties": { "fid": 444, "id": 444, "left": 964614.04608807061, "top": 1951430.1136619265, "right": 964787.25116882753, "bottom": 1951280.1136619265, "row_index": 2, "col_index": 21, "HexScore": 3 }, "geometry": { "type": "Polygon", "coordinates": [ [ [ 964614.046088070608675, 1951355.11366192647256 ], [ 964657.347358259838074, 1951430.11366192647256 ], [ 964743.949898638296872, 1951430.11366192647256 ], [ 964787.251168827526271, 1951355.11366192647256 ], [ 964743.949898638296872, 1951280.11366192647256 ], [ 964657.347358259838074, 1951280.11366192647256 ], [ 964614.046088070608675, 1951355.11366192647256 ] ] ] } },
{ "type": "Feature", "properties": { "fid": 445, "id": 445, "left": 964614.04608807061, "top": 1951280.1136619265, "right": 964787.25116882753, "bottom": 1951130.1136619265, "row_index": 3, "col_index": 21, "HexScore": 3 }, "geometry": { "type": "Polygon", "coordinates": [ [ [ 964614.046088070608675, 1951205.11366192647256 ], [ 964657.347358259838074, 1951280.11366192647256 ], [ 964743.949898638296872, 1951280.11366192647256 ], [ 964787.251168827526271, 1951205.11366192647256 ], [ 964743.949898638296872, 1951130.11366192647256 ], [ 964657.347358259838074, 1951130.11366192647256 ], [ 964614.046088070608675, 1951205.11366192647256 ] ] ] } },
{ "type": "Feature", "properties": { "fid": 446, "id": 446, "left": 964614.04608807061, "top": 1951130.1136619265, "right": 964787.25116882753, "bottom": 1950980.1136619265, "row_index": 4, "col_index": 21, "HexScore": 3 }, "geometry": { "type": "Polygon", "coordinates": [ [ [ 964614.046088070608675, 1951055.11366192647256 ], [ 964657.347358259838074, 1951130.11366192647256 ], [ 964743.949898638296872, 1951130.11366192647256 ], [ 964787.251168827526271, 1951055.11366192647256 ], [ 964743.949898638296872, 1950980.11366192647256 ], [ 964657.347358259838074, 1950980.11366192647256 ], [ 964614.046088070608675, 1951055.11366192647256 ] ] ] } },
{ "type": "Feature", "properties": { "fid": 447, "id": 447, "left": 964614.04608807061, "top": 1950980.1136619265, "right": 964787.25116882753, "bottom": 1950830.1136619265, "row_index": 5, "col_index": 21, "HexScore": 3 }, "geometry": { "type": "Polygon", "coordinates": [ [ [ 964614.046088070608675, 1950905.11366192647256 ], [ 964657.347358259838074, 1950980.11366192647256 ], [ 964743.949898638296872, 1950980.11366192647256 ], [ 964787.251168827526271, 1950905.11366192647256 ], [ 964743.949898638296872, 1950830.11366192647256 ], [ 964657.347358259838074, 1950830.11366192647256 ], [ 964614.046088070608675, 1950905.11366192647256 ] ] ] } },
{ "type": "Feature", "properties": { "fid": 448, "id": 448, "left": 964614.04608807061, "top": 1950830.1136619265, "right": 964787.25116882753, "bottom": 1950680.1136619265, "row_index": 6, "col_index": 21, "HexScore": 3 }, "geometry": { "type": "Polygon", "coordinates": [ [ [ 964614.046088070608675, 1950755.11366192647256 ], [ 964657.347358259838074, 1950830.11366192647256 ], [ 964743.949898638296872, 1950830.11366192647256 ], [ 964787.251168827526271, 1950755.11366192647256 ], [ 964743.949898638296872, 1950680.11366192647256 ], [ 964657.347358259838074, 1950680.11366192647256 ], [ 964614.046088070608675, 1950755.11366192647256 ] ] ] } },
{ "type": "Feature", "properties": { "fid": 449, "id": 449, "left": 964614.04608807061, "top": 1950680.1136619265, "right": 964787.25116882753, "bottom": 1950530.1136619265, "row_index": 7, "col_index": 21, "HexScore": 3 }, "geometry": { "type": "Polygon", "coordinates": [ [ [ 964614.046088070608675, 1950605.11366192647256 ], [ 964657.347358259838074, 1950680.11366192647256 ], [ 964743.949898638296872, 1950680.11366192647256 ], [ 964787.251168827526271, 1950605.11366192647256 ], [ 964743.949898638296872, 1950530.11366192647256 ], [ 964657.347358259838074, 1950530.11366192647256 ], [ 964614.046088070608675, 1950605.11366192647256 ] ] ] } },
{ "type": "Feature", "properties": { "fid": 450, "id": 450, "left": 964614.04608807061, "top": 1950530.1136619265, "right": 964787.25116882753, "bottom": 1950380.1136619265, "row_index": 8, "col_index": 21, "HexScore": 3 }, "geometry": { "type": "Polygon", "coordinates": [ [ [ 964614.046088070608675, 1950455.11366192647256 ], [ 964657.347358259838074, 1950530.11366192647256 ], [ 964743.949898638296872, 1950530.11366192647256 ], [ 964787.251168827526271, 1950455.11366192647256 ], [ 964743.949898638296872, 1950380.11366192647256 ], [ 964657.347358259838074, 1950380.11366192647256 ], [ 964614.046088070608675, 1950455.11366192647256 ] ] ] } },
{ "type": "Feature", "properties": { "fid": 451, "id": 451, "left": 964614.04608807061, "top": 1950380.1136619265, "right": 964787.25116882753, "bottom": 1950230.1136619265, "row_index": 9, "col_index": 21, "HexScore": 3 }, "geometry": { "type": "Polygon", "coordinates": [ [ [ 964614.046088070608675, 1950305.11366192647256 ], [ 964657.347358259838074, 1950380.11366192647256 ], [ 964743.949898638296872, 1950380.11366192647256 ], [ 964787.251168827526271, 1950305.11366192647256 ], [ 964743.949898638296872, 1950230.11366192647256 ], [ 964657.347358259838074, 1950230.11366192647256 ], [ 964614.046088070608675, 1950305.11366192647256 ] ] ] } },
{ "type": "Feature", "properties": { "fid": 452, "id": 452, "left": 964614.04608807061, "top": 1950230.1136619265, "right": 964787.25116882753, "bottom": 1950080.1136619265, "row_index": 10, "col_index": 21, "HexScore": 3 }, "geometry": { "type": "Polygon", "coordinates": [ [ [ 964614.046088070608675, 1950155.11366192647256 ], [ 964657.347358259838074, 1950230.11366192647256 ], [ 964743.949898638296872, 1950230.11366192647256 ], [ 964787.251168827526271, 1950155.11366192647256 ], [ 964743.949898638296872, 1950080.11366192647256 ], [ 964657.347358259838074, 1950080.11366192647256 ], [ 964614.046088070608675, 1950155.11366192647256 ] ] ] } },
{ "type": "Feature", "properties": { "fid": 453, "id": 453, "left": 964614.04608807061, "top": 1950080.1136619265, "right": 964787.25116882753, "bottom": 1949930.1136619265, "row_index": 11, "col_index": 21, "HexScore": 3 }, "geometry": { "type": "Polygon", "coordinates": [ [ [ 964614.046088070608675, 1950005.11366192647256 ], [ 964657.347358259838074, 1950080.11366192647256 ], [ 964743.949898638296872, 1950080.11366192647256 ], [ 964787.251168827526271, 1950005.11366192647256 ], [ 964743.949898638296872, 1949930.11366192647256 ], [ 964657.347358259838074, 1949930.11366192647256 ], [ 964614.046088070608675, 1950005.11366192647256 ] ] ] } },
{ "type": "Feature", "properties": { "fid": 454, "id": 454, "left": 964614.04608807061, "top": 1949930.1136619265, "right": 964787.25116882753, "bottom": 1949780.1136619265, "row_index": 12, "col_index": 21, "HexScore": 3 }, "geometry": { "type": "Polygon", "coordinates": [ [ [ 964614.046088070608675, 1949855.11366192647256 ], [ 964657.347358259838074, 1949930.11366192647256 ], [ 964743.949898638296872, 1949930.11366192647256 ], [ 964787.251168827526271, 1949855.11366192647256 ], [ 964743.949898638296872, 1949780.11366192647256 ], [ 964657.347358259838074, 1949780.11366192647256 ], [ 964614.046088070608675, 1949855.11366192647256 ] ] ] } },
{ "type": "Feature", "properties": { "fid": 455, "id": 455, "left": 964614.04608807061, "top": 1949780.1136619265, "right": 964787.25116882753, "bottom": 1949630.1136619265, "row_index": 13, "col_index": 21, "HexScore": 1 }, "geometry": { "type": "Polygon", "coordinates": [ [ [ 964614.046088070608675, 1949705.11366192647256 ], [ 964657.347358259838074, 1949780.11366192647256 ], [ 964743.949898638296872, 1949780.11366192647256 ], [ 964787.251168827526271, 1949705.11366192647256 ], [ 964743.949898638296872, 1949630.11366192647256 ], [ 964657.347358259838074, 1949630.11366192647256 ], [ 964614.046088070608675, 1949705.11366192647256 ] ] ] } },
{ "type": "Feature", "properties": { "fid": 456, "id": 456, "left": 964614.04608807061, "top": 1949630.1136619265, "right": 964787.25116882753, "bottom": 1949480.1136619265, "row_index": 14, "col_index": 21, "HexScore": 3 }, "geometry": { "type": "Polygon", "coordinates": [ [ [ 964614.046088070608675, 1949555.11366192647256 ], [ 964657.347358259838074, 1949630.11366192647256 ], [ 964743.949898638296872, 1949630.11366192647256 ], [ 964787.251168827526271, 1949555.11366192647256 ], [ 964743.949898638296872, 1949480.11366192647256 ], [ 964657.347358259838074, 1949480.11366192647256 ], [ 964614.046088070608675, 1949555.11366192647256 ] ] ] } },
{ "type": "Feature", "properties": { "fid": 457, "id": 457, "left": 964614.04608807061, "top": 1949480.1136619265, "right": 964787.25116882753, "bottom": 1949330.1136619265, "row_index": 15, "col_index": 21, "HexScore": 3 }, "geometry": { "type": "Polygon", "coordinates": [ [ [ 964614.046088070608675, 1949405.11366192647256 ], [ 964657.347358259838074, 1949480.11366192647256 ], [ 964743.949898638296872, 1949480.11366192647256 ], [ 964787.251168827526271, 1949405.11366192647256 ], [ 964743.949898638296872, 1949330.11366192647256 ], [ 964657.347358259838074, 1949330.11366192647256 ], [ 964614.046088070608675, 1949405.11366192647256 ] ] ] } },
{ "type": "Feature", "properties": { "fid": 458, "id": 458, "left": 964614.04608807061, "top": 1949330.1136619265, "right": 964787.25116882753, "bottom": 1949180.1136619265, "row_index": 16, "col_index": 21, "HexScore": 3 }, "geometry": { "type": "Polygon", "coordinates": [ [ [ 964614.046088070608675, 1949255.11366192647256 ], [ 964657.347358259838074, 1949330.11366192647256 ], [ 964743.949898638296872, 1949330.11366192647256 ], [ 964787.251168827526271, 1949255.11366192647256 ], [ 964743.949898638296872, 1949180.11366192647256 ], [ 964657.347358259838074, 1949180.11366192647256 ], [ 964614.046088070608675, 1949255.11366192647256 ] ] ] } },
{ "type": "Feature", "properties": { "fid": 459, "id": 459, "left": 964614.04608807061, "top": 1949180.1136619265, "right": 964787.25116882753, "bottom": 1949030.1136619265, "row_index": 17, "col_index": 21, "HexScore": 3 }, "geometry": { "type": "Polygon", "coordinates": [ [ [ 964614.046088070608675, 1949105.11366192647256 ], [ 964657.347358259838074, 1949180.11366192647256 ], [ 964743.949898638296872, 1949180.11366192647256 ], [ 964787.251168827526271, 1949105.11366192647256 ], [ 964743.949898638296872, 1949030.11366192647256 ], [ 964657.347358259838074, 1949030.11366192647256 ], [ 964614.046088070608675, 1949105.11366192647256 ] ] ] } },
{ "type": "Feature", "properties": { "fid": 460, "id": 460, "left": 964614.04608807061, "top": 1949030.1136619265, "right": 964787.25116882753, "bottom": 1948880.1136619265, "row_index": 18, "col_index": 21, "HexScore": 3 }, "geometry": { "type": "Polygon", "coordinates": [ [ [ 964614.046088070608675, 1948955.11366192647256 ], [ 964657.347358259838074, 1949030.11366192647256 ], [ 964743.949898638296872, 1949030.11366192647256 ], [ 964787.251168827526271, 1948955.11366192647256 ], [ 964743.949898638296872, 1948880.11366192647256 ], [ 964657.347358259838074, 1948880.11366192647256 ], [ 964614.046088070608675, 1948955.11366192647256 ] ] ] } },
{ "type": "Feature", "properties": { "fid": 461, "id": 461, "left": 964614.04608807061, "top": 1948880.1136619265, "right": 964787.25116882753, "bottom": 1948730.1136619265, "row_index": 19, "col_index": 21, "HexScore": 1 }, "geometry": { "type": "Polygon", "coordinates": [ [ [ 964614.046088070608675, 1948805.11366192647256 ], [ 964657.347358259838074, 1948880.11366192647256 ], [ 964743.949898638296872, 1948880.11366192647256 ], [ 964787.251168827526271, 1948805.11366192647256 ], [ 964743.949898638296872, 1948730.11366192647256 ], [ 964657.347358259838074, 1948730.11366192647256 ], [ 964614.046088070608675, 1948805.11366192647256 ] ] ] } },
{ "type": "Feature", "properties": { "fid": 462, "id": 462, "left": 964614.04608807061, "top": 1948730.1136619265, "right": 964787.25116882753, "bottom": 1948580.1136619265, "row_index": 20, "col_index": 21, "HexScore": 1 }, "geometry": { "type": "Polygon", "coordinates": [ [ [ 964614.046088070608675, 1948655.11366192647256 ], [ 964657.347358259838074, 1948730.11366192647256 ], [ 964743.949898638296872, 1948730.11366192647256 ], [ 964787.251168827526271, 1948655.11366192647256 ], [ 964743.949898638296872, 1948580.11366192647256 ], [ 964657.347358259838074, 1948580.11366192647256 ], [ 964614.046088070608675, 1948655.11366192647256 ] ] ] } },
{ "type": "Feature", "properties": { "fid": 463, "id": 463, "left": 964743.9498986383, "top": 1951805.1136619265, "right": 964917.15497939521, "bottom": 1951655.1136619265, "row_index": 0, "col_index": 22, "HexScore": 3 }, "geometry": { "type": "Polygon", "coordinates": [ [ [ 964743.949898638296872, 1951730.11366192647256 ], [ 964787.251168827526271, 1951805.11366192647256 ], [ 964873.853709205985069, 1951805.11366192647256 ], [ 964917.154979395214468, 1951730.11366192647256 ], [ 964873.853709205985069, 1951655.11366192647256 ], [ 964787.251168827526271, 1951655.11366192647256 ], [ 964743.949898638296872, 1951730.11366192647256 ] ] ] } },
{ "type": "Feature", "properties": { "fid": 464, "id": 464, "left": 964743.9498986383, "top": 1951655.1136619265, "right": 964917.15497939521, "bottom": 1951505.1136619265, "row_index": 1, "col_index": 22, "HexScore": 3 }, "geometry": { "type": "Polygon", "coordinates": [ [ [ 964743.949898638296872, 1951580.11366192647256 ], [ 964787.251168827526271, 1951655.11366192647256 ], [ 964873.853709205985069, 1951655.11366192647256 ], [ 964917.154979395214468, 1951580.11366192647256 ], [ 964873.853709205985069, 1951505.11366192647256 ], [ 964787.251168827526271, 1951505.11366192647256 ], [ 964743.949898638296872, 1951580.11366192647256 ] ] ] } },
{ "type": "Feature", "properties": { "fid": 465, "id": 465, "left": 964743.9498986383, "top": 1951505.1136619265, "right": 964917.15497939521, "bottom": 1951355.1136619265, "row_index": 2, "col_index": 22, "HexScore": 3 }, "geometry": { "type": "Polygon", "coordinates": [ [ [ 964743.949898638296872, 1951430.11366192647256 ], [ 964787.251168827526271, 1951505.11366192647256 ], [ 964873.853709205985069, 1951505.11366192647256 ], [ 964917.154979395214468, 1951430.11366192647256 ], [ 964873.853709205985069, 1951355.11366192647256 ], [ 964787.251168827526271, 1951355.11366192647256 ], [ 964743.949898638296872, 1951430.11366192647256 ] ] ] } },
{ "type": "Feature", "properties": { "fid": 466, "id": 466, "left": 964743.9498986383, "top": 1951355.1136619265, "right": 964917.15497939521, "bottom": 1951205.1136619265, "row_index": 3, "col_index": 22, "HexScore": 3 }, "geometry": { "type": "Polygon", "coordinates": [ [ [ 964743.949898638296872, 1951280.11366192647256 ], [ 964787.251168827526271, 1951355.11366192647256 ], [ 964873.853709205985069, 1951355.11366192647256 ], [ 964917.154979395214468, 1951280.11366192647256 ], [ 964873.853709205985069, 1951205.11366192647256 ], [ 964787.251168827526271, 1951205.11366192647256 ], [ 964743.949898638296872, 1951280.11366192647256 ] ] ] } },
{ "type": "Feature", "properties": { "fid": 467, "id": 467, "left": 964743.9498986383, "top": 1951205.1136619265, "right": 964917.15497939521, "bottom": 1951055.1136619265, "row_index": 4, "col_index": 22, "HexScore": 3 }, "geometry": { "type": "Polygon", "coordinates": [ [ [ 964743.949898638296872, 1951130.11366192647256 ], [ 964787.251168827526271, 1951205.11366192647256 ], [ 964873.853709205985069, 1951205.11366192647256 ], [ 964917.154979395214468, 1951130.11366192647256 ], [ 964873.853709205985069, 1951055.11366192647256 ], [ 964787.251168827526271, 1951055.11366192647256 ], [ 964743.949898638296872, 1951130.11366192647256 ] ] ] } },
{ "type": "Feature", "properties": { "fid": 468, "id": 468, "left": 964743.9498986383, "top": 1951055.1136619265, "right": 964917.15497939521, "bottom": 1950905.1136619265, "row_index": 5, "col_index": 22, "HexScore": 3 }, "geometry": { "type": "Polygon", "coordinates": [ [ [ 964743.949898638296872, 1950980.11366192647256 ], [ 964787.251168827526271, 1951055.11366192647256 ], [ 964873.853709205985069, 1951055.11366192647256 ], [ 964917.154979395214468, 1950980.11366192647256 ], [ 964873.853709205985069, 1950905.11366192647256 ], [ 964787.251168827526271, 1950905.11366192647256 ], [ 964743.949898638296872, 1950980.11366192647256 ] ] ] } },
{ "type": "Feature", "properties": { "fid": 469, "id": 469, "left": 964743.9498986383, "top": 1950905.1136619265, "right": 964917.15497939521, "bottom": 1950755.1136619265, "row_index": 6, "col_index": 22, "HexScore": 3 }, "geometry": { "type": "Polygon", "coordinates": [ [ [ 964743.949898638296872, 1950830.11366192647256 ], [ 964787.251168827526271, 1950905.11366192647256 ], [ 964873.853709205985069, 1950905.11366192647256 ], [ 964917.154979395214468, 1950830.11366192647256 ], [ 964873.853709205985069, 1950755.11366192647256 ], [ 964787.251168827526271, 1950755.11366192647256 ], [ 964743.949898638296872, 1950830.11366192647256 ] ] ] } },
{ "type": "Feature", "properties": { "fid": 470, "id": 470, "left": 964743.9498986383, "top": 1950755.1136619265, "right": 964917.15497939521, "bottom": 1950605.1136619265, "row_index": 7, "col_index": 22, "HexScore": 3 }, "geometry": { "type": "Polygon", "coordinates": [ [ [ 964743.949898638296872, 1950680.11366192647256 ], [ 964787.251168827526271, 1950755.11366192647256 ], [ 964873.853709205985069, 1950755.11366192647256 ], [ 964917.154979395214468, 1950680.11366192647256 ], [ 964873.853709205985069, 1950605.11366192647256 ], [ 964787.251168827526271, 1950605.11366192647256 ], [ 964743.949898638296872, 1950680.11366192647256 ] ] ] } },
{ "type": "Feature", "properties": { "fid": 471, "id": 471, "left": 964743.9498986383, "top": 1950605.1136619265, "right": 964917.15497939521, "bottom": 1950455.1136619265, "row_index": 8, "col_index": 22, "HexScore": 3 }, "geometry": { "type": "Polygon", "coordinates": [ [ [ 964743.949898638296872, 1950530.11366192647256 ], [ 964787.251168827526271, 1950605.11366192647256 ], [ 964873.853709205985069, 1950605.11366192647256 ], [ 964917.154979395214468, 1950530.11366192647256 ], [ 964873.853709205985069, 1950455.11366192647256 ], [ 964787.251168827526271, 1950455.11366192647256 ], [ 964743.949898638296872, 1950530.11366192647256 ] ] ] } },
{ "type": "Feature", "properties": { "fid": 472, "id": 472, "left": 964743.9498986383, "top": 1950455.1136619265, "right": 964917.15497939521, "bottom": 1950305.1136619265, "row_index": 9, "col_index": 22, "HexScore": 3 }, "geometry": { "type": "Polygon", "coordinates": [ [ [ 964743.949898638296872, 1950380.11366192647256 ], [ 964787.251168827526271, 1950455.11366192647256 ], [ 964873.853709205985069, 1950455.11366192647256 ], [ 964917.154979395214468, 1950380.11366192647256 ], [ 964873.853709205985069, 1950305.11366192647256 ], [ 964787.251168827526271, 1950305.11366192647256 ], [ 964743.949898638296872, 1950380.11366192647256 ] ] ] } },
{ "type": "Feature", "properties": { "fid": 473, "id": 473, "left": 964743.9498986383, "top": 1950305.1136619265, "right": 964917.15497939521, "bottom": 1950155.1136619265, "row_index": 10, "col_index": 22, "HexScore": 3 }, "geometry": { "type": "Polygon", "coordinates": [ [ [ 964743.949898638296872, 1950230.11366192647256 ], [ 964787.251168827526271, 1950305.11366192647256 ], [ 964873.853709205985069, 1950305.11366192647256 ], [ 964917.154979395214468, 1950230.11366192647256 ], [ 964873.853709205985069, 1950155.11366192647256 ], [ 964787.251168827526271, 1950155.11366192647256 ], [ 964743.949898638296872, 1950230.11366192647256 ] ] ] } },
{ "type": "Feature", "properties": { "fid": 474, "id": 474, "left": 964743.9498986383, "top": 1950155.1136619265, "right": 964917.15497939521, "bottom": 1950005.1136619265, "row_index": 11, "col_index": 22, "HexScore": 3 }, "geometry": { "type": "Polygon", "coordinates": [ [ [ 964743.949898638296872, 1950080.11366192647256 ], [ 964787.251168827526271, 1950155.11366192647256 ], [ 964873.853709205985069, 1950155.11366192647256 ], [ 964917.154979395214468, 1950080.11366192647256 ], [ 964873.853709205985069, 1950005.11366192647256 ], [ 964787.251168827526271, 1950005.11366192647256 ], [ 964743.949898638296872, 1950080.11366192647256 ] ] ] } },
{ "type": "Feature", "properties": { "fid": 475, "id": 475, "left": 964743.9498986383, "top": 1950005.1136619265, "right": 964917.15497939521, "bottom": 1949855.1136619265, "row_index": 12, "col_index": 22, "HexScore": 1 }, "geometry": { "type": "Polygon", "coordinates": [ [ [ 964743.949898638296872, 1949930.11366192647256 ], [ 964787.251168827526271, 1950005.11366192647256 ], [ 964873.853709205985069, 1950005.11366192647256 ], [ 964917.154979395214468, 1949930.11366192647256 ], [ 964873.853709205985069, 1949855.11366192647256 ], [ 964787.251168827526271, 1949855.11366192647256 ], [ 964743.949898638296872, 1949930.11366192647256 ] ] ] } },
{ "type": "Feature", "properties": { "fid": 476, "id": 476, "left": 964743.9498986383, "top": 1949855.1136619265, "right": 964917.15497939521, "bottom": 1949705.1136619265, "row_index": 13, "col_index": 22, "HexScore": 1 }, "geometry": { "type": "Polygon", "coordinates": [ [ [ 964743.949898638296872, 1949780.11366192647256 ], [ 964787.251168827526271, 1949855.11366192647256 ], [ 964873.853709205985069, 1949855.11366192647256 ], [ 964917.154979395214468, 1949780.11366192647256 ], [ 964873.853709205985069, 1949705.11366192647256 ], [ 964787.251168827526271, 1949705.11366192647256 ], [ 964743.949898638296872, 1949780.11366192647256 ] ] ] } },
{ "type": "Feature", "properties": { "fid": 477, "id": 477, "left": 964743.9498986383, "top": 1949705.1136619265, "right": 964917.15497939521, "bottom": 1949555.1136619265, "row_index": 14, "col_index": 22, "HexScore": 3 }, "geometry": { "type": "Polygon", "coordinates": [ [ [ 964743.949898638296872, 1949630.11366192647256 ], [ 964787.251168827526271, 1949705.11366192647256 ], [ 964873.853709205985069, 1949705.11366192647256 ], [ 964917.154979395214468, 1949630.11366192647256 ], [ 964873.853709205985069, 1949555.11366192647256 ], [ 964787.251168827526271, 1949555.11366192647256 ], [ 964743.949898638296872, 1949630.11366192647256 ] ] ] } },
{ "type": "Feature", "properties": { "fid": 478, "id": 478, "left": 964743.9498986383, "top": 1949555.1136619265, "right": 964917.15497939521, "bottom": 1949405.1136619265, "row_index": 15, "col_index": 22, "HexScore": 3 }, "geometry": { "type": "Polygon", "coordinates": [ [ [ 964743.949898638296872, 1949480.11366192647256 ], [ 964787.251168827526271, 1949555.11366192647256 ], [ 964873.853709205985069, 1949555.11366192647256 ], [ 964917.154979395214468, 1949480.11366192647256 ], [ 964873.853709205985069, 1949405.11366192647256 ], [ 964787.251168827526271, 1949405.11366192647256 ], [ 964743.949898638296872, 1949480.11366192647256 ] ] ] } },
{ "type": "Feature", "properties": { "fid": 479, "id": 479, "left": 964743.9498986383, "top": 1949405.1136619265, "right": 964917.15497939521, "bottom": 1949255.1136619265, "row_index": 16, "col_index": 22, "HexScore": 3 }, "geometry": { "type": "Polygon", "coordinates": [ [ [ 964743.949898638296872, 1949330.11366192647256 ], [ 964787.251168827526271, 1949405.11366192647256 ], [ 964873.853709205985069, 1949405.11366192647256 ], [ 964917.154979395214468, 1949330.11366192647256 ], [ 964873.853709205985069, 1949255.11366192647256 ], [ 964787.251168827526271, 1949255.11366192647256 ], [ 964743.949898638296872, 1949330.11366192647256 ] ] ] } },
{ "type": "Feature", "properties": { "fid": 480, "id": 480, "left": 964743.9498986383, "top": 1949255.1136619265, "right": 964917.15497939521, "bottom": 1949105.1136619265, "row_index": 17, "col_index": 22, "HexScore": 3 }, "geometry": { "type": "Polygon", "coordinates": [ [ [ 964743.949898638296872, 1949180.11366192647256 ], [ 964787.251168827526271, 1949255.11366192647256 ], [ 964873.853709205985069, 1949255.11366192647256 ], [ 964917.154979395214468, 1949180.11366192647256 ], [ 964873.853709205985069, 1949105.11366192647256 ], [ 964787.251168827526271, 1949105.11366192647256 ], [ 964743.949898638296872, 1949180.11366192647256 ] ] ] } },
{ "type": "Feature", "properties": { "fid": 481, "id": 481, "left": 964743.9498986383, "top": 1949105.1136619265, "right": 964917.15497939521, "bottom": 1948955.1136619265, "row_index": 18, "col_index": 22, "HexScore": 1 }, "geometry": { "type": "Polygon", "coordinates": [ [ [ 964743.949898638296872, 1949030.11366192647256 ], [ 964787.251168827526271, 1949105.11366192647256 ], [ 964873.853709205985069, 1949105.11366192647256 ], [ 964917.154979395214468, 1949030.11366192647256 ], [ 964873.853709205985069, 1948955.11366192647256 ], [ 964787.251168827526271, 1948955.11366192647256 ], [ 964743.949898638296872, 1949030.11366192647256 ] ] ] } },
{ "type": "Feature", "properties": { "fid": 482, "id": 482, "left": 964743.9498986383, "top": 1948955.1136619265, "right": 964917.15497939521, "bottom": 1948805.1136619265, "row_index": 19, "col_index": 22, "HexScore": 1 }, "geometry": { "type": "Polygon", "coordinates": [ [ [ 964743.949898638296872, 1948880.11366192647256 ], [ 964787.251168827526271, 1948955.11366192647256 ], [ 964873.853709205985069, 1948955.11366192647256 ], [ 964917.154979395214468, 1948880.11366192647256 ], [ 964873.853709205985069, 1948805.11366192647256 ], [ 964787.251168827526271, 1948805.11366192647256 ], [ 964743.949898638296872, 1948880.11366192647256 ] ] ] } },
{ "type": "Feature", "properties": { "fid": 483, "id": 483, "left": 964743.9498986383, "top": 1948805.1136619265, "right": 964917.15497939521, "bottom": 1948655.1136619265, "row_index": 20, "col_index": 22, "HexScore": 1 }, "geometry": { "type": "Polygon", "coordinates": [ [ [ 964743.949898638296872, 1948730.11366192647256 ], [ 964787.251168827526271, 1948805.11366192647256 ], [ 964873.853709205985069, 1948805.11366192647256 ], [ 964917.154979395214468, 1948730.11366192647256 ], [ 964873.853709205985069, 1948655.11366192647256 ], [ 964787.251168827526271, 1948655.11366192647256 ], [ 964743.949898638296872, 1948730.11366192647256 ] ] ] } },
{ "type": "Feature", "properties": { "fid": 484, "id": 484, "left": 964873.85370920599, "top": 1951730.1136619265, "right": 965047.0587899629, "bottom": 1951580.1136619265, "row_index": 0, "col_index": 23, "HexScore": 3 }, "geometry": { "type": "Polygon", "coordinates": [ [ [ 964873.853709205985069, 1951655.11366192647256 ], [ 964917.154979395214468, 1951730.11366192647256 ], [ 965003.757519773673266, 1951730.11366192647256 ], [ 965047.058789962902665, 1951655.11366192647256 ], [ 965003.757519773673266, 1951580.11366192647256 ], [ 964917.154979395214468, 1951580.11366192647256 ], [ 964873.853709205985069, 1951655.11366192647256 ] ] ] } },
{ "type": "Feature", "properties": { "fid": 485, "id": 485, "left": 964873.85370920599, "top": 1951580.1136619265, "right": 965047.0587899629, "bottom": 1951430.1136619265, "row_index": 1, "col_index": 23, "HexScore": 3 }, "geometry": { "type": "Polygon", "coordinates": [ [ [ 964873.853709205985069, 1951505.11366192647256 ], [ 964917.154979395214468, 1951580.11366192647256 ], [ 965003.757519773673266, 1951580.11366192647256 ], [ 965047.058789962902665, 1951505.11366192647256 ], [ 965003.757519773673266, 1951430.11366192647256 ], [ 964917.154979395214468, 1951430.11366192647256 ], [ 964873.853709205985069, 1951505.11366192647256 ] ] ] } },
{ "type": "Feature", "properties": { "fid": 486, "id": 486, "left": 964873.85370920599, "top": 1951430.1136619265, "right": 965047.0587899629, "bottom": 1951280.1136619265, "row_index": 2, "col_index": 23, "HexScore": 3 }, "geometry": { "type": "Polygon", "coordinates": [ [ [ 964873.853709205985069, 1951355.11366192647256 ], [ 964917.154979395214468, 1951430.11366192647256 ], [ 965003.757519773673266, 1951430.11366192647256 ], [ 965047.058789962902665, 1951355.11366192647256 ], [ 965003.757519773673266, 1951280.11366192647256 ], [ 964917.154979395214468, 1951280.11366192647256 ], [ 964873.853709205985069, 1951355.11366192647256 ] ] ] } },
{ "type": "Feature", "properties": { "fid": 487, "id": 487, "left": 964873.85370920599, "top": 1951280.1136619265, "right": 965047.0587899629, "bottom": 1951130.1136619265, "row_index": 3, "col_index": 23, "HexScore": 3 }, "geometry": { "type": "Polygon", "coordinates": [ [ [ 964873.853709205985069, 1951205.11366192647256 ], [ 964917.154979395214468, 1951280.11366192647256 ], [ 965003.757519773673266, 1951280.11366192647256 ], [ 965047.058789962902665, 1951205.11366192647256 ], [ 965003.757519773673266, 1951130.11366192647256 ], [ 964917.154979395214468, 1951130.11366192647256 ], [ 964873.853709205985069, 1951205.11366192647256 ] ] ] } },
{ "type": "Feature", "properties": { "fid": 488, "id": 488, "left": 964873.85370920599, "top": 1951130.1136619265, "right": 965047.0587899629, "bottom": 1950980.1136619265, "row_index": 4, "col_index": 23, "HexScore": 3 }, "geometry": { "type": "Polygon", "coordinates": [ [ [ 964873.853709205985069, 1951055.11366192647256 ], [ 964917.154979395214468, 1951130.11366192647256 ], [ 965003.757519773673266, 1951130.11366192647256 ], [ 965047.058789962902665, 1951055.11366192647256 ], [ 965003.757519773673266, 1950980.11366192647256 ], [ 964917.154979395214468, 1950980.11366192647256 ], [ 964873.853709205985069, 1951055.11366192647256 ] ] ] } },
{ "type": "Feature", "properties": { "fid": 489, "id": 489, "left": 964873.85370920599, "top": 1950980.1136619265, "right": 965047.0587899629, "bottom": 1950830.1136619265, "row_index": 5, "col_index": 23, "HexScore": 3 }, "geometry": { "type": "Polygon", "coordinates": [ [ [ 964873.853709205985069, 1950905.11366192647256 ], [ 964917.154979395214468, 1950980.11366192647256 ], [ 965003.757519773673266, 1950980.11366192647256 ], [ 965047.058789962902665, 1950905.11366192647256 ], [ 965003.757519773673266, 1950830.11366192647256 ], [ 964917.154979395214468, 1950830.11366192647256 ], [ 964873.853709205985069, 1950905.11366192647256 ] ] ] } },
{ "type": "Feature", "properties": { "fid": 490, "id": 490, "left": 964873.85370920599, "top": 1950830.1136619265, "right": 965047.0587899629, "bottom": 1950680.1136619265, "row_index": 6, "col_index": 23, "HexScore": 3 }, "geometry": { "type": "Polygon", "coordinates": [ [ [ 964873.853709205985069, 1950755.11366192647256 ], [ 964917.154979395214468, 1950830.11366192647256 ], [ 965003.757519773673266, 1950830.11366192647256 ], [ 965047.058789962902665, 1950755.11366192647256 ], [ 965003.757519773673266, 1950680.11366192647256 ], [ 964917.154979395214468, 1950680.11366192647256 ], [ 964873.853709205985069, 1950755.11366192647256 ] ] ] } },
{ "type": "Feature", "properties": { "fid": 491, "id": 491, "left": 964873.85370920599, "top": 1950680.1136619265, "right": 965047.0587899629, "bottom": 1950530.1136619265, "row_index": 7, "col_index": 23, "HexScore": 3 }, "geometry": { "type": "Polygon", "coordinates": [ [ [ 964873.853709205985069, 1950605.11366192647256 ], [ 964917.154979395214468, 1950680.11366192647256 ], [ 965003.757519773673266, 1950680.11366192647256 ], [ 965047.058789962902665, 1950605.11366192647256 ], [ 965003.757519773673266, 1950530.11366192647256 ], [ 964917.154979395214468, 1950530.11366192647256 ], [ 964873.853709205985069, 1950605.11366192647256 ] ] ] } },
{ "type": "Feature", "properties": { "fid": 492, "id": 492, "left": 964873.85370920599, "top": 1950530.1136619265, "right": 965047.0587899629, "bottom": 1950380.1136619265, "row_index": 8, "col_index": 23, "HexScore": 3 }, "geometry": { "type": "Polygon", "coordinates": [ [ [ 964873.853709205985069, 1950455.11366192647256 ], [ 964917.154979395214468, 1950530.11366192647256 ], [ 965003.757519773673266, 1950530.11366192647256 ], [ 965047.058789962902665, 1950455.11366192647256 ], [ 965003.757519773673266, 1950380.11366192647256 ], [ 964917.154979395214468, 1950380.11366192647256 ], [ 964873.853709205985069, 1950455.11366192647256 ] ] ] } },
{ "type": "Feature", "properties": { "fid": 493, "id": 493, "left": 964873.85370920599, "top": 1950380.1136619265, "right": 965047.0587899629, "bottom": 1950230.1136619265, "row_index": 9, "col_index": 23, "HexScore": 3 }, "geometry": { "type": "Polygon", "coordinates": [ [ [ 964873.853709205985069, 1950305.11366192647256 ], [ 964917.154979395214468, 1950380.11366192647256 ], [ 965003.757519773673266, 1950380.11366192647256 ], [ 965047.058789962902665, 1950305.11366192647256 ], [ 965003.757519773673266, 1950230.11366192647256 ], [ 964917.154979395214468, 1950230.11366192647256 ], [ 964873.853709205985069, 1950305.11366192647256 ] ] ] } },
{ "type": "Feature", "properties": { "fid": 494, "id": 494, "left": 964873.85370920599, "top": 1950230.1136619265, "right": 965047.0587899629, "bottom": 1950080.1136619265, "row_index": 10, "col_index": 23, "HexScore": 3 }, "geometry": { "type": "Polygon", "coordinates": [ [ [ 964873.853709205985069, 1950155.11366192647256 ], [ 964917.154979395214468, 1950230.11366192647256 ], [ 965003.757519773673266, 1950230.11366192647256 ], [ 965047.058789962902665, 1950155.11366192647256 ], [ 965003.757519773673266, 1950080.11366192647256 ], [ 964917.154979395214468, 1950080.11366192647256 ], [ 964873.853709205985069, 1950155.11366192647256 ] ] ] } },
{ "type": "Feature", "properties": { "fid": 495, "id": 495, "left": 964873.85370920599, "top": 1950080.1136619265, "right": 965047.0587899629, "bottom": 1949930.1136619265, "row_index": 11, "col_index": 23, "HexScore": 1 }, "geometry": { "type": "Polygon", "coordinates": [ [ [ 964873.853709205985069, 1950005.11366192647256 ], [ 964917.154979395214468, 1950080.11366192647256 ], [ 965003.757519773673266, 1950080.11366192647256 ], [ 965047.058789962902665, 1950005.11366192647256 ], [ 965003.757519773673266, 1949930.11366192647256 ], [ 964917.154979395214468, 1949930.11366192647256 ], [ 964873.853709205985069, 1950005.11366192647256 ] ] ] } },
{ "type": "Feature", "properties": { "fid": 496, "id": 496, "left": 964873.85370920599, "top": 1949930.1136619265, "right": 965047.0587899629, "bottom": 1949780.1136619265, "row_index": 12, "col_index": 23, "HexScore": 1 }, "geometry": { "type": "Polygon", "coordinates": [ [ [ 964873.853709205985069, 1949855.11366192647256 ], [ 964917.154979395214468, 1949930.11366192647256 ], [ 965003.757519773673266, 1949930.11366192647256 ], [ 965047.058789962902665, 1949855.11366192647256 ], [ 965003.757519773673266, 1949780.11366192647256 ], [ 964917.154979395214468, 1949780.11366192647256 ], [ 964873.853709205985069, 1949855.11366192647256 ] ] ] } },
{ "type": "Feature", "properties": { "fid": 497, "id": 497, "left": 964873.85370920599, "top": 1949780.1136619265, "right": 965047.0587899629, "bottom": 1949630.1136619265, "row_index": 13, "col_index": 23, "HexScore": 3 }, "geometry": { "type": "Polygon", "coordinates": [ [ [ 964873.853709205985069, 1949705.11366192647256 ], [ 964917.154979395214468, 1949780.11366192647256 ], [ 965003.757519773673266, 1949780.11366192647256 ], [ 965047.058789962902665, 1949705.11366192647256 ], [ 965003.757519773673266, 1949630.11366192647256 ], [ 964917.154979395214468, 1949630.11366192647256 ], [ 964873.853709205985069, 1949705.11366192647256 ] ] ] } },
{ "type": "Feature", "properties": { "fid": 498, "id": 498, "left": 964873.85370920599, "top": 1949630.1136619265, "right": 965047.0587899629, "bottom": 1949480.1136619265, "row_index": 14, "col_index": 23, "HexScore": 3 }, "geometry": { "type": "Polygon", "coordinates": [ [ [ 964873.853709205985069, 1949555.11366192647256 ], [ 964917.154979395214468, 1949630.11366192647256 ], [ 965003.757519773673266, 1949630.11366192647256 ], [ 965047.058789962902665, 1949555.11366192647256 ], [ 965003.757519773673266, 1949480.11366192647256 ], [ 964917.154979395214468, 1949480.11366192647256 ], [ 964873.853709205985069, 1949555.11366192647256 ] ] ] } },
{ "type": "Feature", "properties": { "fid": 499, "id": 499, "left": 964873.85370920599, "top": 1949480.1136619265, "right": 965047.0587899629, "bottom": 1949330.1136619265, "row_index": 15, "col_index": 23, "HexScore": 3 }, "geometry": { "type": "Polygon", "coordinates": [ [ [ 964873.853709205985069, 1949405.11366192647256 ], [ 964917.154979395214468, 1949480.11366192647256 ], [ 965003.757519773673266, 1949480.11366192647256 ], [ 965047.058789962902665, 1949405.11366192647256 ], [ 965003.757519773673266, 1949330.11366192647256 ], [ 964917.154979395214468, 1949330.11366192647256 ], [ 964873.853709205985069, 1949405.11366192647256 ] ] ] } },
{ "type": "Feature", "properties": { "fid": 500, "id": 500, "left": 964873.85370920599, "top": 1949330.1136619265, "right": 965047.0587899629, "bottom": 1949180.1136619265, "row_index": 16, "col_index": 23, "HexScore": 3 }, "geometry": { "type": "Polygon", "coordinates": [ [ [ 964873.853709205985069, 1949255.11366192647256 ], [ 964917.154979395214468, 1949330.11366192647256 ], [ 965003.757519773673266, 1949330.11366192647256 ], [ 965047.058789962902665, 1949255.11366192647256 ], [ 965003.757519773673266, 1949180.11366192647256 ], [ 964917.154979395214468, 1949180.11366192647256 ], [ 964873.853709205985069, 1949255.11366192647256 ] ] ] } },
{ "type": "Feature", "properties": { "fid": 501, "id": 501, "left": 964873.85370920599, "top": 1949180.1136619265, "right": 965047.0587899629, "bottom": 1949030.1136619265, "row_index": 17, "col_index": 23, "HexScore": 1 }, "geometry": { "type": "Polygon", "coordinates": [ [ [ 964873.853709205985069, 1949105.11366192647256 ], [ 964917.154979395214468, 1949180.11366192647256 ], [ 965003.757519773673266, 1949180.11366192647256 ], [ 965047.058789962902665, 1949105.11366192647256 ], [ 965003.757519773673266, 1949030.11366192647256 ], [ 964917.154979395214468, 1949030.11366192647256 ], [ 964873.853709205985069, 1949105.11366192647256 ] ] ] } },
{ "type": "Feature", "properties": { "fid": 502, "id": 502, "left": 964873.85370920599, "top": 1949030.1136619265, "right": 965047.0587899629, "bottom": 1948880.1136619265, "row_index": 18, "col_index": 23, "HexScore": 1 }, "geometry": { "type": "Polygon", "coordinates": [ [ [ 964873.853709205985069, 1948955.11366192647256 ], [ 964917.154979395214468, 1949030.11366192647256 ], [ 965003.757519773673266, 1949030.11366192647256 ], [ 965047.058789962902665, 1948955.11366192647256 ], [ 965003.757519773673266, 1948880.11366192647256 ], [ 964917.154979395214468, 1948880.11366192647256 ], [ 964873.853709205985069, 1948955.11366192647256 ] ] ] } },
{ "type": "Feature", "properties": { "fid": 503, "id": 503, "left": 964873.85370920599, "top": 1948880.1136619265, "right": 965047.0587899629, "bottom": 1948730.1136619265, "row_index": 19, "col_index": 23, "HexScore": 1 }, "geometry": { "type": "Polygon", "coordinates": [ [ [ 964873.853709205985069, 1948805.11366192647256 ], [ 964917.154979395214468, 1948880.11366192647256 ], [ 965003.757519773673266, 1948880.11366192647256 ], [ 965047.058789962902665, 1948805.11366192647256 ], [ 965003.757519773673266, 1948730.11366192647256 ], [ 964917.154979395214468, 1948730.11366192647256 ], [ 964873.853709205985069, 1948805.11366192647256 ] ] ] } },
{ "type": "Feature", "properties": { "fid": 504, "id": 504, "left": 964873.85370920599, "top": 1948730.1136619265, "right": 965047.0587899629, "bottom": 1948580.1136619265, "row_index": 20, "col_index": 23, "HexScore": 1 }, "geometry": { "type": "Polygon", "coordinates": [ [ [ 964873.853709205985069, 1948655.11366192647256 ], [ 964917.154979395214468, 1948730.11366192647256 ], [ 965003.757519773673266, 1948730.11366192647256 ], [ 965047.058789962902665, 1948655.11366192647256 ], [ 965003.757519773673266, 1948580.11366192647256 ], [ 964917.154979395214468, 1948580.11366192647256 ], [ 964873.853709205985069, 1948655.11366192647256 ] ] ] } },
{ "type": "Feature", "properties": { "fid": 505, "id": 505, "left": 965003.75751977356, "top": 1951805.1136619265, "right": 965176.96260053047, "bottom": 1951655.1136619265, "row_index": 0, "col_index": 24, "HexScore": 3 }, "geometry": { "type": "Polygon", "coordinates": [ [ [ 965003.757519773556851, 1951730.11366192647256 ], [ 965047.05878996278625, 1951805.11366192647256 ], [ 965133.661330341245048, 1951805.11366192647256 ], [ 965176.962600530474447, 1951730.11366192647256 ], [ 965133.661330341245048, 1951655.11366192647256 ], [ 965047.05878996278625, 1951655.11366192647256 ], [ 965003.757519773556851, 1951730.11366192647256 ] ] ] } },
{ "type": "Feature", "properties": { "fid": 506, "id": 506, "left": 965003.75751977356, "top": 1951655.1136619265, "right": 965176.96260053047, "bottom": 1951505.1136619265, "row_index": 1, "col_index": 24, "HexScore": 3 }, "geometry": { "type": "Polygon", "coordinates": [ [ [ 965003.757519773556851, 1951580.11366192647256 ], [ 965047.05878996278625, 1951655.11366192647256 ], [ 965133.661330341245048, 1951655.11366192647256 ], [ 965176.962600530474447, 1951580.11366192647256 ], [ 965133.661330341245048, 1951505.11366192647256 ], [ 965047.05878996278625, 1951505.11366192647256 ], [ 965003.757519773556851, 1951580.11366192647256 ] ] ] } },
{ "type": "Feature", "properties": { "fid": 507, "id": 507, "left": 965003.75751977356, "top": 1951505.1136619265, "right": 965176.96260053047, "bottom": 1951355.1136619265, "row_index": 2, "col_index": 24, "HexScore": 3 }, "geometry": { "type": "Polygon", "coordinates": [ [ [ 965003.757519773556851, 1951430.11366192647256 ], [ 965047.05878996278625, 1951505.11366192647256 ], [ 965133.661330341245048, 1951505.11366192647256 ], [ 965176.962600530474447, 1951430.11366192647256 ], [ 965133.661330341245048, 1951355.11366192647256 ], [ 965047.05878996278625, 1951355.11366192647256 ], [ 965003.757519773556851, 1951430.11366192647256 ] ] ] } },
{ "type": "Feature", "properties": { "fid": 508, "id": 508, "left": 965003.75751977356, "top": 1951355.1136619265, "right": 965176.96260053047, "bottom": 1951205.1136619265, "row_index": 3, "col_index": 24, "HexScore": 3 }, "geometry": { "type": "Polygon", "coordinates": [ [ [ 965003.757519773556851, 1951280.11366192647256 ], [ 965047.05878996278625, 1951355.11366192647256 ], [ 965133.661330341245048, 1951355.11366192647256 ], [ 965176.962600530474447, 1951280.11366192647256 ], [ 965133.661330341245048, 1951205.11366192647256 ], [ 965047.05878996278625, 1951205.11366192647256 ], [ 965003.757519773556851, 1951280.11366192647256 ] ] ] } },
{ "type": "Feature", "properties": { "fid": 509, "id": 509, "left": 965003.75751977356, "top": 1951205.1136619265, "right": 965176.96260053047, "bottom": 1951055.1136619265, "row_index": 4, "col_index": 24, "HexScore": 3 }, "geometry": { "type": "Polygon", "coordinates": [ [ [ 965003.757519773556851, 1951130.11366192647256 ], [ 965047.05878996278625, 1951205.11366192647256 ], [ 965133.661330341245048, 1951205.11366192647256 ], [ 965176.962600530474447, 1951130.11366192647256 ], [ 965133.661330341245048, 1951055.11366192647256 ], [ 965047.05878996278625, 1951055.11366192647256 ], [ 965003.757519773556851, 1951130.11366192647256 ] ] ] } },
{ "type": "Feature", "properties": { "fid": 510, "id": 510, "left": 965003.75751977356, "top": 1951055.1136619265, "right": 965176.96260053047, "bottom": 1950905.1136619265, "row_index": 5, "col_index": 24, "HexScore": 3 }, "geometry": { "type": "Polygon", "coordinates": [ [ [ 965003.757519773556851, 1950980.11366192647256 ], [ 965047.05878996278625, 1951055.11366192647256 ], [ 965133.661330341245048, 1951055.11366192647256 ], [ 965176.962600530474447, 1950980.11366192647256 ], [ 965133.661330341245048, 1950905.11366192647256 ], [ 965047.05878996278625, 1950905.11366192647256 ], [ 965003.757519773556851, 1950980.11366192647256 ] ] ] } },
{ "type": "Feature", "properties": { "fid": 511, "id": 511, "left": 965003.75751977356, "top": 1950905.1136619265, "right": 965176.96260053047, "bottom": 1950755.1136619265, "row_index": 6, "col_index": 24, "HexScore": 3 }, "geometry": { "type": "Polygon", "coordinates": [ [ [ 965003.757519773556851, 1950830.11366192647256 ], [ 965047.05878996278625, 1950905.11366192647256 ], [ 965133.661330341245048, 1950905.11366192647256 ], [ 965176.962600530474447, 1950830.11366192647256 ], [ 965133.661330341245048, 1950755.11366192647256 ], [ 965047.05878996278625, 1950755.11366192647256 ], [ 965003.757519773556851, 1950830.11366192647256 ] ] ] } },
{ "type": "Feature", "properties": { "fid": 512, "id": 512, "left": 965003.75751977356, "top": 1950755.1136619265, "right": 965176.96260053047, "bottom": 1950605.1136619265, "row_index": 7, "col_index": 24, "HexScore": 3 }, "geometry": { "type": "Polygon", "coordinates": [ [ [ 965003.757519773556851, 1950680.11366192647256 ], [ 965047.05878996278625, 1950755.11366192647256 ], [ 965133.661330341245048, 1950755.11366192647256 ], [ 965176.962600530474447, 1950680.11366192647256 ], [ 965133.661330341245048, 1950605.11366192647256 ], [ 965047.05878996278625, 1950605.11366192647256 ], [ 965003.757519773556851, 1950680.11366192647256 ] ] ] } },
{ "type": "Feature", "properties": { "fid": 513, "id": 513, "left": 965003.75751977356, "top": 1950605.1136619265, "right": 965176.96260053047, "bottom": 1950455.1136619265, "row_index": 8, "col_index": 24, "HexScore": 3 }, "geometry": { "type": "Polygon", "coordinates": [ [ [ 965003.757519773556851, 1950530.11366192647256 ], [ 965047.05878996278625, 1950605.11366192647256 ], [ 965133.661330341245048, 1950605.11366192647256 ], [ 965176.962600530474447, 1950530.11366192647256 ], [ 965133.661330341245048, 1950455.11366192647256 ], [ 965047.05878996278625, 1950455.11366192647256 ], [ 965003.757519773556851, 1950530.11366192647256 ] ] ] } },
{ "type": "Feature", "properties": { "fid": 514, "id": 514, "left": 965003.75751977356, "top": 1950455.1136619265, "right": 965176.96260053047, "bottom": 1950305.1136619265, "row_index": 9, "col_index": 24, "HexScore": 3 }, "geometry": { "type": "Polygon", "coordinates": [ [ [ 965003.757519773556851, 1950380.11366192647256 ], [ 965047.05878996278625, 1950455.11366192647256 ], [ 965133.661330341245048, 1950455.11366192647256 ], [ 965176.962600530474447, 1950380.11366192647256 ], [ 965133.661330341245048, 1950305.11366192647256 ], [ 965047.05878996278625, 1950305.11366192647256 ], [ 965003.757519773556851, 1950380.11366192647256 ] ] ] } },
{ "type": "Feature", "properties": { "fid": 515, "id": 515, "left": 965003.75751977356, "top": 1950305.1136619265, "right": 965176.96260053047, "bottom": 1950155.1136619265, "row_index": 10, "col_index": 24, "HexScore": 3 }, "geometry": { "type": "Polygon", "coordinates": [ [ [ 965003.757519773556851, 1950230.11366192647256 ], [ 965047.05878996278625, 1950305.11366192647256 ], [ 965133.661330341245048, 1950305.11366192647256 ], [ 965176.962600530474447, 1950230.11366192647256 ], [ 965133.661330341245048, 1950155.11366192647256 ], [ 965047.05878996278625, 1950155.11366192647256 ], [ 965003.757519773556851, 1950230.11366192647256 ] ] ] } },
{ "type": "Feature", "properties": { "fid": 516, "id": 516, "left": 965003.75751977356, "top": 1950155.1136619265, "right": 965176.96260053047, "bottom": 1950005.1136619265, "row_index": 11, "col_index": 24, "HexScore": 3 }, "geometry": { "type": "Polygon", "coordinates": [ [ [ 965003.757519773556851, 1950080.11366192647256 ], [ 965047.05878996278625, 1950155.11366192647256 ], [ 965133.661330341245048, 1950155.11366192647256 ], [ 965176.962600530474447, 1950080.11366192647256 ], [ 965133.661330341245048, 1950005.11366192647256 ], [ 965047.05878996278625, 1950005.11366192647256 ], [ 965003.757519773556851, 1950080.11366192647256 ] ] ] } },
{ "type": "Feature", "properties": { "fid": 517, "id": 517, "left": 965003.75751977356, "top": 1950005.1136619265, "right": 965176.96260053047, "bottom": 1949855.1136619265, "row_index": 12, "col_index": 24, "HexScore": 1 }, "geometry": { "type": "Polygon", "coordinates": [ [ [ 965003.757519773556851, 1949930.11366192647256 ], [ 965047.05878996278625, 1950005.11366192647256 ], [ 965133.661330341245048, 1950005.11366192647256 ], [ 965176.962600530474447, 1949930.11366192647256 ], [ 965133.661330341245048, 1949855.11366192647256 ], [ 965047.05878996278625, 1949855.11366192647256 ], [ 965003.757519773556851, 1949930.11366192647256 ] ] ] } },
{ "type": "Feature", "properties": { "fid": 518, "id": 518, "left": 965003.75751977356, "top": 1949855.1136619265, "right": 965176.96260053047, "bottom": 1949705.1136619265, "row_index": 13, "col_index": 24, "HexScore": 1 }, "geometry": { "type": "Polygon", "coordinates": [ [ [ 965003.757519773556851, 1949780.11366192647256 ], [ 965047.05878996278625, 1949855.11366192647256 ], [ 965133.661330341245048, 1949855.11366192647256 ], [ 965176.962600530474447, 1949780.11366192647256 ], [ 965133.661330341245048, 1949705.11366192647256 ], [ 965047.05878996278625, 1949705.11366192647256 ], [ 965003.757519773556851, 1949780.11366192647256 ] ] ] } },
{ "type": "Feature", "properties": { "fid": 519, "id": 519, "left": 965003.75751977356, "top": 1949705.1136619265, "right": 965176.96260053047, "bottom": 1949555.1136619265, "row_index": 14, "col_index": 24, "HexScore": 3 }, "geometry": { "type": "Polygon", "coordinates": [ [ [ 965003.757519773556851, 1949630.11366192647256 ], [ 965047.05878996278625, 1949705.11366192647256 ], [ 965133.661330341245048, 1949705.11366192647256 ], [ 965176.962600530474447, 1949630.11366192647256 ], [ 965133.661330341245048, 1949555.11366192647256 ], [ 965047.05878996278625, 1949555.11366192647256 ], [ 965003.757519773556851, 1949630.11366192647256 ] ] ] } },
{ "type": "Feature", "properties": { "fid": 520, "id": 520, "left": 965003.75751977356, "top": 1949555.1136619265, "right": 965176.96260053047, "bottom": 1949405.1136619265, "row_index": 15, "col_index": 24, "HexScore": 3 }, "geometry": { "type": "Polygon", "coordinates": [ [ [ 965003.757519773556851, 1949480.11366192647256 ], [ 965047.05878996278625, 1949555.11366192647256 ], [ 965133.661330341245048, 1949555.11366192647256 ], [ 965176.962600530474447, 1949480.11366192647256 ], [ 965133.661330341245048, 1949405.11366192647256 ], [ 965047.05878996278625, 1949405.11366192647256 ], [ 965003.757519773556851, 1949480.11366192647256 ] ] ] } },
{ "type": "Feature", "properties": { "fid": 521, "id": 521, "left": 965003.75751977356, "top": 1949405.1136619265, "right": 965176.96260053047, "bottom": 1949255.1136619265, "row_index": 16, "col_index": 24, "HexScore": 3 }, "geometry": { "type": "Polygon", "coordinates": [ [ [ 965003.757519773556851, 1949330.11366192647256 ], [ 965047.05878996278625, 1949405.11366192647256 ], [ 965133.661330341245048, 1949405.11366192647256 ], [ 965176.962600530474447, 1949330.11366192647256 ], [ 965133.661330341245048, 1949255.11366192647256 ], [ 965047.05878996278625, 1949255.11366192647256 ], [ 965003.757519773556851, 1949330.11366192647256 ] ] ] } },
{ "type": "Feature", "properties": { "fid": 522, "id": 522, "left": 965003.75751977356, "top": 1949255.1136619265, "right": 965176.96260053047, "bottom": 1949105.1136619265, "row_index": 17, "col_index": 24, "HexScore": 3 }, "geometry": { "type": "Polygon", "coordinates": [ [ [ 965003.757519773556851, 1949180.11366192647256 ], [ 965047.05878996278625, 1949255.11366192647256 ], [ 965133.661330341245048, 1949255.11366192647256 ], [ 965176.962600530474447, 1949180.11366192647256 ], [ 965133.661330341245048, 1949105.11366192647256 ], [ 965047.05878996278625, 1949105.11366192647256 ], [ 965003.757519773556851, 1949180.11366192647256 ] ] ] } },
{ "type": "Feature", "properties": { "fid": 523, "id": 523, "left": 965003.75751977356, "top": 1949105.1136619265, "right": 965176.96260053047, "bottom": 1948955.1136619265, "row_index": 18, "col_index": 24, "HexScore": 1 }, "geometry": { "type": "Polygon", "coordinates": [ [ [ 965003.757519773556851, 1949030.11366192647256 ], [ 965047.05878996278625, 1949105.11366192647256 ], [ 965133.661330341245048, 1949105.11366192647256 ], [ 965176.962600530474447, 1949030.11366192647256 ], [ 965133.661330341245048, 1948955.11366192647256 ], [ 965047.05878996278625, 1948955.11366192647256 ], [ 965003.757519773556851, 1949030.11366192647256 ] ] ] } },
{ "type": "Feature", "properties": { "fid": 524, "id": 524, "left": 965003.75751977356, "top": 1948955.1136619265, "right": 965176.96260053047, "bottom": 1948805.1136619265, "row_index": 19, "col_index": 24, "HexScore": 1 }, "geometry": { "type": "Polygon", "coordinates": [ [ [ 965003.757519773556851, 1948880.11366192647256 ], [ 965047.05878996278625, 1948955.11366192647256 ], [ 965133.661330341245048, 1948955.11366192647256 ], [ 965176.962600530474447, 1948880.11366192647256 ], [ 965133.661330341245048, 1948805.11366192647256 ], [ 965047.05878996278625, 1948805.11366192647256 ], [ 965003.757519773556851, 1948880.11366192647256 ] ] ] } },
{ "type": "Feature", "properties": { "fid": 525, "id": 525, "left": 965003.75751977356, "top": 1948805.1136619265, "right": 965176.96260053047, "bottom": 1948655.1136619265, "row_index": 20, "col_index": 24, "HexScore": 1 }, "geometry": { "type": "Polygon", "coordinates": [ [ [ 965003.757519773556851, 1948730.11366192647256 ], [ 965047.05878996278625, 1948805.11366192647256 ], [ 965133.661330341245048, 1948805.11366192647256 ], [ 965176.962600530474447, 1948730.11366192647256 ], [ 965133.661330341245048, 1948655.11366192647256 ], [ 965047.05878996278625, 1948655.11366192647256 ], [ 965003.757519773556851, 1948730.11366192647256 ] ] ] } },
{ "type": "Feature", "properties": { "fid": 526, "id": 526, "left": 965133.66133034125, "top": 1951730.1136619265, "right": 965306.86641109816, "bottom": 1951580.1136619265, "row_index": 0, "col_index": 25, "HexScore": 3 }, "geometry": { "type": "Polygon", "coordinates": [ [ [ 965133.661330341245048, 1951655.11366192647256 ], [ 965176.962600530474447, 1951730.11366192647256 ], [ 965263.565140908933245, 1951730.11366192647256 ], [ 965306.866411098162644, 1951655.11366192647256 ], [ 965263.565140908933245, 1951580.11366192647256 ], [ 965176.962600530474447, 1951580.11366192647256 ], [ 965133.661330341245048, 1951655.11366192647256 ] ] ] } },
{ "type": "Feature", "properties": { "fid": 527, "id": 527, "left": 965133.66133034125, "top": 1951580.1136619265, "right": 965306.86641109816, "bottom": 1951430.1136619265, "row_index": 1, "col_index": 25, "HexScore": 3 }, "geometry": { "type": "Polygon", "coordinates": [ [ [ 965133.661330341245048, 1951505.11366192647256 ], [ 965176.962600530474447, 1951580.11366192647256 ], [ 965263.565140908933245, 1951580.11366192647256 ], [ 965306.866411098162644, 1951505.11366192647256 ], [ 965263.565140908933245, 1951430.11366192647256 ], [ 965176.962600530474447, 1951430.11366192647256 ], [ 965133.661330341245048, 1951505.11366192647256 ] ] ] } },
{ "type": "Feature", "properties": { "fid": 528, "id": 528, "left": 965133.66133034125, "top": 1951430.1136619265, "right": 965306.86641109816, "bottom": 1951280.1136619265, "row_index": 2, "col_index": 25, "HexScore": 3 }, "geometry": { "type": "Polygon", "coordinates": [ [ [ 965133.661330341245048, 1951355.11366192647256 ], [ 965176.962600530474447, 1951430.11366192647256 ], [ 965263.565140908933245, 1951430.11366192647256 ], [ 965306.866411098162644, 1951355.11366192647256 ], [ 965263.565140908933245, 1951280.11366192647256 ], [ 965176.962600530474447, 1951280.11366192647256 ], [ 965133.661330341245048, 1951355.11366192647256 ] ] ] } },
{ "type": "Feature", "properties": { "fid": 529, "id": 529, "left": 965133.66133034125, "top": 1951280.1136619265, "right": 965306.86641109816, "bottom": 1951130.1136619265, "row_index": 3, "col_index": 25, "HexScore": 3 }, "geometry": { "type": "Polygon", "coordinates": [ [ [ 965133.661330341245048, 1951205.11366192647256 ], [ 965176.962600530474447, 1951280.11366192647256 ], [ 965263.565140908933245, 1951280.11366192647256 ], [ 965306.866411098162644, 1951205.11366192647256 ], [ 965263.565140908933245, 1951130.11366192647256 ], [ 965176.962600530474447, 1951130.11366192647256 ], [ 965133.661330341245048, 1951205.11366192647256 ] ] ] } },
{ "type": "Feature", "properties": { "fid": 530, "id": 530, "left": 965133.66133034125, "top": 1951130.1136619265, "right": 965306.86641109816, "bottom": 1950980.1136619265, "row_index": 4, "col_index": 25, "HexScore": 3 }, "geometry": { "type": "Polygon", "coordinates": [ [ [ 965133.661330341245048, 1951055.11366192647256 ], [ 965176.962600530474447, 1951130.11366192647256 ], [ 965263.565140908933245, 1951130.11366192647256 ], [ 965306.866411098162644, 1951055.11366192647256 ], [ 965263.565140908933245, 1950980.11366192647256 ], [ 965176.962600530474447, 1950980.11366192647256 ], [ 965133.661330341245048, 1951055.11366192647256 ] ] ] } },
{ "type": "Feature", "properties": { "fid": 531, "id": 531, "left": 965133.66133034125, "top": 1950980.1136619265, "right": 965306.86641109816, "bottom": 1950830.1136619265, "row_index": 5, "col_index": 25, "HexScore": 3 }, "geometry": { "type": "Polygon", "coordinates": [ [ [ 965133.661330341245048, 1950905.11366192647256 ], [ 965176.962600530474447, 1950980.11366192647256 ], [ 965263.565140908933245, 1950980.11366192647256 ], [ 965306.866411098162644, 1950905.11366192647256 ], [ 965263.565140908933245, 1950830.11366192647256 ], [ 965176.962600530474447, 1950830.11366192647256 ], [ 965133.661330341245048, 1950905.11366192647256 ] ] ] } },
{ "type": "Feature", "properties": { "fid": 532, "id": 532, "left": 965133.66133034125, "top": 1950830.1136619265, "right": 965306.86641109816, "bottom": 1950680.1136619265, "row_index": 6, "col_index": 25, "HexScore": 3 }, "geometry": { "type": "Polygon", "coordinates": [ [ [ 965133.661330341245048, 1950755.11366192647256 ], [ 965176.962600530474447, 1950830.11366192647256 ], [ 965263.565140908933245, 1950830.11366192647256 ], [ 965306.866411098162644, 1950755.11366192647256 ], [ 965263.565140908933245, 1950680.11366192647256 ], [ 965176.962600530474447, 1950680.11366192647256 ], [ 965133.661330341245048, 1950755.11366192647256 ] ] ] } },
{ "type": "Feature", "properties": { "fid": 533, "id": 533, "left": 965133.66133034125, "top": 1950680.1136619265, "right": 965306.86641109816, "bottom": 1950530.1136619265, "row_index": 7, "col_index": 25, "HexScore": 3 }, "geometry": { "type": "Polygon", "coordinates": [ [ [ 965133.661330341245048, 1950605.11366192647256 ], [ 965176.962600530474447, 1950680.11366192647256 ], [ 965263.565140908933245, 1950680.11366192647256 ], [ 965306.866411098162644, 1950605.11366192647256 ], [ 965263.565140908933245, 1950530.11366192647256 ], [ 965176.962600530474447, 1950530.11366192647256 ], [ 965133.661330341245048, 1950605.11366192647256 ] ] ] } },
{ "type": "Feature", "properties": { "fid": 534, "id": 534, "left": 965133.66133034125, "top": 1950530.1136619265, "right": 965306.86641109816, "bottom": 1950380.1136619265, "row_index": 8, "col_index": 25, "HexScore": 3 }, "geometry": { "type": "Polygon", "coordinates": [ [ [ 965133.661330341245048, 1950455.11366192647256 ], [ 965176.962600530474447, 1950530.11366192647256 ], [ 965263.565140908933245, 1950530.11366192647256 ], [ 965306.866411098162644, 1950455.11366192647256 ], [ 965263.565140908933245, 1950380.11366192647256 ], [ 965176.962600530474447, 1950380.11366192647256 ], [ 965133.661330341245048, 1950455.11366192647256 ] ] ] } },
{ "type": "Feature", "properties": { "fid": 535, "id": 535, "left": 965133.66133034125, "top": 1950380.1136619265, "right": 965306.86641109816, "bottom": 1950230.1136619265, "row_index": 9, "col_index": 25, "HexScore": 3 }, "geometry": { "type": "Polygon", "coordinates": [ [ [ 965133.661330341245048, 1950305.11366192647256 ], [ 965176.962600530474447, 1950380.11366192647256 ], [ 965263.565140908933245, 1950380.11366192647256 ], [ 965306.866411098162644, 1950305.11366192647256 ], [ 965263.565140908933245, 1950230.11366192647256 ], [ 965176.962600530474447, 1950230.11366192647256 ], [ 965133.661330341245048, 1950305.11366192647256 ] ] ] } },
{ "type": "Feature", "properties": { "fid": 536, "id": 536, "left": 965133.66133034125, "top": 1950230.1136619265, "right": 965306.86641109816, "bottom": 1950080.1136619265, "row_index": 10, "col_index": 25, "HexScore": 3 }, "geometry": { "type": "Polygon", "coordinates": [ [ [ 965133.661330341245048, 1950155.11366192647256 ], [ 965176.962600530474447, 1950230.11366192647256 ], [ 965263.565140908933245, 1950230.11366192647256 ], [ 965306.866411098162644, 1950155.11366192647256 ], [ 965263.565140908933245, 1950080.11366192647256 ], [ 965176.962600530474447, 1950080.11366192647256 ], [ 965133.661330341245048, 1950155.11366192647256 ] ] ] } },
{ "type": "Feature", "properties": { "fid": 537, "id": 537, "left": 965133.66133034125, "top": 1950080.1136619265, "right": 965306.86641109816, "bottom": 1949930.1136619265, "row_index": 11, "col_index": 25, "HexScore": 3 }, "geometry": { "type": "Polygon", "coordinates": [ [ [ 965133.661330341245048, 1950005.11366192647256 ], [ 965176.962600530474447, 1950080.11366192647256 ], [ 965263.565140908933245, 1950080.11366192647256 ], [ 965306.866411098162644, 1950005.11366192647256 ], [ 965263.565140908933245, 1949930.11366192647256 ], [ 965176.962600530474447, 1949930.11366192647256 ], [ 965133.661330341245048, 1950005.11366192647256 ] ] ] } },
{ "type": "Feature", "properties": { "fid": 538, "id": 538, "left": 965133.66133034125, "top": 1949930.1136619265, "right": 965306.86641109816, "bottom": 1949780.1136619265, "row_index": 12, "col_index": 25, "HexScore": 1 }, "geometry": { "type": "Polygon", "coordinates": [ [ [ 965133.661330341245048, 1949855.11366192647256 ], [ 965176.962600530474447, 1949930.11366192647256 ], [ 965263.565140908933245, 1949930.11366192647256 ], [ 965306.866411098162644, 1949855.11366192647256 ], [ 965263.565140908933245, 1949780.11366192647256 ], [ 965176.962600530474447, 1949780.11366192647256 ], [ 965133.661330341245048, 1949855.11366192647256 ] ] ] } },
{ "type": "Feature", "properties": { "fid": 539, "id": 539, "left": 965133.66133034125, "top": 1949780.1136619265, "right": 965306.86641109816, "bottom": 1949630.1136619265, "row_index": 13, "col_index": 25, "HexScore": 1 }, "geometry": { "type": "Polygon", "coordinates": [ [ [ 965133.661330341245048, 1949705.11366192647256 ], [ 965176.962600530474447, 1949780.11366192647256 ], [ 965263.565140908933245, 1949780.11366192647256 ], [ 965306.866411098162644, 1949705.11366192647256 ], [ 965263.565140908933245, 1949630.11366192647256 ], [ 965176.962600530474447, 1949630.11366192647256 ], [ 965133.661330341245048, 1949705.11366192647256 ] ] ] } },
{ "type": "Feature", "properties": { "fid": 540, "id": 540, "left": 965133.66133034125, "top": 1949630.1136619265, "right": 965306.86641109816, "bottom": 1949480.1136619265, "row_index": 14, "col_index": 25, "HexScore": 3 }, "geometry": { "type": "Polygon", "coordinates": [ [ [ 965133.661330341245048, 1949555.11366192647256 ], [ 965176.962600530474447, 1949630.11366192647256 ], [ 965263.565140908933245, 1949630.11366192647256 ], [ 965306.866411098162644, 1949555.11366192647256 ], [ 965263.565140908933245, 1949480.11366192647256 ], [ 965176.962600530474447, 1949480.11366192647256 ], [ 965133.661330341245048, 1949555.11366192647256 ] ] ] } },
{ "type": "Feature", "properties": { "fid": 541, "id": 541, "left": 965133.66133034125, "top": 1949480.1136619265, "right": 965306.86641109816, "bottom": 1949330.1136619265, "row_index": 15, "col_index": 25, "HexScore": 3 }, "geometry": { "type": "Polygon", "coordinates": [ [ [ 965133.661330341245048, 1949405.11366192647256 ], [ 965176.962600530474447, 1949480.11366192647256 ], [ 965263.565140908933245, 1949480.11366192647256 ], [ 965306.866411098162644, 1949405.11366192647256 ], [ 965263.565140908933245, 1949330.11366192647256 ], [ 965176.962600530474447, 1949330.11366192647256 ], [ 965133.661330341245048, 1949405.11366192647256 ] ] ] } },
{ "type": "Feature", "properties": { "fid": 542, "id": 542, "left": 965133.66133034125, "top": 1949330.1136619265, "right": 965306.86641109816, "bottom": 1949180.1136619265, "row_index": 16, "col_index": 25, "HexScore": 1 }, "geometry": { "type": "Polygon", "coordinates": [ [ [ 965133.661330341245048, 1949255.11366192647256 ], [ 965176.962600530474447, 1949330.11366192647256 ], [ 965263.565140908933245, 1949330.11366192647256 ], [ 965306.866411098162644, 1949255.11366192647256 ], [ 965263.565140908933245, 1949180.11366192647256 ], [ 965176.962600530474447, 1949180.11366192647256 ], [ 965133.661330341245048, 1949255.11366192647256 ] ] ] } },
{ "type": "Feature", "properties": { "fid": 543, "id": 543, "left": 965133.66133034125, "top": 1949180.1136619265, "right": 965306.86641109816, "bottom": 1949030.1136619265, "row_index": 17, "col_index": 25, "HexScore": 1 }, "geometry": { "type": "Polygon", "coordinates": [ [ [ 965133.661330341245048, 1949105.11366192647256 ], [ 965176.962600530474447, 1949180.11366192647256 ], [ 965263.565140908933245, 1949180.11366192647256 ], [ 965306.866411098162644, 1949105.11366192647256 ], [ 965263.565140908933245, 1949030.11366192647256 ], [ 965176.962600530474447, 1949030.11366192647256 ], [ 965133.661330341245048, 1949105.11366192647256 ] ] ] } },
{ "type": "Feature", "properties": { "fid": 544, "id": 544, "left": 965133.66133034125, "top": 1949030.1136619265, "right": 965306.86641109816, "bottom": 1948880.1136619265, "row_index": 18, "col_index": 25, "HexScore": 1 }, "geometry": { "type": "Polygon", "coordinates": [ [ [ 965133.661330341245048, 1948955.11366192647256 ], [ 965176.962600530474447, 1949030.11366192647256 ], [ 965263.565140908933245, 1949030.11366192647256 ], [ 965306.866411098162644, 1948955.11366192647256 ], [ 965263.565140908933245, 1948880.11366192647256 ], [ 965176.962600530474447, 1948880.11366192647256 ], [ 965133.661330341245048, 1948955.11366192647256 ] ] ] } },
{ "type": "Feature", "properties": { "fid": 545, "id": 545, "left": 965133.66133034125, "top": 1948880.1136619265, "right": 965306.86641109816, "bottom": 1948730.1136619265, "row_index": 19, "col_index": 25, "HexScore": 1 }, "geometry": { "type": "Polygon", "coordinates": [ [ [ 965133.661330341245048, 1948805.11366192647256 ], [ 965176.962600530474447, 1948880.11366192647256 ], [ 965263.565140908933245, 1948880.11366192647256 ], [ 965306.866411098162644, 1948805.11366192647256 ], [ 965263.565140908933245, 1948730.11366192647256 ], [ 965176.962600530474447, 1948730.11366192647256 ], [ 965133.661330341245048, 1948805.11366192647256 ] ] ] } },
{ "type": "Feature", "properties": { "fid": 546, "id": 546, "left": 965133.66133034125, "top": 1948730.1136619265, "right": 965306.86641109816, "bottom": 1948580.1136619265, "row_index": 20, "col_index": 25, "HexScore": 1 }, "geometry": { "type": "Polygon", "coordinates": [ [ [ 965133.661330341245048, 1948655.11366192647256 ], [ 965176.962600530474447, 1948730.11366192647256 ], [ 965263.565140908933245, 1948730.11366192647256 ], [ 965306.866411098162644, 1948655.11366192647256 ], [ 965263.565140908933245, 1948580.11366192647256 ], [ 965176.962600530474447, 1948580.11366192647256 ], [ 965133.661330341245048, 1948655.11366192647256 ] ] ] } },
{ "type": "Feature", "properties": { "fid": 547, "id": 547, "left": 965263.56514090893, "top": 1951805.1136619265, "right": 965436.77022166585, "bottom": 1951655.1136619265, "row_index": 0, "col_index": 26, "HexScore": 3 }, "geometry": { "type": "Polygon", "coordinates": [ [ [ 965263.565140908933245, 1951730.11366192647256 ], [ 965306.866411098162644, 1951805.11366192647256 ], [ 965393.468951476621442, 1951805.11366192647256 ], [ 965436.770221665850841, 1951730.11366192647256 ], [ 965393.468951476621442, 1951655.11366192647256 ], [ 965306.866411098162644, 1951655.11366192647256 ], [ 965263.565140908933245, 1951730.11366192647256 ] ] ] } },
{ "type": "Feature", "properties": { "fid": 548, "id": 548, "left": 965263.56514090893, "top": 1951655.1136619265, "right": 965436.77022166585, "bottom": 1951505.1136619265, "row_index": 1, "col_index": 26, "HexScore": 3 }, "geometry": { "type": "Polygon", "coordinates": [ [ [ 965263.565140908933245, 1951580.11366192647256 ], [ 965306.866411098162644, 1951655.11366192647256 ], [ 965393.468951476621442, 1951655.11366192647256 ], [ 965436.770221665850841, 1951580.11366192647256 ], [ 965393.468951476621442, 1951505.11366192647256 ], [ 965306.866411098162644, 1951505.11366192647256 ], [ 965263.565140908933245, 1951580.11366192647256 ] ] ] } },
{ "type": "Feature", "properties": { "fid": 549, "id": 549, "left": 965263.56514090893, "top": 1951505.1136619265, "right": 965436.77022166585, "bottom": 1951355.1136619265, "row_index": 2, "col_index": 26, "HexScore": 3 }, "geometry": { "type": "Polygon", "coordinates": [ [ [ 965263.565140908933245, 1951430.11366192647256 ], [ 965306.866411098162644, 1951505.11366192647256 ], [ 965393.468951476621442, 1951505.11366192647256 ], [ 965436.770221665850841, 1951430.11366192647256 ], [ 965393.468951476621442, 1951355.11366192647256 ], [ 965306.866411098162644, 1951355.11366192647256 ], [ 965263.565140908933245, 1951430.11366192647256 ] ] ] } },
{ "type": "Feature", "properties": { "fid": 550, "id": 550, "left": 965263.56514090893, "top": 1951355.1136619265, "right": 965436.77022166585, "bottom": 1951205.1136619265, "row_index": 3, "col_index": 26, "HexScore": 3 }, "geometry": { "type": "Polygon", "coordinates": [ [ [ 965263.565140908933245, 1951280.11366192647256 ], [ 965306.866411098162644, 1951355.11366192647256 ], [ 965393.468951476621442, 1951355.11366192647256 ], [ 965436.770221665850841, 1951280.11366192647256 ], [ 965393.468951476621442, 1951205.11366192647256 ], [ 965306.866411098162644, 1951205.11366192647256 ], [ 965263.565140908933245, 1951280.11366192647256 ] ] ] } },
{ "type": "Feature", "properties": { "fid": 551, "id": 551, "left": 965263.56514090893, "top": 1951205.1136619265, "right": 965436.77022166585, "bottom": 1951055.1136619265, "row_index": 4, "col_index": 26, "HexScore": 3 }, "geometry": { "type": "Polygon", "coordinates": [ [ [ 965263.565140908933245, 1951130.11366192647256 ], [ 965306.866411098162644, 1951205.11366192647256 ], [ 965393.468951476621442, 1951205.11366192647256 ], [ 965436.770221665850841, 1951130.11366192647256 ], [ 965393.468951476621442, 1951055.11366192647256 ], [ 965306.866411098162644, 1951055.11366192647256 ], [ 965263.565140908933245, 1951130.11366192647256 ] ] ] } },
{ "type": "Feature", "properties": { "fid": 552, "id": 552, "left": 965263.56514090893, "top": 1951055.1136619265, "right": 965436.77022166585, "bottom": 1950905.1136619265, "row_index": 5, "col_index": 26, "HexScore": 3 }, "geometry": { "type": "Polygon", "coordinates": [ [ [ 965263.565140908933245, 1950980.11366192647256 ], [ 965306.866411098162644, 1951055.11366192647256 ], [ 965393.468951476621442, 1951055.11366192647256 ], [ 965436.770221665850841, 1950980.11366192647256 ], [ 965393.468951476621442, 1950905.11366192647256 ], [ 965306.866411098162644, 1950905.11366192647256 ], [ 965263.565140908933245, 1950980.11366192647256 ] ] ] } },
{ "type": "Feature", "properties": { "fid": 553, "id": 553, "left": 965263.56514090893, "top": 1950905.1136619265, "right": 965436.77022166585, "bottom": 1950755.1136619265, "row_index": 6, "col_index": 26, "HexScore": 3 }, "geometry": { "type": "Polygon", "coordinates": [ [ [ 965263.565140908933245, 1950830.11366192647256 ], [ 965306.866411098162644, 1950905.11366192647256 ], [ 965393.468951476621442, 1950905.11366192647256 ], [ 965436.770221665850841, 1950830.11366192647256 ], [ 965393.468951476621442, 1950755.11366192647256 ], [ 965306.866411098162644, 1950755.11366192647256 ], [ 965263.565140908933245, 1950830.11366192647256 ] ] ] } },
{ "type": "Feature", "properties": { "fid": 554, "id": 554, "left": 965263.56514090893, "top": 1950755.1136619265, "right": 965436.77022166585, "bottom": 1950605.1136619265, "row_index": 7, "col_index": 26, "HexScore": 3 }, "geometry": { "type": "Polygon", "coordinates": [ [ [ 965263.565140908933245, 1950680.11366192647256 ], [ 965306.866411098162644, 1950755.11366192647256 ], [ 965393.468951476621442, 1950755.11366192647256 ], [ 965436.770221665850841, 1950680.11366192647256 ], [ 965393.468951476621442, 1950605.11366192647256 ], [ 965306.866411098162644, 1950605.11366192647256 ], [ 965263.565140908933245, 1950680.11366192647256 ] ] ] } },
{ "type": "Feature", "properties": { "fid": 555, "id": 555, "left": 965263.56514090893, "top": 1950605.1136619265, "right": 965436.77022166585, "bottom": 1950455.1136619265, "row_index": 8, "col_index": 26, "HexScore": 3 }, "geometry": { "type": "Polygon", "coordinates": [ [ [ 965263.565140908933245, 1950530.11366192647256 ], [ 965306.866411098162644, 1950605.11366192647256 ], [ 965393.468951476621442, 1950605.11366192647256 ], [ 965436.770221665850841, 1950530.11366192647256 ], [ 965393.468951476621442, 1950455.11366192647256 ], [ 965306.866411098162644, 1950455.11366192647256 ], [ 965263.565140908933245, 1950530.11366192647256 ] ] ] } },
{ "type": "Feature", "properties": { "fid": 556, "id": 556, "left": 965263.56514090893, "top": 1950455.1136619265, "right": 965436.77022166585, "bottom": 1950305.1136619265, "row_index": 9, "col_index": 26, "HexScore": 3 }, "geometry": { "type": "Polygon", "coordinates": [ [ [ 965263.565140908933245, 1950380.11366192647256 ], [ 965306.866411098162644, 1950455.11366192647256 ], [ 965393.468951476621442, 1950455.11366192647256 ], [ 965436.770221665850841, 1950380.11366192647256 ], [ 965393.468951476621442, 1950305.11366192647256 ], [ 965306.866411098162644, 1950305.11366192647256 ], [ 965263.565140908933245, 1950380.11366192647256 ] ] ] } },
{ "type": "Feature", "properties": { "fid": 557, "id": 557, "left": 965263.56514090893, "top": 1950305.1136619265, "right": 965436.77022166585, "bottom": 1950155.1136619265, "row_index": 10, "col_index": 26, "HexScore": 3 }, "geometry": { "type": "Polygon", "coordinates": [ [ [ 965263.565140908933245, 1950230.11366192647256 ], [ 965306.866411098162644, 1950305.11366192647256 ], [ 965393.468951476621442, 1950305.11366192647256 ], [ 965436.770221665850841, 1950230.11366192647256 ], [ 965393.468951476621442, 1950155.11366192647256 ], [ 965306.866411098162644, 1950155.11366192647256 ], [ 965263.565140908933245, 1950230.11366192647256 ] ] ] } },
{ "type": "Feature", "properties": { "fid": 558, "id": 558, "left": 965263.56514090893, "top": 1950155.1136619265, "right": 965436.77022166585, "bottom": 1950005.1136619265, "row_index": 11, "col_index": 26, "HexScore": 3 }, "geometry": { "type": "Polygon", "coordinates": [ [ [ 965263.565140908933245, 1950080.11366192647256 ], [ 965306.866411098162644, 1950155.11366192647256 ], [ 965393.468951476621442, 1950155.11366192647256 ], [ 965436.770221665850841, 1950080.11366192647256 ], [ 965393.468951476621442, 1950005.11366192647256 ], [ 965306.866411098162644, 1950005.11366192647256 ], [ 965263.565140908933245, 1950080.11366192647256 ] ] ] } },
{ "type": "Feature", "properties": { "fid": 559, "id": 559, "left": 965263.56514090893, "top": 1950005.1136619265, "right": 965436.77022166585, "bottom": 1949855.1136619265, "row_index": 12, "col_index": 26, "HexScore": 3 }, "geometry": { "type": "Polygon", "coordinates": [ [ [ 965263.565140908933245, 1949930.11366192647256 ], [ 965306.866411098162644, 1950005.11366192647256 ], [ 965393.468951476621442, 1950005.11366192647256 ], [ 965436.770221665850841, 1949930.11366192647256 ], [ 965393.468951476621442, 1949855.11366192647256 ], [ 965306.866411098162644, 1949855.11366192647256 ], [ 965263.565140908933245, 1949930.11366192647256 ] ] ] } },
{ "type": "Feature", "properties": { "fid": 560, "id": 560, "left": 965263.56514090893, "top": 1949855.1136619265, "right": 965436.77022166585, "bottom": 1949705.1136619265, "row_index": 13, "col_index": 26, "HexScore": 3 }, "geometry": { "type": "Polygon", "coordinates": [ [ [ 965263.565140908933245, 1949780.11366192647256 ], [ 965306.866411098162644, 1949855.11366192647256 ], [ 965393.468951476621442, 1949855.11366192647256 ], [ 965436.770221665850841, 1949780.11366192647256 ], [ 965393.468951476621442, 1949705.11366192647256 ], [ 965306.866411098162644, 1949705.11366192647256 ], [ 965263.565140908933245, 1949780.11366192647256 ] ] ] } },
{ "type": "Feature", "properties": { "fid": 561, "id": 561, "left": 965263.56514090893, "top": 1949705.1136619265, "right": 965436.77022166585, "bottom": 1949555.1136619265, "row_index": 14, "col_index": 26, "HexScore": 1 }, "geometry": { "type": "Polygon", "coordinates": [ [ [ 965263.565140908933245, 1949630.11366192647256 ], [ 965306.866411098162644, 1949705.11366192647256 ], [ 965393.468951476621442, 1949705.11366192647256 ], [ 965436.770221665850841, 1949630.11366192647256 ], [ 965393.468951476621442, 1949555.11366192647256 ], [ 965306.866411098162644, 1949555.11366192647256 ], [ 965263.565140908933245, 1949630.11366192647256 ] ] ] } },
{ "type": "Feature", "properties": { "fid": 562, "id": 562, "left": 965263.56514090893, "top": 1949555.1136619265, "right": 965436.77022166585, "bottom": 1949405.1136619265, "row_index": 15, "col_index": 26, "HexScore": 3 }, "geometry": { "type": "Polygon", "coordinates": [ [ [ 965263.565140908933245, 1949480.11366192647256 ], [ 965306.866411098162644, 1949555.11366192647256 ], [ 965393.468951476621442, 1949555.11366192647256 ], [ 965436.770221665850841, 1949480.11366192647256 ], [ 965393.468951476621442, 1949405.11366192647256 ], [ 965306.866411098162644, 1949405.11366192647256 ], [ 965263.565140908933245, 1949480.11366192647256 ] ] ] } },
{ "type": "Feature", "properties": { "fid": 563, "id": 563, "left": 965263.56514090893, "top": 1949405.1136619265, "right": 965436.77022166585, "bottom": 1949255.1136619265, "row_index": 16, "col_index": 26, "HexScore": 1 }, "geometry": { "type": "Polygon", "coordinates": [ [ [ 965263.565140908933245, 1949330.11366192647256 ], [ 965306.866411098162644, 1949405.11366192647256 ], [ 965393.468951476621442, 1949405.11366192647256 ], [ 965436.770221665850841, 1949330.11366192647256 ], [ 965393.468951476621442, 1949255.11366192647256 ], [ 965306.866411098162644, 1949255.11366192647256 ], [ 965263.565140908933245, 1949330.11366192647256 ] ] ] } },
{ "type": "Feature", "properties": { "fid": 564, "id": 564, "left": 965263.56514090893, "top": 1949255.1136619265, "right": 965436.77022166585, "bottom": 1949105.1136619265, "row_index": 17, "col_index": 26, "HexScore": 1 }, "geometry": { "type": "Polygon", "coordinates": [ [ [ 965263.565140908933245, 1949180.11366192647256 ], [ 965306.866411098162644, 1949255.11366192647256 ], [ 965393.468951476621442, 1949255.11366192647256 ], [ 965436.770221665850841, 1949180.11366192647256 ], [ 965393.468951476621442, 1949105.11366192647256 ], [ 965306.866411098162644, 1949105.11366192647256 ], [ 965263.565140908933245, 1949180.11366192647256 ] ] ] } },
{ "type": "Feature", "properties": { "fid": 565, "id": 565, "left": 965263.56514090893, "top": 1949105.1136619265, "right": 965436.77022166585, "bottom": 1948955.1136619265, "row_index": 18, "col_index": 26, "HexScore": 1 }, "geometry": { "type": "Polygon", "coordinates": [ [ [ 965263.565140908933245, 1949030.11366192647256 ], [ 965306.866411098162644, 1949105.11366192647256 ], [ 965393.468951476621442, 1949105.11366192647256 ], [ 965436.770221665850841, 1949030.11366192647256 ], [ 965393.468951476621442, 1948955.11366192647256 ], [ 965306.866411098162644, 1948955.11366192647256 ], [ 965263.565140908933245, 1949030.11366192647256 ] ] ] } },
{ "type": "Feature", "properties": { "fid": 566, "id": 566, "left": 965263.56514090893, "top": 1948955.1136619265, "right": 965436.77022166585, "bottom": 1948805.1136619265, "row_index": 19, "col_index": 26, "HexScore": 1 }, "geometry": { "type": "Polygon", "coordinates": [ [ [ 965263.565140908933245, 1948880.11366192647256 ], [ 965306.866411098162644, 1948955.11366192647256 ], [ 965393.468951476621442, 1948955.11366192647256 ], [ 965436.770221665850841, 1948880.11366192647256 ], [ 965393.468951476621442, 1948805.11366192647256 ], [ 965306.866411098162644, 1948805.11366192647256 ], [ 965263.565140908933245, 1948880.11366192647256 ] ] ] } },
{ "type": "Feature", "properties": { "fid": 567, "id": 567, "left": 965263.56514090893, "top": 1948805.1136619265, "right": 965436.77022166585, "bottom": 1948655.1136619265, "row_index": 20, "col_index": 26, "HexScore": 1 }, "geometry": { "type": "Polygon", "coordinates": [ [ [ 965263.565140908933245, 1948730.11366192647256 ], [ 965306.866411098162644, 1948805.11366192647256 ], [ 965393.468951476621442, 1948805.11366192647256 ], [ 965436.770221665850841, 1948730.11366192647256 ], [ 965393.468951476621442, 1948655.11366192647256 ], [ 965306.866411098162644, 1948655.11366192647256 ], [ 965263.565140908933245, 1948730.11366192647256 ] ] ] } },
{ "type": "Feature", "properties": { "fid": 568, "id": 568, "left": 965393.46895147662, "top": 1951730.1136619265, "right": 965566.67403223354, "bottom": 1951580.1136619265, "row_index": 0, "col_index": 27, "HexScore": 3 }, "geometry": { "type": "Polygon", "coordinates": [ [ [ 965393.468951476621442, 1951655.11366192647256 ], [ 965436.770221665850841, 1951730.11366192647256 ], [ 965523.372762044309638, 1951730.11366192647256 ], [ 965566.674032233539037, 1951655.11366192647256 ], [ 965523.372762044309638, 1951580.11366192647256 ], [ 965436.770221665850841, 1951580.11366192647256 ], [ 965393.468951476621442, 1951655.11366192647256 ] ] ] } },
{ "type": "Feature", "properties": { "fid": 569, "id": 569, "left": 965393.46895147662, "top": 1951580.1136619265, "right": 965566.67403223354, "bottom": 1951430.1136619265, "row_index": 1, "col_index": 27, "HexScore": 3 }, "geometry": { "type": "Polygon", "coordinates": [ [ [ 965393.468951476621442, 1951505.11366192647256 ], [ 965436.770221665850841, 1951580.11366192647256 ], [ 965523.372762044309638, 1951580.11366192647256 ], [ 965566.674032233539037, 1951505.11366192647256 ], [ 965523.372762044309638, 1951430.11366192647256 ], [ 965436.770221665850841, 1951430.11366192647256 ], [ 965393.468951476621442, 1951505.11366192647256 ] ] ] } },
{ "type": "Feature", "properties": { "fid": 570, "id": 570, "left": 965393.46895147662, "top": 1951430.1136619265, "right": 965566.67403223354, "bottom": 1951280.1136619265, "row_index": 2, "col_index": 27, "HexScore": 3 }, "geometry": { "type": "Polygon", "coordinates": [ [ [ 965393.468951476621442, 1951355.11366192647256 ], [ 965436.770221665850841, 1951430.11366192647256 ], [ 965523.372762044309638, 1951430.11366192647256 ], [ 965566.674032233539037, 1951355.11366192647256 ], [ 965523.372762044309638, 1951280.11366192647256 ], [ 965436.770221665850841, 1951280.11366192647256 ], [ 965393.468951476621442, 1951355.11366192647256 ] ] ] } },
{ "type": "Feature", "properties": { "fid": 571, "id": 571, "left": 965393.46895147662, "top": 1951280.1136619265, "right": 965566.67403223354, "bottom": 1951130.1136619265, "row_index": 3, "col_index": 27, "HexScore": 3 }, "geometry": { "type": "Polygon", "coordinates": [ [ [ 965393.468951476621442, 1951205.11366192647256 ], [ 965436.770221665850841, 1951280.11366192647256 ], [ 965523.372762044309638, 1951280.11366192647256 ], [ 965566.674032233539037, 1951205.11366192647256 ], [ 965523.372762044309638, 1951130.11366192647256 ], [ 965436.770221665850841, 1951130.11366192647256 ], [ 965393.468951476621442, 1951205.11366192647256 ] ] ] } },
{ "type": "Feature", "properties": { "fid": 572, "id": 572, "left": 965393.46895147662, "top": 1951130.1136619265, "right": 965566.67403223354, "bottom": 1950980.1136619265, "row_index": 4, "col_index": 27, "HexScore": 3 }, "geometry": { "type": "Polygon", "coordinates": [ [ [ 965393.468951476621442, 1951055.11366192647256 ], [ 965436.770221665850841, 1951130.11366192647256 ], [ 965523.372762044309638, 1951130.11366192647256 ], [ 965566.674032233539037, 1951055.11366192647256 ], [ 965523.372762044309638, 1950980.11366192647256 ], [ 965436.770221665850841, 1950980.11366192647256 ], [ 965393.468951476621442, 1951055.11366192647256 ] ] ] } },
{ "type": "Feature", "properties": { "fid": 573, "id": 573, "left": 965393.46895147662, "top": 1950980.1136619265, "right": 965566.67403223354, "bottom": 1950830.1136619265, "row_index": 5, "col_index": 27, "HexScore": 3 }, "geometry": { "type": "Polygon", "coordinates": [ [ [ 965393.468951476621442, 1950905.11366192647256 ], [ 965436.770221665850841, 1950980.11366192647256 ], [ 965523.372762044309638, 1950980.11366192647256 ], [ 965566.674032233539037, 1950905.11366192647256 ], [ 965523.372762044309638, 1950830.11366192647256 ], [ 965436.770221665850841, 1950830.11366192647256 ], [ 965393.468951476621442, 1950905.11366192647256 ] ] ] } },
{ "type": "Feature", "properties": { "fid": 574, "id": 574, "left": 965393.46895147662, "top": 1950830.1136619265, "right": 965566.67403223354, "bottom": 1950680.1136619265, "row_index": 6, "col_index": 27, "HexScore": 3 }, "geometry": { "type": "Polygon", "coordinates": [ [ [ 965393.468951476621442, 1950755.11366192647256 ], [ 965436.770221665850841, 1950830.11366192647256 ], [ 965523.372762044309638, 1950830.11366192647256 ], [ 965566.674032233539037, 1950755.11366192647256 ], [ 965523.372762044309638, 1950680.11366192647256 ], [ 965436.770221665850841, 1950680.11366192647256 ], [ 965393.468951476621442, 1950755.11366192647256 ] ] ] } },
{ "type": "Feature", "properties": { "fid": 575, "id": 575, "left": 965393.46895147662, "top": 1950680.1136619265, "right": 965566.67403223354, "bottom": 1950530.1136619265, "row_index": 7, "col_index": 27, "HexScore": 3 }, "geometry": { "type": "Polygon", "coordinates": [ [ [ 965393.468951476621442, 1950605.11366192647256 ], [ 965436.770221665850841, 1950680.11366192647256 ], [ 965523.372762044309638, 1950680.11366192647256 ], [ 965566.674032233539037, 1950605.11366192647256 ], [ 965523.372762044309638, 1950530.11366192647256 ], [ 965436.770221665850841, 1950530.11366192647256 ], [ 965393.468951476621442, 1950605.11366192647256 ] ] ] } },
{ "type": "Feature", "properties": { "fid": 576, "id": 576, "left": 965393.46895147662, "top": 1950530.1136619265, "right": 965566.67403223354, "bottom": 1950380.1136619265, "row_index": 8, "col_index": 27, "HexScore": 3 }, "geometry": { "type": "Polygon", "coordinates": [ [ [ 965393.468951476621442, 1950455.11366192647256 ], [ 965436.770221665850841, 1950530.11366192647256 ], [ 965523.372762044309638, 1950530.11366192647256 ], [ 965566.674032233539037, 1950455.11366192647256 ], [ 965523.372762044309638, 1950380.11366192647256 ], [ 965436.770221665850841, 1950380.11366192647256 ], [ 965393.468951476621442, 1950455.11366192647256 ] ] ] } },
{ "type": "Feature", "properties": { "fid": 577, "id": 577, "left": 965393.46895147662, "top": 1950380.1136619265, "right": 965566.67403223354, "bottom": 1950230.1136619265, "row_index": 9, "col_index": 27, "HexScore": 3 }, "geometry": { "type": "Polygon", "coordinates": [ [ [ 965393.468951476621442, 1950305.11366192647256 ], [ 965436.770221665850841, 1950380.11366192647256 ], [ 965523.372762044309638, 1950380.11366192647256 ], [ 965566.674032233539037, 1950305.11366192647256 ], [ 965523.372762044309638, 1950230.11366192647256 ], [ 965436.770221665850841, 1950230.11366192647256 ], [ 965393.468951476621442, 1950305.11366192647256 ] ] ] } },
{ "type": "Feature", "properties": { "fid": 578, "id": 578, "left": 965393.46895147662, "top": 1950230.1136619265, "right": 965566.67403223354, "bottom": 1950080.1136619265, "row_index": 10, "col_index": 27, "HexScore": 3 }, "geometry": { "type": "Polygon", "coordinates": [ [ [ 965393.468951476621442, 1950155.11366192647256 ], [ 965436.770221665850841, 1950230.11366192647256 ], [ 965523.372762044309638, 1950230.11366192647256 ], [ 965566.674032233539037, 1950155.11366192647256 ], [ 965523.372762044309638, 1950080.11366192647256 ], [ 965436.770221665850841, 1950080.11366192647256 ], [ 965393.468951476621442, 1950155.11366192647256 ] ] ] } },
{ "type": "Feature", "properties": { "fid": 579, "id": 579, "left": 965393.46895147662, "top": 1950080.1136619265, "right": 965566.67403223354, "bottom": 1949930.1136619265, "row_index": 11, "col_index": 27, "HexScore": 3 }, "geometry": { "type": "Polygon", "coordinates": [ [ [ 965393.468951476621442, 1950005.11366192647256 ], [ 965436.770221665850841, 1950080.11366192647256 ], [ 965523.372762044309638, 1950080.11366192647256 ], [ 965566.674032233539037, 1950005.11366192647256 ], [ 965523.372762044309638, 1949930.11366192647256 ], [ 965436.770221665850841, 1949930.11366192647256 ], [ 965393.468951476621442, 1950005.11366192647256 ] ] ] } },
{ "type": "Feature", "properties": { "fid": 580, "id": 580, "left": 965393.46895147662, "top": 1949930.1136619265, "right": 965566.67403223354, "bottom": 1949780.1136619265, "row_index": 12, "col_index": 27, "HexScore": 3 }, "geometry": { "type": "Polygon", "coordinates": [ [ [ 965393.468951476621442, 1949855.11366192647256 ], [ 965436.770221665850841, 1949930.11366192647256 ], [ 965523.372762044309638, 1949930.11366192647256 ], [ 965566.674032233539037, 1949855.11366192647256 ], [ 965523.372762044309638, 1949780.11366192647256 ], [ 965436.770221665850841, 1949780.11366192647256 ], [ 965393.468951476621442, 1949855.11366192647256 ] ] ] } },
{ "type": "Feature", "properties": { "fid": 581, "id": 581, "left": 965393.46895147662, "top": 1949780.1136619265, "right": 965566.67403223354, "bottom": 1949630.1136619265, "row_index": 13, "col_index": 27, "HexScore": 3 }, "geometry": { "type": "Polygon", "coordinates": [ [ [ 965393.468951476621442, 1949705.11366192647256 ], [ 965436.770221665850841, 1949780.11366192647256 ], [ 965523.372762044309638, 1949780.11366192647256 ], [ 965566.674032233539037, 1949705.11366192647256 ], [ 965523.372762044309638, 1949630.11366192647256 ], [ 965436.770221665850841, 1949630.11366192647256 ], [ 965393.468951476621442, 1949705.11366192647256 ] ] ] } },
{ "type": "Feature", "properties": { "fid": 582, "id": 582, "left": 965393.46895147662, "top": 1949630.1136619265, "right": 965566.67403223354, "bottom": 1949480.1136619265, "row_index": 14, "col_index": 27, "HexScore": 1 }, "geometry": { "type": "Polygon", "coordinates": [ [ [ 965393.468951476621442, 1949555.11366192647256 ], [ 965436.770221665850841, 1949630.11366192647256 ], [ 965523.372762044309638, 1949630.11366192647256 ], [ 965566.674032233539037, 1949555.11366192647256 ], [ 965523.372762044309638, 1949480.11366192647256 ], [ 965436.770221665850841, 1949480.11366192647256 ], [ 965393.468951476621442, 1949555.11366192647256 ] ] ] } },
{ "type": "Feature", "properties": { "fid": 583, "id": 583, "left": 965393.46895147662, "top": 1949480.1136619265, "right": 965566.67403223354, "bottom": 1949330.1136619265, "row_index": 15, "col_index": 27, "HexScore": 1 }, "geometry": { "type": "Polygon", "coordinates": [ [ [ 965393.468951476621442, 1949405.11366192647256 ], [ 965436.770221665850841, 1949480.11366192647256 ], [ 965523.372762044309638, 1949480.11366192647256 ], [ 965566.674032233539037, 1949405.11366192647256 ], [ 965523.372762044309638, 1949330.11366192647256 ], [ 965436.770221665850841, 1949330.11366192647256 ], [ 965393.468951476621442, 1949405.11366192647256 ] ] ] } },
{ "type": "Feature", "properties": { "fid": 584, "id": 584, "left": 965393.46895147662, "top": 1949330.1136619265, "right": 965566.67403223354, "bottom": 1949180.1136619265, "row_index": 16, "col_index": 27, "HexScore": 1 }, "geometry": { "type": "Polygon", "coordinates": [ [ [ 965393.468951476621442, 1949255.11366192647256 ], [ 965436.770221665850841, 1949330.11366192647256 ], [ 965523.372762044309638, 1949330.11366192647256 ], [ 965566.674032233539037, 1949255.11366192647256 ], [ 965523.372762044309638, 1949180.11366192647256 ], [ 965436.770221665850841, 1949180.11366192647256 ], [ 965393.468951476621442, 1949255.11366192647256 ] ] ] } },
{ "type": "Feature", "properties": { "fid": 585, "id": 585, "left": 965393.46895147662, "top": 1949180.1136619265, "right": 965566.67403223354, "bottom": 1949030.1136619265, "row_index": 17, "col_index": 27, "HexScore": 1 }, "geometry": { "type": "Polygon", "coordinates": [ [ [ 965393.468951476621442, 1949105.11366192647256 ], [ 965436.770221665850841, 1949180.11366192647256 ], [ 965523.372762044309638, 1949180.11366192647256 ], [ 965566.674032233539037, 1949105.11366192647256 ], [ 965523.372762044309638, 1949030.11366192647256 ], [ 965436.770221665850841, 1949030.11366192647256 ], [ 965393.468951476621442, 1949105.11366192647256 ] ] ] } },
{ "type": "Feature", "properties": { "fid": 586, "id": 586, "left": 965393.46895147662, "top": 1949030.1136619265, "right": 965566.67403223354, "bottom": 1948880.1136619265, "row_index": 18, "col_index": 27, "HexScore": 1 }, "geometry": { "type": "Polygon", "coordinates": [ [ [ 965393.468951476621442, 1948955.11366192647256 ], [ 965436.770221665850841, 1949030.11366192647256 ], [ 965523.372762044309638, 1949030.11366192647256 ], [ 965566.674032233539037, 1948955.11366192647256 ], [ 965523.372762044309638, 1948880.11366192647256 ], [ 965436.770221665850841, 1948880.11366192647256 ], [ 965393.468951476621442, 1948955.11366192647256 ] ] ] } },
{ "type": "Feature", "properties": { "fid": 587, "id": 587, "left": 965393.46895147662, "top": 1948880.1136619265, "right": 965566.67403223354, "bottom": 1948730.1136619265, "row_index": 19, "col_index": 27, "HexScore": 1 }, "geometry": { "type": "Polygon", "coordinates": [ [ [ 965393.468951476621442, 1948805.11366192647256 ], [ 965436.770221665850841, 1948880.11366192647256 ], [ 965523.372762044309638, 1948880.11366192647256 ], [ 965566.674032233539037, 1948805.11366192647256 ], [ 965523.372762044309638, 1948730.11366192647256 ], [ 965436.770221665850841, 1948730.11366192647256 ], [ 965393.468951476621442, 1948805.11366192647256 ] ] ] } },
{ "type": "Feature", "properties": { "fid": 588, "id": 588, "left": 965393.46895147662, "top": 1948730.1136619265, "right": 965566.67403223354, "bottom": 1948580.1136619265, "row_index": 20, "col_index": 27, "HexScore": 1 }, "geometry": { "type": "Polygon", "coordinates": [ [ [ 965393.468951476621442, 1948655.11366192647256 ], [ 965436.770221665850841, 1948730.11366192647256 ], [ 965523.372762044309638, 1948730.11366192647256 ], [ 965566.674032233539037, 1948655.11366192647256 ], [ 965523.372762044309638, 1948580.11366192647256 ], [ 965436.770221665850841, 1948580.11366192647256 ], [ 965393.468951476621442, 1948655.11366192647256 ] ] ] } },
{ "type": "Feature", "properties": { "fid": 589, "id": 589, "left": 965523.37276204431, "top": 1951805.1136619265, "right": 965696.57784280123, "bottom": 1951655.1136619265, "row_index": 0, "col_index": 28, "HexScore": 3 }, "geometry": { "type": "Polygon", "coordinates": [ [ [ 965523.372762044309638, 1951730.11366192647256 ], [ 965566.674032233539037, 1951805.11366192647256 ], [ 965653.276572611997835, 1951805.11366192647256 ], [ 965696.577842801227234, 1951730.11366192647256 ], [ 965653.276572611997835, 1951655.11366192647256 ], [ 965566.674032233539037, 1951655.11366192647256 ], [ 965523.372762044309638, 1951730.11366192647256 ] ] ] } },
{ "type": "Feature", "properties": { "fid": 590, "id": 590, "left": 965523.37276204431, "top": 1951655.1136619265, "right": 965696.57784280123, "bottom": 1951505.1136619265, "row_index": 1, "col_index": 28, "HexScore": 3 }, "geometry": { "type": "Polygon", "coordinates": [ [ [ 965523.372762044309638, 1951580.11366192647256 ], [ 965566.674032233539037, 1951655.11366192647256 ], [ 965653.276572611997835, 1951655.11366192647256 ], [ 965696.577842801227234, 1951580.11366192647256 ], [ 965653.276572611997835, 1951505.11366192647256 ], [ 965566.674032233539037, 1951505.11366192647256 ], [ 965523.372762044309638, 1951580.11366192647256 ] ] ] } },
{ "type": "Feature", "properties": { "fid": 591, "id": 591, "left": 965523.37276204431, "top": 1951505.1136619265, "right": 965696.57784280123, "bottom": 1951355.1136619265, "row_index": 2, "col_index": 28, "HexScore": 3 }, "geometry": { "type": "Polygon", "coordinates": [ [ [ 965523.372762044309638, 1951430.11366192647256 ], [ 965566.674032233539037, 1951505.11366192647256 ], [ 965653.276572611997835, 1951505.11366192647256 ], [ 965696.577842801227234, 1951430.11366192647256 ], [ 965653.276572611997835, 1951355.11366192647256 ], [ 965566.674032233539037, 1951355.11366192647256 ], [ 965523.372762044309638, 1951430.11366192647256 ] ] ] } },
{ "type": "Feature", "properties": { "fid": 592, "id": 592, "left": 965523.37276204431, "top": 1951355.1136619265, "right": 965696.57784280123, "bottom": 1951205.1136619265, "row_index": 3, "col_index": 28, "HexScore": 3 }, "geometry": { "type": "Polygon", "coordinates": [ [ [ 965523.372762044309638, 1951280.11366192647256 ], [ 965566.674032233539037, 1951355.11366192647256 ], [ 965653.276572611997835, 1951355.11366192647256 ], [ 965696.577842801227234, 1951280.11366192647256 ], [ 965653.276572611997835, 1951205.11366192647256 ], [ 965566.674032233539037, 1951205.11366192647256 ], [ 965523.372762044309638, 1951280.11366192647256 ] ] ] } },
{ "type": "Feature", "properties": { "fid": 593, "id": 593, "left": 965523.37276204431, "top": 1951205.1136619265, "right": 965696.57784280123, "bottom": 1951055.1136619265, "row_index": 4, "col_index": 28, "HexScore": 3 }, "geometry": { "type": "Polygon", "coordinates": [ [ [ 965523.372762044309638, 1951130.11366192647256 ], [ 965566.674032233539037, 1951205.11366192647256 ], [ 965653.276572611997835, 1951205.11366192647256 ], [ 965696.577842801227234, 1951130.11366192647256 ], [ 965653.276572611997835, 1951055.11366192647256 ], [ 965566.674032233539037, 1951055.11366192647256 ], [ 965523.372762044309638, 1951130.11366192647256 ] ] ] } },
{ "type": "Feature", "properties": { "fid": 594, "id": 594, "left": 965523.37276204431, "top": 1951055.1136619265, "right": 965696.57784280123, "bottom": 1950905.1136619265, "row_index": 5, "col_index": 28, "HexScore": 3 }, "geometry": { "type": "Polygon", "coordinates": [ [ [ 965523.372762044309638, 1950980.11366192647256 ], [ 965566.674032233539037, 1951055.11366192647256 ], [ 965653.276572611997835, 1951055.11366192647256 ], [ 965696.577842801227234, 1950980.11366192647256 ], [ 965653.276572611997835, 1950905.11366192647256 ], [ 965566.674032233539037, 1950905.11366192647256 ], [ 965523.372762044309638, 1950980.11366192647256 ] ] ] } },
{ "type": "Feature", "properties": { "fid": 595, "id": 595, "left": 965523.37276204431, "top": 1950905.1136619265, "right": 965696.57784280123, "bottom": 1950755.1136619265, "row_index": 6, "col_index": 28, "HexScore": 3 }, "geometry": { "type": "Polygon", "coordinates": [ [ [ 965523.372762044309638, 1950830.11366192647256 ], [ 965566.674032233539037, 1950905.11366192647256 ], [ 965653.276572611997835, 1950905.11366192647256 ], [ 965696.577842801227234, 1950830.11366192647256 ], [ 965653.276572611997835, 1950755.11366192647256 ], [ 965566.674032233539037, 1950755.11366192647256 ], [ 965523.372762044309638, 1950830.11366192647256 ] ] ] } },
{ "type": "Feature", "properties": { "fid": 596, "id": 596, "left": 965523.37276204431, "top": 1950755.1136619265, "right": 965696.57784280123, "bottom": 1950605.1136619265, "row_index": 7, "col_index": 28, "HexScore": 3 }, "geometry": { "type": "Polygon", "coordinates": [ [ [ 965523.372762044309638, 1950680.11366192647256 ], [ 965566.674032233539037, 1950755.11366192647256 ], [ 965653.276572611997835, 1950755.11366192647256 ], [ 965696.577842801227234, 1950680.11366192647256 ], [ 965653.276572611997835, 1950605.11366192647256 ], [ 965566.674032233539037, 1950605.11366192647256 ], [ 965523.372762044309638, 1950680.11366192647256 ] ] ] } },
{ "type": "Feature", "properties": { "fid": 597, "id": 597, "left": 965523.37276204431, "top": 1950605.1136619265, "right": 965696.57784280123, "bottom": 1950455.1136619265, "row_index": 8, "col_index": 28, "HexScore": 3 }, "geometry": { "type": "Polygon", "coordinates": [ [ [ 965523.372762044309638, 1950530.11366192647256 ], [ 965566.674032233539037, 1950605.11366192647256 ], [ 965653.276572611997835, 1950605.11366192647256 ], [ 965696.577842801227234, 1950530.11366192647256 ], [ 965653.276572611997835, 1950455.11366192647256 ], [ 965566.674032233539037, 1950455.11366192647256 ], [ 965523.372762044309638, 1950530.11366192647256 ] ] ] } },
{ "type": "Feature", "properties": { "fid": 598, "id": 598, "left": 965523.37276204431, "top": 1950455.1136619265, "right": 965696.57784280123, "bottom": 1950305.1136619265, "row_index": 9, "col_index": 28, "HexScore": 3 }, "geometry": { "type": "Polygon", "coordinates": [ [ [ 965523.372762044309638, 1950380.11366192647256 ], [ 965566.674032233539037, 1950455.11366192647256 ], [ 965653.276572611997835, 1950455.11366192647256 ], [ 965696.577842801227234, 1950380.11366192647256 ], [ 965653.276572611997835, 1950305.11366192647256 ], [ 965566.674032233539037, 1950305.11366192647256 ], [ 965523.372762044309638, 1950380.11366192647256 ] ] ] } },
{ "type": "Feature", "properties": { "fid": 599, "id": 599, "left": 965523.37276204431, "top": 1950305.1136619265, "right": 965696.57784280123, "bottom": 1950155.1136619265, "row_index": 10, "col_index": 28, "HexScore": 3 }, "geometry": { "type": "Polygon", "coordinates": [ [ [ 965523.372762044309638, 1950230.11366192647256 ], [ 965566.674032233539037, 1950305.11366192647256 ], [ 965653.276572611997835, 1950305.11366192647256 ], [ 965696.577842801227234, 1950230.11366192647256 ], [ 965653.276572611997835, 1950155.11366192647256 ], [ 965566.674032233539037, 1950155.11366192647256 ], [ 965523.372762044309638, 1950230.11366192647256 ] ] ] } },
{ "type": "Feature", "properties": { "fid": 600, "id": 600, "left": 965523.37276204431, "top": 1950155.1136619265, "right": 965696.57784280123, "bottom": 1950005.1136619265, "row_index": 11, "col_index": 28, "HexScore": 1 }, "geometry": { "type": "Polygon", "coordinates": [ [ [ 965523.372762044309638, 1950080.11366192647256 ], [ 965566.674032233539037, 1950155.11366192647256 ], [ 965653.276572611997835, 1950155.11366192647256 ], [ 965696.577842801227234, 1950080.11366192647256 ], [ 965653.276572611997835, 1950005.11366192647256 ], [ 965566.674032233539037, 1950005.11366192647256 ], [ 965523.372762044309638, 1950080.11366192647256 ] ] ] } },
{ "type": "Feature", "properties": { "fid": 601, "id": 601, "left": 965523.37276204431, "top": 1950005.1136619265, "right": 965696.57784280123, "bottom": 1949855.1136619265, "row_index": 12, "col_index": 28, "HexScore": 1 }, "geometry": { "type": "Polygon", "coordinates": [ [ [ 965523.372762044309638, 1949930.11366192647256 ], [ 965566.674032233539037, 1950005.11366192647256 ], [ 965653.276572611997835, 1950005.11366192647256 ], [ 965696.577842801227234, 1949930.11366192647256 ], [ 965653.276572611997835, 1949855.11366192647256 ], [ 965566.674032233539037, 1949855.11366192647256 ], [ 965523.372762044309638, 1949930.11366192647256 ] ] ] } },
{ "type": "Feature", "properties": { "fid": 602, "id": 602, "left": 965523.37276204431, "top": 1949855.1136619265, "right": 965696.57784280123, "bottom": 1949705.1136619265, "row_index": 13, "col_index": 28, "HexScore": 1 }, "geometry": { "type": "Polygon", "coordinates": [ [ [ 965523.372762044309638, 1949780.11366192647256 ], [ 965566.674032233539037, 1949855.11366192647256 ], [ 965653.276572611997835, 1949855.11366192647256 ], [ 965696.577842801227234, 1949780.11366192647256 ], [ 965653.276572611997835, 1949705.11366192647256 ], [ 965566.674032233539037, 1949705.11366192647256 ], [ 965523.372762044309638, 1949780.11366192647256 ] ] ] } },
{ "type": "Feature", "properties": { "fid": 603, "id": 603, "left": 965523.37276204431, "top": 1949705.1136619265, "right": 965696.57784280123, "bottom": 1949555.1136619265, "row_index": 14, "col_index": 28, "HexScore": 1 }, "geometry": { "type": "Polygon", "coordinates": [ [ [ 965523.372762044309638, 1949630.11366192647256 ], [ 965566.674032233539037, 1949705.11366192647256 ], [ 965653.276572611997835, 1949705.11366192647256 ], [ 965696.577842801227234, 1949630.11366192647256 ], [ 965653.276572611997835, 1949555.11366192647256 ], [ 965566.674032233539037, 1949555.11366192647256 ], [ 965523.372762044309638, 1949630.11366192647256 ] ] ] } },
{ "type": "Feature", "properties": { "fid": 604, "id": 604, "left": 965523.37276204431, "top": 1949555.1136619265, "right": 965696.57784280123, "bottom": 1949405.1136619265, "row_index": 15, "col_index": 28, "HexScore": 1 }, "geometry": { "type": "Polygon", "coordinates": [ [ [ 965523.372762044309638, 1949480.11366192647256 ], [ 965566.674032233539037, 1949555.11366192647256 ], [ 965653.276572611997835, 1949555.11366192647256 ], [ 965696.577842801227234, 1949480.11366192647256 ], [ 965653.276572611997835, 1949405.11366192647256 ], [ 965566.674032233539037, 1949405.11366192647256 ], [ 965523.372762044309638, 1949480.11366192647256 ] ] ] } },
{ "type": "Feature", "properties": { "fid": 605, "id": 605, "left": 965523.37276204431, "top": 1949405.1136619265, "right": 965696.57784280123, "bottom": 1949255.1136619265, "row_index": 16, "col_index": 28, "HexScore": 1 }, "geometry": { "type": "Polygon", "coordinates": [ [ [ 965523.372762044309638, 1949330.11366192647256 ], [ 965566.674032233539037, 1949405.11366192647256 ], [ 965653.276572611997835, 1949405.11366192647256 ], [ 965696.577842801227234, 1949330.11366192647256 ], [ 965653.276572611997835, 1949255.11366192647256 ], [ 965566.674032233539037, 1949255.11366192647256 ], [ 965523.372762044309638, 1949330.11366192647256 ] ] ] } },
{ "type": "Feature", "properties": { "fid": 606, "id": 606, "left": 965523.37276204431, "top": 1949255.1136619265, "right": 965696.57784280123, "bottom": 1949105.1136619265, "row_index": 17, "col_index": 28, "HexScore": 1 }, "geometry": { "type": "Polygon", "coordinates": [ [ [ 965523.372762044309638, 1949180.11366192647256 ], [ 965566.674032233539037, 1949255.11366192647256 ], [ 965653.276572611997835, 1949255.11366192647256 ], [ 965696.577842801227234, 1949180.11366192647256 ], [ 965653.276572611997835, 1949105.11366192647256 ], [ 965566.674032233539037, 1949105.11366192647256 ], [ 965523.372762044309638, 1949180.11366192647256 ] ] ] } },
{ "type": "Feature", "properties": { "fid": 607, "id": 607, "left": 965523.37276204431, "top": 1949105.1136619265, "right": 965696.57784280123, "bottom": 1948955.1136619265, "row_index": 18, "col_index": 28, "HexScore": 1 }, "geometry": { "type": "Polygon", "coordinates": [ [ [ 965523.372762044309638, 1949030.11366192647256 ], [ 965566.674032233539037, 1949105.11366192647256 ], [ 965653.276572611997835, 1949105.11366192647256 ], [ 965696.577842801227234, 1949030.11366192647256 ], [ 965653.276572611997835, 1948955.11366192647256 ], [ 965566.674032233539037, 1948955.11366192647256 ], [ 965523.372762044309638, 1949030.11366192647256 ] ] ] } },
{ "type": "Feature", "properties": { "fid": 608, "id": 608, "left": 965523.37276204431, "top": 1948955.1136619265, "right": 965696.57784280123, "bottom": 1948805.1136619265, "row_index": 19, "col_index": 28, "HexScore": 1 }, "geometry": { "type": "Polygon", "coordinates": [ [ [ 965523.372762044309638, 1948880.11366192647256 ], [ 965566.674032233539037, 1948955.11366192647256 ], [ 965653.276572611997835, 1948955.11366192647256 ], [ 965696.577842801227234, 1948880.11366192647256 ], [ 965653.276572611997835, 1948805.11366192647256 ], [ 965566.674032233539037, 1948805.11366192647256 ], [ 965523.372762044309638, 1948880.11366192647256 ] ] ] } },
{ "type": "Feature", "properties": { "fid": 609, "id": 609, "left": 965523.37276204431, "top": 1948805.1136619265, "right": 965696.57784280123, "bottom": 1948655.1136619265, "row_index": 20, "col_index": 28, "HexScore": 1 }, "geometry": { "type": "Polygon", "coordinates": [ [ [ 965523.372762044309638, 1948730.11366192647256 ], [ 965566.674032233539037, 1948805.11366192647256 ], [ 965653.276572611997835, 1948805.11366192647256 ], [ 965696.577842801227234, 1948730.11366192647256 ], [ 965653.276572611997835, 1948655.11366192647256 ], [ 965566.674032233539037, 1948655.11366192647256 ], [ 965523.372762044309638, 1948730.11366192647256 ] ] ] } },
{ "type": "Feature", "properties": { "fid": 610, "id": 610, "left": 965653.27657261188, "top": 1951730.1136619265, "right": 965826.4816533688, "bottom": 1951580.1136619265, "row_index": 0, "col_index": 29, "HexScore": 3 }, "geometry": { "type": "Polygon", "coordinates": [ [ [ 965653.27657261188142, 1951655.11366192647256 ], [ 965696.577842801110819, 1951730.11366192647256 ], [ 965783.180383179569617, 1951730.11366192647256 ], [ 965826.481653368799016, 1951655.11366192647256 ], [ 965783.180383179569617, 1951580.11366192647256 ], [ 965696.577842801110819, 1951580.11366192647256 ], [ 965653.27657261188142, 1951655.11366192647256 ] ] ] } },
{ "type": "Feature", "properties": { "fid": 611, "id": 611, "left": 965653.27657261188, "top": 1951580.1136619265, "right": 965826.4816533688, "bottom": 1951430.1136619265, "row_index": 1, "col_index": 29, "HexScore": 3 }, "geometry": { "type": "Polygon", "coordinates": [ [ [ 965653.27657261188142, 1951505.11366192647256 ], [ 965696.577842801110819, 1951580.11366192647256 ], [ 965783.180383179569617, 1951580.11366192647256 ], [ 965826.481653368799016, 1951505.11366192647256 ], [ 965783.180383179569617, 1951430.11366192647256 ], [ 965696.577842801110819, 1951430.11366192647256 ], [ 965653.27657261188142, 1951505.11366192647256 ] ] ] } },
{ "type": "Feature", "properties": { "fid": 612, "id": 612, "left": 965653.27657261188, "top": 1951430.1136619265, "right": 965826.4816533688, "bottom": 1951280.1136619265, "row_index": 2, "col_index": 29, "HexScore": 3 }, "geometry": { "type": "Polygon", "coordinates": [ [ [ 965653.27657261188142, 1951355.11366192647256 ], [ 965696.577842801110819, 1951430.11366192647256 ], [ 965783.180383179569617, 1951430.11366192647256 ], [ 965826.481653368799016, 1951355.11366192647256 ], [ 965783.180383179569617, 1951280.11366192647256 ], [ 965696.577842801110819, 1951280.11366192647256 ], [ 965653.27657261188142, 1951355.11366192647256 ] ] ] } },
{ "type": "Feature", "properties": { "fid": 613, "id": 613, "left": 965653.27657261188, "top": 1951280.1136619265, "right": 965826.4816533688, "bottom": 1951130.1136619265, "row_index": 3, "col_index": 29, "HexScore": 3 }, "geometry": { "type": "Polygon", "coordinates": [ [ [ 965653.27657261188142, 1951205.11366192647256 ], [ 965696.577842801110819, 1951280.11366192647256 ], [ 965783.180383179569617, 1951280.11366192647256 ], [ 965826.481653368799016, 1951205.11366192647256 ], [ 965783.180383179569617, 1951130.11366192647256 ], [ 965696.577842801110819, 1951130.11366192647256 ], [ 965653.27657261188142, 1951205.11366192647256 ] ] ] } },
{ "type": "Feature", "properties": { "fid": 614, "id": 614, "left": 965653.27657261188, "top": 1951130.1136619265, "right": 965826.4816533688, "bottom": 1950980.1136619265, "row_index": 4, "col_index": 29, "HexScore": 3 }, "geometry": { "type": "Polygon", "coordinates": [ [ [ 965653.27657261188142, 1951055.11366192647256 ], [ 965696.577842801110819, 1951130.11366192647256 ], [ 965783.180383179569617, 1951130.11366192647256 ], [ 965826.481653368799016, 1951055.11366192647256 ], [ 965783.180383179569617, 1950980.11366192647256 ], [ 965696.577842801110819, 1950980.11366192647256 ], [ 965653.27657261188142, 1951055.11366192647256 ] ] ] } },
{ "type": "Feature", "properties": { "fid": 615, "id": 615, "left": 965653.27657261188, "top": 1950980.1136619265, "right": 965826.4816533688, "bottom": 1950830.1136619265, "row_index": 5, "col_index": 29, "HexScore": 3 }, "geometry": { "type": "Polygon", "coordinates": [ [ [ 965653.27657261188142, 1950905.11366192647256 ], [ 965696.577842801110819, 1950980.11366192647256 ], [ 965783.180383179569617, 1950980.11366192647256 ], [ 965826.481653368799016, 1950905.11366192647256 ], [ 965783.180383179569617, 1950830.11366192647256 ], [ 965696.577842801110819, 1950830.11366192647256 ], [ 965653.27657261188142, 1950905.11366192647256 ] ] ] } },
{ "type": "Feature", "properties": { "fid": 616, "id": 616, "left": 965653.27657261188, "top": 1950830.1136619265, "right": 965826.4816533688, "bottom": 1950680.1136619265, "row_index": 6, "col_index": 29, "HexScore": 3 }, "geometry": { "type": "Polygon", "coordinates": [ [ [ 965653.27657261188142, 1950755.11366192647256 ], [ 965696.577842801110819, 1950830.11366192647256 ], [ 965783.180383179569617, 1950830.11366192647256 ], [ 965826.481653368799016, 1950755.11366192647256 ], [ 965783.180383179569617, 1950680.11366192647256 ], [ 965696.577842801110819, 1950680.11366192647256 ], [ 965653.27657261188142, 1950755.11366192647256 ] ] ] } },
{ "type": "Feature", "properties": { "fid": 617, "id": 617, "left": 965653.27657261188, "top": 1950680.1136619265, "right": 965826.4816533688, "bottom": 1950530.1136619265, "row_index": 7, "col_index": 29, "HexScore": 3 }, "geometry": { "type": "Polygon", "coordinates": [ [ [ 965653.27657261188142, 1950605.11366192647256 ], [ 965696.577842801110819, 1950680.11366192647256 ], [ 965783.180383179569617, 1950680.11366192647256 ], [ 965826.481653368799016, 1950605.11366192647256 ], [ 965783.180383179569617, 1950530.11366192647256 ], [ 965696.577842801110819, 1950530.11366192647256 ], [ 965653.27657261188142, 1950605.11366192647256 ] ] ] } },
{ "type": "Feature", "properties": { "fid": 618, "id": 618, "left": 965653.27657261188, "top": 1950530.1136619265, "right": 965826.4816533688, "bottom": 1950380.1136619265, "row_index": 8, "col_index": 29, "HexScore": 3 }, "geometry": { "type": "Polygon", "coordinates": [ [ [ 965653.27657261188142, 1950455.11366192647256 ], [ 965696.577842801110819, 1950530.11366192647256 ], [ 965783.180383179569617, 1950530.11366192647256 ], [ 965826.481653368799016, 1950455.11366192647256 ], [ 965783.180383179569617, 1950380.11366192647256 ], [ 965696.577842801110819, 1950380.11366192647256 ], [ 965653.27657261188142, 1950455.11366192647256 ] ] ] } },
{ "type": "Feature", "properties": { "fid": 619, "id": 619, "left": 965653.27657261188, "top": 1950380.1136619265, "right": 965826.4816533688, "bottom": 1950230.1136619265, "row_index": 9, "col_index": 29, "HexScore": 3 }, "geometry": { "type": "Polygon", "coordinates": [ [ [ 965653.27657261188142, 1950305.11366192647256 ], [ 965696.577842801110819, 1950380.11366192647256 ], [ 965783.180383179569617, 1950380.11366192647256 ], [ 965826.481653368799016, 1950305.11366192647256 ], [ 965783.180383179569617, 1950230.11366192647256 ], [ 965696.577842801110819, 1950230.11366192647256 ], [ 965653.27657261188142, 1950305.11366192647256 ] ] ] } },
{ "type": "Feature", "properties": { "fid": 620, "id": 620, "left": 965653.27657261188, "top": 1950230.1136619265, "right": 965826.4816533688, "bottom": 1950080.1136619265, "row_index": 10, "col_index": 29, "HexScore": 1 }, "geometry": { "type": "Polygon", "coordinates": [ [ [ 965653.27657261188142, 1950155.11366192647256 ], [ 965696.577842801110819, 1950230.11366192647256 ], [ 965783.180383179569617, 1950230.11366192647256 ], [ 965826.481653368799016, 1950155.11366192647256 ], [ 965783.180383179569617, 1950080.11366192647256 ], [ 965696.577842801110819, 1950080.11366192647256 ], [ 965653.27657261188142, 1950155.11366192647256 ] ] ] } },
{ "type": "Feature", "properties": { "fid": 621, "id": 621, "left": 965653.27657261188, "top": 1950080.1136619265, "right": 965826.4816533688, "bottom": 1949930.1136619265, "row_index": 11, "col_index": 29, "HexScore": 1 }, "geometry": { "type": "Polygon", "coordinates": [ [ [ 965653.27657261188142, 1950005.11366192647256 ], [ 965696.577842801110819, 1950080.11366192647256 ], [ 965783.180383179569617, 1950080.11366192647256 ], [ 965826.481653368799016, 1950005.11366192647256 ], [ 965783.180383179569617, 1949930.11366192647256 ], [ 965696.577842801110819, 1949930.11366192647256 ], [ 965653.27657261188142, 1950005.11366192647256 ] ] ] } },
{ "type": "Feature", "properties": { "fid": 622, "id": 622, "left": 965653.27657261188, "top": 1949930.1136619265, "right": 965826.4816533688, "bottom": 1949780.1136619265, "row_index": 12, "col_index": 29, "HexScore": 1 }, "geometry": { "type": "Polygon", "coordinates": [ [ [ 965653.27657261188142, 1949855.11366192647256 ], [ 965696.577842801110819, 1949930.11366192647256 ], [ 965783.180383179569617, 1949930.11366192647256 ], [ 965826.481653368799016, 1949855.11366192647256 ], [ 965783.180383179569617, 1949780.11366192647256 ], [ 965696.577842801110819, 1949780.11366192647256 ], [ 965653.27657261188142, 1949855.11366192647256 ] ] ] } },
{ "type": "Feature", "properties": { "fid": 623, "id": 623, "left": 965653.27657261188, "top": 1949780.1136619265, "right": 965826.4816533688, "bottom": 1949630.1136619265, "row_index": 13, "col_index": 29, "HexScore": 1 }, "geometry": { "type": "Polygon", "coordinates": [ [ [ 965653.27657261188142, 1949705.11366192647256 ], [ 965696.577842801110819, 1949780.11366192647256 ], [ 965783.180383179569617, 1949780.11366192647256 ], [ 965826.481653368799016, 1949705.11366192647256 ], [ 965783.180383179569617, 1949630.11366192647256 ], [ 965696.577842801110819, 1949630.11366192647256 ], [ 965653.27657261188142, 1949705.11366192647256 ] ] ] } },
{ "type": "Feature", "properties": { "fid": 624, "id": 624, "left": 965653.27657261188, "top": 1949630.1136619265, "right": 965826.4816533688, "bottom": 1949480.1136619265, "row_index": 14, "col_index": 29, "HexScore": 1 }, "geometry": { "type": "Polygon", "coordinates": [ [ [ 965653.27657261188142, 1949555.11366192647256 ], [ 965696.577842801110819, 1949630.11366192647256 ], [ 965783.180383179569617, 1949630.11366192647256 ], [ 965826.481653368799016, 1949555.11366192647256 ], [ 965783.180383179569617, 1949480.11366192647256 ], [ 965696.577842801110819, 1949480.11366192647256 ], [ 965653.27657261188142, 1949555.11366192647256 ] ] ] } },
{ "type": "Feature", "properties": { "fid": 625, "id": 625, "left": 965653.27657261188, "top": 1949480.1136619265, "right": 965826.4816533688, "bottom": 1949330.1136619265, "row_index": 15, "col_index": 29, "HexScore": 1 }, "geometry": { "type": "Polygon", "coordinates": [ [ [ 965653.27657261188142, 1949405.11366192647256 ], [ 965696.577842801110819, 1949480.11366192647256 ], [ 965783.180383179569617, 1949480.11366192647256 ], [ 965826.481653368799016, 1949405.11366192647256 ], [ 965783.180383179569617, 1949330.11366192647256 ], [ 965696.577842801110819, 1949330.11366192647256 ], [ 965653.27657261188142, 1949405.11366192647256 ] ] ] } },
{ "type": "Feature", "properties": { "fid": 626, "id": 626, "left": 965653.27657261188, "top": 1949330.1136619265, "right": 965826.4816533688, "bottom": 1949180.1136619265, "row_index": 16, "col_index": 29, "HexScore": 1 }, "geometry": { "type": "Polygon", "coordinates": [ [ [ 965653.27657261188142, 1949255.11366192647256 ], [ 965696.577842801110819, 1949330.11366192647256 ], [ 965783.180383179569617, 1949330.11366192647256 ], [ 965826.481653368799016, 1949255.11366192647256 ], [ 965783.180383179569617, 1949180.11366192647256 ], [ 965696.577842801110819, 1949180.11366192647256 ], [ 965653.27657261188142, 1949255.11366192647256 ] ] ] } },
{ "type": "Feature", "properties": { "fid": 627, "id": 627, "left": 965653.27657261188, "top": 1949180.1136619265, "right": 965826.4816533688, "bottom": 1949030.1136619265, "row_index": 17, "col_index": 29, "HexScore": 1 }, "geometry": { "type": "Polygon", "coordinates": [ [ [ 965653.27657261188142, 1949105.11366192647256 ], [ 965696.577842801110819, 1949180.11366192647256 ], [ 965783.180383179569617, 1949180.11366192647256 ], [ 965826.481653368799016, 1949105.11366192647256 ], [ 965783.180383179569617, 1949030.11366192647256 ], [ 965696.577842801110819, 1949030.11366192647256 ], [ 965653.27657261188142, 1949105.11366192647256 ] ] ] } },
{ "type": "Feature", "properties": { "fid": 628, "id": 628, "left": 965653.27657261188, "top": 1949030.1136619265, "right": 965826.4816533688, "bottom": 1948880.1136619265, "row_index": 18, "col_index": 29, "HexScore": 1 }, "geometry": { "type": "Polygon", "coordinates": [ [ [ 965653.27657261188142, 1948955.11366192647256 ], [ 965696.577842801110819, 1949030.11366192647256 ], [ 965783.180383179569617, 1949030.11366192647256 ], [ 965826.481653368799016, 1948955.11366192647256 ], [ 965783.180383179569617, 1948880.11366192647256 ], [ 965696.577842801110819, 1948880.11366192647256 ], [ 965653.27657261188142, 1948955.11366192647256 ] ] ] } },
{ "type": "Feature", "properties": { "fid": 629, "id": 629, "left": 965653.27657261188, "top": 1948880.1136619265, "right": 965826.4816533688, "bottom": 1948730.1136619265, "row_index": 19, "col_index": 29, "HexScore": 1 }, "geometry": { "type": "Polygon", "coordinates": [ [ [ 965653.27657261188142, 1948805.11366192647256 ], [ 965696.577842801110819, 1948880.11366192647256 ], [ 965783.180383179569617, 1948880.11366192647256 ], [ 965826.481653368799016, 1948805.11366192647256 ], [ 965783.180383179569617, 1948730.11366192647256 ], [ 965696.577842801110819, 1948730.11366192647256 ], [ 965653.27657261188142, 1948805.11366192647256 ] ] ] } },
{ "type": "Feature", "properties": { "fid": 630, "id": 630, "left": 965653.27657261188, "top": 1948730.1136619265, "right": 965826.4816533688, "bottom": 1948580.1136619265, "row_index": 20, "col_index": 29, "HexScore": 1 }, "geometry": { "type": "Polygon", "coordinates": [ [ [ 965653.27657261188142, 1948655.11366192647256 ], [ 965696.577842801110819, 1948730.11366192647256 ], [ 965783.180383179569617, 1948730.11366192647256 ], [ 965826.481653368799016, 1948655.11366192647256 ], [ 965783.180383179569617, 1948580.11366192647256 ], [ 965696.577842801110819, 1948580.11366192647256 ], [ 965653.27657261188142, 1948655.11366192647256 ] ] ] } },
{ "type": "Feature", "properties": { "fid": 631, "id": 631, "left": 965783.18038317957, "top": 1951805.1136619265, "right": 965956.38546393649, "bottom": 1951655.1136619265, "row_index": 0, "col_index": 30, "HexScore": 3 }, "geometry": { "type": "Polygon", "coordinates": [ [ [ 965783.180383179569617, 1951730.11366192647256 ], [ 965826.481653368799016, 1951805.11366192647256 ], [ 965913.084193747257814, 1951805.11366192647256 ], [ 965956.385463936487213, 1951730.11366192647256 ], [ 965913.084193747257814, 1951655.11366192647256 ], [ 965826.481653368799016, 1951655.11366192647256 ], [ 965783.180383179569617, 1951730.11366192647256 ] ] ] } },
{ "type": "Feature", "properties": { "fid": 632, "id": 632, "left": 965783.18038317957, "top": 1951655.1136619265, "right": 965956.38546393649, "bottom": 1951505.1136619265, "row_index": 1, "col_index": 30, "HexScore": 3 }, "geometry": { "type": "Polygon", "coordinates": [ [ [ 965783.180383179569617, 1951580.11366192647256 ], [ 965826.481653368799016, 1951655.11366192647256 ], [ 965913.084193747257814, 1951655.11366192647256 ], [ 965956.385463936487213, 1951580.11366192647256 ], [ 965913.084193747257814, 1951505.11366192647256 ], [ 965826.481653368799016, 1951505.11366192647256 ], [ 965783.180383179569617, 1951580.11366192647256 ] ] ] } },
{ "type": "Feature", "properties": { "fid": 633, "id": 633, "left": 965783.18038317957, "top": 1951505.1136619265, "right": 965956.38546393649, "bottom": 1951355.1136619265, "row_index": 2, "col_index": 30, "HexScore": 3 }, "geometry": { "type": "Polygon", "coordinates": [ [ [ 965783.180383179569617, 1951430.11366192647256 ], [ 965826.481653368799016, 1951505.11366192647256 ], [ 965913.084193747257814, 1951505.11366192647256 ], [ 965956.385463936487213, 1951430.11366192647256 ], [ 965913.084193747257814, 1951355.11366192647256 ], [ 965826.481653368799016, 1951355.11366192647256 ], [ 965783.180383179569617, 1951430.11366192647256 ] ] ] } },
{ "type": "Feature", "properties": { "fid": 634, "id": 634, "left": 965783.18038317957, "top": 1951355.1136619265, "right": 965956.38546393649, "bottom": 1951205.1136619265, "row_index": 3, "col_index": 30, "HexScore": 3 }, "geometry": { "type": "Polygon", "coordinates": [ [ [ 965783.180383179569617, 1951280.11366192647256 ], [ 965826.481653368799016, 1951355.11366192647256 ], [ 965913.084193747257814, 1951355.11366192647256 ], [ 965956.385463936487213, 1951280.11366192647256 ], [ 965913.084193747257814, 1951205.11366192647256 ], [ 965826.481653368799016, 1951205.11366192647256 ], [ 965783.180383179569617, 1951280.11366192647256 ] ] ] } },
{ "type": "Feature", "properties": { "fid": 635, "id": 635, "left": 965783.18038317957, "top": 1951205.1136619265, "right": 965956.38546393649, "bottom": 1951055.1136619265, "row_index": 4, "col_index": 30, "HexScore": 3 }, "geometry": { "type": "Polygon", "coordinates": [ [ [ 965783.180383179569617, 1951130.11366192647256 ], [ 965826.481653368799016, 1951205.11366192647256 ], [ 965913.084193747257814, 1951205.11366192647256 ], [ 965956.385463936487213, 1951130.11366192647256 ], [ 965913.084193747257814, 1951055.11366192647256 ], [ 965826.481653368799016, 1951055.11366192647256 ], [ 965783.180383179569617, 1951130.11366192647256 ] ] ] } },
{ "type": "Feature", "properties": { "fid": 636, "id": 636, "left": 965783.18038317957, "top": 1951055.1136619265, "right": 965956.38546393649, "bottom": 1950905.1136619265, "row_index": 5, "col_index": 30, "HexScore": 3 }, "geometry": { "type": "Polygon", "coordinates": [ [ [ 965783.180383179569617, 1950980.11366192647256 ], [ 965826.481653368799016, 1951055.11366192647256 ], [ 965913.084193747257814, 1951055.11366192647256 ], [ 965956.385463936487213, 1950980.11366192647256 ], [ 965913.084193747257814, 1950905.11366192647256 ], [ 965826.481653368799016, 1950905.11366192647256 ], [ 965783.180383179569617, 1950980.11366192647256 ] ] ] } },
{ "type": "Feature", "properties": { "fid": 637, "id": 637, "left": 965783.18038317957, "top": 1950905.1136619265, "right": 965956.38546393649, "bottom": 1950755.1136619265, "row_index": 6, "col_index": 30, "HexScore": 1 }, "geometry": { "type": "Polygon", "coordinates": [ [ [ 965783.180383179569617, 1950830.11366192647256 ], [ 965826.481653368799016, 1950905.11366192647256 ], [ 965913.084193747257814, 1950905.11366192647256 ], [ 965956.385463936487213, 1950830.11366192647256 ], [ 965913.084193747257814, 1950755.11366192647256 ], [ 965826.481653368799016, 1950755.11366192647256 ], [ 965783.180383179569617, 1950830.11366192647256 ] ] ] } },
{ "type": "Feature", "properties": { "fid": 638, "id": 638, "left": 965783.18038317957, "top": 1950755.1136619265, "right": 965956.38546393649, "bottom": 1950605.1136619265, "row_index": 7, "col_index": 30, "HexScore": 1 }, "geometry": { "type": "Polygon", "coordinates": [ [ [ 965783.180383179569617, 1950680.11366192647256 ], [ 965826.481653368799016, 1950755.11366192647256 ], [ 965913.084193747257814, 1950755.11366192647256 ], [ 965956.385463936487213, 1950680.11366192647256 ], [ 965913.084193747257814, 1950605.11366192647256 ], [ 965826.481653368799016, 1950605.11366192647256 ], [ 965783.180383179569617, 1950680.11366192647256 ] ] ] } },
{ "type": "Feature", "properties": { "fid": 639, "id": 639, "left": 965783.18038317957, "top": 1950605.1136619265, "right": 965956.38546393649, "bottom": 1950455.1136619265, "row_index": 8, "col_index": 30, "HexScore": 1 }, "geometry": { "type": "Polygon", "coordinates": [ [ [ 965783.180383179569617, 1950530.11366192647256 ], [ 965826.481653368799016, 1950605.11366192647256 ], [ 965913.084193747257814, 1950605.11366192647256 ], [ 965956.385463936487213, 1950530.11366192647256 ], [ 965913.084193747257814, 1950455.11366192647256 ], [ 965826.481653368799016, 1950455.11366192647256 ], [ 965783.180383179569617, 1950530.11366192647256 ] ] ] } },
{ "type": "Feature", "properties": { "fid": 640, "id": 640, "left": 965783.18038317957, "top": 1950455.1136619265, "right": 965956.38546393649, "bottom": 1950305.1136619265, "row_index": 9, "col_index": 30, "HexScore": 1 }, "geometry": { "type": "Polygon", "coordinates": [ [ [ 965783.180383179569617, 1950380.11366192647256 ], [ 965826.481653368799016, 1950455.11366192647256 ], [ 965913.084193747257814, 1950455.11366192647256 ], [ 965956.385463936487213, 1950380.11366192647256 ], [ 965913.084193747257814, 1950305.11366192647256 ], [ 965826.481653368799016, 1950305.11366192647256 ], [ 965783.180383179569617, 1950380.11366192647256 ] ] ] } },
{ "type": "Feature", "properties": { "fid": 641, "id": 641, "left": 965783.18038317957, "top": 1950305.1136619265, "right": 965956.38546393649, "bottom": 1950155.1136619265, "row_index": 10, "col_index": 30, "HexScore": 1 }, "geometry": { "type": "Polygon", "coordinates": [ [ [ 965783.180383179569617, 1950230.11366192647256 ], [ 965826.481653368799016, 1950305.11366192647256 ], [ 965913.084193747257814, 1950305.11366192647256 ], [ 965956.385463936487213, 1950230.11366192647256 ], [ 965913.084193747257814, 1950155.11366192647256 ], [ 965826.481653368799016, 1950155.11366192647256 ], [ 965783.180383179569617, 1950230.11366192647256 ] ] ] } },
{ "type": "Feature", "properties": { "fid": 642, "id": 642, "left": 965783.18038317957, "top": 1950155.1136619265, "right": 965956.38546393649, "bottom": 1950005.1136619265, "row_index": 11, "col_index": 30, "HexScore": 1 }, "geometry": { "type": "Polygon", "coordinates": [ [ [ 965783.180383179569617, 1950080.11366192647256 ], [ 965826.481653368799016, 1950155.11366192647256 ], [ 965913.084193747257814, 1950155.11366192647256 ], [ 965956.385463936487213, 1950080.11366192647256 ], [ 965913.084193747257814, 1950005.11366192647256 ], [ 965826.481653368799016, 1950005.11366192647256 ], [ 965783.180383179569617, 1950080.11366192647256 ] ] ] } },
{ "type": "Feature", "properties": { "fid": 643, "id": 643, "left": 965783.18038317957, "top": 1950005.1136619265, "right": 965956.38546393649, "bottom": 1949855.1136619265, "row_index": 12, "col_index": 30, "HexScore": 1 }, "geometry": { "type": "Polygon", "coordinates": [ [ [ 965783.180383179569617, 1949930.11366192647256 ], [ 965826.481653368799016, 1950005.11366192647256 ], [ 965913.084193747257814, 1950005.11366192647256 ], [ 965956.385463936487213, 1949930.11366192647256 ], [ 965913.084193747257814, 1949855.11366192647256 ], [ 965826.481653368799016, 1949855.11366192647256 ], [ 965783.180383179569617, 1949930.11366192647256 ] ] ] } },
{ "type": "Feature", "properties": { "fid": 644, "id": 644, "left": 965783.18038317957, "top": 1949855.1136619265, "right": 965956.38546393649, "bottom": 1949705.1136619265, "row_index": 13, "col_index": 30, "HexScore": 1 }, "geometry": { "type": "Polygon", "coordinates": [ [ [ 965783.180383179569617, 1949780.11366192647256 ], [ 965826.481653368799016, 1949855.11366192647256 ], [ 965913.084193747257814, 1949855.11366192647256 ], [ 965956.385463936487213, 1949780.11366192647256 ], [ 965913.084193747257814, 1949705.11366192647256 ], [ 965826.481653368799016, 1949705.11366192647256 ], [ 965783.180383179569617, 1949780.11366192647256 ] ] ] } },
{ "type": "Feature", "properties": { "fid": 645, "id": 645, "left": 965783.18038317957, "top": 1949705.1136619265, "right": 965956.38546393649, "bottom": 1949555.1136619265, "row_index": 14, "col_index": 30, "HexScore": 1 }, "geometry": { "type": "Polygon", "coordinates": [ [ [ 965783.180383179569617, 1949630.11366192647256 ], [ 965826.481653368799016, 1949705.11366192647256 ], [ 965913.084193747257814, 1949705.11366192647256 ], [ 965956.385463936487213, 1949630.11366192647256 ], [ 965913.084193747257814, 1949555.11366192647256 ], [ 965826.481653368799016, 1949555.11366192647256 ], [ 965783.180383179569617, 1949630.11366192647256 ] ] ] } },
{ "type": "Feature", "properties": { "fid": 646, "id": 646, "left": 965783.18038317957, "top": 1949555.1136619265, "right": 965956.38546393649, "bottom": 1949405.1136619265, "row_index": 15, "col_index": 30, "HexScore": 1 }, "geometry": { "type": "Polygon", "coordinates": [ [ [ 965783.180383179569617, 1949480.11366192647256 ], [ 965826.481653368799016, 1949555.11366192647256 ], [ 965913.084193747257814, 1949555.11366192647256 ], [ 965956.385463936487213, 1949480.11366192647256 ], [ 965913.084193747257814, 1949405.11366192647256 ], [ 965826.481653368799016, 1949405.11366192647256 ], [ 965783.180383179569617, 1949480.11366192647256 ] ] ] } },
{ "type": "Feature", "properties": { "fid": 647, "id": 647, "left": 965783.18038317957, "top": 1949405.1136619265, "right": 965956.38546393649, "bottom": 1949255.1136619265, "row_index": 16, "col_index": 30, "HexScore": 1 }, "geometry": { "type": "Polygon", "coordinates": [ [ [ 965783.180383179569617, 1949330.11366192647256 ], [ 965826.481653368799016, 1949405.11366192647256 ], [ 965913.084193747257814, 1949405.11366192647256 ], [ 965956.385463936487213, 1949330.11366192647256 ], [ 965913.084193747257814, 1949255.11366192647256 ], [ 965826.481653368799016, 1949255.11366192647256 ], [ 965783.180383179569617, 1949330.11366192647256 ] ] ] } },
{ "type": "Feature", "properties": { "fid": 648, "id": 648, "left": 965783.18038317957, "top": 1949255.1136619265, "right": 965956.38546393649, "bottom": 1949105.1136619265, "row_index": 17, "col_index": 30, "HexScore": 1 }, "geometry": { "type": "Polygon", "coordinates": [ [ [ 965783.180383179569617, 1949180.11366192647256 ], [ 965826.481653368799016, 1949255.11366192647256 ], [ 965913.084193747257814, 1949255.11366192647256 ], [ 965956.385463936487213, 1949180.11366192647256 ], [ 965913.084193747257814, 1949105.11366192647256 ], [ 965826.481653368799016, 1949105.11366192647256 ], [ 965783.180383179569617, 1949180.11366192647256 ] ] ] } },
{ "type": "Feature", "properties": { "fid": 649, "id": 649, "left": 965783.18038317957, "top": 1949105.1136619265, "right": 965956.38546393649, "bottom": 1948955.1136619265, "row_index": 18, "col_index": 30, "HexScore": 1 }, "geometry": { "type": "Polygon", "coordinates": [ [ [ 965783.180383179569617, 1949030.11366192647256 ], [ 965826.481653368799016, 1949105.11366192647256 ], [ 965913.084193747257814, 1949105.11366192647256 ], [ 965956.385463936487213, 1949030.11366192647256 ], [ 965913.084193747257814, 1948955.11366192647256 ], [ 965826.481653368799016, 1948955.11366192647256 ], [ 965783.180383179569617, 1949030.11366192647256 ] ] ] } },
{ "type": "Feature", "properties": { "fid": 650, "id": 650, "left": 965783.18038317957, "top": 1948955.1136619265, "right": 965956.38546393649, "bottom": 1948805.1136619265, "row_index": 19, "col_index": 30, "HexScore": 1 }, "geometry": { "type": "Polygon", "coordinates": [ [ [ 965783.180383179569617, 1948880.11366192647256 ], [ 965826.481653368799016, 1948955.11366192647256 ], [ 965913.084193747257814, 1948955.11366192647256 ], [ 965956.385463936487213, 1948880.11366192647256 ], [ 965913.084193747257814, 1948805.11366192647256 ], [ 965826.481653368799016, 1948805.11366192647256 ], [ 965783.180383179569617, 1948880.11366192647256 ] ] ] } },
{ "type": "Feature", "properties": { "fid": 651, "id": 651, "left": 965783.18038317957, "top": 1948805.1136619265, "right": 965956.38546393649, "bottom": 1948655.1136619265, "row_index": 20, "col_index": 30, "HexScore": 3 }, "geometry": { "type": "Polygon", "coordinates": [ [ [ 965783.180383179569617, 1948730.11366192647256 ], [ 965826.481653368799016, 1948805.11366192647256 ], [ 965913.084193747257814, 1948805.11366192647256 ], [ 965956.385463936487213, 1948730.11366192647256 ], [ 965913.084193747257814, 1948655.11366192647256 ], [ 965826.481653368799016, 1948655.11366192647256 ], [ 965783.180383179569617, 1948730.11366192647256 ] ] ] } },
{ "type": "Feature", "properties": { "fid": 652, "id": 652, "left": 965913.08419374726, "top": 1951730.1136619265, "right": 966086.28927450418, "bottom": 1951580.1136619265, "row_index": 0, "col_index": 31, "HexScore": 1 }, "geometry": { "type": "Polygon", "coordinates": [ [ [ 965913.084193747257814, 1951655.11366192647256 ], [ 965956.385463936487213, 1951730.11366192647256 ], [ 966042.988004314946011, 1951730.11366192647256 ], [ 966086.28927450417541, 1951655.11366192647256 ], [ 966042.988004314946011, 1951580.11366192647256 ], [ 965956.385463936487213, 1951580.11366192647256 ], [ 965913.084193747257814, 1951655.11366192647256 ] ] ] } },
{ "type": "Feature", "properties": { "fid": 653, "id": 653, "left": 965913.08419374726, "top": 1951580.1136619265, "right": 966086.28927450418, "bottom": 1951430.1136619265, "row_index": 1, "col_index": 31, "HexScore": 1 }, "geometry": { "type": "Polygon", "coordinates": [ [ [ 965913.084193747257814, 1951505.11366192647256 ], [ 965956.385463936487213, 1951580.11366192647256 ], [ 966042.988004314946011, 1951580.11366192647256 ], [ 966086.28927450417541, 1951505.11366192647256 ], [ 966042.988004314946011, 1951430.11366192647256 ], [ 965956.385463936487213, 1951430.11366192647256 ], [ 965913.084193747257814, 1951505.11366192647256 ] ] ] } },
{ "type": "Feature", "properties": { "fid": 654, "id": 654, "left": 965913.08419374726, "top": 1951430.1136619265, "right": 966086.28927450418, "bottom": 1951280.1136619265, "row_index": 2, "col_index": 31, "HexScore": 3 }, "geometry": { "type": "Polygon", "coordinates": [ [ [ 965913.084193747257814, 1951355.11366192647256 ], [ 965956.385463936487213, 1951430.11366192647256 ], [ 966042.988004314946011, 1951430.11366192647256 ], [ 966086.28927450417541, 1951355.11366192647256 ], [ 966042.988004314946011, 1951280.11366192647256 ], [ 965956.385463936487213, 1951280.11366192647256 ], [ 965913.084193747257814, 1951355.11366192647256 ] ] ] } },
{ "type": "Feature", "properties": { "fid": 655, "id": 655, "left": 965913.08419374726, "top": 1951280.1136619265, "right": 966086.28927450418, "bottom": 1951130.1136619265, "row_index": 3, "col_index": 31, "HexScore": 3 }, "geometry": { "type": "Polygon", "coordinates": [ [ [ 965913.084193747257814, 1951205.11366192647256 ], [ 965956.385463936487213, 1951280.11366192647256 ], [ 966042.988004314946011, 1951280.11366192647256 ], [ 966086.28927450417541, 1951205.11366192647256 ], [ 966042.988004314946011, 1951130.11366192647256 ], [ 965956.385463936487213, 1951130.11366192647256 ], [ 965913.084193747257814, 1951205.11366192647256 ] ] ] } },
{ "type": "Feature", "properties": { "fid": 656, "id": 656, "left": 965913.08419374726, "top": 1951130.1136619265, "right": 966086.28927450418, "bottom": 1950980.1136619265, "row_index": 4, "col_index": 31, "HexScore": 1 }, "geometry": { "type": "Polygon", "coordinates": [ [ [ 965913.084193747257814, 1951055.11366192647256 ], [ 965956.385463936487213, 1951130.11366192647256 ], [ 966042.988004314946011, 1951130.11366192647256 ], [ 966086.28927450417541, 1951055.11366192647256 ], [ 966042.988004314946011, 1950980.11366192647256 ], [ 965956.385463936487213, 1950980.11366192647256 ], [ 965913.084193747257814, 1951055.11366192647256 ] ] ] } },
{ "type": "Feature", "properties": { "fid": 657, "id": 657, "left": 965913.08419374726, "top": 1950980.1136619265, "right": 966086.28927450418, "bottom": 1950830.1136619265, "row_index": 5, "col_index": 31, "HexScore": 1 }, "geometry": { "type": "Polygon", "coordinates": [ [ [ 965913.084193747257814, 1950905.11366192647256 ], [ 965956.385463936487213, 1950980.11366192647256 ], [ 966042.988004314946011, 1950980.11366192647256 ], [ 966086.28927450417541, 1950905.11366192647256 ], [ 966042.988004314946011, 1950830.11366192647256 ], [ 965956.385463936487213, 1950830.11366192647256 ], [ 965913.084193747257814, 1950905.11366192647256 ] ] ] } },
{ "type": "Feature", "properties": { "fid": 658, "id": 658, "left": 965913.08419374726, "top": 1950830.1136619265, "right": 966086.28927450418, "bottom": 1950680.1136619265, "row_index": 6, "col_index": 31, "HexScore": 1 }, "geometry": { "type": "Polygon", "coordinates": [ [ [ 965913.084193747257814, 1950755.11366192647256 ], [ 965956.385463936487213, 1950830.11366192647256 ], [ 966042.988004314946011, 1950830.11366192647256 ], [ 966086.28927450417541, 1950755.11366192647256 ], [ 966042.988004314946011, 1950680.11366192647256 ], [ 965956.385463936487213, 1950680.11366192647256 ], [ 965913.084193747257814, 1950755.11366192647256 ] ] ] } },
{ "type": "Feature", "properties": { "fid": 659, "id": 659, "left": 965913.08419374726, "top": 1950680.1136619265, "right": 966086.28927450418, "bottom": 1950530.1136619265, "row_index": 7, "col_index": 31, "HexScore": 1 }, "geometry": { "type": "Polygon", "coordinates": [ [ [ 965913.084193747257814, 1950605.11366192647256 ], [ 965956.385463936487213, 1950680.11366192647256 ], [ 966042.988004314946011, 1950680.11366192647256 ], [ 966086.28927450417541, 1950605.11366192647256 ], [ 966042.988004314946011, 1950530.11366192647256 ], [ 965956.385463936487213, 1950530.11366192647256 ], [ 965913.084193747257814, 1950605.11366192647256 ] ] ] } },
{ "type": "Feature", "properties": { "fid": 660, "id": 660, "left": 965913.08419374726, "top": 1950530.1136619265, "right": 966086.28927450418, "bottom": 1950380.1136619265, "row_index": 8, "col_index": 31, "HexScore": 1 }, "geometry": { "type": "Polygon", "coordinates": [ [ [ 965913.084193747257814, 1950455.11366192647256 ], [ 965956.385463936487213, 1950530.11366192647256 ], [ 966042.988004314946011, 1950530.11366192647256 ], [ 966086.28927450417541, 1950455.11366192647256 ], [ 966042.988004314946011, 1950380.11366192647256 ], [ 965956.385463936487213, 1950380.11366192647256 ], [ 965913.084193747257814, 1950455.11366192647256 ] ] ] } },
{ "type": "Feature", "properties": { "fid": 661, "id": 661, "left": 965913.08419374726, "top": 1950380.1136619265, "right": 966086.28927450418, "bottom": 1950230.1136619265, "row_index": 9, "col_index": 31, "HexScore": 1 }, "geometry": { "type": "Polygon", "coordinates": [ [ [ 965913.084193747257814, 1950305.11366192647256 ], [ 965956.385463936487213, 1950380.11366192647256 ], [ 966042.988004314946011, 1950380.11366192647256 ], [ 966086.28927450417541, 1950305.11366192647256 ], [ 966042.988004314946011, 1950230.11366192647256 ], [ 965956.385463936487213, 1950230.11366192647256 ], [ 965913.084193747257814, 1950305.11366192647256 ] ] ] } },
{ "type": "Feature", "properties": { "fid": 662, "id": 662, "left": 965913.08419374726, "top": 1950230.1136619265, "right": 966086.28927450418, "bottom": 1950080.1136619265, "row_index": 10, "col_index": 31, "HexScore": 1 }, "geometry": { "type": "Polygon", "coordinates": [ [ [ 965913.084193747257814, 1950155.11366192647256 ], [ 965956.385463936487213, 1950230.11366192647256 ], [ 966042.988004314946011, 1950230.11366192647256 ], [ 966086.28927450417541, 1950155.11366192647256 ], [ 966042.988004314946011, 1950080.11366192647256 ], [ 965956.385463936487213, 1950080.11366192647256 ], [ 965913.084193747257814, 1950155.11366192647256 ] ] ] } },
{ "type": "Feature", "properties": { "fid": 663, "id": 663, "left": 965913.08419374726, "top": 1950080.1136619265, "right": 966086.28927450418, "bottom": 1949930.1136619265, "row_index": 11, "col_index": 31, "HexScore": 1 }, "geometry": { "type": "Polygon", "coordinates": [ [ [ 965913.084193747257814, 1950005.11366192647256 ], [ 965956.385463936487213, 1950080.11366192647256 ], [ 966042.988004314946011, 1950080.11366192647256 ], [ 966086.28927450417541, 1950005.11366192647256 ], [ 966042.988004314946011, 1949930.11366192647256 ], [ 965956.385463936487213, 1949930.11366192647256 ], [ 965913.084193747257814, 1950005.11366192647256 ] ] ] } },
{ "type": "Feature", "properties": { "fid": 664, "id": 664, "left": 965913.08419374726, "top": 1949930.1136619265, "right": 966086.28927450418, "bottom": 1949780.1136619265, "row_index": 12, "col_index": 31, "HexScore": 1 }, "geometry": { "type": "Polygon", "coordinates": [ [ [ 965913.084193747257814, 1949855.11366192647256 ], [ 965956.385463936487213, 1949930.11366192647256 ], [ 966042.988004314946011, 1949930.11366192647256 ], [ 966086.28927450417541, 1949855.11366192647256 ], [ 966042.988004314946011, 1949780.11366192647256 ], [ 965956.385463936487213, 1949780.11366192647256 ], [ 965913.084193747257814, 1949855.11366192647256 ] ] ] } },
{ "type": "Feature", "properties": { "fid": 665, "id": 665, "left": 965913.08419374726, "top": 1949780.1136619265, "right": 966086.28927450418, "bottom": 1949630.1136619265, "row_index": 13, "col_index": 31, "HexScore": 1 }, "geometry": { "type": "Polygon", "coordinates": [ [ [ 965913.084193747257814, 1949705.11366192647256 ], [ 965956.385463936487213, 1949780.11366192647256 ], [ 966042.988004314946011, 1949780.11366192647256 ], [ 966086.28927450417541, 1949705.11366192647256 ], [ 966042.988004314946011, 1949630.11366192647256 ], [ 965956.385463936487213, 1949630.11366192647256 ], [ 965913.084193747257814, 1949705.11366192647256 ] ] ] } },
{ "type": "Feature", "properties": { "fid": 666, "id": 666, "left": 965913.08419374726, "top": 1949630.1136619265, "right": 966086.28927450418, "bottom": 1949480.1136619265, "row_index": 14, "col_index": 31, "HexScore": 1 }, "geometry": { "type": "Polygon", "coordinates": [ [ [ 965913.084193747257814, 1949555.11366192647256 ], [ 965956.385463936487213, 1949630.11366192647256 ], [ 966042.988004314946011, 1949630.11366192647256 ], [ 966086.28927450417541, 1949555.11366192647256 ], [ 966042.988004314946011, 1949480.11366192647256 ], [ 965956.385463936487213, 1949480.11366192647256 ], [ 965913.084193747257814, 1949555.11366192647256 ] ] ] } },
{ "type": "Feature", "properties": { "fid": 667, "id": 667, "left": 965913.08419374726, "top": 1949480.1136619265, "right": 966086.28927450418, "bottom": 1949330.1136619265, "row_index": 15, "col_index": 31, "HexScore": 1 }, "geometry": { "type": "Polygon", "coordinates": [ [ [ 965913.084193747257814, 1949405.11366192647256 ], [ 965956.385463936487213, 1949480.11366192647256 ], [ 966042.988004314946011, 1949480.11366192647256 ], [ 966086.28927450417541, 1949405.11366192647256 ], [ 966042.988004314946011, 1949330.11366192647256 ], [ 965956.385463936487213, 1949330.11366192647256 ], [ 965913.084193747257814, 1949405.11366192647256 ] ] ] } },
{ "type": "Feature", "properties": { "fid": 668, "id": 668, "left": 965913.08419374726, "top": 1949330.1136619265, "right": 966086.28927450418, "bottom": 1949180.1136619265, "row_index": 16, "col_index": 31, "HexScore": 1 }, "geometry": { "type": "Polygon", "coordinates": [ [ [ 965913.084193747257814, 1949255.11366192647256 ], [ 965956.385463936487213, 1949330.11366192647256 ], [ 966042.988004314946011, 1949330.11366192647256 ], [ 966086.28927450417541, 1949255.11366192647256 ], [ 966042.988004314946011, 1949180.11366192647256 ], [ 965956.385463936487213, 1949180.11366192647256 ], [ 965913.084193747257814, 1949255.11366192647256 ] ] ] } },
{ "type": "Feature", "properties": { "fid": 669, "id": 669, "left": 965913.08419374726, "top": 1949180.1136619265, "right": 966086.28927450418, "bottom": 1949030.1136619265, "row_index": 17, "col_index": 31, "HexScore": 1 }, "geometry": { "type": "Polygon", "coordinates": [ [ [ 965913.084193747257814, 1949105.11366192647256 ], [ 965956.385463936487213, 1949180.11366192647256 ], [ 966042.988004314946011, 1949180.11366192647256 ], [ 966086.28927450417541, 1949105.11366192647256 ], [ 966042.988004314946011, 1949030.11366192647256 ], [ 965956.385463936487213, 1949030.11366192647256 ], [ 965913.084193747257814, 1949105.11366192647256 ] ] ] } },
{ "type": "Feature", "properties": { "fid": 670, "id": 670, "left": 965913.08419374726, "top": 1949030.1136619265, "right": 966086.28927450418, "bottom": 1948880.1136619265, "row_index": 18, "col_index": 31, "HexScore": 3 }, "geometry": { "type": "Polygon", "coordinates": [ [ [ 965913.084193747257814, 1948955.11366192647256 ], [ 965956.385463936487213, 1949030.11366192647256 ], [ 966042.988004314946011, 1949030.11366192647256 ], [ 966086.28927450417541, 1948955.11366192647256 ], [ 966042.988004314946011, 1948880.11366192647256 ], [ 965956.385463936487213, 1948880.11366192647256 ], [ 965913.084193747257814, 1948955.11366192647256 ] ] ] } },
{ "type": "Feature", "properties": { "fid": 671, "id": 671, "left": 965913.08419374726, "top": 1948880.1136619265, "right": 966086.28927450418, "bottom": 1948730.1136619265, "row_index": 19, "col_index": 31, "HexScore": 3 }, "geometry": { "type": "Polygon", "coordinates": [ [ [ 965913.084193747257814, 1948805.11366192647256 ], [ 965956.385463936487213, 1948880.11366192647256 ], [ 966042.988004314946011, 1948880.11366192647256 ], [ 966086.28927450417541, 1948805.11366192647256 ], [ 966042.988004314946011, 1948730.11366192647256 ], [ 965956.385463936487213, 1948730.11366192647256 ], [ 965913.084193747257814, 1948805.11366192647256 ] ] ] } },
{ "type": "Feature", "properties": { "fid": 672, "id": 672, "left": 965913.08419374726, "top": 1948730.1136619265, "right": 966086.28927450418, "bottom": 1948580.1136619265, "row_index": 20, "col_index": 31, "HexScore": 3 }, "geometry": { "type": "Polygon", "coordinates": [ [ [ 965913.084193747257814, 1948655.11366192647256 ], [ 965956.385463936487213, 1948730.11366192647256 ], [ 966042.988004314946011, 1948730.11366192647256 ], [ 966086.28927450417541, 1948655.11366192647256 ], [ 966042.988004314946011, 1948580.11366192647256 ], [ 965956.385463936487213, 1948580.11366192647256 ], [ 965913.084193747257814, 1948655.11366192647256 ] ] ] } },
{ "type": "Feature", "properties": { "fid": 673, "id": 673, "left": 966042.98800431495, "top": 1951805.1136619265, "right": 966216.19308507186, "bottom": 1951655.1136619265, "row_index": 0, "col_index": 32, "HexScore": 1 }, "geometry": { "type": "Polygon", "coordinates": [ [ [ 966042.988004314946011, 1951730.11366192647256 ], [ 966086.28927450417541, 1951805.11366192647256 ], [ 966172.891814882634208, 1951805.11366192647256 ], [ 966216.193085071863607, 1951730.11366192647256 ], [ 966172.891814882634208, 1951655.11366192647256 ], [ 966086.28927450417541, 1951655.11366192647256 ], [ 966042.988004314946011, 1951730.11366192647256 ] ] ] } },
{ "type": "Feature", "properties": { "fid": 674, "id": 674, "left": 966042.98800431495, "top": 1951655.1136619265, "right": 966216.19308507186, "bottom": 1951505.1136619265, "row_index": 1, "col_index": 32, "HexScore": 1 }, "geometry": { "type": "Polygon", "coordinates": [ [ [ 966042.988004314946011, 1951580.11366192647256 ], [ 966086.28927450417541, 1951655.11366192647256 ], [ 966172.891814882634208, 1951655.11366192647256 ], [ 966216.193085071863607, 1951580.11366192647256 ], [ 966172.891814882634208, 1951505.11366192647256 ], [ 966086.28927450417541, 1951505.11366192647256 ], [ 966042.988004314946011, 1951580.11366192647256 ] ] ] } },
{ "type": "Feature", "properties": { "fid": 675, "id": 675, "left": 966042.98800431495, "top": 1951505.1136619265, "right": 966216.19308507186, "bottom": 1951355.1136619265, "row_index": 2, "col_index": 32, "HexScore": 1 }, "geometry": { "type": "Polygon", "coordinates": [ [ [ 966042.988004314946011, 1951430.11366192647256 ], [ 966086.28927450417541, 1951505.11366192647256 ], [ 966172.891814882634208, 1951505.11366192647256 ], [ 966216.193085071863607, 1951430.11366192647256 ], [ 966172.891814882634208, 1951355.11366192647256 ], [ 966086.28927450417541, 1951355.11366192647256 ], [ 966042.988004314946011, 1951430.11366192647256 ] ] ] } },
{ "type": "Feature", "properties": { "fid": 676, "id": 676, "left": 966042.98800431495, "top": 1951355.1136619265, "right": 966216.19308507186, "bottom": 1951205.1136619265, "row_index": 3, "col_index": 32, "HexScore": 1 }, "geometry": { "type": "Polygon", "coordinates": [ [ [ 966042.988004314946011, 1951280.11366192647256 ], [ 966086.28927450417541, 1951355.11366192647256 ], [ 966172.891814882634208, 1951355.11366192647256 ], [ 966216.193085071863607, 1951280.11366192647256 ], [ 966172.891814882634208, 1951205.11366192647256 ], [ 966086.28927450417541, 1951205.11366192647256 ], [ 966042.988004314946011, 1951280.11366192647256 ] ] ] } },
{ "type": "Feature", "properties": { "fid": 677, "id": 677, "left": 966042.98800431495, "top": 1951205.1136619265, "right": 966216.19308507186, "bottom": 1951055.1136619265, "row_index": 4, "col_index": 32, "HexScore": 1 }, "geometry": { "type": "Polygon", "coordinates": [ [ [ 966042.988004314946011, 1951130.11366192647256 ], [ 966086.28927450417541, 1951205.11366192647256 ], [ 966172.891814882634208, 1951205.11366192647256 ], [ 966216.193085071863607, 1951130.11366192647256 ], [ 966172.891814882634208, 1951055.11366192647256 ], [ 966086.28927450417541, 1951055.11366192647256 ], [ 966042.988004314946011, 1951130.11366192647256 ] ] ] } },
{ "type": "Feature", "properties": { "fid": 678, "id": 678, "left": 966042.98800431495, "top": 1951055.1136619265, "right": 966216.19308507186, "bottom": 1950905.1136619265, "row_index": 5, "col_index": 32, "HexScore": 1 }, "geometry": { "type": "Polygon", "coordinates": [ [ [ 966042.988004314946011, 1950980.11366192647256 ], [ 966086.28927450417541, 1951055.11366192647256 ], [ 966172.891814882634208, 1951055.11366192647256 ], [ 966216.193085071863607, 1950980.11366192647256 ], [ 966172.891814882634208, 1950905.11366192647256 ], [ 966086.28927450417541, 1950905.11366192647256 ], [ 966042.988004314946011, 1950980.11366192647256 ] ] ] } },
{ "type": "Feature", "properties": { "fid": 679, "id": 679, "left": 966042.98800431495, "top": 1950905.1136619265, "right": 966216.19308507186, "bottom": 1950755.1136619265, "row_index": 6, "col_index": 32, "HexScore": 1 }, "geometry": { "type": "Polygon", "coordinates": [ [ [ 966042.988004314946011, 1950830.11366192647256 ], [ 966086.28927450417541, 1950905.11366192647256 ], [ 966172.891814882634208, 1950905.11366192647256 ], [ 966216.193085071863607, 1950830.11366192647256 ], [ 966172.891814882634208, 1950755.11366192647256 ], [ 966086.28927450417541, 1950755.11366192647256 ], [ 966042.988004314946011, 1950830.11366192647256 ] ] ] } },
{ "type": "Feature", "properties": { "fid": 680, "id": 680, "left": 966042.98800431495, "top": 1950755.1136619265, "right": 966216.19308507186, "bottom": 1950605.1136619265, "row_index": 7, "col_index": 32, "HexScore": 1 }, "geometry": { "type": "Polygon", "coordinates": [ [ [ 966042.988004314946011, 1950680.11366192647256 ], [ 966086.28927450417541, 1950755.11366192647256 ], [ 966172.891814882634208, 1950755.11366192647256 ], [ 966216.193085071863607, 1950680.11366192647256 ], [ 966172.891814882634208, 1950605.11366192647256 ], [ 966086.28927450417541, 1950605.11366192647256 ], [ 966042.988004314946011, 1950680.11366192647256 ] ] ] } },
{ "type": "Feature", "properties": { "fid": 681, "id": 681, "left": 966042.98800431495, "top": 1950605.1136619265, "right": 966216.19308507186, "bottom": 1950455.1136619265, "row_index": 8, "col_index": 32, "HexScore": 1 }, "geometry": { "type": "Polygon", "coordinates": [ [ [ 966042.988004314946011, 1950530.11366192647256 ], [ 966086.28927450417541, 1950605.11366192647256 ], [ 966172.891814882634208, 1950605.11366192647256 ], [ 966216.193085071863607, 1950530.11366192647256 ], [ 966172.891814882634208, 1950455.11366192647256 ], [ 966086.28927450417541, 1950455.11366192647256 ], [ 966042.988004314946011, 1950530.11366192647256 ] ] ] } },
{ "type": "Feature", "properties": { "fid": 682, "id": 682, "left": 966042.98800431495, "top": 1950455.1136619265, "right": 966216.19308507186, "bottom": 1950305.1136619265, "row_index": 9, "col_index": 32, "HexScore": 1 }, "geometry": { "type": "Polygon", "coordinates": [ [ [ 966042.988004314946011, 1950380.11366192647256 ], [ 966086.28927450417541, 1950455.11366192647256 ], [ 966172.891814882634208, 1950455.11366192647256 ], [ 966216.193085071863607, 1950380.11366192647256 ], [ 966172.891814882634208, 1950305.11366192647256 ], [ 966086.28927450417541, 1950305.11366192647256 ], [ 966042.988004314946011, 1950380.11366192647256 ] ] ] } },
{ "type": "Feature", "properties": { "fid": 683, "id": 683, "left": 966042.98800431495, "top": 1950305.1136619265, "right": 966216.19308507186, "bottom": 1950155.1136619265, "row_index": 10, "col_index": 32, "HexScore": 1 }, "geometry": { "type": "Polygon", "coordinates": [ [ [ 966042.988004314946011, 1950230.11366192647256 ], [ 966086.28927450417541, 1950305.11366192647256 ], [ 966172.891814882634208, 1950305.11366192647256 ], [ 966216.193085071863607, 1950230.11366192647256 ], [ 966172.891814882634208, 1950155.11366192647256 ], [ 966086.28927450417541, 1950155.11366192647256 ], [ 966042.988004314946011, 1950230.11366192647256 ] ] ] } },
{ "type": "Feature", "properties": { "fid": 684, "id": 684, "left": 966042.98800431495, "top": 1950155.1136619265, "right": 966216.19308507186, "bottom": 1950005.1136619265, "row_index": 11, "col_index": 32, "HexScore": 1 }, "geometry": { "type": "Polygon", "coordinates": [ [ [ 966042.988004314946011, 1950080.11366192647256 ], [ 966086.28927450417541, 1950155.11366192647256 ], [ 966172.891814882634208, 1950155.11366192647256 ], [ 966216.193085071863607, 1950080.11366192647256 ], [ 966172.891814882634208, 1950005.11366192647256 ], [ 966086.28927450417541, 1950005.11366192647256 ], [ 966042.988004314946011, 1950080.11366192647256 ] ] ] } },
{ "type": "Feature", "properties": { "fid": 685, "id": 685, "left": 966042.98800431495, "top": 1950005.1136619265, "right": 966216.19308507186, "bottom": 1949855.1136619265, "row_index": 12, "col_index": 32, "HexScore": 1 }, "geometry": { "type": "Polygon", "coordinates": [ [ [ 966042.988004314946011, 1949930.11366192647256 ], [ 966086.28927450417541, 1950005.11366192647256 ], [ 966172.891814882634208, 1950005.11366192647256 ], [ 966216.193085071863607, 1949930.11366192647256 ], [ 966172.891814882634208, 1949855.11366192647256 ], [ 966086.28927450417541, 1949855.11366192647256 ], [ 966042.988004314946011, 1949930.11366192647256 ] ] ] } },
{ "type": "Feature", "properties": { "fid": 686, "id": 686, "left": 966042.98800431495, "top": 1949855.1136619265, "right": 966216.19308507186, "bottom": 1949705.1136619265, "row_index": 13, "col_index": 32, "HexScore": 1 }, "geometry": { "type": "Polygon", "coordinates": [ [ [ 966042.988004314946011, 1949780.11366192647256 ], [ 966086.28927450417541, 1949855.11366192647256 ], [ 966172.891814882634208, 1949855.11366192647256 ], [ 966216.193085071863607, 1949780.11366192647256 ], [ 966172.891814882634208, 1949705.11366192647256 ], [ 966086.28927450417541, 1949705.11366192647256 ], [ 966042.988004314946011, 1949780.11366192647256 ] ] ] } },
{ "type": "Feature", "properties": { "fid": 687, "id": 687, "left": 966042.98800431495, "top": 1949705.1136619265, "right": 966216.19308507186, "bottom": 1949555.1136619265, "row_index": 14, "col_index": 32, "HexScore": 1 }, "geometry": { "type": "Polygon", "coordinates": [ [ [ 966042.988004314946011, 1949630.11366192647256 ], [ 966086.28927450417541, 1949705.11366192647256 ], [ 966172.891814882634208, 1949705.11366192647256 ], [ 966216.193085071863607, 1949630.11366192647256 ], [ 966172.891814882634208, 1949555.11366192647256 ], [ 966086.28927450417541, 1949555.11366192647256 ], [ 966042.988004314946011, 1949630.11366192647256 ] ] ] } },
{ "type": "Feature", "properties": { "fid": 688, "id": 688, "left": 966042.98800431495, "top": 1949555.1136619265, "right": 966216.19308507186, "bottom": 1949405.1136619265, "row_index": 15, "col_index": 32, "HexScore": 1 }, "geometry": { "type": "Polygon", "coordinates": [ [ [ 966042.988004314946011, 1949480.11366192647256 ], [ 966086.28927450417541, 1949555.11366192647256 ], [ 966172.891814882634208, 1949555.11366192647256 ], [ 966216.193085071863607, 1949480.11366192647256 ], [ 966172.891814882634208, 1949405.11366192647256 ], [ 966086.28927450417541, 1949405.11366192647256 ], [ 966042.988004314946011, 1949480.11366192647256 ] ] ] } },
{ "type": "Feature", "properties": { "fid": 689, "id": 689, "left": 966042.98800431495, "top": 1949405.1136619265, "right": 966216.19308507186, "bottom": 1949255.1136619265, "row_index": 16, "col_index": 32, "HexScore": 1 }, "geometry": { "type": "Polygon", "coordinates": [ [ [ 966042.988004314946011, 1949330.11366192647256 ], [ 966086.28927450417541, 1949405.11366192647256 ], [ 966172.891814882634208, 1949405.11366192647256 ], [ 966216.193085071863607, 1949330.11366192647256 ], [ 966172.891814882634208, 1949255.11366192647256 ], [ 966086.28927450417541, 1949255.11366192647256 ], [ 966042.988004314946011, 1949330.11366192647256 ] ] ] } },
{ "type": "Feature", "properties": { "fid": 690, "id": 690, "left": 966042.98800431495, "top": 1949255.1136619265, "right": 966216.19308507186, "bottom": 1949105.1136619265, "row_index": 17, "col_index": 32, "HexScore": 1 }, "geometry": { "type": "Polygon", "coordinates": [ [ [ 966042.988004314946011, 1949180.11366192647256 ], [ 966086.28927450417541, 1949255.11366192647256 ], [ 966172.891814882634208, 1949255.11366192647256 ], [ 966216.193085071863607, 1949180.11366192647256 ], [ 966172.891814882634208, 1949105.11366192647256 ], [ 966086.28927450417541, 1949105.11366192647256 ], [ 966042.988004314946011, 1949180.11366192647256 ] ] ] } },
{ "type": "Feature", "properties": { "fid": 691, "id": 691, "left": 966042.98800431495, "top": 1949105.1136619265, "right": 966216.19308507186, "bottom": 1948955.1136619265, "row_index": 18, "col_index": 32, "HexScore": 3 }, "geometry": { "type": "Polygon", "coordinates": [ [ [ 966042.988004314946011, 1949030.11366192647256 ], [ 966086.28927450417541, 1949105.11366192647256 ], [ 966172.891814882634208, 1949105.11366192647256 ], [ 966216.193085071863607, 1949030.11366192647256 ], [ 966172.891814882634208, 1948955.11366192647256 ], [ 966086.28927450417541, 1948955.11366192647256 ], [ 966042.988004314946011, 1949030.11366192647256 ] ] ] } },
{ "type": "Feature", "properties": { "fid": 692, "id": 692, "left": 966042.98800431495, "top": 1948955.1136619265, "right": 966216.19308507186, "bottom": 1948805.1136619265, "row_index": 19, "col_index": 32, "HexScore": 3 }, "geometry": { "type": "Polygon", "coordinates": [ [ [ 966042.988004314946011, 1948880.11366192647256 ], [ 966086.28927450417541, 1948955.11366192647256 ], [ 966172.891814882634208, 1948955.11366192647256 ], [ 966216.193085071863607, 1948880.11366192647256 ], [ 966172.891814882634208, 1948805.11366192647256 ], [ 966086.28927450417541, 1948805.11366192647256 ], [ 966042.988004314946011, 1948880.11366192647256 ] ] ] } },
{ "type": "Feature", "properties": { "fid": 693, "id": 693, "left": 966042.98800431495, "top": 1948805.1136619265, "right": 966216.19308507186, "bottom": 1948655.1136619265, "row_index": 20, "col_index": 32, "HexScore": 3 }, "geometry": { "type": "Polygon", "coordinates": [ [ [ 966042.988004314946011, 1948730.11366192647256 ], [ 966086.28927450417541, 1948805.11366192647256 ], [ 966172.891814882634208, 1948805.11366192647256 ], [ 966216.193085071863607, 1948730.11366192647256 ], [ 966172.891814882634208, 1948655.11366192647256 ], [ 966086.28927450417541, 1948655.11366192647256 ], [ 966042.988004314946011, 1948730.11366192647256 ] ] ] } },
{ "type": "Feature", "properties": { "fid": 694, "id": 694, "left": 966172.89181488263, "top": 1951730.1136619265, "right": 966346.09689563955, "bottom": 1951580.1136619265, "row_index": 0, "col_index": 33, "HexScore": 1 }, "geometry": { "type": "Polygon", "coordinates": [ [ [ 966172.891814882634208, 1951655.11366192647256 ], [ 966216.193085071863607, 1951730.11366192647256 ], [ 966302.795625450322405, 1951730.11366192647256 ], [ 966346.096895639551803, 1951655.11366192647256 ], [ 966302.795625450322405, 1951580.11366192647256 ], [ 966216.193085071863607, 1951580.11366192647256 ], [ 966172.891814882634208, 1951655.11366192647256 ] ] ] } },
{ "type": "Feature", "properties": { "fid": 695, "id": 695, "left": 966172.89181488263, "top": 1951580.1136619265, "right": 966346.09689563955, "bottom": 1951430.1136619265, "row_index": 1, "col_index": 33, "HexScore": 1 }, "geometry": { "type": "Polygon", "coordinates": [ [ [ 966172.891814882634208, 1951505.11366192647256 ], [ 966216.193085071863607, 1951580.11366192647256 ], [ 966302.795625450322405, 1951580.11366192647256 ], [ 966346.096895639551803, 1951505.11366192647256 ], [ 966302.795625450322405, 1951430.11366192647256 ], [ 966216.193085071863607, 1951430.11366192647256 ], [ 966172.891814882634208, 1951505.11366192647256 ] ] ] } },
{ "type": "Feature", "properties": { "fid": 696, "id": 696, "left": 966172.89181488263, "top": 1951430.1136619265, "right": 966346.09689563955, "bottom": 1951280.1136619265, "row_index": 2, "col_index": 33, "HexScore": 1 }, "geometry": { "type": "Polygon", "coordinates": [ [ [ 966172.891814882634208, 1951355.11366192647256 ], [ 966216.193085071863607, 1951430.11366192647256 ], [ 966302.795625450322405, 1951430.11366192647256 ], [ 966346.096895639551803, 1951355.11366192647256 ], [ 966302.795625450322405, 1951280.11366192647256 ], [ 966216.193085071863607, 1951280.11366192647256 ], [ 966172.891814882634208, 1951355.11366192647256 ] ] ] } },
{ "type": "Feature", "properties": { "fid": 697, "id": 697, "left": 966172.89181488263, "top": 1951280.1136619265, "right": 966346.09689563955, "bottom": 1951130.1136619265, "row_index": 3, "col_index": 33, "HexScore": 1 }, "geometry": { "type": "Polygon", "coordinates": [ [ [ 966172.891814882634208, 1951205.11366192647256 ], [ 966216.193085071863607, 1951280.11366192647256 ], [ 966302.795625450322405, 1951280.11366192647256 ], [ 966346.096895639551803, 1951205.11366192647256 ], [ 966302.795625450322405, 1951130.11366192647256 ], [ 966216.193085071863607, 1951130.11366192647256 ], [ 966172.891814882634208, 1951205.11366192647256 ] ] ] } },
{ "type": "Feature", "properties": { "fid": 698, "id": 698, "left": 966172.89181488263, "top": 1951130.1136619265, "right": 966346.09689563955, "bottom": 1950980.1136619265, "row_index": 4, "col_index": 33, "HexScore": 1 }, "geometry": { "type": "Polygon", "coordinates": [ [ [ 966172.891814882634208, 1951055.11366192647256 ], [ 966216.193085071863607, 1951130.11366192647256 ], [ 966302.795625450322405, 1951130.11366192647256 ], [ 966346.096895639551803, 1951055.11366192647256 ], [ 966302.795625450322405, 1950980.11366192647256 ], [ 966216.193085071863607, 1950980.11366192647256 ], [ 966172.891814882634208, 1951055.11366192647256 ] ] ] } },
{ "type": "Feature", "properties": { "fid": 699, "id": 699, "left": 966172.89181488263, "top": 1950980.1136619265, "right": 966346.09689563955, "bottom": 1950830.1136619265, "row_index": 5, "col_index": 33, "HexScore": 1 }, "geometry": { "type": "Polygon", "coordinates": [ [ [ 966172.891814882634208, 1950905.11366192647256 ], [ 966216.193085071863607, 1950980.11366192647256 ], [ 966302.795625450322405, 1950980.11366192647256 ], [ 966346.096895639551803, 1950905.11366192647256 ], [ 966302.795625450322405, 1950830.11366192647256 ], [ 966216.193085071863607, 1950830.11366192647256 ], [ 966172.891814882634208, 1950905.11366192647256 ] ] ] } },
{ "type": "Feature", "properties": { "fid": 700, "id": 700, "left": 966172.89181488263, "top": 1950830.1136619265, "right": 966346.09689563955, "bottom": 1950680.1136619265, "row_index": 6, "col_index": 33, "HexScore": 1 }, "geometry": { "type": "Polygon", "coordinates": [ [ [ 966172.891814882634208, 1950755.11366192647256 ], [ 966216.193085071863607, 1950830.11366192647256 ], [ 966302.795625450322405, 1950830.11366192647256 ], [ 966346.096895639551803, 1950755.11366192647256 ], [ 966302.795625450322405, 1950680.11366192647256 ], [ 966216.193085071863607, 1950680.11366192647256 ], [ 966172.891814882634208, 1950755.11366192647256 ] ] ] } },
{ "type": "Feature", "properties": { "fid": 701, "id": 701, "left": 966172.89181488263, "top": 1950680.1136619265, "right": 966346.09689563955, "bottom": 1950530.1136619265, "row_index": 7, "col_index": 33, "HexScore": 1 }, "geometry": { "type": "Polygon", "coordinates": [ [ [ 966172.891814882634208, 1950605.11366192647256 ], [ 966216.193085071863607, 1950680.11366192647256 ], [ 966302.795625450322405, 1950680.11366192647256 ], [ 966346.096895639551803, 1950605.11366192647256 ], [ 966302.795625450322405, 1950530.11366192647256 ], [ 966216.193085071863607, 1950530.11366192647256 ], [ 966172.891814882634208, 1950605.11366192647256 ] ] ] } },
{ "type": "Feature", "properties": { "fid": 702, "id": 702, "left": 966172.89181488263, "top": 1950530.1136619265, "right": 966346.09689563955, "bottom": 1950380.1136619265, "row_index": 8, "col_index": 33, "HexScore": 1 }, "geometry": { "type": "Polygon", "coordinates": [ [ [ 966172.891814882634208, 1950455.11366192647256 ], [ 966216.193085071863607, 1950530.11366192647256 ], [ 966302.795625450322405, 1950530.11366192647256 ], [ 966346.096895639551803, 1950455.11366192647256 ], [ 966302.795625450322405, 1950380.11366192647256 ], [ 966216.193085071863607, 1950380.11366192647256 ], [ 966172.891814882634208, 1950455.11366192647256 ] ] ] } },
{ "type": "Feature", "properties": { "fid": 703, "id": 703, "left": 966172.89181488263, "top": 1950380.1136619265, "right": 966346.09689563955, "bottom": 1950230.1136619265, "row_index": 9, "col_index": 33, "HexScore": 1 }, "geometry": { "type": "Polygon", "coordinates": [ [ [ 966172.891814882634208, 1950305.11366192647256 ], [ 966216.193085071863607, 1950380.11366192647256 ], [ 966302.795625450322405, 1950380.11366192647256 ], [ 966346.096895639551803, 1950305.11366192647256 ], [ 966302.795625450322405, 1950230.11366192647256 ], [ 966216.193085071863607, 1950230.11366192647256 ], [ 966172.891814882634208, 1950305.11366192647256 ] ] ] } },
{ "type": "Feature", "properties": { "fid": 704, "id": 704, "left": 966172.89181488263, "top": 1950230.1136619265, "right": 966346.09689563955, "bottom": 1950080.1136619265, "row_index": 10, "col_index": 33, "HexScore": 1 }, "geometry": { "type": "Polygon", "coordinates": [ [ [ 966172.891814882634208, 1950155.11366192647256 ], [ 966216.193085071863607, 1950230.11366192647256 ], [ 966302.795625450322405, 1950230.11366192647256 ], [ 966346.096895639551803, 1950155.11366192647256 ], [ 966302.795625450322405, 1950080.11366192647256 ], [ 966216.193085071863607, 1950080.11366192647256 ], [ 966172.891814882634208, 1950155.11366192647256 ] ] ] } },
{ "type": "Feature", "properties": { "fid": 705, "id": 705, "left": 966172.89181488263, "top": 1950080.1136619265, "right": 966346.09689563955, "bottom": 1949930.1136619265, "row_index": 11, "col_index": 33, "HexScore": 1 }, "geometry": { "type": "Polygon", "coordinates": [ [ [ 966172.891814882634208, 1950005.11366192647256 ], [ 966216.193085071863607, 1950080.11366192647256 ], [ 966302.795625450322405, 1950080.11366192647256 ], [ 966346.096895639551803, 1950005.11366192647256 ], [ 966302.795625450322405, 1949930.11366192647256 ], [ 966216.193085071863607, 1949930.11366192647256 ], [ 966172.891814882634208, 1950005.11366192647256 ] ] ] } },
{ "type": "Feature", "properties": { "fid": 706, "id": 706, "left": 966172.89181488263, "top": 1949930.1136619265, "right": 966346.09689563955, "bottom": 1949780.1136619265, "row_index": 12, "col_index": 33, "HexScore": 1 }, "geometry": { "type": "Polygon", "coordinates": [ [ [ 966172.891814882634208, 1949855.11366192647256 ], [ 966216.193085071863607, 1949930.11366192647256 ], [ 966302.795625450322405, 1949930.11366192647256 ], [ 966346.096895639551803, 1949855.11366192647256 ], [ 966302.795625450322405, 1949780.11366192647256 ], [ 966216.193085071863607, 1949780.11366192647256 ], [ 966172.891814882634208, 1949855.11366192647256 ] ] ] } },
{ "type": "Feature", "properties": { "fid": 707, "id": 707, "left": 966172.89181488263, "top": 1949780.1136619265, "right": 966346.09689563955, "bottom": 1949630.1136619265, "row_index": 13, "col_index": 33, "HexScore": 1 }, "geometry": { "type": "Polygon", "coordinates": [ [ [ 966172.891814882634208, 1949705.11366192647256 ], [ 966216.193085071863607, 1949780.11366192647256 ], [ 966302.795625450322405, 1949780.11366192647256 ], [ 966346.096895639551803, 1949705.11366192647256 ], [ 966302.795625450322405, 1949630.11366192647256 ], [ 966216.193085071863607, 1949630.11366192647256 ], [ 966172.891814882634208, 1949705.11366192647256 ] ] ] } },
{ "type": "Feature", "properties": { "fid": 708, "id": 708, "left": 966172.89181488263, "top": 1949630.1136619265, "right": 966346.09689563955, "bottom": 1949480.1136619265, "row_index": 14, "col_index": 33, "HexScore": 1 }, "geometry": { "type": "Polygon", "coordinates": [ [ [ 966172.891814882634208, 1949555.11366192647256 ], [ 966216.193085071863607, 1949630.11366192647256 ], [ 966302.795625450322405, 1949630.11366192647256 ], [ 966346.096895639551803, 1949555.11366192647256 ], [ 966302.795625450322405, 1949480.11366192647256 ], [ 966216.193085071863607, 1949480.11366192647256 ], [ 966172.891814882634208, 1949555.11366192647256 ] ] ] } },
{ "type": "Feature", "properties": { "fid": 709, "id": 709, "left": 966172.89181488263, "top": 1949480.1136619265, "right": 966346.09689563955, "bottom": 1949330.1136619265, "row_index": 15, "col_index": 33, "HexScore": 1 }, "geometry": { "type": "Polygon", "coordinates": [ [ [ 966172.891814882634208, 1949405.11366192647256 ], [ 966216.193085071863607, 1949480.11366192647256 ], [ 966302.795625450322405, 1949480.11366192647256 ], [ 966346.096895639551803, 1949405.11366192647256 ], [ 966302.795625450322405, 1949330.11366192647256 ], [ 966216.193085071863607, 1949330.11366192647256 ], [ 966172.891814882634208, 1949405.11366192647256 ] ] ] } },
{ "type": "Feature", "properties": { "fid": 710, "id": 710, "left": 966172.89181488263, "top": 1949330.1136619265, "right": 966346.09689563955, "bottom": 1949180.1136619265, "row_index": 16, "col_index": 33, "HexScore": 1 }, "geometry": { "type": "Polygon", "coordinates": [ [ [ 966172.891814882634208, 1949255.11366192647256 ], [ 966216.193085071863607, 1949330.11366192647256 ], [ 966302.795625450322405, 1949330.11366192647256 ], [ 966346.096895639551803, 1949255.11366192647256 ], [ 966302.795625450322405, 1949180.11366192647256 ], [ 966216.193085071863607, 1949180.11366192647256 ], [ 966172.891814882634208, 1949255.11366192647256 ] ] ] } },
{ "type": "Feature", "properties": { "fid": 711, "id": 711, "left": 966172.89181488263, "top": 1949180.1136619265, "right": 966346.09689563955, "bottom": 1949030.1136619265, "row_index": 17, "col_index": 33, "HexScore": 3 }, "geometry": { "type": "Polygon", "coordinates": [ [ [ 966172.891814882634208, 1949105.11366192647256 ], [ 966216.193085071863607, 1949180.11366192647256 ], [ 966302.795625450322405, 1949180.11366192647256 ], [ 966346.096895639551803, 1949105.11366192647256 ], [ 966302.795625450322405, 1949030.11366192647256 ], [ 966216.193085071863607, 1949030.11366192647256 ], [ 966172.891814882634208, 1949105.11366192647256 ] ] ] } },
{ "type": "Feature", "properties": { "fid": 712, "id": 712, "left": 966172.89181488263, "top": 1949030.1136619265, "right": 966346.09689563955, "bottom": 1948880.1136619265, "row_index": 18, "col_index": 33, "HexScore": 3 }, "geometry": { "type": "Polygon", "coordinates": [ [ [ 966172.891814882634208, 1948955.11366192647256 ], [ 966216.193085071863607, 1949030.11366192647256 ], [ 966302.795625450322405, 1949030.11366192647256 ], [ 966346.096895639551803, 1948955.11366192647256 ], [ 966302.795625450322405, 1948880.11366192647256 ], [ 966216.193085071863607, 1948880.11366192647256 ], [ 966172.891814882634208, 1948955.11366192647256 ] ] ] } },
{ "type": "Feature", "properties": { "fid": 713, "id": 713, "left": 966172.89181488263, "top": 1948880.1136619265, "right": 966346.09689563955, "bottom": 1948730.1136619265, "row_index": 19, "col_index": 33, "HexScore": 1 }, "geometry": { "type": "Polygon", "coordinates": [ [ [ 966172.891814882634208, 1948805.11366192647256 ], [ 966216.193085071863607, 1948880.11366192647256 ], [ 966302.795625450322405, 1948880.11366192647256 ], [ 966346.096895639551803, 1948805.11366192647256 ], [ 966302.795625450322405, 1948730.11366192647256 ], [ 966216.193085071863607, 1948730.11366192647256 ], [ 966172.891814882634208, 1948805.11366192647256 ] ] ] } },
{ "type": "Feature", "properties": { "fid": 714, "id": 714, "left": 966172.89181488263, "top": 1948730.1136619265, "right": 966346.09689563955, "bottom": 1948580.1136619265, "row_index": 20, "col_index": 33, "HexScore": 1 }, "geometry": { "type": "Polygon", "coordinates": [ [ [ 966172.891814882634208, 1948655.11366192647256 ], [ 966216.193085071863607, 1948730.11366192647256 ], [ 966302.795625450322405, 1948730.11366192647256 ], [ 966346.096895639551803, 1948655.11366192647256 ], [ 966302.795625450322405, 1948580.11366192647256 ], [ 966216.193085071863607, 1948580.11366192647256 ], [ 966172.891814882634208, 1948655.11366192647256 ] ] ] } },
{ "type": "Feature", "properties": { "fid": 715, "id": 715, "left": 966302.79562545021, "top": 1951805.1136619265, "right": 966476.00070620712, "bottom": 1951655.1136619265, "row_index": 0, "col_index": 34, "HexScore": 1 }, "geometry": { "type": "Polygon", "coordinates": [ [ [ 966302.795625450205989, 1951730.11366192647256 ], [ 966346.096895639435388, 1951805.11366192647256 ], [ 966432.699436017894186, 1951805.11366192647256 ], [ 966476.000706207123585, 1951730.11366192647256 ], [ 966432.699436017894186, 1951655.11366192647256 ], [ 966346.096895639435388, 1951655.11366192647256 ], [ 966302.795625450205989, 1951730.11366192647256 ] ] ] } },
{ "type": "Feature", "properties": { "fid": 716, "id": 716, "left": 966302.79562545021, "top": 1951655.1136619265, "right": 966476.00070620712, "bottom": 1951505.1136619265, "row_index": 1, "col_index": 34, "HexScore": 1 }, "geometry": { "type": "Polygon", "coordinates": [ [ [ 966302.795625450205989, 1951580.11366192647256 ], [ 966346.096895639435388, 1951655.11366192647256 ], [ 966432.699436017894186, 1951655.11366192647256 ], [ 966476.000706207123585, 1951580.11366192647256 ], [ 966432.699436017894186, 1951505.11366192647256 ], [ 966346.096895639435388, 1951505.11366192647256 ], [ 966302.795625450205989, 1951580.11366192647256 ] ] ] } },
{ "type": "Feature", "properties": { "fid": 717, "id": 717, "left": 966302.79562545021, "top": 1951505.1136619265, "right": 966476.00070620712, "bottom": 1951355.1136619265, "row_index": 2, "col_index": 34, "HexScore": 1 }, "geometry": { "type": "Polygon", "coordinates": [ [ [ 966302.795625450205989, 1951430.11366192647256 ], [ 966346.096895639435388, 1951505.11366192647256 ], [ 966432.699436017894186, 1951505.11366192647256 ], [ 966476.000706207123585, 1951430.11366192647256 ], [ 966432.699436017894186, 1951355.11366192647256 ], [ 966346.096895639435388, 1951355.11366192647256 ], [ 966302.795625450205989, 1951430.11366192647256 ] ] ] } },
{ "type": "Feature", "properties": { "fid": 718, "id": 718, "left": 966302.79562545021, "top": 1951355.1136619265, "right": 966476.00070620712, "bottom": 1951205.1136619265, "row_index": 3, "col_index": 34, "HexScore": 1 }, "geometry": { "type": "Polygon", "coordinates": [ [ [ 966302.795625450205989, 1951280.11366192647256 ], [ 966346.096895639435388, 1951355.11366192647256 ], [ 966432.699436017894186, 1951355.11366192647256 ], [ 966476.000706207123585, 1951280.11366192647256 ], [ 966432.699436017894186, 1951205.11366192647256 ], [ 966346.096895639435388, 1951205.11366192647256 ], [ 966302.795625450205989, 1951280.11366192647256 ] ] ] } },
{ "type": "Feature", "properties": { "fid": 719, "id": 719, "left": 966302.79562545021, "top": 1951205.1136619265, "right": 966476.00070620712, "bottom": 1951055.1136619265, "row_index": 4, "col_index": 34, "HexScore": 1 }, "geometry": { "type": "Polygon", "coordinates": [ [ [ 966302.795625450205989, 1951130.11366192647256 ], [ 966346.096895639435388, 1951205.11366192647256 ], [ 966432.699436017894186, 1951205.11366192647256 ], [ 966476.000706207123585, 1951130.11366192647256 ], [ 966432.699436017894186, 1951055.11366192647256 ], [ 966346.096895639435388, 1951055.11366192647256 ], [ 966302.795625450205989, 1951130.11366192647256 ] ] ] } },
{ "type": "Feature", "properties": { "fid": 720, "id": 720, "left": 966302.79562545021, "top": 1951055.1136619265, "right": 966476.00070620712, "bottom": 1950905.1136619265, "row_index": 5, "col_index": 34, "HexScore": 1 }, "geometry": { "type": "Polygon", "coordinates": [ [ [ 966302.795625450205989, 1950980.11366192647256 ], [ 966346.096895639435388, 1951055.11366192647256 ], [ 966432.699436017894186, 1951055.11366192647256 ], [ 966476.000706207123585, 1950980.11366192647256 ], [ 966432.699436017894186, 1950905.11366192647256 ], [ 966346.096895639435388, 1950905.11366192647256 ], [ 966302.795625450205989, 1950980.11366192647256 ] ] ] } },
{ "type": "Feature", "properties": { "fid": 721, "id": 721, "left": 966302.79562545021, "top": 1950905.1136619265, "right": 966476.00070620712, "bottom": 1950755.1136619265, "row_index": 6, "col_index": 34, "HexScore": 1 }, "geometry": { "type": "Polygon", "coordinates": [ [ [ 966302.795625450205989, 1950830.11366192647256 ], [ 966346.096895639435388, 1950905.11366192647256 ], [ 966432.699436017894186, 1950905.11366192647256 ], [ 966476.000706207123585, 1950830.11366192647256 ], [ 966432.699436017894186, 1950755.11366192647256 ], [ 966346.096895639435388, 1950755.11366192647256 ], [ 966302.795625450205989, 1950830.11366192647256 ] ] ] } },
{ "type": "Feature", "properties": { "fid": 722, "id": 722, "left": 966302.79562545021, "top": 1950755.1136619265, "right": 966476.00070620712, "bottom": 1950605.1136619265, "row_index": 7, "col_index": 34, "HexScore": 1 }, "geometry": { "type": "Polygon", "coordinates": [ [ [ 966302.795625450205989, 1950680.11366192647256 ], [ 966346.096895639435388, 1950755.11366192647256 ], [ 966432.699436017894186, 1950755.11366192647256 ], [ 966476.000706207123585, 1950680.11366192647256 ], [ 966432.699436017894186, 1950605.11366192647256 ], [ 966346.096895639435388, 1950605.11366192647256 ], [ 966302.795625450205989, 1950680.11366192647256 ] ] ] } },
{ "type": "Feature", "properties": { "fid": 723, "id": 723, "left": 966302.79562545021, "top": 1950605.1136619265, "right": 966476.00070620712, "bottom": 1950455.1136619265, "row_index": 8, "col_index": 34, "HexScore": 1 }, "geometry": { "type": "Polygon", "coordinates": [ [ [ 966302.795625450205989, 1950530.11366192647256 ], [ 966346.096895639435388, 1950605.11366192647256 ], [ 966432.699436017894186, 1950605.11366192647256 ], [ 966476.000706207123585, 1950530.11366192647256 ], [ 966432.699436017894186, 1950455.11366192647256 ], [ 966346.096895639435388, 1950455.11366192647256 ], [ 966302.795625450205989, 1950530.11366192647256 ] ] ] } },
{ "type": "Feature", "properties": { "fid": 724, "id": 724, "left": 966302.79562545021, "top": 1950455.1136619265, "right": 966476.00070620712, "bottom": 1950305.1136619265, "row_index": 9, "col_index": 34, "HexScore": 2 }, "geometry": { "type": "Polygon", "coordinates": [ [ [ 966302.795625450205989, 1950380.11366192647256 ], [ 966346.096895639435388, 1950455.11366192647256 ], [ 966432.699436017894186, 1950455.11366192647256 ], [ 966476.000706207123585, 1950380.11366192647256 ], [ 966432.699436017894186, 1950305.11366192647256 ], [ 966346.096895639435388, 1950305.11366192647256 ], [ 966302.795625450205989, 1950380.11366192647256 ] ] ] } },
{ "type": "Feature", "properties": { "fid": 725, "id": 725, "left": 966302.79562545021, "top": 1950305.1136619265, "right": 966476.00070620712, "bottom": 1950155.1136619265, "row_index": 10, "col_index": 34, "HexScore": 2 }, "geometry": { "type": "Polygon", "coordinates": [ [ [ 966302.795625450205989, 1950230.11366192647256 ], [ 966346.096895639435388, 1950305.11366192647256 ], [ 966432.699436017894186, 1950305.11366192647256 ], [ 966476.000706207123585, 1950230.11366192647256 ], [ 966432.699436017894186, 1950155.11366192647256 ], [ 966346.096895639435388, 1950155.11366192647256 ], [ 966302.795625450205989, 1950230.11366192647256 ] ] ] } },
{ "type": "Feature", "properties": { "fid": 726, "id": 726, "left": 966302.79562545021, "top": 1950155.1136619265, "right": 966476.00070620712, "bottom": 1950005.1136619265, "row_index": 11, "col_index": 34, "HexScore": 2 }, "geometry": { "type": "Polygon", "coordinates": [ [ [ 966302.795625450205989, 1950080.11366192647256 ], [ 966346.096895639435388, 1950155.11366192647256 ], [ 966432.699436017894186, 1950155.11366192647256 ], [ 966476.000706207123585, 1950080.11366192647256 ], [ 966432.699436017894186, 1950005.11366192647256 ], [ 966346.096895639435388, 1950005.11366192647256 ], [ 966302.795625450205989, 1950080.11366192647256 ] ] ] } },
{ "type": "Feature", "properties": { "fid": 727, "id": 727, "left": 966302.79562545021, "top": 1950005.1136619265, "right": 966476.00070620712, "bottom": 1949855.1136619265, "row_index": 12, "col_index": 34, "HexScore": 2 }, "geometry": { "type": "Polygon", "coordinates": [ [ [ 966302.795625450205989, 1949930.11366192647256 ], [ 966346.096895639435388, 1950005.11366192647256 ], [ 966432.699436017894186, 1950005.11366192647256 ], [ 966476.000706207123585, 1949930.11366192647256 ], [ 966432.699436017894186, 1949855.11366192647256 ], [ 966346.096895639435388, 1949855.11366192647256 ], [ 966302.795625450205989, 1949930.11366192647256 ] ] ] } },
{ "type": "Feature", "properties": { "fid": 728, "id": 728, "left": 966302.79562545021, "top": 1949855.1136619265, "right": 966476.00070620712, "bottom": 1949705.1136619265, "row_index": 13, "col_index": 34, "HexScore": 1 }, "geometry": { "type": "Polygon", "coordinates": [ [ [ 966302.795625450205989, 1949780.11366192647256 ], [ 966346.096895639435388, 1949855.11366192647256 ], [ 966432.699436017894186, 1949855.11366192647256 ], [ 966476.000706207123585, 1949780.11366192647256 ], [ 966432.699436017894186, 1949705.11366192647256 ], [ 966346.096895639435388, 1949705.11366192647256 ], [ 966302.795625450205989, 1949780.11366192647256 ] ] ] } },
{ "type": "Feature", "properties": { "fid": 729, "id": 729, "left": 966302.79562545021, "top": 1949705.1136619265, "right": 966476.00070620712, "bottom": 1949555.1136619265, "row_index": 14, "col_index": 34, "HexScore": 1 }, "geometry": { "type": "Polygon", "coordinates": [ [ [ 966302.795625450205989, 1949630.11366192647256 ], [ 966346.096895639435388, 1949705.11366192647256 ], [ 966432.699436017894186, 1949705.11366192647256 ], [ 966476.000706207123585, 1949630.11366192647256 ], [ 966432.699436017894186, 1949555.11366192647256 ], [ 966346.096895639435388, 1949555.11366192647256 ], [ 966302.795625450205989, 1949630.11366192647256 ] ] ] } },
{ "type": "Feature", "properties": { "fid": 730, "id": 730, "left": 966302.79562545021, "top": 1949555.1136619265, "right": 966476.00070620712, "bottom": 1949405.1136619265, "row_index": 15, "col_index": 34, "HexScore": 1 }, "geometry": { "type": "Polygon", "coordinates": [ [ [ 966302.795625450205989, 1949480.11366192647256 ], [ 966346.096895639435388, 1949555.11366192647256 ], [ 966432.699436017894186, 1949555.11366192647256 ], [ 966476.000706207123585, 1949480.11366192647256 ], [ 966432.699436017894186, 1949405.11366192647256 ], [ 966346.096895639435388, 1949405.11366192647256 ], [ 966302.795625450205989, 1949480.11366192647256 ] ] ] } },
{ "type": "Feature", "properties": { "fid": 731, "id": 731, "left": 966302.79562545021, "top": 1949405.1136619265, "right": 966476.00070620712, "bottom": 1949255.1136619265, "row_index": 16, "col_index": 34, "HexScore": 1 }, "geometry": { "type": "Polygon", "coordinates": [ [ [ 966302.795625450205989, 1949330.11366192647256 ], [ 966346.096895639435388, 1949405.11366192647256 ], [ 966432.699436017894186, 1949405.11366192647256 ], [ 966476.000706207123585, 1949330.11366192647256 ], [ 966432.699436017894186, 1949255.11366192647256 ], [ 966346.096895639435388, 1949255.11366192647256 ], [ 966302.795625450205989, 1949330.11366192647256 ] ] ] } },
{ "type": "Feature", "properties": { "fid": 732, "id": 732, "left": 966302.79562545021, "top": 1949255.1136619265, "right": 966476.00070620712, "bottom": 1949105.1136619265, "row_index": 17, "col_index": 34, "HexScore": 1 }, "geometry": { "type": "Polygon", "coordinates": [ [ [ 966302.795625450205989, 1949180.11366192647256 ], [ 966346.096895639435388, 1949255.11366192647256 ], [ 966432.699436017894186, 1949255.11366192647256 ], [ 966476.000706207123585, 1949180.11366192647256 ], [ 966432.699436017894186, 1949105.11366192647256 ], [ 966346.096895639435388, 1949105.11366192647256 ], [ 966302.795625450205989, 1949180.11366192647256 ] ] ] } },
{ "type": "Feature", "properties": { "fid": 733, "id": 733, "left": 966302.79562545021, "top": 1949105.1136619265, "right": 966476.00070620712, "bottom": 1948955.1136619265, "row_index": 18, "col_index": 34, "HexScore": 2 }, "geometry": { "type": "Polygon", "coordinates": [ [ [ 966302.795625450205989, 1949030.11366192647256 ], [ 966346.096895639435388, 1949105.11366192647256 ], [ 966432.699436017894186, 1949105.11366192647256 ], [ 966476.000706207123585, 1949030.11366192647256 ], [ 966432.699436017894186, 1948955.11366192647256 ], [ 966346.096895639435388, 1948955.11366192647256 ], [ 966302.795625450205989, 1949030.11366192647256 ] ] ] } },
{ "type": "Feature", "properties": { "fid": 734, "id": 734, "left": 966302.79562545021, "top": 1948955.1136619265, "right": 966476.00070620712, "bottom": 1948805.1136619265, "row_index": 19, "col_index": 34, "HexScore": 1 }, "geometry": { "type": "Polygon", "coordinates": [ [ [ 966302.795625450205989, 1948880.11366192647256 ], [ 966346.096895639435388, 1948955.11366192647256 ], [ 966432.699436017894186, 1948955.11366192647256 ], [ 966476.000706207123585, 1948880.11366192647256 ], [ 966432.699436017894186, 1948805.11366192647256 ], [ 966346.096895639435388, 1948805.11366192647256 ], [ 966302.795625450205989, 1948880.11366192647256 ] ] ] } },
{ "type": "Feature", "properties": { "fid": 735, "id": 735, "left": 966302.79562545021, "top": 1948805.1136619265, "right": 966476.00070620712, "bottom": 1948655.1136619265, "row_index": 20, "col_index": 34, "HexScore": 1 }, "geometry": { "type": "Polygon", "coordinates": [ [ [ 966302.795625450205989, 1948730.11366192647256 ], [ 966346.096895639435388, 1948805.11366192647256 ], [ 966432.699436017894186, 1948805.11366192647256 ], [ 966476.000706207123585, 1948730.11366192647256 ], [ 966432.699436017894186, 1948655.11366192647256 ], [ 966346.096895639435388, 1948655.11366192647256 ], [ 966302.795625450205989, 1948730.11366192647256 ] ] ] } }
]
}
