{"type": "FeatureCollection", "features": [{"type": "Feature", "geometry": {"type": "Point", "coordinates": [966259.4943552611, 1950455.1136619265]}, "properties": {"kind": "drone", "drone_id": 1, "frame": 0, "time_s": 0.0, "timestamp": "2025-01-01T00:00:00", "mode": "MIN_MAX", "is_static": false, "battery": 50.0}}, {"type": "Feature", "geometry": {"type": "Point", "coordinates": [965869.782923558, 1948880.1136619265]}, "properties": {"kind": "drone", "drone_id": 2, "frame": 0, "time_s": 0.0, "timestamp": "2025-01-01T00:00:00", "mode": "MIN_MAX", "is_static": false, "battery": 50.0}}, {"type": "Feature", "geometry": {"type": "Point", "coordinates": [963921.225765043, 1950905.1136619265]}, "properties": {"kind": "drone", "drone_id": 3, "frame": 0, "time_s": 0.0, "timestamp": "2025-01-01T00:00:00", "mode": "MIN_MAX", "is_static": false, "battery": 50.0}}, {"type": "Feature", "geometry": {"type": "Point", "coordinates": [962232.4762276635, 1950980.1136619265]}, "properties": {"kind": "drone", "drone_id": 4, "frame": 0, "time_s": 0.0, "timestamp": "2025-01-01T00:00:00", "mode": "MIN_MAX", "is_static": false, "battery": 50.0}}, {"type": "Feature", "geometry": {"type": "Point", "coordinates": [966259.4943552611, 1949405.1136619265]}, "properties": {"kind": "drone", "drone_id": 5, "frame": 0, "time_s": 0.0, "timestamp": "2025-01-01T00:00:00", "mode": "MIN_MAX", "is_static": false, "battery": 50.0}}, {"type": "Feature", "geometry": {"type": "Point", "coordinates": [966389.3981658287, 1950680.1136619265]}, "properties": {"kind": "drone", "drone_id": 6, "frame": 0, "time_s": 0.0, "timestamp": "2025-01-01T00:00:00", "mode": "MIN_MAX", "is_static": false, "battery": 50.0}}, {"type": "Feature", "geometry": {"type": "Point", "coordinates": [962232.4762276635, 1950380.1136619265]}, "properties": {"kind": "drone", "drone_id": 7, "frame": 0, "time_s": 0.0, "timestamp": "2025-01-01T00:00:00", "mode": "MIN_MAX", "is_static": false, "battery": 50.0}}, {"type": "Feature", "geometry": {"type": "Point", "coordinates": [966259.4943552611, 1950605.1136619265]}, "properties": {"kind": "drone", "drone_id": 8, "frame": 0, "time_s": 0.0, "timestamp": "2025-01-01T00:00:00", "mode": "MIN_MAX", "is_static": false, "battery": 50.0}}, {"type": "Feature", "geometry": {"type": "Point", "coordinates": [962752.0914699341, 1951280.1136619265]}, "properties": {"kind": "drone", "drone_id": 9, "frame": 0, "time_s": 0.0, "timestamp": "2025-01-01T00:00:00", "mode": "MIN_MAX", "is_static": false, "battery": 50.0}}, {"type": "Feature", "geometry": {"type": "Point", "coordinates": [965869.782923558, 1949330.1136619265]}, "properties": {"kind": "drone", "drone_id": 10, "frame": 0, "time_s": 0.0, "timestamp": "2025-01-01T00:00:00", "mode": "MIN_MAX", "is_static": false, "battery": 50.0}}, {"type": "Feature", "geometry": {"type": "Point", "coordinates": [965480.0714918551, 1949105.1136619265]}, "properties": {"kind": "drone", "drone_id": 11, "frame": 0, "time_s": 0.0, "timestamp": "2025-01-01T00:00:00", "mode": "MIN_MAX", "is_static": false, "battery": 50.0}}, {"type": "Feature", "geometry": {"type": "Point", "coordinates": [963401.6105227724, 1948655.1136619265]}, "properties": {"kind": "drone", "drone_id": 12, "frame": 0, "time_s": 0.0, "timestamp": "2025-01-01T00:00:00", "mode": "MIN_MAX", "is_static": false, "battery": 50.0}}, {"type": "Feature", "geometry": {"type": "Point", "coordinates": [963921.225765043, 1949255.1136619265]}, "properties": {"kind": "drone", "drone_id": 13, "frame": 0, "time_s": 0.0, "timestamp": "2025-01-01T00:00:00", "mode": "MIN_MAX", "is_static": false, "battery": 50.0}}, {"type": "Feature", "geometry": {"type": "Point", "coordinates": [963661.4181439078, 1951355.1136619265]}, "properties": {"kind": "drone", "drone_id": 14, "frame": 0, "time_s": 0.0, "timestamp": "2025-01-01T00:00:00", "mode": "MIN_MAX", "is_static": false, "battery": 50.0}}, {"type": "Feature", "geometry": {"type": "Point", "coordinates": [962102.5724170958, 1950605.1136619265]}, "properties": {"kind": "drone", "drone_id": 15, "frame": 0, "time_s": 0.0, "timestamp": "2025-01-01T00:00:00", "mode": "MIN_MAX", "is_static": false, "battery": 50.0}}, {"type": "Feature", "geometry": {"type": "Point", "coordinates": [963531.5143333401, 1950980.1136619265]}, "properties": {"kind": "drone", "drone_id": 16, "frame": 0, "time_s": 0.0, "timestamp": "2025-01-01T00:00:00", "mode": "MIN_MAX", "is_static": false, "battery": 50.0}}, {"type": "Feature", "geometry": {"type": "Point", "coordinates": [966259.4943552611, 1950305.1136619265]}, "properties": {"kind": "drone", "drone_id": 17, "frame": 0, "time_s": 0.0, "timestamp": "2025-01-01T00:00:00", "mode": "MIN_MAX", "is_static": false, "battery": 50.0}}, {"type": "Feature", "geometry": {"type": "Point", "coordinates": [966259.4943552611, 1951505.1136619265]}, "properties": {"kind": "drone", "drone_id": 18, "frame": 0, "time_s": 0.0, "timestamp": "2025-01-01T00:00:00", "mode": "MIN_MAX", "is_static": false, "battery": 50.0}}, {"type": "Feature", "geometry": {"type": "Point", "coordinates": [962622.1876593664, 1951505.1136619265]}, "properties": {"kind": "drone", "drone_id": 19, "frame": 0, "time_s": 0.0, "timestamp": "2025-01-01T00:00:00", "mode": "MIN_MAX", "is_static": false, "battery": 50.0}}, {"type": "Feature", "geometry": {"type": "Point", "coordinates": [965090.360060152, 1948880.1136619265]}, "properties": {"kind": "drone", "drone_id": 20, "frame": 0, "time_s": 0.0, "timestamp": "2025-01-01T00:00:00", "mode": "MIN_MAX", "is_static": false, "battery": 50.0}}, {"type": "Feature", "geometry": {"type": "Point", "coordinates": [961972.6686065281, 1951730.1136619265]}, "properties": {"kind": "base_A", "drone_id": 0, "frame": 0, "time_s": 0.0, "timestamp": "2025-01-01T00:00:00", "mode": "MIN_MAX", "is_static": true, "battery": 50.0}}, {"type": "Feature", "geometry": {"type": "Point", "coordinates": [966389.3981658287, 1948730.1136619265]}, "properties": {"kind": "base_B", "drone_id": 0, "frame": 0, "time_s": 0.0, "timestamp": "2025-01-01T00:00:00", "mode": "MIN_MAX", "is_static": true, "battery": 50.0}}, {"type": "Feature", "geometry": {"type": "Point", "coordinates": [966259.4943552611, 1950454.673605047]}, "properties": {"kind": "drone", "drone_id": 1, "frame": 1, "time_s": 1.0, "timestamp": "2025-01-01T00:00:01", "mode": "MIN_MAX", "is_static": false, "battery": 49.8489932885906}}, {"type": "Feature", "geometry": {"type": "Point", "coordinates": [965869.782923558, 1948881.2044555964]}, "properties": {"kind": "drone", "drone_id": 2, "frame": 1, "time_s": 1.0, "timestamp": "2025-01-01T00:00:01", "mode": "MIN_MAX", "is_static": false, "battery": 49.8489932885906}}, {"type": "Feature", "geometry": {"type": "Point", "coordinates": [963921.225765043, 1950903.5885567423]}, "properties": {"kind": "drone", "drone_id": 3, "frame": 1, "time_s": 1.0, "timestamp": "2025-01-01T00:00:01", "mode": "MIN_MAX", "is_static": false, "battery": 49.8489932885906}}, {"type": "Feature", "geometry": {"type": "Point", "coordinates": [962232.4762276635, 1950981.2169646136]}, "properties": {"kind": "drone", "drone_id": 4, "frame": 1, "time_s": 1.0, "timestamp": "2025-01-01T00:00:01", "mode": "MIN_MAX", "is_static": false, "battery": 49.8489932885906}}, {"type": "Feature", "geometry": {"type": "Point", "coordinates": [966259.6064436248, 1949405.0489476796]}, "properties": {"kind": "drone", "drone_id": 5, "frame": 1, "time_s": 1.0, "timestamp": "2025-01-01T00:00:01", "mode": "MIN_MAX", "is_static": false, "battery": 49.8489932885906}}, {"type": "Feature", "geometry": {"type": "Point", "coordinates": [966389.1202688694, 1950679.9532180422]}, "properties": {"kind": "drone", "drone_id": 6, "frame": 1, "time_s": 1.0, "timestamp": "2025-01-01T00:00:01", "mode": "MIN_MAX", "is_static": false, "battery": 49.8489932885906}}, {"type": "Feature", "geometry": {"type": "Point", "coordinates": [962232.9065796408, 1950380.3621257565]}, "properties": {"kind": "drone", "drone_id": 7, "frame": 1, "time_s": 1.0, "timestamp": "2025-01-01T00:00:01", "mode": "MIN_MAX", "is_static": false, "battery": 49.8489932885906}}, {"type": "Feature", "geometry": {"type": "Point", "coordinates": [966259.4943552611, 1950604.8109819274]}, "properties": {"kind": "drone", "drone_id": 8, "frame": 1, "time_s": 1.0, "timestamp": "2025-01-01T00:00:01", "mode": "MIN_MAX", "is_static": false, "battery": 49.8489932885906}}, {"type": "Feature", "geometry": {"type": "Point", "coordinates": [962753.591030476, 1951280.979433609]}, "properties": {"kind": "drone", "drone_id": 9, "frame": 1, "time_s": 1.0, "timestamp": "2025-01-01T00:00:01", "mode": "MIN_MAX", "is_static": false, "battery": 49.8489932885906}}, {"type": "Feature", "geometry": {"type": "Point", "coordinates": [965871.8883671472, 1949333.152607984]}, "properties": {"kind": "drone", "drone_id": 10, "frame": 1, "time_s": 1.0, "timestamp": "2025-01-01T00:00:01", "mode": "MIN_MAX", "is_static": false, "battery": 49.8489932885906}}, {"type": "Feature", "geometry": {"type": "Point", "coordinates": [965480.0714918551, 1949105.4441041925]}, "properties": {"kind": "drone", "drone_id": 11, "frame": 1, "time_s": 1.0, "timestamp": "2025-01-01T00:00:01", "mode": "MIN_MAX", "is_static": false, "battery": 49.8489932885906}}, {"type": "Feature", "geometry": {"type": "Point", "coordinates": [963401.6105227724, 1948655.509678111]}, "properties": {"kind": "drone", "drone_id": 12, "frame": 1, "time_s": 1.0, "timestamp": "2025-01-01T00:00:01", "mode": "MIN_MAX", "is_static": false, "battery": 49.8489932885906}}, {"type": "Feature", "geometry": {"type": "Point", "coordinates": [963921.225765043, 1949255.7325929415]}, "properties": {"kind": "drone", "drone_id": 13, "frame": 1, "time_s": 1.0, "timestamp": "2025-01-01T00:00:01", "mode": "MIN_MAX", "is_static": false, "battery": 49.8489932885906}}, {"type": "Feature", "geometry": {"type": "Point", "coordinates": [963661.4181439078, 1951353.992640638]}, "properties": {"kind": "drone", "drone_id": 14, "frame": 1, "time_s": 1.0, "timestamp": "2025-01-01T00:00:01", "mode": "MIN_MAX", "is_static": false, "battery": 49.8489932885906}}, {"type": "Feature", "geometry": {"type": "Point", "coordinates": [962103.1540449489, 1950605.449464924]}, "properties": {"kind": "drone", "drone_id": 15, "frame": 1, "time_s": 1.0, "timestamp": "2025-01-01T00:00:01", "mode": "MIN_MAX", "is_static": false, "battery": 49.8489932885906}}, {"type": "Feature", "geometry": {"type": "Point", "coordinates": [963531.5143333401, 1950980.1136619265]}, "properties": {"kind": "drone", "drone_id": 16, "frame": 1, "time_s": 1.0, "timestamp": "2025-01-01T00:00:01", "mode": "MIN_MAX", "is_static": false, "battery": 50.0}}, {"type": "Feature", "geometry": {"type": "Point", "coordinates": [966259.2308540517, 1950304.9615294323]}, "properties": {"kind": "drone", "drone_id": 17, "frame": 1, "time_s": 1.0, "timestamp": "2025-01-01T00:00:01", "mode": "MIN_MAX", "is_static": false, "battery": 49.8489932885906}}, {"type": "Feature", "geometry": {"type": "Point", "coordinates": [966259.4943552611, 1951504.8136260174]}, "properties": {"kind": "drone", "drone_id": 18, "frame": 1, "time_s": 1.0, "timestamp": "2025-01-01T00:00:01", "mode": "MIN_MAX", "is_static": false, "battery": 49.8489932885906}}, {"type": "Feature", "geometry": {"type": "Point", "coordinates": [962622.1876593664, 1951505.1136619265]}, "properties": {"kind": "drone", "drone_id": 19, "frame": 1, "time_s": 1.0, "timestamp": "2025-01-01T00:00:01", "mode": "MIN_MAX", "is_static": false, "battery": 50.0}}, {"type": "Feature", "geometry": {"type": "Point", "coordinates": [965090.360060152, 1948880.4197589024]}, "properties": {"kind": "drone", "drone_id": 20, "frame": 1, "time_s": 1.0, "timestamp": "2025-01-01T00:00:01", "mode": "MIN_MAX", "is_static": false, "battery": 49.8489932885906}}, {"type": "Feature", "geometry": {"type": "Point", "coordinates": [961972.6686065281, 1951730.1136619265]}, "properties": {"kind": "base_A", "drone_id": 0, "frame": 1, "time_s": 1.0, "timestamp": "2025-01-01T00:00:01", "mode": "MIN_MAX", "is_static": true, "battery": 50.0}}, {"type": "Feature", "geometry": {"type": "Point", "coordinates": [966389.3981658287, 1948730.1136619265]}, "properties": {"kind": "base_B", "drone_id": 0, "frame": 1, "time_s": 1.0, "timestamp": "2025-01-01T00:00:01", "mode": "MIN_MAX", "is_static": true, "battery": 50.0}}, {"type": "Feature", "geometry": {"type": "Point", "coordinates": [966259.4943552611, 1950453.3653278379]}, "properties": {"kind": "drone", "drone_id": 1, "frame": 2, "time_s": 2.0, "timestamp": "2025-01-01T00:00:02", "mode": "MIN_MAX", "is_static": false, "battery": 49.697986577181204}}, {"type": "Feature", "geometry": {"type": "Point", "coordinates": [965869.782923558, 1948884.4023797004]}, "properties": {"kind": "drone", "drone_id": 2, "frame": 2, "time_s": 2.0, "timestamp": "2025-01-01T00:00:02", "mode": "MIN_MAX", "is_static": false, "battery": 49.697986577181204}}, {"type": "Feature", "geometry": {"type": "Point", "coordinates": [963921.225765043, 1950899.1528389186]}, "properties": {"kind": "drone", "drone_id": 3, "frame": 2, "time_s": 2.0, "timestamp": "2025-01-01T00:00:02", "mode": "MIN_MAX", "is_static": false, "battery": 49.697986577181204}}, {"type": "Feature", "geometry": {"type": "Point", "coordinates": [962232.4762276635, 1950984.4515619115]}, "properties": {"kind": "drone", "drone_id": 4, "frame": 2, "time_s": 2.0, "timestamp": "2025-01-01T00:00:02", "mode": "MIN_MAX", "is_static": false, "battery": 49.697986577181204}}, {"type": "Feature", "geometry": {"type": "Point", "coordinates": [966259.9396793008, 1949404.8565539722]}, "properties": {"kind": "drone", "drone_id": 5, "frame": 2, "time_s": 2.0, "timestamp": "2025-01-01T00:00:02", "mode": "MIN_MAX", "is_static": false, "battery": 49.697986577181204}}, {"type": "Feature", "geometry": {"type": "Point", "coordinates": [966388.2919324611, 1950679.4749777939]}, "properties": {"kind": "drone", "drone_id": 6, "frame": 2, "time_s": 2.0, "timestamp": "2025-01-01T00:00:02", "mode": "MIN_MAX", "is_static": false, "battery": 49.697986577181204}}, {"type": "Feature", "geometry": {"type": "Point", "coordinates": [962234.1847023806, 1950381.1000502643]}, "properties": {"kind": "drone", "drone_id": 7, "frame": 2, "time_s": 2.0, "timestamp": "2025-01-01T00:00:02", "mode": "MIN_MAX", "is_static": false, "battery": 49.697986577181204}}, {"type": "Feature", "geometry": {"type": "Point", "coordinates": [966259.4943552611, 1950603.9083833687]}, "properties": {"kind": "drone", "drone_id": 8, "frame": 2, "time_s": 2.0, "timestamp": "2025-01-01T00:00:02", "mode": "MIN_MAX", "is_static": false, "battery": 49.697986577181204}}, {"type": "Feature", "geometry": {"type": "Point", "coordinates": [962757.8814398041, 1951283.4565025896]}, "properties": {"kind": "drone", "drone_id": 9, "frame": 2, "time_s": 2.0, "timestamp": "2025-01-01T00:00:02", "mode": "MIN_MAX", "is_static": false, "battery": 49.697986577181204}}, {"type": "Feature", "geometry": {"type": "Point", "coordinates": [965877.5988148672, 1949341.3949293047]}, "properties": {"kind": "drone", "drone_id": 10, "frame": 2, "time_s": 2.0, "timestamp": "2025-01-01T00:00:02", "mode": "MIN_MAX", "is_static": false, "battery": 49.697986577181204}}, {"type": "Feature", "geometry": {"type": "Point", "coordinates": [965480.0714918551, 1949106.4290640873]}, "properties": {"kind": "drone", "drone_id": 11, "frame": 2, "time_s": 2.0, "timestamp": "2025-01-01T00:00:02", "mode": "MIN_MAX", "is_static": false, "battery": 49.697986577181204}}, {"type": "Feature", "geometry": {"type": "Point", "coordinates": [963401.6105227724, 1948656.6880025102]}, "properties": {"kind": "drone", "drone_id": 12, "frame": 2, "time_s": 2.0, "timestamp": "2025-01-01T00:00:02", "mode": "MIN_MAX", "is_static": false, "battery": 49.697986577181204}}, {"type": "Feature", "geometry": {"type": "Point", "coordinates": [963921.225765043, 1949257.5654196357]}, "properties": {"kind": "drone", "drone_id": 13, "frame": 2, "time_s": 2.0, "timestamp": "2025-01-01T00:00:02", "mode": "MIN_MAX", "is_static": false, "battery": 49.697986577181204}}, {"type": "Feature", "geometry": {"type": "Point", "coordinates": [963661.4181439078, 1951350.7060969973]}, "properties": {"kind": "drone", "drone_id": 14, "frame": 2, "time_s": 2.0, "timestamp": "2025-01-01T00:00:02", "mode": "MIN_MAX", "is_static": false, "battery": 49.697986577181204}}, {"type": "Feature", "geometry": {"type": "Point", "coordinates": [962104.8764066164, 1950606.4438708965]}, "properties": {"kind": "drone", "drone_id": 15, "frame": 2, "time_s": 2.0, "timestamp": "2025-01-01T00:00:02", "mode": "MIN_MAX", "is_static": false, "battery": 49.697986577181204}}, {"type": "Feature", "geometry": {"type": "Point", "coordinates": [963531.5143333401, 1950980.1136619265]}, "properties": {"kind": "drone", "drone_id": 16, "frame": 2, "time_s": 2.0, "timestamp": "2025-01-01T00:00:02", "mode": "MIN_MAX", "is_static": false, "battery": 50.0}}, {"type": "Feature", "geometry": {"type": "Point", "coordinates": [966258.4450875238, 1950304.5078669158]}, "properties": {"kind": "drone", "drone_id": 17, "frame": 2, "time_s": 2.0, "timestamp": "2025-01-01T00:00:02", "mode": "MIN_MAX", "is_static": false, "battery": 49.697986577181204}}, {"type": "Feature", "geometry": {"type": "Point", "coordinates": [966259.4943552611, 1951503.918912194]}, "properties": {"kind": "drone", "drone_id": 18, "frame": 2, "time_s": 2.0, "timestamp": "2025-01-01T00:00:02", "mode": "MIN_MAX", "is_static": false, "battery": 49.697986577181204}}, {"type": "Feature", "geometry": {"type": "Point", "coordinates": [962622.1876593664, 1951505.1136619265]}, "properties": {"kind": "drone", "drone_id": 19, "frame": 2, "time_s": 2.0, "timestamp": "2025-01-01T00:00:02", "mode": "MIN_MAX", "is_static": false, "battery": 50.0}}, {"type": "Feature", "geometry": {"type": "Point", "coordinates": [965090.360060152, 1948881.3325469631]}, "properties": {"kind": "drone", "drone_id": 20, "frame": 2, "time_s": 2.0, "timestamp": "2025-01-01T00:00:02", "mode": "MIN_MAX", "is_static": false, "battery": 49.697986577181204}}, {"type": "Feature", "geometry": {"type": "Point", "coordinates": [961972.6686065281, 1951730.1136619265]}, "properties": {"kind": "base_A", "drone_id": 0, "frame": 2, "time_s": 2.0, "timestamp": "2025-01-01T00:00:02", "mode": "MIN_MAX", "is_static": true, "battery": 50.0}}, {"type": "Feature", "geometry": {"type": "Point", "coordinates": [966389.3981658287, 1948730.1136619265]}, "properties": {"kind": "base_B", "drone_id": 0, "frame": 2, "time_s": 2.0, "timestamp": "2025-01-01T00:00:02", "mode": "MIN_MAX", "is_static": true, "battery": 50.0}}, {"type": "Feature", "geometry": {"type": "Point", "coordinates": [966259.4943552611, 1950451.2066704428]}, "properties": {"kind": "drone", "drone_id": 1, "frame": 3, "time_s": 3.0, "timestamp": "2025-01-01T00:00:03", "mode": "MIN_MAX", "is_static": false, "battery": 49.5469798657718}}, {"type": "Feature", "geometry": {"type": "Point", "coordinates": [965869.782923558, 1948889.5957488802]}, "properties": {"kind": "drone", "drone_id": 2, "frame": 3, "time_s": 3.0, "timestamp": "2025-01-01T00:00:03", "mode": "MIN_MAX", "is_static": false, "battery": 49.5469798657718}}, {"type": "Feature", "geometry": {"type": "Point", "coordinates": [963921.225765043, 1950892.0159050478]}, "properties": {"kind": "drone", "drone_id": 3, "frame": 3, "time_s": 3.0, "timestamp": "2025-01-01T00:00:03", "mode": "MIN_MAX", "is_static": false, "battery": 49.5469798657718}}, {"type": "Feature", "geometry": {"type": "Point", "coordinates": [962232.4762276635, 1950989.7044876744]}, "properties": {"kind": "drone", "drone_id": 4, "frame": 3, "time_s": 3.0, "timestamp": "2025-01-01T00:00:03", "mode": "MIN_MAX", "is_static": false, "battery": 49.5469798657718}}, {"type": "Feature", "geometry": {"type": "Point", "coordinates": [966260.4895181662, 1949404.5391043553]}, "properties": {"kind": "drone", "drone_id": 5, "frame": 3, "time_s": 3.0, "timestamp": "2025-01-01T00:00:03", "mode": "MIN_MAX", "is_static": false, "battery": 49.5469798657718}}, {"type": "Feature", "geometry": {"type": "Point", "coordinates": [966386.9211883076, 1950678.683578288]}, "properties": {"kind": "drone", "drone_id": 6, "frame": 3, "time_s": 3.0, "timestamp": "2025-01-01T00:00:03", "mode": "MIN_MAX", "is_static": false, "battery": 49.5469798657718}}, {"type": "Feature", "geometry": {"type": "Point", "coordinates": [962236.291196094, 1950382.3162349768]}, "properties": {"kind": "drone", "drone_id": 7, "frame": 3, "time_s": 3.0, "timestamp": "2025-01-01T00:00:03", "mode": "MIN_MAX", "is_static": false, "battery": 49.5469798657718}}, {"type": "Feature", "geometry": {"type": "Point", "coordinates": [966259.4943552611, 1950602.4140284073]}, "properties": {"kind": "drone", "drone_id": 8, "frame": 3, "time_s": 3.0, "timestamp": "2025-01-01T00:00:03", "mode": "MIN_MAX", "is_static": false, "battery": 49.5469798657718}}, {"type": "Feature", "geometry": {"type": "Point", "coordinates": [962764.6502894724, 1951287.3644997675]}, "properties": {"kind": "drone", "drone_id": 9, "frame": 3, "time_s": 3.0, "timestamp": "2025-01-01T00:00:03", "mode": "MIN_MAX", "is_static": false, "battery": 49.5469798657718}}, {"type": "Feature", "geometry": {"type": "Point", "coordinates": [965886.0054421475, 1949353.528850613]}, "properties": {"kind": "drone", "drone_id": 10, "frame": 3, "time_s": 3.0, "timestamp": "2025-01-01T00:00:03", "mode": "MIN_MAX", "is_static": false, "battery": 49.5469798657718}}, {"type": "Feature", "geometry": {"type": "Point", "coordinates": [965480.0714918551, 1949108.0589912569]}, "properties": {"kind": "drone", "drone_id": 11, "frame": 3, "time_s": 3.0, "timestamp": "2025-01-01T00:00:03", "mode": "MIN_MAX", "is_static": false, "battery": 49.5469798657718}}, {"type": "Feature", "geometry": {"type": "Point", "coordinates": [963401.6105227724, 1948658.6340488929]}, "properties": {"kind": "drone", "drone_id": 12, "frame": 3, "time_s": 3.0, "timestamp": "2025-01-01T00:00:03", "mode": "MIN_MAX", "is_static": false, "battery": 49.5469798657718}}, {"type": "Feature", "geometry": {"type": "Point", "coordinates": [963921.225765043, 1949260.5761924826]}, "properties": {"kind": "drone", "drone_id": 13, "frame": 3, "time_s": 3.0, "timestamp": "2025-01-01T00:00:03", "mode": "MIN_MAX", "is_static": false, "battery": 49.5469798657718}}, {"type": "Feature", "geometry": {"type": "Point", "coordinates": [963661.4181439078, 1951345.3688113408]}, "properties": {"kind": "drone", "drone_id": 14, "frame": 3, "time_s": 3.0, "timestamp": "2025-01-01T00:00:03", "mode": "MIN_MAX", "is_static": false, "battery": 49.5469798657718}}, {"type": "Feature", "geometry": {"type": "Point", "coordinates": [962107.7057192608, 1950608.0773753133]}, "properties": {"kind": "drone", "drone_id": 15, "frame": 3, "time_s": 3.0, "timestamp": "2025-01-01T00:00:03", "mode": "MIN_MAX", "is_static": false, "battery": 49.5469798657718}}, {"type": "Feature", "geometry": {"type": "Point", "coordinates": [963531.5143333401, 1950980.1136619265]}, "properties": {"kind": "drone", "drone_id": 16, "frame": 3, "time_s": 3.0, "timestamp": "2025-01-01T00:00:03", "mode": "MIN_MAX", "is_static": false, "battery": 50.0}}, {"type": "Feature", "geometry": {"type": "Point", "coordinates": [966257.144161328, 1950303.7567768265]}, "properties": {"kind": "drone", "drone_id": 17, "frame": 3, "time_s": 3.0, "timestamp": "2025-01-01T00:00:03", "mode": "MIN_MAX", "is_static": false, "battery": 49.5469798657718}}, {"type": "Feature", "geometry": {"type": "Point", "coordinates": [966259.4943552611, 1951502.4376113124]}, "properties": {"kind": "drone", "drone_id": 18, "frame": 3, "time_s": 3.0, "timestamp": "2025-01-01T00:00:03", "mode": "MIN_MAX", "is_static": false, "battery": 49.5469798657718}}, {"type": "Feature", "geometry": {"type": "Point", "coordinates": [962622.1876593664, 1951505.1136619265]}, "properties": {"kind": "drone", "drone_id": 19, "frame": 3, "time_s": 3.0, "timestamp": "2025-01-01T00:00:03", "mode": "MIN_MAX", "is_static": false, "battery": 50.0}}, {"type": "Feature", "geometry": {"type": "Point", "coordinates": [965090.360060152, 1948882.8437718083]}, "properties": {"kind": "drone", "drone_id": 20, "frame": 3, "time_s": 3.0, "timestamp": "2025-01-01T00:00:03", "mode": "MIN_MAX", "is_static": false, "battery": 49.5469798657718}}, {"type": "Feature", "geometry": {"type": "Point", "coordinates": [961972.6686065281, 1951730.1136619265]}, "properties": {"kind": "base_A", "drone_id": 0, "frame": 3, "time_s": 3.0, "timestamp": "2025-01-01T00:00:03", "mode": "MIN_MAX", "is_static": true, "battery": 50.0}}, {"type": "Feature", "geometry": {"type": "Point", "coordinates": [966389.3981658287, 1948730.1136619265]}, "properties": {"kind": "base_B", "drone_id": 0, "frame": 3, "time_s": 3.0, "timestamp": "2025-01-01T00:00:03", "mode": "MIN_MAX", "is_static": true, "battery": 50.0}}, {"type": "Feature", "geometry": {"type": "Point", "coordinates": [966259.4943552611, 1950448.2154730055]}, "properties": {"kind": "drone", "drone_id": 1, "frame": 4, "time_s": 4.0, "timestamp": "2025-01-01T00:00:04", "mode": "MIN_MAX", "is_static": false, "battery": 49.3959731543624}}, {"type": "Feature", "geometry": {"type": "Point", "coordinates": [965869.782923558, 1948896.6728777764]}, "properties": {"kind": "drone", "drone_id": 2, "frame": 4, "time_s": 4.0, "timestamp": "2025-01-01T00:00:04", "mode": "MIN_MAX", "is_static": false, "battery": 49.3959731543624}}, {"type": "Feature", "geometry": {"type": "Point", "coordinates": [963921.225765043, 1950882.387151723]}, "properties": {"kind": "drone", "drone_id": 3, "frame": 4, "time_s": 4.0, "timestamp": "2025-01-01T00:00:04", "mode": "MIN_MAX", "is_static": false, "battery": 49.3959731543624}}, {"type": "Feature", "geometry": {"type": "Point", "coordinates": [962232.4762276635, 1950996.8627757572]}, "properties": {"kind": "drone", "drone_id": 4, "frame": 4, "time_s": 4.0, "timestamp": "2025-01-01T00:00:04", "mode": "MIN_MAX", "is_static": false, "battery": 49.3959731543624}}, {"type": "Feature", "geometry": {"type": "Point", "coordinates": [966261.2514160981, 1949404.0992223793]}, "properties": {"kind": "drone", "drone_id": 5, "frame": 4, "time_s": 4.0, "timestamp": "2025-01-01T00:00:04", "mode": "MIN_MAX", "is_static": false, "battery": 49.3959731543624}}, {"type": "Feature", "geometry": {"type": "Point", "coordinates": [966385.0160681129, 1950677.5836566307]}, "properties": {"kind": "drone", "drone_id": 6, "frame": 4, "time_s": 4.0, "timestamp": "2025-01-01T00:00:04", "mode": "MIN_MAX", "is_static": false, "battery": 49.3959731543624}}, {"type": "Feature", "geometry": {"type": "Point", "coordinates": [962239.2066609926, 1950383.9994794207]}, "properties": {"kind": "drone", "drone_id": 7, "frame": 4, "time_s": 4.0, "timestamp": "2025-01-01T00:00:04", "mode": "MIN_MAX", "is_static": false, "battery": 49.3959731543624}}, {"type": "Feature", "geometry": {"type": "Point", "coordinates": [966259.4943552611, 1950600.3360792007]}, "properties": {"kind": "drone", "drone_id": 8, "frame": 4, "time_s": 4.0, "timestamp": "2025-01-01T00:00:04", "mode": "MIN_MAX", "is_static": false, "battery": 49.3959731543624}}, {"type": "Feature", "geometry": {"type": "Point", "coordinates": [962773.5851710344, 1951292.5230560426]}, "properties": {"kind": "drone", "drone_id": 9, "frame": 4, "time_s": 4.0, "timestamp": "2025-01-01T00:00:04", "mode": "MIN_MAX", "is_static": false, "battery": 49.3959731543624}}, {"type": "Feature", "geometry": {"type": "Point", "coordinates": [965896.1994244171, 1949368.2425966316]}, "properties": {"kind": "drone", "drone_id": 10, "frame": 4, "time_s": 4.0, "timestamp": "2025-01-01T00:00:04", "mode": "MIN_MAX", "is_static": false, "battery": 49.3959731543624}}, {"type": "Feature", "geometry": {"type": "Point", "coordinates": [965480.0714918551, 1949110.3243353462]}, "properties": {"kind": "drone", "drone_id": 11, "frame": 4, "time_s": 4.0, "timestamp": "2025-01-01T00:00:04", "mode": "MIN_MAX", "is_static": false, "battery": 49.3959731543624}}, {"type": "Feature", "geometry": {"type": "Point", "coordinates": [963401.6105227724, 1948661.3332310272]}, "properties": {"kind": "drone", "drone_id": 12, "frame": 4, "time_s": 4.0, "timestamp": "2025-01-01T00:00:04", "mode": "MIN_MAX", "is_static": false, "battery": 49.3959731543624}}, {"type": "Feature", "geometry": {"type": "Point", "coordinates": [963921.225765043, 1949264.7289619555]}, "properties": {"kind": "drone", "drone_id": 13, "frame": 4, "time_s": 4.0, "timestamp": "2025-01-01T00:00:04", "mode": "MIN_MAX", "is_static": false, "battery": 49.3959731543624}}, {"type": "Feature", "geometry": {"type": "Point", "coordinates": [963661.4181439078, 1951338.0955640054]}, "properties": {"kind": "drone", "drone_id": 14, "frame": 4, "time_s": 4.0, "timestamp": "2025-01-01T00:00:04", "mode": "MIN_MAX", "is_static": false, "battery": 49.3959731543624}}, {"type": "Feature", "geometry": {"type": "Point", "coordinates": [962111.6082000447, 1950610.3304736444]}, "properties": {"kind": "drone", "drone_id": 15, "frame": 4, "time_s": 4.0, "timestamp": "2025-01-01T00:00:04", "mode": "MIN_MAX", "is_static": false, "battery": 49.3959731543624}}, {"type": "Feature", "geometry": {"type": "Point", "coordinates": [963531.5143333401, 1950980.1136619265]}, "properties": {"kind": "drone", "drone_id": 16, "frame": 4, "time_s": 4.0, "timestamp": "2025-01-01T00:00:04", "mode": "MIN_MAX", "is_static": false, "battery": 50.0}}, {"type": "Feature", "geometry": {"type": "Point", "coordinates": [966255.335181115, 1950302.7123616135]}, "properties": {"kind": "drone", "drone_id": 17, "frame": 4, "time_s": 4.0, "timestamp": "2025-01-01T00:00:04", "mode": "MIN_MAX", "is_static": false, "battery": 49.3959731543624}}, {"type": "Feature", "geometry": {"type": "Point", "coordinates": [966259.4943552611, 1951500.3778142282]}, "properties": {"kind": "drone", "drone_id": 18, "frame": 4, "time_s": 4.0, "timestamp": "2025-01-01T00:00:04", "mode": "MIN_MAX", "is_static": false, "battery": 49.3959731543624}}, {"type": "Feature", "geometry": {"type": "Point", "coordinates": [962622.1876593664, 1951505.1136619265]}, "properties": {"kind": "drone", "drone_id": 19, "frame": 4, "time_s": 4.0, "timestamp": "2025-01-01T00:00:04", "mode": "MIN_MAX", "is_static": false, "battery": 50.0}}, {"type": "Feature", "geometry": {"type": "Point", "coordinates": [965090.360060152, 1948884.9451791372]}, "properties": {"kind": "drone", "drone_id": 20, "frame": 4, "time_s": 4.0, "timestamp": "2025-01-01T00:00:04", "mode": "MIN_MAX", "is_static": false, "battery": 49.3959731543624}}, {"type": "Feature", "geometry": {"type": "Point", "coordinates": [961972.6686065281, 1951730.1136619265]}, "properties": {"kind": "base_A", "drone_id": 0, "frame": 4, "time_s": 4.0, "timestamp": "2025-01-01T00:00:04", "mode": "MIN_MAX", "is_static": true, "battery": 50.0}}, {"type": "Feature", "geometry": {"type": "Point", "coordinates": [966389.3981658287, 1948730.1136619265]}, "properties": {"kind": "base_B", "drone_id": 0, "frame": 4, "time_s": 4.0, "timestamp": "2025-01-01T00:00:04", "mode": "MIN_MAX", "is_static": true, "battery": 50.0}}, {"type": "Feature", "geometry": {"type": "Point", "coordinates": [966259.4943552611, 1950444.4095756698]}, "properties": {"kind": "drone", "drone_id": 1, "frame": 5, "time_s": 5.0, "timestamp": "2025-01-01T00:00:05", "mode": "MIN_MAX", "is_static": false, "battery": 49.244966442953}}, {"type": "Feature", "geometry": {"type": "Point", "coordinates": [965869.782923558, 1948905.5220810308]}, "properties": {"kind": "drone", "drone_id": 2, "frame": 5, "time_s": 5.0, "timestamp": "2025-01-01T00:00:05", "mode": "MIN_MAX", "is_static": false, "battery": 49.244966442953}}, {"type": "Feature", "geometry": {"type": "Point", "coordinates": [963921.225765043, 1950870.4759755367]}, "properties": {"kind": "drone", "drone_id": 3, "frame": 5, "time_s": 5.0, "timestamp": "2025-01-01T00:00:05", "mode": "MIN_MAX", "is_static": false, "battery": 49.244966442953}}, {"type": "Feature", "geometry": {"type": "Point", "coordinates": [962232.4762276635, 1951005.8134600143]}, "properties": {"kind": "drone", "drone_id": 4, "frame": 5, "time_s": 5.0, "timestamp": "2025-01-01T00:00:05", "mode": "MIN_MAX", "is_static": false, "battery": 49.244966442953}}, {"type": "Feature", "geometry": {"type": "Point", "coordinates": [966262.2208289736, 1949403.5395315946]}, "properties": {"kind": "drone", "drone_id": 5, "frame": 5, "time_s": 5.0, "timestamp": "2025-01-01T00:00:05", "mode": "MIN_MAX", "is_static": false, "battery": 49.244966442953}}, {"type": "Feature", "geometry": {"type": "Point", "coordinates": [966382.5846035813, 1950676.179849929]}, "properties": {"kind": "drone", "drone_id": 6, "frame": 5, "time_s": 5.0, "timestamp": "2025-01-01T00:00:05", "mode": "MIN_MAX", "is_static": false, "battery": 49.244966442953}}, {"type": "Feature", "geometry": {"type": "Point", "coordinates": [962242.9116972877, 1950386.1385831232]}, "properties": {"kind": "drone", "drone_id": 7, "frame": 5, "time_s": 5.0, "timestamp": "2025-01-01T00:00:05", "mode": "MIN_MAX", "is_static": false, "battery": 49.244966442953}}, {"type": "Feature", "geometry": {"type": "Point", "coordinates": [966259.4943552611, 1950597.6826979062]}, "properties": {"kind": "drone", "drone_id": 8, "frame": 5, "time_s": 5.0, "timestamp": "2025-01-01T00:00:05", "mode": "MIN_MAX", "is_static": false, "battery": 49.244966442953}}, {"type": "Feature", "geometry": {"type": "Point", "coordinates": [962784.373676044, 1951298.751802314]}, "properties": {"kind": "drone", "drone_id": 9, "frame": 5, "time_s": 5.0, "timestamp": "2025-01-01T00:00:05", "mode": "MIN_MAX", "is_static": false, "battery": 49.244966442953}}, {"type": "Feature", "geometry": {"type": "Point", "coordinates": [965907.2719371051, 1949384.2243920842]}, "properties": {"kind": "drone", "drone_id": 10, "frame": 5, "time_s": 5.0, "timestamp": "2025-01-01T00:00:05", "mode": "MIN_MAX", "is_static": false, "battery": 49.244966442953}}, {"type": "Feature", "geometry": {"type": "Point", "coordinates": [965480.0714918551, 1949113.2155460012]}, "properties": {"kind": "drone", "drone_id": 11, "frame": 5, "time_s": 5.0, "timestamp": "2025-01-01T00:00:05", "mode": "MIN_MAX", "is_static": false, "battery": 49.244966442953}}, {"type": "Feature", "geometry": {"type": "Point", "coordinates": [963401.6105227724, 1948664.770962682]}, "properties": {"kind": "drone", "drone_id": 12, "frame": 5, "time_s": 5.0, "timestamp": "2025-01-01T00:00:05", "mode": "MIN_MAX", "is_static": false, "battery": 49.244966442953}}, {"type": "Feature", "geometry": {"type": "Point", "coordinates": [963921.225765043, 1949269.987778528]}, "properties": {"kind": "drone", "drone_id": 13, "frame": 5, "time_s": 5.0, "timestamp": "2025-01-01T00:00:05", "mode": "MIN_MAX", "is_static": false, "battery": 49.244966442953}}, {"type": "Feature", "geometry": {"type": "Point", "coordinates": [963661.4181439078, 1951329.0011353276]}, "properties": {"kind": "drone", "drone_id": 14, "frame": 5, "time_s": 5.0, "timestamp": "2025-01-01T00:00:05", "mode": "MIN_MAX", "is_static": false, "battery": 49.244966442953}}, {"type": "Feature", "geometry": {"type": "Point", "coordinates": [962116.5500661304, 1950613.1836613591]}, "properties": {"kind": "drone", "drone_id": 15, "frame": 5, "time_s": 5.0, "timestamp": "2025-01-01T00:00:05", "mode": "MIN_MAX", "is_static": false, "battery": 49.244966442953}}, {"type": "Feature", "geometry": {"type": "Point", "coordinates": [963531.5143333401, 1950980.1136619265]}, "properties": {"kind": "drone", "drone_id": 16, "frame": 5, "time_s": 5.0, "timestamp": "2025-01-01T00:00:05", "mode": "MIN_MAX", "is_static": false, "battery": 50.0}}, {"type": "Feature", "geometry": {"type": "Point", "coordinates": [966253.0252525352, 1950301.3787237264]}, "properties": {"kind": "drone", "drone_id": 17, "frame": 5, "time_s": 5.0, "timestamp": "2025-01-01T00:00:05", "mode": "MIN_MAX", "is_static": false, "battery": 49.244966442953}}, {"type": "Feature", "geometry": {"type": "Point", "coordinates": [966259.4943552611, 1951497.7476117979]}, "properties": {"kind": "drone", "drone_id": 18, "frame": 5, "time_s": 5.0, "timestamp": "2025-01-01T00:00:05", "mode": "MIN_MAX", "is_static": false, "battery": 49.244966442953}}, {"type": "Feature", "geometry": {"type": "Point", "coordinates": [962622.1876593664, 1951505.1136619265]}, "properties": {"kind": "drone", "drone_id": 19, "frame": 5, "time_s": 5.0, "timestamp": "2025-01-01T00:00:05", "mode": "MIN_MAX", "is_static": false, "battery": 50.0}}, {"type": "Feature", "geometry": {"type": "Point", "coordinates": [965090.360060152, 1948887.6285146496]}, "properties": {"kind": "drone", "drone_id": 20, "frame": 5, "time_s": 5.0, "timestamp": "2025-01-01T00:00:05", "mode": "MIN_MAX", "is_static": false, "battery": 49.244966442953}}, {"type": "Feature", "geometry": {"type": "Point", "coordinates": [961972.6686065281, 1951730.1136619265]}, "properties": {"kind": "base_A", "drone_id": 0, "frame": 5, "time_s": 5.0, "timestamp": "2025-01-01T00:00:05", "mode": "MIN_MAX", "is_static": true, "battery": 50.0}}, {"type": "Feature", "geometry": {"type": "Point", "coordinates": [966389.3981658287, 1948730.1136619265]}, "properties": {"kind": "base_B", "drone_id": 0, "frame": 5, "time_s": 5.0, "timestamp": "2025-01-01T00:00:05", "mode": "MIN_MAX", "is_static": true, "battery": 50.0}}, {"type": "Feature", "geometry": {"type": "Point", "coordinates": [966259.4943552611, 1950439.8068185796]}, "properties": {"kind": "drone", "drone_id": 1, "frame": 6, "time_s": 6.0, "timestamp": "2025-01-01T00:00:06", "mode": "MIN_MAX", "is_static": false, "battery": 49.093959731543606}}, {"type": "Feature", "geometry": {"type": "Point", "coordinates": [965869.782923558, 1948916.0316732842]}, "properties": {"kind": "drone", "drone_id": 2, "frame": 6, "time_s": 6.0, "timestamp": "2025-01-01T00:00:06", "mode": "MIN_MAX", "is_static": false, "battery": 49.093959731543606}}, {"type": "Feature", "geometry": {"type": "Point", "coordinates": [963921.225765043, 1950856.491773082]}, "properties": {"kind": "drone", "drone_id": 3, "frame": 6, "time_s": 6.0, "timestamp": "2025-01-01T00:00:06", "mode": "MIN_MAX", "is_static": false, "battery": 49.093959731543606}}, {"type": "Feature", "geometry": {"type": "Point", "coordinates": [962232.4762276635, 1951016.4435743003]}, "properties": {"kind": "drone", "drone_id": 4, "frame": 6, "time_s": 6.0, "timestamp": "2025-01-01T00:00:06", "mode": "MIN_MAX", "is_static": false, "battery": 49.093959731543606}}, {"type": "Feature", "geometry": {"type": "Point", "coordinates": [966263.39321267, 1949402.8626555519]}, "properties": {"kind": "drone", "drone_id": 5, "frame": 6, "time_s": 6.0, "timestamp": "2025-01-01T00:00:06", "mode": "MIN_MAX", "is_static": false, "battery": 49.093959731543606}}, {"type": "Feature", "geometry": {"type": "Point", "coordinates": [966379.6348264166, 1950674.4767952887]}, "properties": {"kind": "drone", "drone_id": 6, "frame": 6, "time_s": 6.0, "timestamp": "2025-01-01T00:00:06", "mode": "MIN_MAX", "is_static": false, "battery": 49.093959731543606}}, {"type": "Feature", "geometry": {"type": "Point", "coordinates": [962247.3869051907, 1950388.7223456106]}, "properties": {"kind": "drone", "drone_id": 7, "frame": 6, "time_s": 6.0, "timestamp": "2025-01-01T00:00:06", "mode": "MIN_MAX", "is_static": false, "battery": 49.093959731543606}}, {"type": "Feature", "geometry": {"type": "Point", "coordinates": [966259.4943552611, 1950594.462046681]}, "properties": {"kind": "drone", "drone_id": 8, "frame": 6, "time_s": 6.0, "timestamp": "2025-01-01T00:00:06", "mode": "MIN_MAX", "is_static": false, "battery": 49.093959731543606}}, {"type": "Feature", "geometry": {"type": "Point", "coordinates": [962796.7033960551, 1951305.8703694816]}, "properties": {"kind": "drone", "drone_id": 9, "frame": 6, "time_s": 6.0, "timestamp": "2025-01-01T00:00:06", "mode": "MIN_MAX", "is_static": false, "battery": 49.093959731543606}}, {"type": "Feature", "geometry": {"type": "Point", "coordinates": [965918.3141556408, 1949400.1624616943]}, "properties": {"kind": "drone", "drone_id": 10, "frame": 6, "time_s": 6.0, "timestamp": "2025-01-01T00:00:06", "mode": "MIN_MAX", "is_static": false, "battery": 49.093959731543606}}, {"type": "Feature", "geometry": {"type": "Point", "coordinates": [965480.0714918551, 1949116.723072867]}, "properties": {"kind": "drone", "drone_id": 11, "frame": 6, "time_s": 6.0, "timestamp": "2025-01-01T00:00:06", "mode": "MIN_MAX", "is_static": false, "battery": 49.093959731543606}}, {"type": "Feature", "geometry": {"type": "Point", "coordinates": [963401.6105227724, 1948668.9326576258]}, "properties": {"kind": "drone", "drone_id": 12, "frame": 6, "time_s": 6.0, "timestamp": "2025-01-01T00:00:06", "mode": "MIN_MAX", "is_static": false, "battery": 49.093959731543606}}, {"type": "Feature", "geometry": {"type": "Point", "coordinates": [963921.225765043, 1949276.3166926734]}, "properties": {"kind": "drone", "drone_id": 13, "frame": 6, "time_s": 6.0, "timestamp": "2025-01-01T00:00:06", "mode": "MIN_MAX", "is_static": false, "battery": 49.093959731543606}}, {"type": "Feature", "geometry": {"type": "Point", "coordinates": [963661.4181439078, 1951318.2003056444]}, "properties": {"kind": "drone", "drone_id": 14, "frame": 6, "time_s": 6.0, "timestamp": "2025-01-01T00:00:06", "mode": "MIN_MAX", "is_static": false, "battery": 49.093959731543606}}, {"type": "Feature", "geometry": {"type": "Point", "coordinates": [962122.4975346803, 1950616.6174339275]}, "properties": {"kind": "drone", "drone_id": 15, "frame": 6, "time_s": 6.0, "timestamp": "2025-01-01T00:00:06", "mode": "MIN_MAX", "is_static": false, "battery": 49.093959731543606}}, {"type": "Feature", "geometry": {"type": "Point", "coordinates": [963531.5143333401, 1950980.1136619265]}, "properties": {"kind": "drone", "drone_id": 16, "frame": 6, "time_s": 6.0, "timestamp": "2025-01-01T00:00:06", "mode": "MIN_MAX", "is_static": false, "battery": 50.0}}, {"type": "Feature", "geometry": {"type": "Point", "coordinates": [966250.2214812394, 1950299.759965614]}, "properties": {"kind": "drone", "drone_id": 17, "frame": 6, "time_s": 6.0, "timestamp": "2025-01-01T00:00:06", "mode": "MIN_MAX", "is_static": false, "battery": 49.093959731543606}}, {"type": "Feature", "geometry": {"type": "Point", "coordinates": [966259.4943552611, 1951494.5550948773]}, "properties": {"kind": "drone", "drone_id": 18, "frame": 6, "time_s": 6.0, "timestamp": "2025-01-01T00:00:06", "mode": "MIN_MAX", "is_static": false, "battery": 49.093959731543606}}, {"type": "Feature", "geometry": {"type": "Point", "coordinates": [962622.1876593664, 1951505.1136619265]}, "properties": {"kind": "drone", "drone_id": 19, "frame": 6, "time_s": 6.0, "timestamp": "2025-01-01T00:00:06", "mode": "MIN_MAX", "is_static": false, "battery": 50.0}}, {"type": "Feature", "geometry": {"type": "Point", "coordinates": [965090.360060152, 1948890.885524045]}, "properties": {"kind": "drone", "drone_id": 20, "frame": 6, "time_s": 6.0, "timestamp": "2025-01-01T00:00:06", "mode": "MIN_MAX", "is_static": false, "battery": 49.093959731543606}}, {"type": "Feature", "geometry": {"type": "Point", "coordinates": [961972.6686065281, 1951730.1136619265]}, "properties": {"kind": "base_A", "drone_id": 0, "frame": 6, "time_s": 6.0, "timestamp": "2025-01-01T00:00:06", "mode": "MIN_MAX", "is_static": true, "battery": 50.0}}, {"type": "Feature", "geometry": {"type": "Point", "coordinates": [966389.3981658287, 1948730.1136619265]}, "properties": {"kind": "base_B", "drone_id": 0, "frame": 6, "time_s": 6.0, "timestamp": "2025-01-01T00:00:06", "mode": "MIN_MAX", "is_static": true, "battery": 50.0}}, {"type": "Feature", "geometry": {"type": "Point", "coordinates": [966259.4943552611, 1950434.4250418781]}, "properties": {"kind": "drone", "drone_id": 1, "frame": 7, "time_s": 7.0, "timestamp": "2025-01-01T00:00:07", "mode": "MIN_MAX", "is_static": false, "battery": 48.942953020134205}}, {"type": "Feature", "geometry": {"type": "Point", "coordinates": [965869.782923558, 1948928.0899691787]}, "properties": {"kind": "drone", "drone_id": 2, "frame": 7, "time_s": 7.0, "timestamp": "2025-01-01T00:00:07", "mode": "MIN_MAX", "is_static": false, "battery": 48.942953020134205}}, {"type": "Feature", "geometry": {"type": "Point", "coordinates": [963921.225765043, 1950840.6439409512]}, "properties": {"kind": "drone", "drone_id": 3, "frame": 7, "time_s": 7.0, "timestamp": "2025-01-01T00:00:07", "mode": "MIN_MAX", "is_static": false, "battery": 48.942953020134205}}, {"type": "Feature", "geometry": {"type": "Point", "coordinates": [962232.4762276635, 1951028.6401524697]}, "properties": {"kind": "drone", "drone_id": 4, "frame": 7, "time_s": 7.0, "timestamp": "2025-01-01T00:00:07", "mode": "MIN_MAX", "is_static": false, "battery": 48.942953020134205}}, {"type": "Feature", "geometry": {"type": "Point", "coordinates": [966264.7640230643, 1949402.0712178017]}, "properties": {"kind": "drone", "drone_id": 5, "frame": 7, "time_s": 7.0, "timestamp": "2025-01-01T00:00:07", "mode": "MIN_MAX", "is_static": false, "battery": 48.942953020134205}}, {"type": "Feature", "geometry": {"type": "Point", "coordinates": [966376.174768323, 1950672.4791298169]}, "properties": {"kind": "drone", "drone_id": 6, "frame": 7, "time_s": 7.0, "timestamp": "2025-01-01T00:00:07", "mode": "MIN_MAX", "is_static": false, "battery": 48.942953020134205}}, {"type": "Feature", "geometry": {"type": "Point", "coordinates": [962252.612884913, 1950391.73956641]}, "properties": {"kind": "drone", "drone_id": 7, "frame": 7, "time_s": 7.0, "timestamp": "2025-01-01T00:00:07", "mode": "MIN_MAX", "is_static": false, "battery": 48.942953020134205}}, {"type": "Feature", "geometry": {"type": "Point", "coordinates": [966259.4943552611, 1950590.682287682]}, "properties": {"kind": "drone", "drone_id": 8, "frame": 7, "time_s": 7.0, "timestamp": "2025-01-01T00:00:07", "mode": "MIN_MAX", "is_static": false, "battery": 48.942953020134205}}, {"type": "Feature", "geometry": {"type": "Point", "coordinates": [962810.2619226213, 1951313.6983884443]}, "properties": {"kind": "drone", "drone_id": 9, "frame": 7, "time_s": 7.0, "timestamp": "2025-01-01T00:00:07", "mode": "MIN_MAX", "is_static": false, "battery": 48.942953020134205}}, {"type": "Feature", "geometry": {"type": "Point", "coordinates": [965928.4172554533, 1949414.7450301852]}, "properties": {"kind": "drone", "drone_id": 10, "frame": 7, "time_s": 7.0, "timestamp": "2025-01-01T00:00:07", "mode": "MIN_MAX", "is_static": false, "battery": 48.942953020134205}}, {"type": "Feature", "geometry": {"type": "Point", "coordinates": [965480.0714918551, 1949120.837365589]}, "properties": {"kind": "drone", "drone_id": 11, "frame": 7, "time_s": 7.0, "timestamp": "2025-01-01T00:00:07", "mode": "MIN_MAX", "is_static": false, "battery": 48.942953020134205}}, {"type": "Feature", "geometry": {"type": "Point", "coordinates": [963401.6105227724, 1948673.8037296266]}, "properties": {"kind": "drone", "drone_id": 12, "frame": 7, "time_s": 7.0, "timestamp": "2025-01-01T00:00:07", "mode": "MIN_MAX", "is_static": false, "battery": 48.942953020134205}}, {"type": "Feature", "geometry": {"type": "Point", "coordinates": [963921.225765043, 1949283.6797548654]}, "properties": {"kind": "drone", "drone_id": 13, "frame": 7, "time_s": 7.0, "timestamp": "2025-01-01T00:00:07", "mode": "MIN_MAX", "is_static": false, "battery": 48.942953020134205}}, {"type": "Feature", "geometry": {"type": "Point", "coordinates": [963661.4181439078, 1951305.8078552922]}, "properties": {"kind": "drone", "drone_id": 14, "frame": 7, "time_s": 7.0, "timestamp": "2025-01-01T00:00:07", "mode": "MIN_MAX", "is_static": false, "battery": 48.942953020134205}}, {"type": "Feature", "geometry": {"type": "Point", "coordinates": [962129.4168228569, 1950620.612286819]}, "properties": {"kind": "drone", "drone_id": 15, "frame": 7, "time_s": 7.0, "timestamp": "2025-01-01T00:00:07", "mode": "MIN_MAX", "is_static": false, "battery": 48.942953020134205}}, {"type": "Feature", "geometry": {"type": "Point", "coordinates": [963531.5143333401, 1950980.1136619265]}, "properties": {"kind": "drone", "drone_id": 16, "frame": 7, "time_s": 7.0, "timestamp": "2025-01-01T00:00:07", "mode": "MIN_MAX", "is_static": false, "battery": 50.0}}, {"type": "Feature", "geometry": {"type": "Point", "coordinates": [966246.9309728781, 1950297.8601897256]}, "properties": {"kind": "drone", "drone_id": 17, "frame": 7, "time_s": 7.0, "timestamp": "2025-01-01T00:00:07", "mode": "MIN_MAX", "is_static": false, "battery": 48.942953020134205}}, {"type": "Feature", "geometry": {"type": "Point", "coordinates": [966259.4943552611, 1951490.808354322]}, "properties": {"kind": "drone", "drone_id": 18, "frame": 7, "time_s": 7.0, "timestamp": "2025-01-01T00:00:07", "mode": "MIN_MAX", "is_static": false, "battery": 48.942953020134205}}, {"type": "Feature", "geometry": {"type": "Point", "coordinates": [962622.1876593664, 1951505.1136619265]}, "properties": {"kind": "drone", "drone_id": 19, "frame": 7, "time_s": 7.0, "timestamp": "2025-01-01T00:00:07", "mode": "MIN_MAX", "is_static": false, "battery": 50.0}}, {"type": "Feature", "geometry": {"type": "Point", "coordinates": [965090.360060152, 1948894.7079530228]}, "properties": {"kind": "drone", "drone_id": 20, "frame": 7, "time_s": 7.0, "timestamp": "2025-01-01T00:00:07", "mode": "MIN_MAX", "is_static": false, "battery": 48.942953020134205}}, {"type": "Feature", "geometry": {"type": "Point", "coordinates": [961972.6686065281, 1951730.1136619265]}, "properties": {"kind": "base_A", "drone_id": 0, "frame": 7, "time_s": 7.0, "timestamp": "2025-01-01T00:00:07", "mode": "MIN_MAX", "is_static": true, "battery": 50.0}}, {"type": "Feature", "geometry": {"type": "Point", "coordinates": [966389.3981658287, 1948730.1136619265]}, "properties": {"kind": "base_B", "drone_id": 0, "frame": 7, "time_s": 7.0, "timestamp": "2025-01-01T00:00:07", "mode": "MIN_MAX", "is_static": true, "battery": 50.0}}, {"type": "Feature", "geometry": {"type": "Point", "coordinates": [966259.4943552611, 1950428.2820857097]}, "properties": {"kind": "drone", "drone_id": 1, "frame": 8, "time_s": 8.0, "timestamp": "2025-01-01T00:00:08", "mode": "MIN_MAX", "is_static": false, "battery": 48.7919463087248}}, {"type": "Feature", "geometry": {"type": "Point", "coordinates": [965869.782923558, 1948941.5852833549]}, "properties": {"kind": "drone", "drone_id": 2, "frame": 8, "time_s": 8.0, "timestamp": "2025-01-01T00:00:08", "mode": "MIN_MAX", "is_static": false, "battery": 48.7919463087248}}, {"type": "Feature", "geometry": {"type": "Point", "coordinates": [963921.225765043, 1950823.1418757378]}, "properties": {"kind": "drone", "drone_id": 3, "frame": 8, "time_s": 8.0, "timestamp": "2025-01-01T00:00:08", "mode": "MIN_MAX", "is_static": false, "battery": 48.7919463087248}}, {"type": "Feature", "geometry": {"type": "Point", "coordinates": [962232.4762276635, 1951042.2902283773]}, "properties": {"kind": "drone", "drone_id": 4, "frame": 8, "time_s": 8.0, "timestamp": "2025-01-01T00:00:08", "mode": "MIN_MAX", "is_static": false, "battery": 48.7919463087248}}, {"type": "Feature", "geometry": {"type": "Point", "coordinates": [966266.3287160338, 1949401.1678418946]}, "properties": {"kind": "drone", "drone_id": 5, "frame": 8, "time_s": 8.0, "timestamp": "2025-01-01T00:00:08", "mode": "MIN_MAX", "is_static": false, "battery": 48.7919463087248}}, {"type": "Feature", "geometry": {"type": "Point", "coordinates": [966372.2124610043, 1950670.19149062]}, "properties": {"kind": "drone", "drone_id": 6, "frame": 8, "time_s": 8.0, "timestamp": "2025-01-01T00:00:08", "mode": "MIN_MAX", "is_static": false, "battery": 48.7919463087248}}, {"type": "Feature", "geometry": {"type": "Point", "coordinates": [962258.5702366659, 1950395.1790450483]}, "properties": {"kind": "drone", "drone_id": 7, "frame": 8, "time_s": 8.0, "timestamp": "2025-01-01T00:00:08", "mode": "MIN_MAX", "is_static": false, "battery": 48.7919463087248}}, {"type": "Feature", "geometry": {"type": "Point", "coordinates": [966259.4943552611, 1950586.3515830673]}, "properties": {"kind": "drone", "drone_id": 8, "frame": 8, "time_s": 8.0, "timestamp": "2025-01-01T00:00:08", "mode": "MIN_MAX", "is_static": false, "battery": 48.7919463087248}}, {"type": "Feature", "geometry": {"type": "Point", "coordinates": [962824.7368472965, 1951322.055490102]}, "properties": {"kind": "drone", "drone_id": 9, "frame": 8, "time_s": 8.0, "timestamp": "2025-01-01T00:00:08", "mode": "MIN_MAX", "is_static": false, "battery": 48.7919463087248}}, {"type": "Feature", "geometry": {"type": "Point", "coordinates": [965936.6724119717, 1949426.6603222806]}, "properties": {"kind": "drone", "drone_id": 10, "frame": 8, "time_s": 8.0, "timestamp": "2025-01-01T00:00:08", "mode": "MIN_MAX", "is_static": false, "battery": 48.7919463087248}}, {"type": "Feature", "geometry": {"type": "Point", "coordinates": [965480.0714918551, 1949125.5488738134]}, "properties": {"kind": "drone", "drone_id": 11, "frame": 8, "time_s": 8.0, "timestamp": "2025-01-01T00:00:08", "mode": "MIN_MAX", "is_static": false, "battery": 48.7919463087248}}, {"type": "Feature", "geometry": {"type": "Point", "coordinates": [963401.6105227724, 1948679.3695924536]}, "properties": {"kind": "drone", "drone_id": 12, "frame": 8, "time_s": 8.0, "timestamp": "2025-01-01T00:00:08", "mode": "MIN_MAX", "is_static": false, "battery": 48.7919463087248}}, {"type": "Feature", "geometry": {"type": "Point", "coordinates": [963921.225765043, 1949292.0410155775]}, "properties": {"kind": "drone", "drone_id": 13, "frame": 8, "time_s": 8.0, "timestamp": "2025-01-01T00:00:08", "mode": "MIN_MAX", "is_static": false, "battery": 48.7919463087248}}, {"type": "Feature", "geometry": {"type": "Point", "coordinates": [963661.4181439078, 1951291.9385646079]}, "properties": {"kind": "drone", "drone_id": 14, "frame": 8, "time_s": 8.0, "timestamp": "2025-01-01T00:00:08", "mode": "MIN_MAX", "is_static": false, "battery": 48.7919463087248}}, {"type": "Feature", "geometry": {"type": "Point", "coordinates": [962137.2741478228, 1950625.148715503]}, "properties": {"kind": "drone", "drone_id": 15, "frame": 8, "time_s": 8.0, "timestamp": "2025-01-01T00:00:08", "mode": "MIN_MAX", "is_static": false, "battery": 48.7919463087248}}, {"type": "Feature", "geometry": {"type": "Point", "coordinates": [963531.5143333401, 1950980.1136619265]}, "properties": {"kind": "drone", "drone_id": 16, "frame": 8, "time_s": 8.0, "timestamp": "2025-01-01T00:00:08", "mode": "MIN_MAX", "is_static": false, "battery": 50.0}}, {"type": "Feature", "geometry": {"type": "Point", "coordinates": [966243.1608331018, 1950295.683498511]}, "properties": {"kind": "drone", "drone_id": 17, "frame": 8, "time_s": 8.0, "timestamp": "2025-01-01T00:00:08", "mode": "MIN_MAX", "is_static": false, "battery": 48.7919463087248}}, {"type": "Feature", "geometry": {"type": "Point", "coordinates": [966259.4943552611, 1951486.5154809887]}, "properties": {"kind": "drone", "drone_id": 18, "frame": 8, "time_s": 8.0, "timestamp": "2025-01-01T00:00:08", "mode": "MIN_MAX", "is_static": false, "battery": 48.7919463087248}}, {"type": "Feature", "geometry": {"type": "Point", "coordinates": [962622.1876593664, 1951505.1136619265]}, "properties": {"kind": "drone", "drone_id": 19, "frame": 8, "time_s": 8.0, "timestamp": "2025-01-01T00:00:08", "mode": "MIN_MAX", "is_static": false, "battery": 50.0}}, {"type": "Feature", "geometry": {"type": "Point", "coordinates": [965090.360060152, 1948899.0875472827]}, "properties": {"kind": "drone", "drone_id": 20, "frame": 8, "time_s": 8.0, "timestamp": "2025-01-01T00:00:08", "mode": "MIN_MAX", "is_static": false, "battery": 48.7919463087248}}, {"type": "Feature", "geometry": {"type": "Point", "coordinates": [961972.6686065281, 1951730.1136619265]}, "properties": {"kind": "base_A", "drone_id": 0, "frame": 8, "time_s": 8.0, "timestamp": "2025-01-01T00:00:08", "mode": "MIN_MAX", "is_static": true, "battery": 50.0}}, {"type": "Feature", "geometry": {"type": "Point", "coordinates": [966389.3981658287, 1948730.1136619265]}, "properties": {"kind": "base_B", "drone_id": 0, "frame": 8, "time_s": 8.0, "timestamp": "2025-01-01T00:00:08", "mode": "MIN_MAX", "is_static": true, "battery": 50.0}}, {"type": "Feature", "geometry": {"type": "Point", "coordinates": [966259.4943552611, 1950421.3957902181]}, "properties": {"kind": "drone", "drone_id": 1, "frame": 9, "time_s": 9.0, "timestamp": "2025-01-01T00:00:09", "mode": "MIN_MAX", "is_static": false, "battery": 48.64093959731541}}, {"type": "Feature", "geometry": {"type": "Point", "coordinates": [965869.782923558, 1948956.4059304544]}, "properties": {"kind": "drone", "drone_id": 2, "frame": 9, "time_s": 9.0, "timestamp": "2025-01-01T00:00:09", "mode": "MIN_MAX", "is_static": false, "battery": 48.64093959731541}}, {"type": "Feature", "geometry": {"type": "Point", "coordinates": [963921.225765043, 1950804.1949740339]}, "properties": {"kind": "drone", "drone_id": 3, "frame": 9, "time_s": 9.0, "timestamp": "2025-01-01T00:00:09", "mode": "MIN_MAX", "is_static": false, "battery": 48.64093959731541}}, {"type": "Feature", "geometry": {"type": "Point", "coordinates": [962232.4762276635, 1951057.2808358774]}, "properties": {"kind": "drone", "drone_id": 4, "frame": 9, "time_s": 9.0, "timestamp": "2025-01-01T00:00:09", "mode": "MIN_MAX", "is_static": false, "battery": 48.64093959731541}}, {"type": "Feature", "geometry": {"type": "Point", "coordinates": [966268.0827474556, 1949400.1551513812]}, "properties": {"kind": "drone", "drone_id": 5, "frame": 9, "time_s": 9.0, "timestamp": "2025-01-01T00:00:09", "mode": "MIN_MAX", "is_static": false, "battery": 48.64093959731541}}, {"type": "Feature", "geometry": {"type": "Point", "coordinates": [966367.7559361646, 1950667.6185148042]}, "properties": {"kind": "drone", "drone_id": 6, "frame": 9, "time_s": 9.0, "timestamp": "2025-01-01T00:00:09", "mode": "MIN_MAX", "is_static": false, "battery": 48.64093959731541}}, {"type": "Feature", "geometry": {"type": "Point", "coordinates": [962265.2395606609, 1950399.029581052]}, "properties": {"kind": "drone", "drone_id": 7, "frame": 9, "time_s": 9.0, "timestamp": "2025-01-01T00:00:09", "mode": "MIN_MAX", "is_static": false, "battery": 48.64093959731541}}, {"type": "Feature", "geometry": {"type": "Point", "coordinates": [966259.4943552611, 1950581.4780949936]}, "properties": {"kind": "drone", "drone_id": 8, "frame": 9, "time_s": 9.0, "timestamp": "2025-01-01T00:00:09", "mode": "MIN_MAX", "is_static": false, "battery": 48.6409395973154}}, {"type": "Feature", "geometry": {"type": "Point", "coordinates": [962839.8157616343, 1951330.761305354]}, "properties": {"kind": "drone", "drone_id": 9, "frame": 9, "time_s": 9.0, "timestamp": "2025-01-01T00:00:09", "mode": "MIN_MAX", "is_static": false, "battery": 48.64093959731541}}, {"type": "Feature", "geometry": {"type": "Point", "coordinates": [965942.1708006252, 1949434.5965627036]}, "properties": {"kind": "drone", "drone_id": 10, "frame": 9, "time_s": 9.0, "timestamp": "2025-01-01T00:00:09", "mode": "MIN_MAX", "is_static": false, "battery": 48.64093959731541}}, {"type": "Feature", "geometry": {"type": "Point", "coordinates": [965480.0714918551, 1949130.848047185]}, "properties": {"kind": "drone", "drone_id": 11, "frame": 9, "time_s": 9.0, "timestamp": "2025-01-01T00:00:09", "mode": "MIN_MAX", "is_static": false, "battery": 48.64093959731541}}, {"type": "Feature", "geometry": {"type": "Point", "coordinates": [963401.6105227724, 1948685.6156598749]}, "properties": {"kind": "drone", "drone_id": 12, "frame": 9, "time_s": 9.0, "timestamp": "2025-01-01T00:00:09", "mode": "MIN_MAX", "is_static": false, "battery": 48.64093959731541}}, {"type": "Feature", "geometry": {"type": "Point", "coordinates": [963921.225765043, 1949301.3645252828]}, "properties": {"kind": "drone", "drone_id": 13, "frame": 9, "time_s": 9.0, "timestamp": "2025-01-01T00:00:09", "mode": "MIN_MAX", "is_static": false, "battery": 48.64093959731541}}, {"type": "Feature", "geometry": {"type": "Point", "coordinates": [963661.4181439078, 1951276.707213928]}, "properties": {"kind": "drone", "drone_id": 14, "frame": 9, "time_s": 9.0, "timestamp": "2025-01-01T00:00:09", "mode": "MIN_MAX", "is_static": false, "battery": 48.64093959731541}}, {"type": "Feature", "geometry": {"type": "Point", "coordinates": [962146.0357267403, 1950630.2072154495]}, "properties": {"kind": "drone", "drone_id": 15, "frame": 9, "time_s": 9.0, "timestamp": "2025-01-01T00:00:09", "mode": "MIN_MAX", "is_static": false, "battery": 48.64093959731541}}, {"type": "Feature", "geometry": {"type": "Point", "coordinates": [963531.5143333401, 1950980.1136619265]}, "properties": {"kind": "drone", "drone_id": 16, "frame": 9, "time_s": 9.0, "timestamp": "2025-01-01T00:00:09", "mode": "MIN_MAX", "is_static": false, "battery": 50.0}}, {"type": "Feature", "geometry": {"type": "Point", "coordinates": [966238.9181675613, 1950293.233994419]}, "properties": {"kind": "drone", "drone_id": 17, "frame": 9, "time_s": 9.0, "timestamp": "2025-01-01T00:00:09", "mode": "MIN_MAX", "is_static": false, "battery": 48.64093959731541}}, {"type": "Feature", "geometry": {"type": "Point", "coordinates": [966259.4943552611, 1951481.6845657327]}, "properties": {"kind": "drone", "drone_id": 18, "frame": 9, "time_s": 9.0, "timestamp": "2025-01-01T00:00:09", "mode": "MIN_MAX", "is_static": false, "battery": 48.6409395973154}}, {"type": "Feature", "geometry": {"type": "Point", "coordinates": [962622.1876593664, 1951505.1136619265]}, "properties": {"kind": "drone", "drone_id": 19, "frame": 9, "time_s": 9.0, "timestamp": "2025-01-01T00:00:09", "mode": "MIN_MAX", "is_static": false, "battery": 50.0}}, {"type": "Feature", "geometry": {"type": "Point", "coordinates": [965090.360060152, 1948904.0160525239]}, "properties": {"kind": "drone", "drone_id": 20, "frame": 9, "time_s": 9.0, "timestamp": "2025-01-01T00:00:09", "mode": "MIN_MAX", "is_static": false, "battery": 48.64093959731541}}, {"type": "Feature", "geometry": {"type": "Point", "coordinates": [961972.6686065281, 1951730.1136619265]}, "properties": {"kind": "base_A", "drone_id": 0, "frame": 9, "time_s": 9.0, "timestamp": "2025-01-01T00:00:09", "mode": "MIN_MAX", "is_static": true, "battery": 50.0}}, {"type": "Feature", "geometry": {"type": "Point", "coordinates": [966389.3981658287, 1948730.1136619265]}, "properties": {"kind": "base_B", "drone_id": 0, "frame": 9, "time_s": 9.0, "timestamp": "2025-01-01T00:00:09", "mode": "MIN_MAX", "is_static": true, "battery": 50.0}}, {"type": "Feature", "geometry": {"type": "Point", "coordinates": [966259.4943552611, 1950413.7839955466]}, "properties": {"kind": "drone", "drone_id": 1, "frame": 10, "time_s": 10.0, "timestamp": "2025-01-01T00:00:10", "mode": "MIN_MAX", "is_static": false, "battery": 48.48993288590601}}, {"type": "Feature", "geometry": {"type": "Point", "coordinates": [965869.782923558, 1948972.4402251183]}, "properties": {"kind": "drone", "drone_id": 2, "frame": 10, "time_s": 10.0, "timestamp": "2025-01-01T00:00:10", "mode": "MIN_MAX", "is_static": false, "battery": 48.48993288590601}}, {"type": "Feature", "geometry": {"type": "Point", "coordinates": [963921.225765043, 1950784.0126324326]}, "properties": {"kind": "drone", "drone_id": 3, "frame": 10, "time_s": 10.0, "timestamp": "2025-01-01T00:00:10", "mode": "MIN_MAX", "is_static": false, "battery": 48.48993288590601}}, {"type": "Feature", "geometry": {"type": "Point", "coordinates": [962232.4762276635, 1951073.4990088246]}, "properties": {"kind": "drone", "drone_id": 4, "frame": 10, "time_s": 10.0, "timestamp": "2025-01-01T00:00:10", "mode": "MIN_MAX", "is_static": false, "battery": 48.48993288590601}}, {"type": "Feature", "geometry": {"type": "Point", "coordinates": [966270.0215732066, 1949399.0357698118]}, "properties": {"kind": "drone", "drone_id": 5, "frame": 10, "time_s": 10.0, "timestamp": "2025-01-01T00:00:10", "mode": "MIN_MAX", "is_static": false, "battery": 48.48993288590601}}, {"type": "Feature", "geometry": {"type": "Point", "coordinates": [966362.8132255081, 1950664.764839476]}, "properties": {"kind": "drone", "drone_id": 6, "frame": 10, "time_s": 10.0, "timestamp": "2025-01-01T00:00:10", "mode": "MIN_MAX", "is_static": false, "battery": 48.48993288590601}}, {"type": "Feature", "geometry": {"type": "Point", "coordinates": [962272.6014571093, 1950403.2799739484]}, "properties": {"kind": "drone", "drone_id": 7, "frame": 10, "time_s": 10.0, "timestamp": "2025-01-01T00:00:10", "mode": "MIN_MAX", "is_static": false, "battery": 48.48993288590601}}, {"type": "Feature", "geometry": {"type": "Point", "coordinates": [966259.4943552611, 1950576.0699856183]}, "properties": {"kind": "drone", "drone_id": 8, "frame": 10, "time_s": 10.0, "timestamp": "2025-01-01T00:00:10", "mode": "MIN_MAX", "is_static": false, "battery": 48.48993288590601}}, {"type": "Feature", "geometry": {"type": "Point", "coordinates": [962855.1862571886, 1951339.6354651]}, "properties": {"kind": "drone", "drone_id": 9, "frame": 10, "time_s": 10.0, "timestamp": "2025-01-01T00:00:10", "mode": "MIN_MAX", "is_static": false, "battery": 48.48993288590601}}, {"type": "Feature", "geometry": {"type": "Point", "coordinates": [965944.0136724538, 1949437.2565190694]}, "properties": {"kind": "drone", "drone_id": 10, "frame": 10, "time_s": 10.0, "timestamp": "2025-01-01T00:00:10", "mode": "MIN_MAX", "is_static": false, "battery": 48.49999999999981}}, {"type": "Feature", "geometry": {"type": "Point", "coordinates": [965480.0714918551, 1949136.7253353493]}, "properties": {"kind": "drone", "drone_id": 11, "frame": 10, "time_s": 10.0, "timestamp": "2025-01-01T00:00:10", "mode": "MIN_MAX", "is_static": false, "battery": 48.48993288590601}}, {"type": "Feature", "geometry": {"type": "Point", "coordinates": [963401.6105227724, 1948692.5273456592]}, "properties": {"kind": "drone", "drone_id": 12, "frame": 10, "time_s": 10.0, "timestamp": "2025-01-01T00:00:10", "mode": "MIN_MAX", "is_static": false, "battery": 48.48993288590601}}, {"type": "Feature", "geometry": {"type": "Point", "coordinates": [963921.225765043, 1949311.614334455]}, "properties": {"kind": "drone", "drone_id": 13, "frame": 10, "time_s": 10.0, "timestamp": "2025-01-01T00:00:10", "mode": "MIN_MAX", "is_static": false, "battery": 48.48993288590601}}, {"type": "Feature", "geometry": {"type": "Point", "coordinates": [963661.4181439078, 1951260.2285835894]}, "properties": {"kind": "drone", "drone_id": 14, "frame": 10, "time_s": 10.0, "timestamp": "2025-01-01T00:00:10", "mode": "MIN_MAX", "is_static": false, "battery": 48.48993288590601}}, {"type": "Feature", "geometry": {"type": "Point", "coordinates": [962155.6677767718, 1950635.7682821283]}, "properties": {"kind": "drone", "drone_id": 15, "frame": 10, "time_s": 10.0, "timestamp": "2025-01-01T00:00:10", "mode": "MIN_MAX", "is_static": false, "battery": 48.48993288590601}}, {"type": "Feature", "geometry": {"type": "Point", "coordinates": [963531.5143333401, 1950980.1136619265]}, "properties": {"kind": "drone", "drone_id": 16, "frame": 10, "time_s": 10.0, "timestamp": "2025-01-01T00:00:10", "mode": "MIN_MAX", "is_static": false, "battery": 50.0}}, {"type": "Feature", "geometry": {"type": "Point", "coordinates": [966234.210081907, 1950290.5157798992]}, "properties": {"kind": "drone", "drone_id": 17, "frame": 10, "time_s": 10.0, "timestamp": "2025-01-01T00:00:10", "mode": "MIN_MAX", "is_static": false, "battery": 48.48993288590601}}, {"type": "Feature", "geometry": {"type": "Point", "coordinates": [966259.4943552611, 1951476.3236994103]}, "properties": {"kind": "drone", "drone_id": 18, "frame": 10, "time_s": 10.0, "timestamp": "2025-01-01T00:00:10", "mode": "MIN_MAX", "is_static": false, "battery": 48.48993288590601}}, {"type": "Feature", "geometry": {"type": "Point", "coordinates": [962622.1876593664, 1951505.1136619265]}, "properties": {"kind": "drone", "drone_id": 19, "frame": 10, "time_s": 10.0, "timestamp": "2025-01-01T00:00:10", "mode": "MIN_MAX", "is_static": false, "battery": 50.0}}, {"type": "Feature", "geometry": {"type": "Point", "coordinates": [965090.360060152, 1948909.4852144462]}, "properties": {"kind": "drone", "drone_id": 20, "frame": 10, "time_s": 10.0, "timestamp": "2025-01-01T00:00:10", "mode": "MIN_MAX", "is_static": false, "battery": 48.48993288590601}}, {"type": "Feature", "geometry": {"type": "Point", "coordinates": [961972.6686065281, 1951730.1136619265]}, "properties": {"kind": "base_A", "drone_id": 0, "frame": 10, "time_s": 10.0, "timestamp": "2025-01-01T00:00:10", "mode": "MIN_MAX", "is_static": true, "battery": 50.0}}, {"type": "Feature", "geometry": {"type": "Point", "coordinates": [966389.3981658287, 1948730.1136619265]}, "properties": {"kind": "base_B", "drone_id": 0, "frame": 10, "time_s": 10.0, "timestamp": "2025-01-01T00:00:10", "mode": "MIN_MAX", "is_static": true, "battery": 50.0}}, {"type": "Feature", "geometry": {"type": "Point", "coordinates": [966259.4943552611, 1950405.4645418394]}, "properties": {"kind": "drone", "drone_id": 1, "frame": 11, "time_s": 11.0, "timestamp": "2025-01-01T00:00:11", "mode": "MIN_MAX", "is_static": false, "battery": 48.338926174496606}}, {"type": "Feature", "geometry": {"type": "Point", "coordinates": [965869.782923558, 1948989.5764819882]}, "properties": {"kind": "drone", "drone_id": 2, "frame": 11, "time_s": 11.0, "timestamp": "2025-01-01T00:00:11", "mode": "MIN_MAX", "is_static": false, "battery": 48.338926174496606}}, {"type": "Feature", "geometry": {"type": "Point", "coordinates": [963921.225765043, 1950762.804247527]}, "properties": {"kind": "drone", "drone_id": 3, "frame": 11, "time_s": 11.0, "timestamp": "2025-01-01T00:00:11", "mode": "MIN_MAX", "is_static": false, "battery": 48.338926174496606}}, {"type": "Feature", "geometry": {"type": "Point", "coordinates": [962232.4762276635, 1951090.8317810735]}, "properties": {"kind": "drone", "drone_id": 4, "frame": 11, "time_s": 11.0, "timestamp": "2025-01-01T00:00:11", "mode": "MIN_MAX", "is_static": false, "battery": 48.338926174496606}}, {"type": "Feature", "geometry": {"type": "Point", "coordinates": [966272.1406491643, 1949397.8123207372]}, "properties": {"kind": "drone", "drone_id": 5, "frame": 11, "time_s": 11.0, "timestamp": "2025-01-01T00:00:11", "mode": "MIN_MAX", "is_static": false, "battery": 48.338926174496606}}, {"type": "Feature", "geometry": {"type": "Point", "coordinates": [966357.3923607386, 1950661.635101742]}, "properties": {"kind": "drone", "drone_id": 6, "frame": 11, "time_s": 11.0, "timestamp": "2025-01-01T00:00:11", "mode": "MIN_MAX", "is_static": false, "battery": 48.338926174496606}}, {"type": "Feature", "geometry": {"type": "Point", "coordinates": [962280.6365262227, 1950407.919023264]}, "properties": {"kind": "drone", "drone_id": 7, "frame": 11, "time_s": 11.0, "timestamp": "2025-01-01T00:00:11", "mode": "MIN_MAX", "is_static": false, "battery": 48.338926174496606}}, {"type": "Feature", "geometry": {"type": "Point", "coordinates": [966259.4943552611, 1950570.1354170986]}, "properties": {"kind": "drone", "drone_id": 8, "frame": 11, "time_s": 11.0, "timestamp": "2025-01-01T00:00:11", "mode": "MIN_MAX", "is_static": false, "battery": 48.338926174496606}}, {"type": "Feature", "geometry": {"type": "Point", "coordinates": [962870.5359255131, 1951348.497600239]}, "properties": {"kind": "drone", "drone_id": 9, "frame": 11, "time_s": 11.0, "timestamp": "2025-01-01T00:00:11", "mode": "MIN_MAX", "is_static": false, "battery": 48.338926174496606}}, {"type": "Feature", "geometry": {"type": "Point", "coordinates": [965944.0136724538, 1949437.2565190694]}, "properties": {"kind": "drone", "drone_id": 10, "frame": 11, "time_s": 11.0, "timestamp": "2025-01-01T00:00:11", "mode": "MIN_MAX", "is_static": false, "battery": 48.49999999999981}}, {"type": "Feature", "geometry": {"type": "Point", "coordinates": [965480.0714918551, 1949143.1711879524]}, "properties": {"kind": "drone", "drone_id": 11, "frame": 11, "time_s": 11.0, "timestamp": "2025-01-01T00:00:11", "mode": "MIN_MAX", "is_static": false, "battery": 48.338926174496606}}, {"type": "Feature", "geometry": {"type": "Point", "coordinates": [963401.6105227724, 1948700.0900635752]}, "properties": {"kind": "drone", "drone_id": 12, "frame": 11, "time_s": 11.0, "timestamp": "2025-01-01T00:00:11", "mode": "MIN_MAX", "is_static": false, "battery": 48.338926174496606}}, {"type": "Feature", "geometry": {"type": "Point", "coordinates": [963921.225765043, 1949322.7544935679]}, "properties": {"kind": "drone", "drone_id": 13, "frame": 11, "time_s": 11.0, "timestamp": "2025-01-01T00:00:11", "mode": "MIN_MAX", "is_static": false, "battery": 48.338926174496606}}, {"type": "Feature", "geometry": {"type": "Point", "coordinates": [963661.4181439078, 1951242.6174539288]}, "properties": {"kind": "drone", "drone_id": 14, "frame": 11, "time_s": 11.0, "timestamp": "2025-01-01T00:00:11", "mode": "MIN_MAX", "is_static": false, "battery": 48.338926174496606}}, {"type": "Feature", "geometry": {"type": "Point", "coordinates": [962166.13651508, 1950641.8124110084]}, "properties": {"kind": "drone", "drone_id": 15, "frame": 11, "time_s": 11.0, "timestamp": "2025-01-01T00:00:11", "mode": "MIN_MAX", "is_static": false, "battery": 48.338926174496606}}, {"type": "Feature", "geometry": {"type": "Point", "coordinates": [963531.5143333401, 1950980.1136619265]}, "properties": {"kind": "drone", "drone_id": 16, "frame": 11, "time_s": 11.0, "timestamp": "2025-01-01T00:00:11", "mode": "MIN_MAX", "is_static": false, "battery": 50.0}}, {"type": "Feature", "geometry": {"type": "Point", "coordinates": [966229.0436817895, 1950287.5329574007]}, "properties": {"kind": "drone", "drone_id": 17, "frame": 11, "time_s": 11.0, "timestamp": "2025-01-01T00:00:11", "mode": "MIN_MAX", "is_static": false, "battery": 48.338926174496606}}, {"type": "Feature", "geometry": {"type": "Point", "coordinates": [966259.4943552611, 1951470.4409728774]}, "properties": {"kind": "drone", "drone_id": 18, "frame": 11, "time_s": 11.0, "timestamp": "2025-01-01T00:00:11", "mode": "MIN_MAX", "is_static": false, "battery": 48.338926174496606}}, {"type": "Feature", "geometry": {"type": "Point", "coordinates": [962622.1876593664, 1951505.1136619265]}, "properties": {"kind": "drone", "drone_id": 19, "frame": 11, "time_s": 11.0, "timestamp": "2025-01-01T00:00:11", "mode": "MIN_MAX", "is_static": false, "battery": 50.0}}, {"type": "Feature", "geometry": {"type": "Point", "coordinates": [965090.360060152, 1948915.4867787492]}, "properties": {"kind": "drone", "drone_id": 20, "frame": 11, "time_s": 11.0, "timestamp": "2025-01-01T00:00:11", "mode": "MIN_MAX", "is_static": false, "battery": 48.338926174496606}}, {"type": "Feature", "geometry": {"type": "Point", "coordinates": [961972.6686065281, 1951730.1136619265]}, "properties": {"kind": "base_A", "drone_id": 0, "frame": 11, "time_s": 11.0, "timestamp": "2025-01-01T00:00:11", "mode": "MIN_MAX", "is_static": true, "battery": 50.0}}, {"type": "Feature", "geometry": {"type": "Point", "coordinates": [966389.3981658287, 1948730.1136619265]}, "properties": {"kind": "base_B", "drone_id": 0, "frame": 11, "time_s": 11.0, "timestamp": "2025-01-01T00:00:11", "mode": "MIN_MAX", "is_static": true, "battery": 50.0}}, {"type": "Feature", "geometry": {"type": "Point", "coordinates": [966259.4943552611, 1950396.45526924]}, "properties": {"kind": "drone", "drone_id": 1, "frame": 12, "time_s": 12.0, "timestamp": "2025-01-01T00:00:12", "mode": "MIN_MAX", "is_static": false, "battery": 48.187919463087205}}, {"type": "Feature", "geometry": {"type": "Point", "coordinates": [965869.782923558, 1949007.703015705]}, "properties": {"kind": "drone", "drone_id": 2, "frame": 12, "time_s": 12.0, "timestamp": "2025-01-01T00:00:12", "mode": "MIN_MAX", "is_static": false, "battery": 48.187919463087205}}, {"type": "Feature", "geometry": {"type": "Point", "coordinates": [963908.8117706429, 1950747.946438918]}, "properties": {"kind": "drone", "drone_id": 3, "frame": 12, "time_s": 12.0, "timestamp": "2025-01-01T00:00:12", "mode": "MIN_MAX", "is_static": false, "battery": 48.187919463087205}}, {"type": "Feature", "geometry": {"type": "Point", "coordinates": [962232.4762276635, 1951109.1661864785]}, "properties": {"kind": "drone", "drone_id": 4, "frame": 12, "time_s": 12.0, "timestamp": "2025-01-01T00:00:12", "mode": "MIN_MAX", "is_static": false, "battery": 48.187919463087205}}, {"type": "Feature", "geometry": {"type": "Point", "coordinates": [966274.4354312057, 1949396.487427708]}, "properties": {"kind": "drone", "drone_id": 5, "frame": 12, "time_s": 12.0, "timestamp": "2025-01-01T00:00:12", "mode": "MIN_MAX", "is_static": false, "battery": 48.187919463087205}}, {"type": "Feature", "geometry": {"type": "Point", "coordinates": [966351.5013735602, 1950658.233938709]}, "properties": {"kind": "drone", "drone_id": 6, "frame": 12, "time_s": 12.0, "timestamp": "2025-01-01T00:00:12", "mode": "MIN_MAX", "is_static": false, "battery": 48.187919463087205}}, {"type": "Feature", "geometry": {"type": "Point", "coordinates": [962289.3253682122, 1950412.9355285256]}, "properties": {"kind": "drone", "drone_id": 7, "frame": 12, "time_s": 12.0, "timestamp": "2025-01-01T00:00:12", "mode": "MIN_MAX", "is_static": false, "battery": 48.187919463087205}}, {"type": "Feature", "geometry": {"type": "Point", "coordinates": [966259.4943552611, 1950563.682551592]}, "properties": {"kind": "drone", "drone_id": 8, "frame": 12, "time_s": 12.0, "timestamp": "2025-01-01T00:00:12", "mode": "MIN_MAX", "is_static": false, "battery": 48.187919463087205}}, {"type": "Feature", "geometry": {"type": "Point", "coordinates": [962885.5523581618, 1951353.059982182]}, "properties": {"kind": "drone", "drone_id": 9, "frame": 12, "time_s": 12.0, "timestamp": "2025-01-01T00:00:12", "mode": "MIN_MAX", "is_static": false, "battery": 48.187919463087205}}, {"type": "Feature", "geometry": {"type": "Point", "coordinates": [965944.0136724538, 1949437.2565190694]}, "properties": {"kind": "drone", "drone_id": 10, "frame": 12, "time_s": 12.0, "timestamp": "2025-01-01T00:00:12", "mode": "MIN_MAX", "is_static": false, "battery": 48.49999999999981}}, {"type": "Feature", "geometry": {"type": "Point", "coordinates": [965480.0714918551, 1949150.176054639]}, "properties": {"kind": "drone", "drone_id": 11, "frame": 12, "time_s": 12.0, "timestamp": "2025-01-01T00:00:12", "mode": "MIN_MAX", "is_static": false, "battery": 48.187919463087205}}, {"type": "Feature", "geometry": {"type": "Point", "coordinates": [963401.6105227724, 1948708.289227391]}, "properties": {"kind": "drone", "drone_id": 12, "frame": 12, "time_s": 12.0, "timestamp": "2025-01-01T00:00:12", "mode": "MIN_MAX", "is_static": false, "battery": 48.187919463087205}}, {"type": "Feature", "geometry": {"type": "Point", "coordinates": [963921.225765043, 1949334.7490530943]}, "properties": {"kind": "drone", "drone_id": 13, "frame": 12, "time_s": 12.0, "timestamp": "2025-01-01T00:00:12", "mode": "MIN_MAX", "is_static": false, "battery": 48.187919463087205}}, {"type": "Feature", "geometry": {"type": "Point", "coordinates": [963661.4181439078, 1951223.9886052825]}, "properties": {"kind": "drone", "drone_id": 14, "frame": 12, "time_s": 12.0, "timestamp": "2025-01-01T00:00:12", "mode": "MIN_MAX", "is_static": false, "battery": 48.187919463087205}}, {"type": "Feature", "geometry": {"type": "Point", "coordinates": [962177.4081588271, 1950648.32009756]}, "properties": {"kind": "drone", "drone_id": 15, "frame": 12, "time_s": 12.0, "timestamp": "2025-01-01T00:00:12", "mode": "MIN_MAX", "is_static": false, "battery": 48.187919463087205}}, {"type": "Feature", "geometry": {"type": "Point", "coordinates": [963531.5143333401, 1950980.1136619265]}, "properties": {"kind": "drone", "drone_id": 16, "frame": 12, "time_s": 12.0, "timestamp": "2025-01-01T00:00:12", "mode": "MIN_MAX", "is_static": false, "battery": 50.0}}, {"type": "Feature", "geometry": {"type": "Point", "coordinates": [966223.4260728596, 1950284.2896293728]}, "properties": {"kind": "drone", "drone_id": 17, "frame": 12, "time_s": 12.0, "timestamp": "2025-01-01T00:00:12", "mode": "MIN_MAX", "is_static": false, "battery": 48.187919463087205}}, {"type": "Feature", "geometry": {"type": "Point", "coordinates": [966259.4943552611, 1951464.0444769901]}, "properties": {"kind": "drone", "drone_id": 18, "frame": 12, "time_s": 12.0, "timestamp": "2025-01-01T00:00:12", "mode": "MIN_MAX", "is_static": false, "battery": 48.187919463087205}}, {"type": "Feature", "geometry": {"type": "Point", "coordinates": [962622.1876593664, 1951505.1136619265]}, "properties": {"kind": "drone", "drone_id": 19, "frame": 12, "time_s": 12.0, "timestamp": "2025-01-01T00:00:12", "mode": "MIN_MAX", "is_static": false, "battery": 50.0}}, {"type": "Feature", "geometry": {"type": "Point", "coordinates": [965090.360060152, 1948922.0124911321]}, "properties": {"kind": "drone", "drone_id": 20, "frame": 12, "time_s": 12.0, "timestamp": "2025-01-01T00:00:12", "mode": "MIN_MAX", "is_static": false, "battery": 48.187919463087205}}, {"type": "Feature", "geometry": {"type": "Point", "coordinates": [961972.6686065281, 1951730.1136619265]}, "properties": {"kind": "base_A", "drone_id": 0, "frame": 12, "time_s": 12.0, "timestamp": "2025-01-01T00:00:12", "mode": "MIN_MAX", "is_static": true, "battery": 50.0}}, {"type": "Feature", "geometry": {"type": "Point", "coordinates": [966389.3981658287, 1948730.1136619265]}, "properties": {"kind": "base_B", "drone_id": 0, "frame": 12, "time_s": 12.0, "timestamp": "2025-01-01T00:00:12", "mode": "MIN_MAX", "is_static": true, "battery": 50.0}}, {"type": "Feature", "geometry": {"type": "Point", "coordinates": [966259.4943552611, 1950386.7740178923]}, "properties": {"kind": "drone", "drone_id": 1, "frame": 13, "time_s": 13.0, "timestamp": "2025-01-01T00:00:13", "mode": "MIN_MAX", "is_static": false, "battery": 48.03691275167781}}, {"type": "Feature", "geometry": {"type": "Point", "coordinates": [965869.782923558, 1949026.7081409106]}, "properties": {"kind": "drone", "drone_id": 2, "frame": 13, "time_s": 13.0, "timestamp": "2025-01-01T00:00:13", "mode": "MIN_MAX", "is_static": false, "battery": 48.03691275167781}}, {"type": "Feature", "geometry": {"type": "Point", "coordinates": [963889.2116397131, 1950736.6302980494]}, "properties": {"kind": "drone", "drone_id": 3, "frame": 13, "time_s": 13.0, "timestamp": "2025-01-01T00:00:13", "mode": "MIN_MAX", "is_static": false, "battery": 48.03691275167781}}, {"type": "Feature", "geometry": {"type": "Point", "coordinates": [962232.4762276635, 1951128.3892588944]}, "properties": {"kind": "drone", "drone_id": 4, "frame": 13, "time_s": 13.0, "timestamp": "2025-01-01T00:00:13", "mode": "MIN_MAX", "is_static": false, "battery": 48.03691275167781}}, {"type": "Feature", "geometry": {"type": "Point", "coordinates": [966276.9013752079, 1949395.0637142744]}, "properties": {"kind": "drone", "drone_id": 5, "frame": 13, "time_s": 13.0, "timestamp": "2025-01-01T00:00:13", "mode": "MIN_MAX", "is_static": false, "battery": 48.03691275167781}}, {"type": "Feature", "geometry": {"type": "Point", "coordinates": [966345.1482956769, 1950654.5659874827]}, "properties": {"kind": "drone", "drone_id": 6, "frame": 13, "time_s": 13.0, "timestamp": "2025-01-01T00:00:13", "mode": "MIN_MAX", "is_static": false, "battery": 48.03691275167781}}, {"type": "Feature", "geometry": {"type": "Point", "coordinates": [962298.6485832894, 1950418.31828926]}, "properties": {"kind": "drone", "drone_id": 7, "frame": 13, "time_s": 13.0, "timestamp": "2025-01-01T00:00:13", "mode": "MIN_MAX", "is_static": false, "battery": 48.03691275167781}}, {"type": "Feature", "geometry": {"type": "Point", "coordinates": [966259.4943552611, 1950556.7195512555]}, "properties": {"kind": "drone", "drone_id": 8, "frame": 13, "time_s": 13.0, "timestamp": "2025-01-01T00:00:13", "mode": "MIN_MAX", "is_static": false, "battery": 48.03691275167781}}, {"type": "Feature", "geometry": {"type": "Point", "coordinates": [962899.9231466881, 1951344.763003558]}, "properties": {"kind": "drone", "drone_id": 9, "frame": 13, "time_s": 13.0, "timestamp": "2025-01-01T00:00:13", "mode": "MIN_MAX", "is_static": false, "battery": 48.03691275167781}}, {"type": "Feature", "geometry": {"type": "Point", "coordinates": [965944.0136724538, 1949437.2565190694]}, "properties": {"kind": "drone", "drone_id": 10, "frame": 13, "time_s": 13.0, "timestamp": "2025-01-01T00:00:13", "mode": "MIN_MAX", "is_static": false, "battery": 48.49999999999981}}, {"type": "Feature", "geometry": {"type": "Point", "coordinates": [965480.0714918551, 1949157.7303850553]}, "properties": {"kind": "drone", "drone_id": 11, "frame": 13, "time_s": 13.0, "timestamp": "2025-01-01T00:00:13", "mode": "MIN_MAX", "is_static": false, "battery": 48.03691275167781}}, {"type": "Feature", "geometry": {"type": "Point", "coordinates": [963401.6105227724, 1948717.1102508754]}, "properties": {"kind": "drone", "drone_id": 12, "frame": 13, "time_s": 13.0, "timestamp": "2025-01-01T00:00:13", "mode": "MIN_MAX", "is_static": false, "battery": 48.03691275167781}}, {"type": "Feature", "geometry": {"type": "Point", "coordinates": [963921.225765043, 1949347.5620635082]}, "properties": {"kind": "drone", "drone_id": 13, "frame": 13, "time_s": 13.0, "timestamp": "2025-01-01T00:00:13", "mode": "MIN_MAX", "is_static": false, "battery": 48.03691275167781}}, {"type": "Feature", "geometry": {"type": "Point", "coordinates": [963661.4181439078, 1951204.4568179878]}, "properties": {"kind": "drone", "drone_id": 14, "frame": 13, "time_s": 13.0, "timestamp": "2025-01-01T00:00:13", "mode": "MIN_MAX", "is_static": false, "battery": 48.03691275167781}}, {"type": "Feature", "geometry": {"type": "Point", "coordinates": [962189.4489251757, 1950655.2718372527]}, "properties": {"kind": "drone", "drone_id": 15, "frame": 13, "time_s": 13.0, "timestamp": "2025-01-01T00:00:13", "mode": "MIN_MAX", "is_static": false, "battery": 48.03691275167781}}, {"type": "Feature", "geometry": {"type": "Point", "coordinates": [963531.5143333401, 1950980.1136619265]}, "properties": {"kind": "drone", "drone_id": 16, "frame": 13, "time_s": 13.0, "timestamp": "2025-01-01T00:00:13", "mode": "MIN_MAX", "is_static": false, "battery": 50.0}}, {"type": "Feature", "geometry": {"type": "Point", "coordinates": [966217.3643607676, 1950280.7898982647]}, "properties": {"kind": "drone", "drone_id": 17, "frame": 13, "time_s": 13.0, "timestamp": "2025-01-01T00:00:13", "mode": "MIN_MAX", "is_static": false, "battery": 48.03691275167781}}, {"type": "Feature", "geometry": {"type": "Point", "coordinates": [966259.4943552611, 1951457.1423026042]}, "properties": {"kind": "drone", "drone_id": 18, "frame": 13, "time_s": 13.0, "timestamp": "2025-01-01T00:00:13", "mode": "MIN_MAX", "is_static": false, "battery": 48.03691275167781}}, {"type": "Feature", "geometry": {"type": "Point", "coordinates": [962622.1876593664, 1951505.1136619265]}, "properties": {"kind": "drone", "drone_id": 19, "frame": 13, "time_s": 13.0, "timestamp": "2025-01-01T00:00:13", "mode": "MIN_MAX", "is_static": false, "battery": 50.0}}, {"type": "Feature", "geometry": {"type": "Point", "coordinates": [965090.360060152, 1948929.0540972948]}, "properties": {"kind": "drone", "drone_id": 20, "frame": 13, "time_s": 13.0, "timestamp": "2025-01-01T00:00:13", "mode": "MIN_MAX", "is_static": false, "battery": 48.03691275167781}}, {"type": "Feature", "geometry": {"type": "Point", "coordinates": [961972.6686065281, 1951730.1136619265]}, "properties": {"kind": "base_A", "drone_id": 0, "frame": 13, "time_s": 13.0, "timestamp": "2025-01-01T00:00:13", "mode": "MIN_MAX", "is_static": true, "battery": 50.0}}, {"type": "Feature", "geometry": {"type": "Point", "coordinates": [966389.3981658287, 1948730.1136619265]}, "properties": {"kind": "base_B", "drone_id": 0, "frame": 13, "time_s": 13.0, "timestamp": "2025-01-01T00:00:13", "mode": "MIN_MAX", "is_static": true, "battery": 50.0}}, {"type": "Feature", "geometry": {"type": "Point", "coordinates": [966259.4943552611, 1950376.4386279401]}, "properties": {"kind": "drone", "drone_id": 1, "frame": 14, "time_s": 14.0, "timestamp": "2025-01-01T00:00:14", "mode": "MIN_MAX", "is_static": false, "battery": 47.88590604026841}}, {"type": "Feature", "geometry": {"type": "Point", "coordinates": [965883.9567372658, 1949038.296917086]}, "properties": {"kind": "drone", "drone_id": 2, "frame": 14, "time_s": 14.0, "timestamp": "2025-01-01T00:00:14", "mode": "MIN_MAX", "is_static": false, "battery": 47.88590604026841}}, {"type": "Feature", "geometry": {"type": "Point", "coordinates": [963869.2669575227, 1950725.1152304178]}, "properties": {"kind": "drone", "drone_id": 3, "frame": 14, "time_s": 14.0, "timestamp": "2025-01-01T00:00:14", "mode": "MIN_MAX", "is_static": false, "battery": 47.88590604026841}}, {"type": "Feature", "geometry": {"type": "Point", "coordinates": [962216.6501587894, 1951139.2508470512]}, "properties": {"kind": "drone", "drone_id": 4, "frame": 14, "time_s": 14.0, "timestamp": "2025-01-01T00:00:14", "mode": "MIN_MAX", "is_static": false, "battery": 47.88590604026841}}, {"type": "Feature", "geometry": {"type": "Point", "coordinates": [966279.533937048, 1949393.5438039873]}, "properties": {"kind": "drone", "drone_id": 5, "frame": 14, "time_s": 14.0, "timestamp": "2025-01-01T00:00:14", "mode": "MIN_MAX", "is_static": false, "battery": 47.88590604026841}}, {"type": "Feature", "geometry": {"type": "Point", "coordinates": [966338.3411587927, 1950650.6358851702]}, "properties": {"kind": "drone", "drone_id": 6, "frame": 14, "time_s": 14.0, "timestamp": "2025-01-01T00:00:14", "mode": "MIN_MAX", "is_static": false, "battery": 47.88590604026841}}, {"type": "Feature", "geometry": {"type": "Point", "coordinates": [962308.5867716655, 1950424.0561049941]}, "properties": {"kind": "drone", "drone_id": 7, "frame": 14, "time_s": 14.0, "timestamp": "2025-01-01T00:00:14", "mode": "MIN_MAX", "is_static": false, "battery": 47.88590604026841}}, {"type": "Feature", "geometry": {"type": "Point", "coordinates": [966259.4943552611, 1950549.2545782465]}, "properties": {"kind": "drone", "drone_id": 8, "frame": 14, "time_s": 14.0, "timestamp": "2025-01-01T00:00:14", "mode": "MIN_MAX", "is_static": false, "battery": 47.88590604026841}}, {"type": "Feature", "geometry": {"type": "Point", "coordinates": [962913.335882646, 1951337.019156842]}, "properties": {"kind": "drone", "drone_id": 9, "frame": 14, "time_s": 14.0, "timestamp": "2025-01-01T00:00:14", "mode": "MIN_MAX", "is_static": false, "battery": 47.88590604026841}}, {"type": "Feature", "geometry": {"type": "Point", "coordinates": [965944.0136724538, 1949437.2565190694]}, "properties": {"kind": "drone", "drone_id": 10, "frame": 14, "time_s": 14.0, "timestamp": "2025-01-01T00:00:14", "mode": "MIN_MAX", "is_static": false, "battery": 48.49999999999981}}, {"type": "Feature", "geometry": {"type": "Point", "coordinates": [965480.0714918551, 1949165.8246288463]}, "properties": {"kind": "drone", "drone_id": 11, "frame": 14, "time_s": 14.0, "timestamp": "2025-01-01T00:00:14", "mode": "MIN_MAX", "is_static": false, "battery": 47.88590604026841}}, {"type": "Feature", "geometry": {"type": "Point", "coordinates": [963401.6105227724, 1948726.5385477967]}, "properties": {"kind": "drone", "drone_id": 12, "frame": 14, "time_s": 14.0, "timestamp": "2025-01-01T00:00:14", "mode": "MIN_MAX", "is_static": false, "battery": 47.88590604026841}}, {"type": "Feature", "geometry": {"type": "Point", "coordinates": [963921.225765043, 1949361.1575752827]}, "properties": {"kind": "drone", "drone_id": 13, "frame": 14, "time_s": 14.0, "timestamp": "2025-01-01T00:00:14", "mode": "MIN_MAX", "is_static": false, "battery": 47.88590604026841}}, {"type": "Feature", "geometry": {"type": "Point", "coordinates": [963661.4181439078, 1951184.136872381]}, "properties": {"kind": "drone", "drone_id": 14, "frame": 14, "time_s": 14.0, "timestamp": "2025-01-01T00:00:14", "mode": "MIN_MAX", "is_static": false, "battery": 47.88590604026841}}, {"type": "Feature", "geometry": {"type": "Point", "coordinates": [962202.2250312882, 1950662.6481255558]}, "properties": {"kind": "drone", "drone_id": 15, "frame": 14, "time_s": 14.0, "timestamp": "2025-01-01T00:00:14", "mode": "MIN_MAX", "is_static": false, "battery": 47.88590604026841}}, {"type": "Feature", "geometry": {"type": "Point", "coordinates": [963531.5143333401, 1950980.1136619265]}, "properties": {"kind": "drone", "drone_id": 16, "frame": 14, "time_s": 14.0, "timestamp": "2025-01-01T00:00:14", "mode": "MIN_MAX", "is_static": false, "battery": 50.0}}, {"type": "Feature", "geometry": {"type": "Point", "coordinates": [966210.8656511643, 1950277.0378665258]}, "properties": {"kind": "drone", "drone_id": 17, "frame": 14, "time_s": 14.0, "timestamp": "2025-01-01T00:00:14", "mode": "MIN_MAX", "is_static": false, "battery": 47.88590604026841}}, {"type": "Feature", "geometry": {"type": "Point", "coordinates": [966259.4943552611, 1951449.7425405758]}, "properties": {"kind": "drone", "drone_id": 18, "frame": 14, "time_s": 14.0, "timestamp": "2025-01-01T00:00:14", "mode": "MIN_MAX", "is_static": false, "battery": 47.88590604026841}}, {"type": "Feature", "geometry": {"type": "Point", "coordinates": [962622.1876593664, 1951505.1136619265]}, "properties": {"kind": "drone", "drone_id": 19, "frame": 14, "time_s": 14.0, "timestamp": "2025-01-01T00:00:14", "mode": "MIN_MAX", "is_static": false, "battery": 50.0}}, {"type": "Feature", "geometry": {"type": "Point", "coordinates": [965090.360060152, 1948936.6033429366]}, "properties": {"kind": "drone", "drone_id": 20, "frame": 14, "time_s": 14.0, "timestamp": "2025-01-01T00:00:14", "mode": "MIN_MAX", "is_static": false, "battery": 47.88590604026841}}, {"type": "Feature", "geometry": {"type": "Point", "coordinates": [961972.6686065281, 1951730.1136619265]}, "properties": {"kind": "base_A", "drone_id": 0, "frame": 14, "time_s": 14.0, "timestamp": "2025-01-01T00:00:14", "mode": "MIN_MAX", "is_static": true, "battery": 50.0}}, {"type": "Feature", "geometry": {"type": "Point", "coordinates": [966389.3981658287, 1948730.1136619265]}, "properties": {"kind": "base_B", "drone_id": 0, "frame": 14, "time_s": 14.0, "timestamp": "2025-01-01T00:00:14", "mode": "MIN_MAX", "is_static": true, "battery": 50.0}}, {"type": "Feature", "geometry": {"type": "Point", "coordinates": [966259.4943552611, 1950365.466939527]}, "properties": {"kind": "drone", "drone_id": 1, "frame": 15, "time_s": 15.0, "timestamp": "2025-01-01T00:00:15", "mode": "MIN_MAX", "is_static": false, "battery": 47.73489932885901}}, {"type": "Feature", "geometry": {"type": "Point", "coordinates": [965901.6472565192, 1949048.5105431392]}, "properties": {"kind": "drone", "drone_id": 2, "frame": 15, "time_s": 15.0, "timestamp": "2025-01-01T00:00:15", "mode": "MIN_MAX", "is_static": false, "battery": 47.73489932885901}}, {"type": "Feature", "geometry": {"type": "Point", "coordinates": [963849.1590668404, 1950713.5059343195]}, "properties": {"kind": "drone", "drone_id": 3, "frame": 15, "time_s": 15.0, "timestamp": "2025-01-01T00:00:15", "mode": "MIN_MAX", "is_static": false, "battery": 47.73489932885901}}, {"type": "Feature", "geometry": {"type": "Point", "coordinates": [962198.7567679798, 1951149.5816010516]}, "properties": {"kind": "drone", "drone_id": 4, "frame": 15, "time_s": 15.0, "timestamp": "2025-01-01T00:00:15", "mode": "MIN_MAX", "is_static": false, "battery": 47.73489932885901}}, {"type": "Feature", "geometry": {"type": "Point", "coordinates": [966282.3285726034, 1949391.9303203973]}, "properties": {"kind": "drone", "drone_id": 5, "frame": 15, "time_s": 15.0, "timestamp": "2025-01-01T00:00:15", "mode": "MIN_MAX", "is_static": false, "battery": 47.73489932885901}}, {"type": "Feature", "geometry": {"type": "Point", "coordinates": [966331.0879946118, 1950646.448268878]}, "properties": {"kind": "drone", "drone_id": 6, "frame": 15, "time_s": 15.0, "timestamp": "2025-01-01T00:00:15", "mode": "MIN_MAX", "is_static": false, "battery": 47.73489932885901}}, {"type": "Feature", "geometry": {"type": "Point", "coordinates": [962319.120533552, 1950430.137775255]}, "properties": {"kind": "drone", "drone_id": 7, "frame": 15, "time_s": 15.0, "timestamp": "2025-01-01T00:00:15", "mode": "MIN_MAX", "is_static": false, "battery": 47.73489932885901}}, {"type": "Feature", "geometry": {"type": "Point", "coordinates": [966259.4943552611, 1950541.2957947224]}, "properties": {"kind": "drone", "drone_id": 8, "frame": 15, "time_s": 15.0, "timestamp": "2025-01-01T00:00:15", "mode": "MIN_MAX", "is_static": false, "battery": 47.73489932885901}}, {"type": "Feature", "geometry": {"type": "Point", "coordinates": [962925.4781575893, 1951330.0088111348]}, "properties": {"kind": "drone", "drone_id": 9, "frame": 15, "time_s": 15.0, "timestamp": "2025-01-01T00:00:15", "mode": "MIN_MAX", "is_static": false, "battery": 47.73489932885901}}, {"type": "Feature", "geometry": {"type": "Point", "coordinates": [965944.0136724538, 1949437.2565190694]}, "properties": {"kind": "drone", "drone_id": 10, "frame": 15, "time_s": 15.0, "timestamp": "2025-01-01T00:00:15", "mode": "MIN_MAX", "is_static": false, "battery": 48.49999999999981}}, {"type": "Feature", "geometry": {"type": "Point", "coordinates": [965480.0714918551, 1949174.4492356577]}, "properties": {"kind": "drone", "drone_id": 11, "frame": 15, "time_s": 15.0, "timestamp": "2025-01-01T00:00:15", "mode": "MIN_MAX", "is_static": false, "battery": 47.73489932885901}}, {"type": "Feature", "geometry": {"type": "Point", "coordinates": [963401.6105227724, 1948736.5595319238]}, "properties": {"kind": "drone", "drone_id": 12, "frame": 15, "time_s": 15.0, "timestamp": "2025-01-01T00:00:15", "mode": "MIN_MAX", "is_static": false, "battery": 47.73489932885901}}, {"type": "Feature", "geometry": {"type": "Point", "coordinates": [963921.225765043, 1949375.4996388915]}, "properties": {"kind": "drone", "drone_id": 13, "frame": 15, "time_s": 15.0, "timestamp": "2025-01-01T00:00:15", "mode": "MIN_MAX", "is_static": false, "battery": 47.73489932885901}}, {"type": "Feature", "geometry": {"type": "Point", "coordinates": [963661.4181439078, 1951163.143548799]}, "properties": {"kind": "drone", "drone_id": 14, "frame": 15, "time_s": 15.0, "timestamp": "2025-01-01T00:00:15", "mode": "MIN_MAX", "is_static": false, "battery": 47.73489932885901}}, {"type": "Feature", "geometry": {"type": "Point", "coordinates": [962215.7026943271, 1950670.4294579395]}, "properties": {"kind": "drone", "drone_id": 15, "frame": 15, "time_s": 15.0, "timestamp": "2025-01-01T00:00:15", "mode": "MIN_MAX", "is_static": false, "battery": 47.73489932885901}}, {"type": "Feature", "geometry": {"type": "Point", "coordinates": [963531.5143333401, 1950980.1136619265]}, "properties": {"kind": "drone", "drone_id": 16, "frame": 15, "time_s": 15.0, "timestamp": "2025-01-01T00:00:15", "mode": "MIN_MAX", "is_static": false, "battery": 50.0}}, {"type": "Feature", "geometry": {"type": "Point", "coordinates": [966203.9370497003, 1950273.0376366056]}, "properties": {"kind": "drone", "drone_id": 17, "frame": 15, "time_s": 15.0, "timestamp": "2025-01-01T00:00:15", "mode": "MIN_MAX", "is_static": false, "battery": 47.73489932885901}}, {"type": "Feature", "geometry": {"type": "Point", "coordinates": [966259.4943552611, 1951441.8532817608]}, "properties": {"kind": "drone", "drone_id": 18, "frame": 15, "time_s": 15.0, "timestamp": "2025-01-01T00:00:15", "mode": "MIN_MAX", "is_static": false, "battery": 47.73489932885901}}, {"type": "Feature", "geometry": {"type": "Point", "coordinates": [962622.1876593664, 1951505.1136619265]}, "properties": {"kind": "drone", "drone_id": 19, "frame": 15, "time_s": 15.0, "timestamp": "2025-01-01T00:00:15", "mode": "MIN_MAX", "is_static": false, "battery": 50.0}}, {"type": "Feature", "geometry": {"type": "Point", "coordinates": [965090.360060152, 1948944.6519737572]}, "properties": {"kind": "drone", "drone_id": 20, "frame": 15, "time_s": 15.0, "timestamp": "2025-01-01T00:00:15", "mode": "MIN_MAX", "is_static": false, "battery": 47.73489932885901}}, {"type": "Feature", "geometry": {"type": "Point", "coordinates": [961972.6686065281, 1951730.1136619265]}, "properties": {"kind": "base_A", "drone_id": 0, "frame": 15, "time_s": 15.0, "timestamp": "2025-01-01T00:00:15", "mode": "MIN_MAX", "is_static": true, "battery": 50.0}}, {"type": "Feature", "geometry": {"type": "Point", "coordinates": [966389.3981658287, 1948730.1136619265]}, "properties": {"kind": "base_B", "drone_id": 0, "frame": 15, "time_s": 15.0, "timestamp": "2025-01-01T00:00:15", "mode": "MIN_MAX", "is_static": true, "battery": 50.0}}, {"type": "Feature", "geometry": {"type": "Point", "coordinates": [966259.4943552611, 1950353.876792797]}, "properties": {"kind": "drone", "drone_id": 1, "frame": 16, "time_s": 16.0, "timestamp": "2025-01-01T00:00:16", "mode": "MIN_MAX", "is_static": false, "battery": 47.58389261744961}}, {"type": "Feature", "geometry": {"type": "Point", "coordinates": [965919.8084912476, 1949058.9959368985]}, "properties": {"kind": "drone", "drone_id": 2, "frame": 16, "time_s": 16.0, "timestamp": "2025-01-01T00:00:16", "mode": "MIN_MAX", "is_static": false, "battery": 47.58389261744961}}, {"type": "Feature", "geometry": {"type": "Point", "coordinates": [963829.0693104349, 1950701.907108051]}, "properties": {"kind": "drone", "drone_id": 3, "frame": 16, "time_s": 16.0, "timestamp": "2025-01-01T00:00:16", "mode": "MIN_MAX", "is_static": false, "battery": 47.58389261744961}}, {"type": "Feature", "geometry": {"type": "Point", "coordinates": [962180.3872636186, 1951160.1872393396]}, "properties": {"kind": "drone", "drone_id": 4, "frame": 16, "time_s": 16.0, "timestamp": "2025-01-01T00:00:16", "mode": "MIN_MAX", "is_static": false, "battery": 47.58389261744961}}, {"type": "Feature", "geometry": {"type": "Point", "coordinates": [966285.280737751, 1949390.2258870546]}, "properties": {"kind": "drone", "drone_id": 5, "frame": 16, "time_s": 16.0, "timestamp": "2025-01-01T00:00:16", "mode": "MIN_MAX", "is_static": false, "battery": 47.58389261744961}}, {"type": "Feature", "geometry": {"type": "Point", "coordinates": [966323.3968348381, 1950642.0077757123]}, "properties": {"kind": "drone", "drone_id": 6, "frame": 16, "time_s": 16.0, "timestamp": "2025-01-01T00:00:16", "mode": "MIN_MAX", "is_static": false, "battery": 47.58389261744961}}, {"type": "Feature", "geometry": {"type": "Point", "coordinates": [962330.2304691604, 1950436.5520995692]}, "properties": {"kind": "drone", "drone_id": 7, "frame": 16, "time_s": 16.0, "timestamp": "2025-01-01T00:00:16", "mode": "MIN_MAX", "is_static": false, "battery": 47.58389261744961}}, {"type": "Feature", "geometry": {"type": "Point", "coordinates": [966259.4943552611, 1950532.8513628403]}, "properties": {"kind": "drone", "drone_id": 8, "frame": 16, "time_s": 16.0, "timestamp": "2025-01-01T00:00:16", "mode": "MIN_MAX", "is_static": false, "battery": 47.58389261744961}}, {"type": "Feature", "geometry": {"type": "Point", "coordinates": [962936.0375630718, 1951323.9123355371]}, "properties": {"kind": "drone", "drone_id": 9, "frame": 16, "time_s": 16.0, "timestamp": "2025-01-01T00:00:16", "mode": "MIN_MAX", "is_static": false, "battery": 47.58389261744961}}, {"type": "Feature", "geometry": {"type": "Point", "coordinates": [965944.0136724538, 1949437.2565190694]}, "properties": {"kind": "drone", "drone_id": 10, "frame": 16, "time_s": 16.0, "timestamp": "2025-01-01T00:00:16", "mode": "MIN_MAX", "is_static": false, "battery": 48.49999999999981}}, {"type": "Feature", "geometry": {"type": "Point", "coordinates": [965480.0714918551, 1949183.594655135]}, "properties": {"kind": "drone", "drone_id": 11, "frame": 16, "time_s": 16.0, "timestamp": "2025-01-01T00:00:16", "mode": "MIN_MAX", "is_static": false, "battery": 47.58389261744961}}, {"type": "Feature", "geometry": {"type": "Point", "coordinates": [963401.6105227724, 1948747.158617025]}, "properties": {"kind": "drone", "drone_id": 12, "frame": 16, "time_s": 16.0, "timestamp": "2025-01-01T00:00:16", "mode": "MIN_MAX", "is_static": false, "battery": 47.58389261744961}}, {"type": "Feature", "geometry": {"type": "Point", "coordinates": [963921.225765043, 1949390.5523048083]}, "properties": {"kind": "drone", "drone_id": 13, "frame": 16, "time_s": 16.0, "timestamp": "2025-01-01T00:00:16", "mode": "MIN_MAX", "is_static": false, "battery": 47.58389261744961}}, {"type": "Feature", "geometry": {"type": "Point", "coordinates": [963661.4181439078, 1951141.5916275783]}, "properties": {"kind": "drone", "drone_id": 14, "frame": 16, "time_s": 16.0, "timestamp": "2025-01-01T00:00:16", "mode": "MIN_MAX", "is_static": false, "battery": 47.58389261744961}}, {"type": "Feature", "geometry": {"type": "Point", "coordinates": [962229.8481314548, 1950678.596329873]}, "properties": {"kind": "drone", "drone_id": 15, "frame": 16, "time_s": 16.0, "timestamp": "2025-01-01T00:00:16", "mode": "MIN_MAX", "is_static": false, "battery": 47.58389261744961}}, {"type": "Feature", "geometry": {"type": "Point", "coordinates": [963531.5143333401, 1950980.1136619265]}, "properties": {"kind": "drone", "drone_id": 16, "frame": 16, "time_s": 16.0, "timestamp": "2025-01-01T00:00:16", "mode": "MIN_MAX", "is_static": false, "battery": 50.0}}, {"type": "Feature", "geometry": {"type": "Point", "coordinates": [966196.585662026, 1950268.7933109528]}, "properties": {"kind": "drone", "drone_id": 17, "frame": 16, "time_s": 16.0, "timestamp": "2025-01-01T00:00:16", "mode": "MIN_MAX", "is_static": false, "battery": 47.58389261744961}}, {"type": "Feature", "geometry": {"type": "Point", "coordinates": [966259.4943552611, 1951433.4826170153]}, "properties": {"kind": "drone", "drone_id": 18, "frame": 16, "time_s": 16.0, "timestamp": "2025-01-01T00:00:16", "mode": "MIN_MAX", "is_static": false, "battery": 47.58389261744961}}, {"type": "Feature", "geometry": {"type": "Point", "coordinates": [962622.1876593664, 1951505.1136619265]}, "properties": {"kind": "drone", "drone_id": 19, "frame": 16, "time_s": 16.0, "timestamp": "2025-01-01T00:00:16", "mode": "MIN_MAX", "is_static": false, "battery": 50.0}}, {"type": "Feature", "geometry": {"type": "Point", "coordinates": [965090.360060152, 1948953.1917354558]}, "properties": {"kind": "drone", "drone_id": 20, "frame": 16, "time_s": 16.0, "timestamp": "2025-01-01T00:00:16", "mode": "MIN_MAX", "is_static": false, "battery": 47.58389261744961}}, {"type": "Feature", "geometry": {"type": "Point", "coordinates": [961972.6686065281, 1951730.1136619265]}, "properties": {"kind": "base_A", "drone_id": 0, "frame": 16, "time_s": 16.0, "timestamp": "2025-01-01T00:00:16", "mode": "MIN_MAX", "is_static": true, "battery": 50.0}}, {"type": "Feature", "geometry": {"type": "Point", "coordinates": [966389.3981658287, 1948730.1136619265]}, "properties": {"kind": "base_B", "drone_id": 0, "frame": 16, "time_s": 16.0, "timestamp": "2025-01-01T00:00:16", "mode": "MIN_MAX", "is_static": true, "battery": 50.0}}, {"type": "Feature", "geometry": {"type": "Point", "coordinates": [966259.4943552611, 1950341.6860278936]}, "properties": {"kind": "drone", "drone_id": 1, "frame": 17, "time_s": 17.0, "timestamp": "2025-01-01T00:00:17", "mode": "MIN_MAX", "is_static": false, "battery": 47.43288590604021}}, {"type": "Feature", "geometry": {"type": "Point", "coordinates": [965938.3437190931, 1949069.6972556845]}, "properties": {"kind": "drone", "drone_id": 2, "frame": 17, "time_s": 17.0, "timestamp": "2025-01-01T00:00:17", "mode": "MIN_MAX", "is_static": false, "battery": 47.43288590604021}}, {"type": "Feature", "geometry": {"type": "Point", "coordinates": [963809.1790310751, 1950690.4234499084]}, "properties": {"kind": "drone", "drone_id": 3, "frame": 17, "time_s": 17.0, "timestamp": "2025-01-01T00:00:17", "mode": "MIN_MAX", "is_static": false, "battery": 47.43288590604021}}, {"type": "Feature", "geometry": {"type": "Point", "coordinates": [962161.6394772574, 1951171.0112788419]}, "properties": {"kind": "drone", "drone_id": 4, "frame": 17, "time_s": 17.0, "timestamp": "2025-01-01T00:00:17", "mode": "MIN_MAX", "is_static": false, "battery": 47.43288590604021}}, {"type": "Feature", "geometry": {"type": "Point", "coordinates": [966288.385888368, 1949388.43312751]}, "properties": {"kind": "drone", "drone_id": 5, "frame": 17, "time_s": 17.0, "timestamp": "2025-01-01T00:00:17", "mode": "MIN_MAX", "is_static": false, "battery": 47.43288590604021}}, {"type": "Feature", "geometry": {"type": "Point", "coordinates": [966315.2757111756, 1950637.3190427795]}, "properties": {"kind": "drone", "drone_id": 6, "frame": 17, "time_s": 17.0, "timestamp": "2025-01-01T00:00:17", "mode": "MIN_MAX", "is_static": false, "battery": 47.43288590604021}}, {"type": "Feature", "geometry": {"type": "Point", "coordinates": [962341.8971787018, 1950443.2878774635]}, "properties": {"kind": "drone", "drone_id": 7, "frame": 17, "time_s": 17.0, "timestamp": "2025-01-01T00:00:17", "mode": "MIN_MAX", "is_static": false, "battery": 47.43288590604021}}, {"type": "Feature", "geometry": {"type": "Point", "coordinates": [966259.4943552611, 1950523.9294447575]}, "properties": {"kind": "drone", "drone_id": 8, "frame": 17, "time_s": 17.0, "timestamp": "2025-01-01T00:00:17", "mode": "MIN_MAX", "is_static": false, "battery": 47.43288590604021}}, {"type": "Feature", "geometry": {"type": "Point", "coordinates": [962944.7016906472, 1951318.9100991492]}, "properties": {"kind": "drone", "drone_id": 9, "frame": 17, "time_s": 17.0, "timestamp": "2025-01-01T00:00:17", "mode": "MIN_MAX", "is_static": false, "battery": 47.43288590604021}}, {"type": "Feature", "geometry": {"type": "Point", "coordinates": [965944.0136724538, 1949437.2565190694]}, "properties": {"kind": "drone", "drone_id": 10, "frame": 17, "time_s": 17.0, "timestamp": "2025-01-01T00:00:17", "mode": "MIN_MAX", "is_static": false, "battery": 48.49999999999981}}, {"type": "Feature", "geometry": {"type": "Point", "coordinates": [965480.0714918551, 1949193.2513369236]}, "properties": {"kind": "drone", "drone_id": 11, "frame": 17, "time_s": 17.0, "timestamp": "2025-01-01T00:00:17", "mode": "MIN_MAX", "is_static": false, "battery": 47.43288590604021}}, {"type": "Feature", "geometry": {"type": "Point", "coordinates": [963401.6105227724, 1948758.3212168687]}, "properties": {"kind": "drone", "drone_id": 12, "frame": 17, "time_s": 17.0, "timestamp": "2025-01-01T00:00:17", "mode": "MIN_MAX", "is_static": false, "battery": 47.43288590604021}}, {"type": "Feature", "geometry": {"type": "Point", "coordinates": [963921.225765043, 1949406.2796235061]}, "properties": {"kind": "drone", "drone_id": 13, "frame": 17, "time_s": 17.0, "timestamp": "2025-01-01T00:00:17", "mode": "MIN_MAX", "is_static": false, "battery": 47.43288590604021}}, {"type": "Feature", "geometry": {"type": "Point", "coordinates": [963661.4181439078, 1951119.5958890556]}, "properties": {"kind": "drone", "drone_id": 14, "frame": 17, "time_s": 17.0, "timestamp": "2025-01-01T00:00:17", "mode": "MIN_MAX", "is_static": false, "battery": 47.43288590604021}}, {"type": "Feature", "geometry": {"type": "Point", "coordinates": [962232.4762276635, 1950694.1448117255]}, "properties": {"kind": "drone", "drone_id": 15, "frame": 17, "time_s": 17.0, "timestamp": "2025-01-01T00:00:17", "mode": "MIN_MAX", "is_static": false, "battery": 47.43288590604021}}, {"type": "Feature", "geometry": {"type": "Point", "coordinates": [963531.5143333401, 1950980.1136619265]}, "properties": {"kind": "drone", "drone_id": 16, "frame": 17, "time_s": 17.0, "timestamp": "2025-01-01T00:00:17", "mode": "MIN_MAX", "is_static": false, "battery": 50.0}}, {"type": "Feature", "geometry": {"type": "Point", "coordinates": [966188.8185937922, 1950264.3089920173]}, "properties": {"kind": "drone", "drone_id": 17, "frame": 17, "time_s": 17.0, "timestamp": "2025-01-01T00:00:17", "mode": "MIN_MAX", "is_static": false, "battery": 47.43288590604021}}, {"type": "Feature", "geometry": {"type": "Point", "coordinates": [966259.4943552611, 1951424.6386371949]}, "properties": {"kind": "drone", "drone_id": 18, "frame": 17, "time_s": 17.0, "timestamp": "2025-01-01T00:00:17", "mode": "MIN_MAX", "is_static": false, "battery": 47.43288590604021}}, {"type": "Feature", "geometry": {"type": "Point", "coordinates": [962622.1876593664, 1951505.1136619265]}, "properties": {"kind": "drone", "drone_id": 19, "frame": 17, "time_s": 17.0, "timestamp": "2025-01-01T00:00:17", "mode": "MIN_MAX", "is_static": false, "battery": 50.0}}, {"type": "Feature", "geometry": {"type": "Point", "coordinates": [965090.360060152, 1948962.2143737322]}, "properties": {"kind": "drone", "drone_id": 20, "frame": 17, "time_s": 17.0, "timestamp": "2025-01-01T00:00:17", "mode": "MIN_MAX", "is_static": false, "battery": 47.43288590604021}}, {"type": "Feature", "geometry": {"type": "Point", "coordinates": [961972.6686065281, 1951730.1136619265]}, "properties": {"kind": "base_A", "drone_id": 0, "frame": 17, "time_s": 17.0, "timestamp": "2025-01-01T00:00:17", "mode": "MIN_MAX", "is_static": true, "battery": 50.0}}, {"type": "Feature", "geometry": {"type": "Point", "coordinates": [966389.3981658287, 1948730.1136619265]}, "properties": {"kind": "base_B", "drone_id": 0, "frame": 17, "time_s": 17.0, "timestamp": "2025-01-01T00:00:17", "mode": "MIN_MAX", "is_static": true, "battery": 50.0}}, {"type": "Feature", "geometry": {"type": "Point", "coordinates": [966259.4943552611, 1950328.9124849606]}, "properties": {"kind": "drone", "drone_id": 1, "frame": 18, "time_s": 18.0, "timestamp": "2025-01-01T00:00:18", "mode": "MIN_MAX", "is_static": false, "battery": 47.28187919463081}}, {"type": "Feature", "geometry": {"type": "Point", "coordinates": [965957.1562176978, 1949080.558656818]}, "properties": {"kind": "drone", "drone_id": 2, "frame": 18, "time_s": 18.0, "timestamp": "2025-01-01T00:00:18", "mode": "MIN_MAX", "is_static": false, "battery": 47.28187919463081}}, {"type": "Feature", "geometry": {"type": "Point", "coordinates": [963791.5408179432, 1950678.218248696]}, "properties": {"kind": "drone", "drone_id": 3, "frame": 18, "time_s": 18.0, "timestamp": "2025-01-01T00:00:18", "mode": "MIN_MAX", "is_static": false, "battery": 47.28187919463081}}, {"type": "Feature", "geometry": {"type": "Point", "coordinates": [962142.6112404478, 1951181.997236486]}, "properties": {"kind": "drone", "drone_id": 4, "frame": 18, "time_s": 18.0, "timestamp": "2025-01-01T00:00:18", "mode": "MIN_MAX", "is_static": false, "battery": 47.28187919463081}}, {"type": "Feature", "geometry": {"type": "Point", "coordinates": [966291.6394803317, 1949386.5546653138]}, "properties": {"kind": "drone", "drone_id": 5, "frame": 18, "time_s": 18.0, "timestamp": "2025-01-01T00:00:18", "mode": "MIN_MAX", "is_static": false, "battery": 47.28187919463081}}, {"type": "Feature", "geometry": {"type": "Point", "coordinates": [966306.7326553283, 1950632.3867071865]}, "properties": {"kind": "drone", "drone_id": 6, "frame": 18, "time_s": 18.0, "timestamp": "2025-01-01T00:00:18", "mode": "MIN_MAX", "is_static": false, "battery": 47.28187919463081}}, {"type": "Feature", "geometry": {"type": "Point", "coordinates": [962354.1012623878, 1950450.3339084648]}, "properties": {"kind": "drone", "drone_id": 7, "frame": 18, "time_s": 18.0, "timestamp": "2025-01-01T00:00:18", "mode": "MIN_MAX", "is_static": false, "battery": 47.28187919463081}}, {"type": "Feature", "geometry": {"type": "Point", "coordinates": [966259.4943552611, 1950514.5382026313]}, "properties": {"kind": "drone", "drone_id": 8, "frame": 18, "time_s": 18.0, "timestamp": "2025-01-01T00:00:18", "mode": "MIN_MAX", "is_static": false, "battery": 47.28187919463081}}, {"type": "Feature", "geometry": {"type": "Point", "coordinates": [962951.1581318692, 1951315.1824710716]}, "properties": {"kind": "drone", "drone_id": 9, "frame": 18, "time_s": 18.0, "timestamp": "2025-01-01T00:00:18", "mode": "MIN_MAX", "is_static": false, "battery": 47.28187919463081}}, {"type": "Feature", "geometry": {"type": "Point", "coordinates": [965944.0136724538, 1949437.2565190694]}, "properties": {"kind": "drone", "drone_id": 10, "frame": 18, "time_s": 18.0, "timestamp": "2025-01-01T00:00:18", "mode": "MIN_MAX", "is_static": false, "battery": 48.49999999999981}}, {"type": "Feature", "geometry": {"type": "Point", "coordinates": [965480.0714918551, 1949203.409730669]}, "properties": {"kind": "drone", "drone_id": 11, "frame": 18, "time_s": 18.0, "timestamp": "2025-01-01T00:00:18", "mode": "MIN_MAX", "is_static": false, "battery": 47.28187919463081}}, {"type": "Feature", "geometry": {"type": "Point", "coordinates": [963401.6105227724, 1948770.0327452237]}, "properties": {"kind": "drone", "drone_id": 12, "frame": 18, "time_s": 18.0, "timestamp": "2025-01-01T00:00:18", "mode": "MIN_MAX", "is_static": false, "battery": 47.28187919463081}}, {"type": "Feature", "geometry": {"type": "Point", "coordinates": [963921.225765043, 1949422.6456454585]}, "properties": {"kind": "drone", "drone_id": 13, "frame": 18, "time_s": 18.0, "timestamp": "2025-01-01T00:00:18", "mode": "MIN_MAX", "is_static": false, "battery": 47.28187919463081}}, {"type": "Feature", "geometry": {"type": "Point", "coordinates": [963661.4181439078, 1951097.271113568]}, "properties": {"kind": "drone", "drone_id": 14, "frame": 18, "time_s": 18.0, "timestamp": "2025-01-01T00:00:18", "mode": "MIN_MAX", "is_static": false, "battery": 47.28187919463081}}, {"type": "Feature", "geometry": {"type": "Point", "coordinates": [962232.4762276635, 1950711.90368661]}, "properties": {"kind": "drone", "drone_id": 15, "frame": 18, "time_s": 18.0, "timestamp": "2025-01-01T00:00:18", "mode": "MIN_MAX", "is_static": false, "battery": 47.28187919463081}}, {"type": "Feature", "geometry": {"type": "Point", "coordinates": [963531.5143333401, 1950980.1136619265]}, "properties": {"kind": "drone", "drone_id": 16, "frame": 18, "time_s": 18.0, "timestamp": "2025-01-01T00:00:18", "mode": "MIN_MAX", "is_static": false, "battery": 50.0}}, {"type": "Feature", "geometry": {"type": "Point", "coordinates": [966180.6429506493, 1950259.5887822479]}, "properties": {"kind": "drone", "drone_id": 17, "frame": 18, "time_s": 18.0, "timestamp": "2025-01-01T00:00:18", "mode": "MIN_MAX", "is_static": false, "battery": 47.28187919463081}}, {"type": "Feature", "geometry": {"type": "Point", "coordinates": [966259.4943552611, 1951415.3294331562]}, "properties": {"kind": "drone", "drone_id": 18, "frame": 18, "time_s": 18.0, "timestamp": "2025-01-01T00:00:18", "mode": "MIN_MAX", "is_static": false, "battery": 47.28187919463081}}, {"type": "Feature", "geometry": {"type": "Point", "coordinates": [962622.1876593664, 1951505.1136619265]}, "properties": {"kind": "drone", "drone_id": 19, "frame": 18, "time_s": 18.0, "timestamp": "2025-01-01T00:00:18", "mode": "MIN_MAX", "is_static": false, "battery": 50.0}}, {"type": "Feature", "geometry": {"type": "Point", "coordinates": [965090.360060152, 1948971.7116342857]}, "properties": {"kind": "drone", "drone_id": 20, "frame": 18, "time_s": 18.0, "timestamp": "2025-01-01T00:00:18", "mode": "MIN_MAX", "is_static": false, "battery": 47.28187919463081}}, {"type": "Feature", "geometry": {"type": "Point", "coordinates": [961972.6686065281, 1951730.1136619265]}, "properties": {"kind": "base_A", "drone_id": 0, "frame": 18, "time_s": 18.0, "timestamp": "2025-01-01T00:00:18", "mode": "MIN_MAX", "is_static": true, "battery": 50.0}}, {"type": "Feature", "geometry": {"type": "Point", "coordinates": [966389.3981658287, 1948730.1136619265]}, "properties": {"kind": "base_B", "drone_id": 0, "frame": 18, "time_s": 18.0, "timestamp": "2025-01-01T00:00:18", "mode": "MIN_MAX", "is_static": true, "battery": 50.0}}, {"type": "Feature", "geometry": {"type": "Point", "coordinates": [966259.4943552611, 1950315.574004142]}, "properties": {"kind": "drone", "drone_id": 1, "frame": 19, "time_s": 19.0, "timestamp": "2025-01-01T00:00:19", "mode": "MIN_MAX", "is_static": false, "battery": 47.13087248322141}}, {"type": "Feature", "geometry": {"type": "Point", "coordinates": [965976.1492647039, 1949091.5242976197]}, "properties": {"kind": "drone", "drone_id": 2, "frame": 19, "time_s": 19.0, "timestamp": "2025-01-01T00:00:19", "mode": "MIN_MAX", "is_static": false, "battery": 47.13087248322141}}, {"type": "Feature", "geometry": {"type": "Point", "coordinates": [963794.0504487336, 1950656.484208509]}, "properties": {"kind": "drone", "drone_id": 3, "frame": 19, "time_s": 19.0, "timestamp": "2025-01-01T00:00:19", "mode": "MIN_MAX", "is_static": false, "battery": 47.13087248322141}}, {"type": "Feature", "geometry": {"type": "Point", "coordinates": [962123.4003847418, 1951193.0886291994]}, "properties": {"kind": "drone", "drone_id": 4, "frame": 19, "time_s": 19.0, "timestamp": "2025-01-01T00:00:19", "mode": "MIN_MAX", "is_static": false, "battery": 47.13087248322141}}, {"type": "Feature", "geometry": {"type": "Point", "coordinates": [966295.036969519, 1949384.593124017]}, "properties": {"kind": "drone", "drone_id": 5, "frame": 19, "time_s": 19.0, "timestamp": "2025-01-01T00:00:19", "mode": "MIN_MAX", "is_static": false, "battery": 47.13087248322141}}, {"type": "Feature", "geometry": {"type": "Point", "coordinates": [966297.7756990005, 1950627.2154060393]}, "properties": {"kind": "drone", "drone_id": 6, "frame": 19, "time_s": 19.0, "timestamp": "2025-01-01T00:00:19", "mode": "MIN_MAX", "is_static": false, "battery": 47.13087248322141}}, {"type": "Feature", "geometry": {"type": "Point", "coordinates": [962362.380038231, 1950460.2443222736]}, "properties": {"kind": "drone", "drone_id": 7, "frame": 19, "time_s": 19.0, "timestamp": "2025-01-01T00:00:19", "mode": "MIN_MAX", "is_static": false, "battery": 47.13087248322141}}, {"type": "Feature", "geometry": {"type": "Point", "coordinates": [966259.4943552611, 1950504.685798619]}, "properties": {"kind": "drone", "drone_id": 8, "frame": 19, "time_s": 19.0, "timestamp": "2025-01-01T00:00:19", "mode": "MIN_MAX", "is_static": false, "battery": 47.13087248322141}}, {"type": "Feature", "geometry": {"type": "Point", "coordinates": [962955.0944782916, 1951312.909820405]}, "properties": {"kind": "drone", "drone_id": 9, "frame": 19, "time_s": 19.0, "timestamp": "2025-01-01T00:00:19", "mode": "MIN_MAX", "is_static": false, "battery": 47.13087248322141}}, {"type": "Feature", "geometry": {"type": "Point", "coordinates": [965944.0136724538, 1949437.2565190694]}, "properties": {"kind": "drone", "drone_id": 10, "frame": 19, "time_s": 19.0, "timestamp": "2025-01-01T00:00:19", "mode": "MIN_MAX", "is_static": false, "battery": 48.49999999999981}}, {"type": "Feature", "geometry": {"type": "Point", "coordinates": [965480.0714918551, 1949214.060286017]}, "properties": {"kind": "drone", "drone_id": 11, "frame": 19, "time_s": 19.0, "timestamp": "2025-01-01T00:00:19", "mode": "MIN_MAX", "is_static": false, "battery": 47.13087248322141}}, {"type": "Feature", "geometry": {"type": "Point", "coordinates": [963401.6105227724, 1948782.2786158584]}, "properties": {"kind": "drone", "drone_id": 12, "frame": 19, "time_s": 19.0, "timestamp": "2025-01-01T00:00:19", "mode": "MIN_MAX", "is_static": false, "battery": 47.13087248322141}}, {"type": "Feature", "geometry": {"type": "Point", "coordinates": [963921.225765043, 1949439.6144211392]}, "properties": {"kind": "drone", "drone_id": 13, "frame": 19, "time_s": 19.0, "timestamp": "2025-01-01T00:00:19", "mode": "MIN_MAX", "is_static": false, "battery": 47.13087248322141}}, {"type": "Feature", "geometry": {"type": "Point", "coordinates": [963661.4181439078, 1951074.7320814517]}, "properties": {"kind": "drone", "drone_id": 14, "frame": 19, "time_s": 19.0, "timestamp": "2025-01-01T00:00:19", "mode": "MIN_MAX", "is_static": false, "battery": 47.13087248322141}}, {"type": "Feature", "geometry": {"type": "Point", "coordinates": [962232.4762276635, 1950730.3166134125]}, "properties": {"kind": "drone", "drone_id": 15, "frame": 19, "time_s": 19.0, "timestamp": "2025-01-01T00:00:19", "mode": "MIN_MAX", "is_static": false, "battery": 47.13087248322141}}, {"type": "Feature", "geometry": {"type": "Point", "coordinates": [963531.5143333401, 1950980.1136619265]}, "properties": {"kind": "drone", "drone_id": 16, "frame": 19, "time_s": 19.0, "timestamp": "2025-01-01T00:00:19", "mode": "MIN_MAX", "is_static": false, "battery": 50.0}}, {"type": "Feature", "geometry": {"type": "Point", "coordinates": [966172.065838248, 1950254.6367840942]}, "properties": {"kind": "drone", "drone_id": 17, "frame": 19, "time_s": 19.0, "timestamp": "2025-01-01T00:00:19", "mode": "MIN_MAX", "is_static": false, "battery": 47.13087248322141}}, {"type": "Feature", "geometry": {"type": "Point", "coordinates": [966259.4943552611, 1951405.5630957545]}, "properties": {"kind": "drone", "drone_id": 18, "frame": 19, "time_s": 19.0, "timestamp": "2025-01-01T00:00:19", "mode": "MIN_MAX", "is_static": false, "battery": 47.13087248322141}}, {"type": "Feature", "geometry": {"type": "Point", "coordinates": [962622.1876593664, 1951505.1136619265]}, "properties": {"kind": "drone", "drone_id": 19, "frame": 19, "time_s": 19.0, "timestamp": "2025-01-01T00:00:19", "mode": "MIN_MAX", "is_static": false, "battery": 50.0}}, {"type": "Feature", "geometry": {"type": "Point", "coordinates": [965090.360060152, 1948981.6752628163]}, "properties": {"kind": "drone", "drone_id": 20, "frame": 19, "time_s": 19.0, "timestamp": "2025-01-01T00:00:19", "mode": "MIN_MAX", "is_static": false, "battery": 47.13087248322141}}, {"type": "Feature", "geometry": {"type": "Point", "coordinates": [961972.6686065281, 1951730.1136619265]}, "properties": {"kind": "base_A", "drone_id": 0, "frame": 19, "time_s": 19.0, "timestamp": "2025-01-01T00:00:19", "mode": "MIN_MAX", "is_static": true, "battery": 50.0}}, {"type": "Feature", "geometry": {"type": "Point", "coordinates": [966389.3981658287, 1948730.1136619265]}, "properties": {"kind": "base_B", "drone_id": 0, "frame": 19, "time_s": 19.0, "timestamp": "2025-01-01T00:00:19", "mode": "MIN_MAX", "is_static": true, "battery": 50.0}}, {"type": "Feature", "geometry": {"type": "Point", "coordinates": [966259.4943552611, 1950301.6884255812]}, "properties": {"kind": "drone", "drone_id": 1, "frame": 20, "time_s": 20.0, "timestamp": "2025-01-01T00:00:20", "mode": "MIN_MAX", "is_static": false, "battery": 46.979865771812015}}, {"type": "Feature", "geometry": {"type": "Point", "coordinates": [965995.2261377535, 1949102.5383354102]}, "properties": {"kind": "drone", "drone_id": 2, "frame": 20, "time_s": 20.0, "timestamp": "2025-01-01T00:00:20", "mode": "MIN_MAX", "is_static": false, "battery": 46.979865771812015}}, {"type": "Feature", "geometry": {"type": "Point", "coordinates": [963796.4615998345, 1950635.6030274522]}, "properties": {"kind": "drone", "drone_id": 3, "frame": 20, "time_s": 20.0, "timestamp": "2025-01-01T00:00:20", "mode": "MIN_MAX", "is_static": false, "battery": 46.979865771812015}}, {"type": "Feature", "geometry": {"type": "Point", "coordinates": [962104.104741691, 1951204.2289739088]}, "properties": {"kind": "drone", "drone_id": 4, "frame": 20, "time_s": 20.0, "timestamp": "2025-01-01T00:00:20", "mode": "MIN_MAX", "is_static": false, "battery": 46.979865771812015}}, {"type": "Feature", "geometry": {"type": "Point", "coordinates": [966298.5738118071, 1949382.5511271697]}, "properties": {"kind": "drone", "drone_id": 5, "frame": 20, "time_s": 20.0, "timestamp": "2025-01-01T00:00:20", "mode": "MIN_MAX", "is_static": false, "battery": 46.979865771812015}}, {"type": "Feature", "geometry": {"type": "Point", "coordinates": [966288.4128738958, 1950621.8097764447]}, "properties": {"kind": "drone", "drone_id": 6, "frame": 20, "time_s": 20.0, "timestamp": "2025-01-01T00:00:20", "mode": "MIN_MAX", "is_static": false, "battery": 46.979865771812015}}, {"type": "Feature", "geometry": {"type": "Point", "coordinates": [962362.380038231, 1950475.5101938653]}, "properties": {"kind": "drone", "drone_id": 7, "frame": 20, "time_s": 20.0, "timestamp": "2025-01-01T00:00:20", "mode": "MIN_MAX", "is_static": false, "battery": 46.979865771812015}}, {"type": "Feature", "geometry": {"type": "Point", "coordinates": [966259.4943552611, 1950494.3803948779]}, "properties": {"kind": "drone", "drone_id": 8, "frame": 20, "time_s": 20.0, "timestamp": "2025-01-01T00:00:20", "mode": "MIN_MAX", "is_static": false, "battery": 46.979865771812015}}, {"type": "Feature", "geometry": {"type": "Point", "coordinates": [962956.2260293976, 1951312.2565190694]}, "properties": {"kind": "drone", "drone_id": 9, "frame": 20, "time_s": 20.0, "timestamp": "2025-01-01T00:00:20", "mode": "MIN_MAX", "is_static": false, "battery": 47.00000000000062}}, {"type": "Feature", "geometry": {"type": "Point", "coordinates": [965944.0136724538, 1949437.2565190694]}, "properties": {"kind": "drone", "drone_id": 10, "frame": 20, "time_s": 20.0, "timestamp": "2025-01-01T00:00:20", "mode": "MIN_MAX", "is_static": false, "battery": 48.49999999999981}}, {"type": "Feature", "geometry": {"type": "Point", "coordinates": [965480.0714918551, 1949225.1934526125]}, "properties": {"kind": "drone", "drone_id": 11, "frame": 20, "time_s": 20.0, "timestamp": "2025-01-01T00:00:20", "mode": "MIN_MAX", "is_static": false, "battery": 46.979865771812015}}, {"type": "Feature", "geometry": {"type": "Point", "coordinates": [963401.6105227724, 1948795.044242541]}, "properties": {"kind": "drone", "drone_id": 12, "frame": 20, "time_s": 20.0, "timestamp": "2025-01-01T00:00:20", "mode": "MIN_MAX", "is_static": false, "battery": 46.979865771812015}}, {"type": "Feature", "geometry": {"type": "Point", "coordinates": [963921.225765043, 1949457.1500010213]}, "properties": {"kind": "drone", "drone_id": 13, "frame": 20, "time_s": 20.0, "timestamp": "2025-01-01T00:00:20", "mode": "MIN_MAX", "is_static": false, "battery": 46.979865771812015}}, {"type": "Feature", "geometry": {"type": "Point", "coordinates": [963661.4181439078, 1951052.0935730436]}, "properties": {"kind": "drone", "drone_id": 14, "frame": 20, "time_s": 20.0, "timestamp": "2025-01-01T00:00:20", "mode": "MIN_MAX", "is_static": false, "battery": 46.979865771812015}}, {"type": "Feature", "geometry": {"type": "Point", "coordinates": [962232.4762276635, 1950749.344583072]}, "properties": {"kind": "drone", "drone_id": 15, "frame": 20, "time_s": 20.0, "timestamp": "2025-01-01T00:00:20", "mode": "MIN_MAX", "is_static": false, "battery": 46.979865771812015}}, {"type": "Feature", "geometry": {"type": "Point", "coordinates": [963531.5143333401, 1950980.1136619265]}, "properties": {"kind": "drone", "drone_id": 16, "frame": 20, "time_s": 20.0, "timestamp": "2025-01-01T00:00:20", "mode": "MIN_MAX", "is_static": false, "battery": 50.0}}, {"type": "Feature", "geometry": {"type": "Point", "coordinates": [966163.094362239, 1950249.4571000054]}, "properties": {"kind": "drone", "drone_id": 17, "frame": 20, "time_s": 20.0, "timestamp": "2025-01-01T00:00:20", "mode": "MIN_MAX", "is_static": false, "battery": 46.979865771812015}}, {"type": "Feature", "geometry": {"type": "Point", "coordinates": [966259.4943552611, 1951395.3477158463]}, "properties": {"kind": "drone", "drone_id": 18, "frame": 20, "time_s": 20.0, "timestamp": "2025-01-01T00:00:20", "mode": "MIN_MAX", "is_static": false, "battery": 46.979865771812015}}, {"type": "Feature", "geometry": {"type": "Point", "coordinates": [962622.1876593664, 1951505.1136619265]}, "properties": {"kind": "drone", "drone_id": 19, "frame": 20, "time_s": 20.0, "timestamp": "2025-01-01T00:00:20", "mode": "MIN_MAX", "is_static": false, "battery": 50.0}}, {"type": "Feature", "geometry": {"type": "Point", "coordinates": [965090.360060152, 1948992.097005023]}, "properties": {"kind": "drone", "drone_id": 20, "frame": 20, "time_s": 20.0, "timestamp": "2025-01-01T00:00:20", "mode": "MIN_MAX", "is_static": false, "battery": 46.979865771812015}}, {"type": "Feature", "geometry": {"type": "Point", "coordinates": [961972.6686065281, 1951730.1136619265]}, "properties": {"kind": "base_A", "drone_id": 0, "frame": 20, "time_s": 20.0, "timestamp": "2025-01-01T00:00:20", "mode": "MIN_MAX", "is_static": true, "battery": 50.0}}, {"type": "Feature", "geometry": {"type": "Point", "coordinates": [966389.3981658287, 1948730.1136619265]}, "properties": {"kind": "base_B", "drone_id": 0, "frame": 20, "time_s": 20.0, "timestamp": "2025-01-01T00:00:20", "mode": "MIN_MAX", "is_static": true, "battery": 50.0}}, {"type": "Feature", "geometry": {"type": "Point", "coordinates": [966259.4943552611, 1950287.2735894222]}, "properties": {"kind": "drone", "drone_id": 1, "frame": 21, "time_s": 21.0, "timestamp": "2025-01-01T00:00:21", "mode": "MIN_MAX", "is_static": false, "battery": 46.828859060402614}}, {"type": "Feature", "geometry": {"type": "Point", "coordinates": [966014.2901144886, 1949113.54492751]}, "properties": {"kind": "drone", "drone_id": 2, "frame": 21, "time_s": 21.0, "timestamp": "2025-01-01T00:00:21", "mode": "MIN_MAX", "is_static": false, "battery": 46.828859060402614}}, {"type": "Feature", "geometry": {"type": "Point", "coordinates": [963798.7502518091, 1950615.7827199472]}, "properties": {"kind": "drone", "drone_id": 3, "frame": 21, "time_s": 21.0, "timestamp": "2025-01-01T00:00:21", "mode": "MIN_MAX", "is_static": false, "battery": 46.828859060402614}}, {"type": "Feature", "geometry": {"type": "Point", "coordinates": [962102.5724170958, 1951225.6099131578]}, "properties": {"kind": "drone", "drone_id": 4, "frame": 21, "time_s": 21.0, "timestamp": "2025-01-01T00:00:21", "mode": "MIN_MAX", "is_static": false, "battery": 46.828859060402614}}, {"type": "Feature", "geometry": {"type": "Point", "coordinates": [966302.2454630734, 1949380.431298323]}, "properties": {"kind": "drone", "drone_id": 5, "frame": 21, "time_s": 21.0, "timestamp": "2025-01-01T00:00:21", "mode": "MIN_MAX", "is_static": false, "battery": 46.828859060402614}}, {"type": "Feature", "geometry": {"type": "Point", "coordinates": [966278.6522117185, 1950616.1744555093]}, "properties": {"kind": "drone", "drone_id": 6, "frame": 21, "time_s": 21.0, "timestamp": "2025-01-01T00:00:21", "mode": "MIN_MAX", "is_static": false, "battery": 46.828859060402614}}, {"type": "Feature", "geometry": {"type": "Point", "coordinates": [962362.380038231, 1950491.3293688318]}, "properties": {"kind": "drone", "drone_id": 7, "frame": 21, "time_s": 21.0, "timestamp": "2025-01-01T00:00:21", "mode": "MIN_MAX", "is_static": false, "battery": 46.828859060402614}}, {"type": "Feature", "geometry": {"type": "Point", "coordinates": [966259.4943552611, 1950483.6301535652]}, "properties": {"kind": "drone", "drone_id": 8, "frame": 21, "time_s": 21.0, "timestamp": "2025-01-01T00:00:21", "mode": "MIN_MAX", "is_static": false, "battery": 46.828859060402614}}, {"type": "Feature", "geometry": {"type": "Point", "coordinates": [962956.2260293976, 1951312.2565190694]}, "properties": {"kind": "drone", "drone_id": 9, "frame": 21, "time_s": 21.0, "timestamp": "2025-01-01T00:00:21", "mode": "MIN_MAX", "is_static": false, "battery": 47.00000000000062}}, {"type": "Feature", "geometry": {"type": "Point", "coordinates": [965944.0136724538, 1949437.2565190694]}, "properties": {"kind": "drone", "drone_id": 10, "frame": 21, "time_s": 21.0, "timestamp": "2025-01-01T00:00:21", "mode": "MIN_MAX", "is_static": false, "battery": 48.49999999999981}}, {"type": "Feature", "geometry": {"type": "Point", "coordinates": [965480.0714918551, 1949236.7996801015]}, "properties": {"kind": "drone", "drone_id": 11, "frame": 21, "time_s": 21.0, "timestamp": "2025-01-01T00:00:21", "mode": "MIN_MAX", "is_static": false, "battery": 46.828859060402614}}, {"type": "Feature", "geometry": {"type": "Point", "coordinates": [963401.6105227724, 1948808.3150390408]}, "properties": {"kind": "drone", "drone_id": 12, "frame": 21, "time_s": 21.0, "timestamp": "2025-01-01T00:00:21", "mode": "MIN_MAX", "is_static": false, "battery": 46.828859060402614}}, {"type": "Feature", "geometry": {"type": "Point", "coordinates": [963921.225765043, 1949475.2164355787]}, "properties": {"kind": "drone", "drone_id": 13, "frame": 21, "time_s": 21.0, "timestamp": "2025-01-01T00:00:21", "mode": "MIN_MAX", "is_static": false, "battery": 46.828859060402614}}, {"type": "Feature", "geometry": {"type": "Point", "coordinates": [963661.4181439078, 1951029.4703686803]}, "properties": {"kind": "drone", "drone_id": 14, "frame": 21, "time_s": 21.0, "timestamp": "2025-01-01T00:00:21", "mode": "MIN_MAX", "is_static": false, "battery": 46.828859060402614}}, {"type": "Feature", "geometry": {"type": "Point", "coordinates": [962232.4762276635, 1950768.9485865277]}, "properties": {"kind": "drone", "drone_id": 15, "frame": 21, "time_s": 21.0, "timestamp": "2025-01-01T00:00:21", "mode": "MIN_MAX", "is_static": false, "battery": 46.828859060402614}}, {"type": "Feature", "geometry": {"type": "Point", "coordinates": [963531.5143333401, 1950980.1136619265]}, "properties": {"kind": "drone", "drone_id": 16, "frame": 21, "time_s": 21.0, "timestamp": "2025-01-01T00:00:21", "mode": "MIN_MAX", "is_static": false, "battery": 50.0}}, {"type": "Feature", "geometry": {"type": "Point", "coordinates": [966153.7356282726, 1950244.0538324306]}, "properties": {"kind": "drone", "drone_id": 17, "frame": 21, "time_s": 21.0, "timestamp": "2025-01-01T00:00:21", "mode": "MIN_MAX", "is_static": false, "battery": 46.828859060402614}}, {"type": "Feature", "geometry": {"type": "Point", "coordinates": [966259.4943552611, 1951384.6913842873]}, "properties": {"kind": "drone", "drone_id": 18, "frame": 21, "time_s": 21.0, "timestamp": "2025-01-01T00:00:21", "mode": "MIN_MAX", "is_static": false, "battery": 46.828859060402614}}, {"type": "Feature", "geometry": {"type": "Point", "coordinates": [962622.1876593664, 1951505.1136619265]}, "properties": {"kind": "drone", "drone_id": 19, "frame": 21, "time_s": 21.0, "timestamp": "2025-01-01T00:00:21", "mode": "MIN_MAX", "is_static": false, "battery": 50.0}}, {"type": "Feature", "geometry": {"type": "Point", "coordinates": [965090.360060152, 1949002.9686066054]}, "properties": {"kind": "drone", "drone_id": 20, "frame": 21, "time_s": 21.0, "timestamp": "2025-01-01T00:00:21", "mode": "MIN_MAX", "is_static": false, "battery": 46.828859060402614}}, {"type": "Feature", "geometry": {"type": "Point", "coordinates": [961972.6686065281, 1951730.1136619265]}, "properties": {"kind": "base_A", "drone_id": 0, "frame": 21, "time_s": 21.0, "timestamp": "2025-01-01T00:00:21", "mode": "MIN_MAX", "is_static": true, "battery": 50.0}}, {"type": "Feature", "geometry": {"type": "Point", "coordinates": [966389.3981658287, 1948730.1136619265]}, "properties": {"kind": "base_B", "drone_id": 0, "frame": 21, "time_s": 21.0, "timestamp": "2025-01-01T00:00:21", "mode": "MIN_MAX", "is_static": true, "battery": 50.0}}, {"type": "Feature", "geometry": {"type": "Point", "coordinates": [966259.4943552611, 1950272.347335809]}, "properties": {"kind": "drone", "drone_id": 1, "frame": 22, "time_s": 22.0, "timestamp": "2025-01-01T00:00:22", "mode": "MIN_MAX", "is_static": false, "battery": 46.67785234899321}}, {"type": "Feature", "geometry": {"type": "Point", "coordinates": [966033.2444725515, 1949124.48823124]}, "properties": {"kind": "drone", "drone_id": 2, "frame": 22, "time_s": 22.0, "timestamp": "2025-01-01T00:00:22", "mode": "MIN_MAX", "is_static": false, "battery": 46.67785234899321}}, {"type": "Feature", "geometry": {"type": "Point", "coordinates": [963800.8923852212, 1950597.2313004162]}, "properties": {"kind": "drone", "drone_id": 3, "frame": 22, "time_s": 22.0, "timestamp": "2025-01-01T00:00:22", "mode": "MIN_MAX", "is_static": false, "battery": 46.67785234899321}}, {"type": "Feature", "geometry": {"type": "Point", "coordinates": [962102.5724170958, 1951247.747512126]}, "properties": {"kind": "drone", "drone_id": 4, "frame": 22, "time_s": 22.0, "timestamp": "2025-01-01T00:00:22", "mode": "MIN_MAX", "is_static": false, "battery": 46.67785234899321}}, {"type": "Feature", "geometry": {"type": "Point", "coordinates": [966306.0473791946, 1949378.236261027]}, "properties": {"kind": "drone", "drone_id": 5, "frame": 22, "time_s": 22.0, "timestamp": "2025-01-01T00:00:22", "mode": "MIN_MAX", "is_static": false, "battery": 46.67785234899321}}, {"type": "Feature", "geometry": {"type": "Point", "coordinates": [966268.5017441725, 1950610.3140803392]}, "properties": {"kind": "drone", "drone_id": 6, "frame": 22, "time_s": 22.0, "timestamp": "2025-01-01T00:00:22", "mode": "MIN_MAX", "is_static": false, "battery": 46.67785234899321}}, {"type": "Feature", "geometry": {"type": "Point", "coordinates": [962362.380038231, 1950507.6794462272]}, "properties": {"kind": "drone", "drone_id": 7, "frame": 22, "time_s": 22.0, "timestamp": "2025-01-01T00:00:22", "mode": "MIN_MAX", "is_static": false, "battery": 46.67785234899321}}, {"type": "Feature", "geometry": {"type": "Point", "coordinates": [966259.4943552611, 1950472.4432368383]}, "properties": {"kind": "drone", "drone_id": 8, "frame": 22, "time_s": 22.0, "timestamp": "2025-01-01T00:00:22", "mode": "MIN_MAX", "is_static": false, "battery": 46.67785234899321}}, {"type": "Feature", "geometry": {"type": "Point", "coordinates": [962956.2260293976, 1951312.2565190694]}, "properties": {"kind": "drone", "drone_id": 9, "frame": 22, "time_s": 22.0, "timestamp": "2025-01-01T00:00:22", "mode": "MIN_MAX", "is_static": false, "battery": 47.00000000000062}}, {"type": "Feature", "geometry": {"type": "Point", "coordinates": [965944.0136724538, 1949437.2565190694]}, "properties": {"kind": "drone", "drone_id": 10, "frame": 22, "time_s": 22.0, "timestamp": "2025-01-01T00:00:22", "mode": "MIN_MAX", "is_static": false, "battery": 48.49999999999981}}, {"type": "Feature", "geometry": {"type": "Point", "coordinates": [965480.0714918551, 1949248.8694181293]}, "properties": {"kind": "drone", "drone_id": 11, "frame": 22, "time_s": 22.0, "timestamp": "2025-01-01T00:00:22", "mode": "MIN_MAX", "is_static": false, "battery": 46.67785234899321}}, {"type": "Feature", "geometry": {"type": "Point", "coordinates": [963401.6105227724, 1948822.0764191258]}, "properties": {"kind": "drone", "drone_id": 12, "frame": 22, "time_s": 22.0, "timestamp": "2025-01-01T00:00:22", "mode": "MIN_MAX", "is_static": false, "battery": 46.67785234899321}}, {"type": "Feature", "geometry": {"type": "Point", "coordinates": [963921.225765043, 1949493.7777752846]}, "properties": {"kind": "drone", "drone_id": 13, "frame": 22, "time_s": 22.0, "timestamp": "2025-01-01T00:00:22", "mode": "MIN_MAX", "is_static": false, "battery": 46.67785234899321}}, {"type": "Feature", "geometry": {"type": "Point", "coordinates": [963661.4181439078, 1951006.9772486987]}, "properties": {"kind": "drone", "drone_id": 14, "frame": 22, "time_s": 22.0, "timestamp": "2025-01-01T00:00:22", "mode": "MIN_MAX", "is_static": false, "battery": 46.67785234899321}}, {"type": "Feature", "geometry": {"type": "Point", "coordinates": [962232.4762276635, 1950789.0896147194]}, "properties": {"kind": "drone", "drone_id": 15, "frame": 22, "time_s": 22.0, "timestamp": "2025-01-01T00:00:22", "mode": "MIN_MAX", "is_static": false, "battery": 46.67785234899321}}, {"type": "Feature", "geometry": {"type": "Point", "coordinates": [963531.5143333401, 1950980.1136619265]}, "properties": {"kind": "drone", "drone_id": 16, "frame": 22, "time_s": 22.0, "timestamp": "2025-01-01T00:00:22", "mode": "MIN_MAX", "is_static": false, "battery": 50.0}}, {"type": "Feature", "geometry": {"type": "Point", "coordinates": [966143.9967419998, 1950238.4310838194]}, "properties": {"kind": "drone", "drone_id": 17, "frame": 22, "time_s": 22.0, "timestamp": "2025-01-01T00:00:22", "mode": "MIN_MAX", "is_static": false, "battery": 46.67785234899321}}, {"type": "Feature", "geometry": {"type": "Point", "coordinates": [966259.4943552611, 1951373.6021919337]}, "properties": {"kind": "drone", "drone_id": 18, "frame": 22, "time_s": 22.0, "timestamp": "2025-01-01T00:00:22", "mode": "MIN_MAX", "is_static": false, "battery": 46.67785234899321}}, {"type": "Feature", "geometry": {"type": "Point", "coordinates": [962622.1876593664, 1951505.1136619265]}, "properties": {"kind": "drone", "drone_id": 19, "frame": 22, "time_s": 22.0, "timestamp": "2025-01-01T00:00:22", "mode": "MIN_MAX", "is_static": false, "battery": 50.0}}, {"type": "Feature", "geometry": {"type": "Point", "coordinates": [965090.360060152, 1949014.2818132634]}, "properties": {"kind": "drone", "drone_id": 20, "frame": 22, "time_s": 22.0, "timestamp": "2025-01-01T00:00:22", "mode": "MIN_MAX", "is_static": false, "battery": 46.67785234899321}}, {"type": "Feature", "geometry": {"type": "Point", "coordinates": [961972.6686065281, 1951730.1136619265]}, "properties": {"kind": "base_A", "drone_id": 0, "frame": 22, "time_s": 22.0, "timestamp": "2025-01-01T00:00:22", "mode": "MIN_MAX", "is_static": true, "battery": 50.0}}, {"type": "Feature", "geometry": {"type": "Point", "coordinates": [966389.3981658287, 1948730.1136619265]}, "properties": {"kind": "base_B", "drone_id": 0, "frame": 22, "time_s": 22.0, "timestamp": "2025-01-01T00:00:22", "mode": "MIN_MAX", "is_static": true, "battery": 50.0}}, {"type": "Feature", "geometry": {"type": "Point", "coordinates": [966259.4943552611, 1950256.9275048848]}, "properties": {"kind": "drone", "drone_id": 1, "frame": 23, "time_s": 23.0, "timestamp": "2025-01-01T00:00:23", "mode": "MIN_MAX", "is_static": false, "battery": 46.52684563758381}}, {"type": "Feature", "geometry": {"type": "Point", "coordinates": [966051.9924895843, 1949135.3124039206]}, "properties": {"kind": "drone", "drone_id": 2, "frame": 23, "time_s": 23.0, "timestamp": "2025-01-01T00:00:23", "mode": "MIN_MAX", "is_static": false, "battery": 46.52684563758381}}, {"type": "Feature", "geometry": {"type": "Point", "coordinates": [963802.863980634, 1950580.156783281]}, "properties": {"kind": "drone", "drone_id": 3, "frame": 23, "time_s": 23.0, "timestamp": "2025-01-01T00:00:23", "mode": "MIN_MAX", "is_static": false, "battery": 46.52684563758381}}, {"type": "Feature", "geometry": {"type": "Point", "coordinates": [962102.5724170958, 1951269.6441166508]}, "properties": {"kind": "drone", "drone_id": 4, "frame": 23, "time_s": 23.0, "timestamp": "2025-01-01T00:00:23", "mode": "MIN_MAX", "is_static": false, "battery": 46.52684563758381}}, {"type": "Feature", "geometry": {"type": "Point", "coordinates": [966309.9750160483, 1949375.968638832]}, "properties": {"kind": "drone", "drone_id": 5, "frame": 23, "time_s": 23.0, "timestamp": "2025-01-01T00:00:23", "mode": "MIN_MAX", "is_static": false, "battery": 46.52684563758381}}, {"type": "Feature", "geometry": {"type": "Point", "coordinates": [966259.4943552611, 1950603.3529141557]}, "properties": {"kind": "drone", "drone_id": 6, "frame": 23, "time_s": 23.0, "timestamp": "2025-01-01T00:00:23", "mode": "MIN_MAX", "is_static": false, "battery": 46.52684563758381}}, {"type": "Feature", "geometry": {"type": "Point", "coordinates": [962362.380038231, 1950524.5380251047]}, "properties": {"kind": "drone", "drone_id": 7, "frame": 23, "time_s": 23.0, "timestamp": "2025-01-01T00:00:23", "mode": "MIN_MAX", "is_static": false, "battery": 46.52684563758381}}, {"type": "Feature", "geometry": {"type": "Point", "coordinates": [966259.4943552611, 1950460.8278068544]}, "properties": {"kind": "drone", "drone_id": 8, "frame": 23, "time_s": 23.0, "timestamp": "2025-01-01T00:00:23", "mode": "MIN_MAX", "is_static": false, "battery": 46.52684563758381}}, {"type": "Feature", "geometry": {"type": "Point", "coordinates": [962956.2260293976, 1951312.2565190694]}, "properties": {"kind": "drone", "drone_id": 9, "frame": 23, "time_s": 23.0, "timestamp": "2025-01-01T00:00:23", "mode": "MIN_MAX", "is_static": false, "battery": 47.00000000000062}}, {"type": "Feature", "geometry": {"type": "Point", "coordinates": [965944.0136724538, 1949437.2565190694]}, "properties": {"kind": "drone", "drone_id": 10, "frame": 23, "time_s": 23.0, "timestamp": "2025-01-01T00:00:23", "mode": "MIN_MAX", "is_static": false, "battery": 48.49999999999981}}, {"type": "Feature", "geometry": {"type": "Point", "coordinates": [965480.0714918551, 1949261.3931163414]}, "properties": {"kind": "drone", "drone_id": 11, "frame": 23, "time_s": 23.0, "timestamp": "2025-01-01T00:00:23", "mode": "MIN_MAX", "is_static": false, "battery": 46.52684563758381}}, {"type": "Feature", "geometry": {"type": "Point", "coordinates": [963401.6105227724, 1948836.3137965642]}, "properties": {"kind": "drone", "drone_id": 12, "frame": 23, "time_s": 23.0, "timestamp": "2025-01-01T00:00:23", "mode": "MIN_MAX", "is_static": false, "battery": 46.52684563758381}}, {"type": "Feature", "geometry": {"type": "Point", "coordinates": [963921.225765043, 1949512.7980706124]}, "properties": {"kind": "drone", "drone_id": 13, "frame": 23, "time_s": 23.0, "timestamp": "2025-01-01T00:00:23", "mode": "MIN_MAX", "is_static": false, "battery": 46.52684563758381}}, {"type": "Feature", "geometry": {"type": "Point", "coordinates": [963661.4181439078, 1950984.7289934354]}, "properties": {"kind": "drone", "drone_id": 14, "frame": 23, "time_s": 23.0, "timestamp": "2025-01-01T00:00:23", "mode": "MIN_MAX", "is_static": false, "battery": 46.52684563758381}}, {"type": "Feature", "geometry": {"type": "Point", "coordinates": [962232.4762276635, 1950809.7286585858]}, "properties": {"kind": "drone", "drone_id": 15, "frame": 23, "time_s": 23.0, "timestamp": "2025-01-01T00:00:23", "mode": "MIN_MAX", "is_static": false, "battery": 46.52684563758381}}, {"type": "Feature", "geometry": {"type": "Point", "coordinates": [963531.5143333401, 1950980.1136619265]}, "properties": {"kind": "drone", "drone_id": 16, "frame": 23, "time_s": 23.0, "timestamp": "2025-01-01T00:00:23", "mode": "MIN_MAX", "is_static": false, "battery": 50.0}}, {"type": "Feature", "geometry": {"type": "Point", "coordinates": [966133.8848090707, 1950232.5929566207]}, "properties": {"kind": "drone", "drone_id": 17, "frame": 23, "time_s": 23.0, "timestamp": "2025-01-01T00:00:23", "mode": "MIN_MAX", "is_static": false, "battery": 46.52684563758381}}, {"type": "Feature", "geometry": {"type": "Point", "coordinates": [966259.4943552611, 1951362.088229641]}, "properties": {"kind": "drone", "drone_id": 18, "frame": 23, "time_s": 23.0, "timestamp": "2025-01-01T00:00:23", "mode": "MIN_MAX", "is_static": false, "battery": 46.52684563758381}}, {"type": "Feature", "geometry": {"type": "Point", "coordinates": [962622.1876593664, 1951505.1136619265]}, "properties": {"kind": "drone", "drone_id": 19, "frame": 23, "time_s": 23.0, "timestamp": "2025-01-01T00:00:23", "mode": "MIN_MAX", "is_static": false, "battery": 50.0}}, {"type": "Feature", "geometry": {"type": "Point", "coordinates": [965090.360060152, 1949026.0283706964]}, "properties": {"kind": "drone", "drone_id": 20, "frame": 23, "time_s": 23.0, "timestamp": "2025-01-01T00:00:23", "mode": "MIN_MAX", "is_static": false, "battery": 46.52684563758381}}, {"type": "Feature", "geometry": {"type": "Point", "coordinates": [961972.6686065281, 1951730.1136619265]}, "properties": {"kind": "base_A", "drone_id": 0, "frame": 23, "time_s": 23.0, "timestamp": "2025-01-01T00:00:23", "mode": "MIN_MAX", "is_static": true, "battery": 50.0}}, {"type": "Feature", "geometry": {"type": "Point", "coordinates": [966389.3981658287, 1948730.1136619265]}, "properties": {"kind": "base_B", "drone_id": 0, "frame": 23, "time_s": 23.0, "timestamp": "2025-01-01T00:00:23", "mode": "MIN_MAX", "is_static": true, "battery": 50.0}}, {"type": "Feature", "geometry": {"type": "Point", "coordinates": [966259.4943552611, 1950241.0319367936]}, "properties": {"kind": "drone", "drone_id": 1, "frame": 24, "time_s": 24.0, "timestamp": "2025-01-01T00:00:24", "mode": "MIN_MAX", "is_static": false, "battery": 46.37583892617442}}, {"type": "Feature", "geometry": {"type": "Point", "coordinates": [966070.437443229, 1949145.9616028727]}, "properties": {"kind": "drone", "drone_id": 2, "frame": 24, "time_s": 24.0, "timestamp": "2025-01-01T00:00:24", "mode": "MIN_MAX", "is_static": false, "battery": 46.37583892617442}}, {"type": "Feature", "geometry": {"type": "Point", "coordinates": [963804.6410186113, 1950564.7671829637]}, "properties": {"kind": "drone", "drone_id": 3, "frame": 24, "time_s": 24.0, "timestamp": "2025-01-01T00:00:24", "mode": "MIN_MAX", "is_static": false, "battery": 46.37583892617442}}, {"type": "Feature", "geometry": {"type": "Point", "coordinates": [962102.5724170958, 1951291.1867605865]}, "properties": {"kind": "drone", "drone_id": 4, "frame": 24, "time_s": 24.0, "timestamp": "2025-01-01T00:00:24", "mode": "MIN_MAX", "is_static": false, "battery": 46.37583892617442}}, {"type": "Feature", "geometry": {"type": "Point", "coordinates": [966314.0238295114, 1949373.6310552892]}, "properties": {"kind": "drone", "drone_id": 5, "frame": 24, "time_s": 24.0, "timestamp": "2025-01-01T00:00:24", "mode": "MIN_MAX", "is_static": false, "battery": 46.37583892617442}}, {"type": "Feature", "geometry": {"type": "Point", "coordinates": [966259.4943552611, 1950590.7597695163]}, "properties": {"kind": "drone", "drone_id": 6, "frame": 24, "time_s": 24.0, "timestamp": "2025-01-01T00:00:24", "mode": "MIN_MAX", "is_static": false, "battery": 46.37583892617442}}, {"type": "Feature", "geometry": {"type": "Point", "coordinates": [962362.380038231, 1950541.882704518]}, "properties": {"kind": "drone", "drone_id": 7, "frame": 24, "time_s": 24.0, "timestamp": "2025-01-01T00:00:24", "mode": "MIN_MAX", "is_static": false, "battery": 46.37583892617442}}, {"type": "Feature", "geometry": {"type": "Point", "coordinates": [966259.4943552611, 1950448.7920257708]}, "properties": {"kind": "drone", "drone_id": 8, "frame": 24, "time_s": 24.0, "timestamp": "2025-01-01T00:00:24", "mode": "MIN_MAX", "is_static": false, "battery": 46.37583892617442}}, {"type": "Feature", "geometry": {"type": "Point", "coordinates": [962956.2260293976, 1951312.2565190694]}, "properties": {"kind": "drone", "drone_id": 9, "frame": 24, "time_s": 24.0, "timestamp": "2025-01-01T00:00:24", "mode": "MIN_MAX", "is_static": false, "battery": 47.00000000000062}}, {"type": "Feature", "geometry": {"type": "Point", "coordinates": [965944.0136724538, 1949437.2565190694]}, "properties": {"kind": "drone", "drone_id": 10, "frame": 24, "time_s": 24.0, "timestamp": "2025-01-01T00:00:24", "mode": "MIN_MAX", "is_static": false, "battery": 48.49999999999981}}, {"type": "Feature", "geometry": {"type": "Point", "coordinates": [965480.0714918551, 1949274.361224383]}, "properties": {"kind": "drone", "drone_id": 11, "frame": 24, "time_s": 24.0, "timestamp": "2025-01-01T00:00:24", "mode": "MIN_MAX", "is_static": false, "battery": 46.37583892617442}}, {"type": "Feature", "geometry": {"type": "Point", "coordinates": [963401.6105227724, 1948851.0125851254]}, "properties": {"kind": "drone", "drone_id": 12, "frame": 24, "time_s": 24.0, "timestamp": "2025-01-01T00:00:24", "mode": "MIN_MAX", "is_static": false, "battery": 46.37583892617442}}, {"type": "Feature", "geometry": {"type": "Point", "coordinates": [963921.225765043, 1949532.2413720358]}, "properties": {"kind": "drone", "drone_id": 13, "frame": 24, "time_s": 24.0, "timestamp": "2025-01-01T00:00:24", "mode": "MIN_MAX", "is_static": false, "battery": 46.37583892617442}}, {"type": "Feature", "geometry": {"type": "Point", "coordinates": [963661.4181439078, 1950962.8403832272]}, "properties": {"kind": "drone", "drone_id": 14, "frame": 24, "time_s": 24.0, "timestamp": "2025-01-01T00:00:24", "mode": "MIN_MAX", "is_static": false, "battery": 46.37583892617442}}, {"type": "Feature", "geometry": {"type": "Point", "coordinates": [962232.4762276635, 1950830.8267090665]}, "properties": {"kind": "drone", "drone_id": 15, "frame": 24, "time_s": 24.0, "timestamp": "2025-01-01T00:00:24", "mode": "MIN_MAX", "is_static": false, "battery": 46.37583892617442}}, {"type": "Feature", "geometry": {"type": "Point", "coordinates": [963531.5143333401, 1950980.1136619265]}, "properties": {"kind": "drone", "drone_id": 16, "frame": 24, "time_s": 24.0, "timestamp": "2025-01-01T00:00:24", "mode": "MIN_MAX", "is_static": false, "battery": 50.0}}, {"type": "Feature", "geometry": {"type": "Point", "coordinates": [966123.4069351363, 1950226.5435532841]}, "properties": {"kind": "drone", "drone_id": 17, "frame": 24, "time_s": 24.0, "timestamp": "2025-01-01T00:00:24", "mode": "MIN_MAX", "is_static": false, "battery": 46.37583892617442}}, {"type": "Feature", "geometry": {"type": "Point", "coordinates": [966259.4943552611, 1951350.157588266]}, "properties": {"kind": "drone", "drone_id": 18, "frame": 24, "time_s": 24.0, "timestamp": "2025-01-01T00:00:24", "mode": "MIN_MAX", "is_static": false, "battery": 46.37583892617442}}, {"type": "Feature", "geometry": {"type": "Point", "coordinates": [962622.1876593664, 1951505.1136619265]}, "properties": {"kind": "drone", "drone_id": 19, "frame": 24, "time_s": 24.0, "timestamp": "2025-01-01T00:00:24", "mode": "MIN_MAX", "is_static": false, "battery": 50.0}}, {"type": "Feature", "geometry": {"type": "Point", "coordinates": [965097.3630556545, 1949034.156843265]}, "properties": {"kind": "drone", "drone_id": 20, "frame": 24, "time_s": 24.0, "timestamp": "2025-01-01T00:00:24", "mode": "MIN_MAX", "is_static": false, "battery": 46.37583892617442}}, {"type": "Feature", "geometry": {"type": "Point", "coordinates": [961972.6686065281, 1951730.1136619265]}, "properties": {"kind": "base_A", "drone_id": 0, "frame": 24, "time_s": 24.0, "timestamp": "2025-01-01T00:00:24", "mode": "MIN_MAX", "is_static": true, "battery": 50.0}}, {"type": "Feature", "geometry": {"type": "Point", "coordinates": [966389.3981658287, 1948730.1136619265]}, "properties": {"kind": "base_B", "drone_id": 0, "frame": 24, "time_s": 24.0, "timestamp": "2025-01-01T00:00:24", "mode": "MIN_MAX", "is_static": true, "battery": 50.0}}, {"type": "Feature", "geometry": {"type": "Point", "coordinates": [966259.4943552611, 1950224.6784716793]}, "properties": {"kind": "drone", "drone_id": 1, "frame": 25, "time_s": 25.0, "timestamp": "2025-01-01T00:00:25", "mode": "MIN_MAX", "is_static": false, "battery": 46.224832214765016}}, {"type": "Feature", "geometry": {"type": "Point", "coordinates": [966088.482611128, 1949156.3799854168]}, "properties": {"kind": "drone", "drone_id": 2, "frame": 25, "time_s": 25.0, "timestamp": "2025-01-01T00:00:25", "mode": "MIN_MAX", "is_static": false, "battery": 46.224832214765016}}, {"type": "Feature", "geometry": {"type": "Point", "coordinates": [963806.1994797162, 1950551.270513886]}, "properties": {"kind": "drone", "drone_id": 3, "frame": 25, "time_s": 25.0, "timestamp": "2025-01-01T00:00:25", "mode": "MIN_MAX", "is_static": false, "battery": 46.224832214765016}}, {"type": "Feature", "geometry": {"type": "Point", "coordinates": [962102.5724170958, 1951312.2624777877]}, "properties": {"kind": "drone", "drone_id": 4, "frame": 25, "time_s": 25.0, "timestamp": "2025-01-01T00:00:25", "mode": "MIN_MAX", "is_static": false, "battery": 46.224832214765016}}, {"type": "Feature", "geometry": {"type": "Point", "coordinates": [966318.189275461, 1949371.226133949]}, "properties": {"kind": "drone", "drone_id": 5, "frame": 25, "time_s": 25.0, "timestamp": "2025-01-01T00:00:25", "mode": "MIN_MAX", "is_static": false, "battery": 46.224832214765016}}, {"type": "Feature", "geometry": {"type": "Point", "coordinates": [966259.4943552611, 1950577.7443390468]}, "properties": {"kind": "drone", "drone_id": 6, "frame": 25, "time_s": 25.0, "timestamp": "2025-01-01T00:00:25", "mode": "MIN_MAX", "is_static": false, "battery": 46.224832214765016}}, {"type": "Feature", "geometry": {"type": "Point", "coordinates": [962362.380038231, 1950559.691083521]}, "properties": {"kind": "drone", "drone_id": 7, "frame": 25, "time_s": 25.0, "timestamp": "2025-01-01T00:00:25", "mode": "MIN_MAX", "is_static": false, "battery": 46.224832214765016}}, {"type": "Feature", "geometry": {"type": "Point", "coordinates": [966259.4943552611, 1950436.3440557446]}, "properties": {"kind": "drone", "drone_id": 8, "frame": 25, "time_s": 25.0, "timestamp": "2025-01-01T00:00:25", "mode": "MIN_MAX", "is_static": false, "battery": 46.224832214765016}}, {"type": "Feature", "geometry": {"type": "Point", "coordinates": [962956.2260293976, 1951312.2565190694]}, "properties": {"kind": "drone", "drone_id": 9, "frame": 25, "time_s": 25.0, "timestamp": "2025-01-01T00:00:25", "mode": "MIN_MAX", "is_static": false, "battery": 47.00000000000062}}, {"type": "Feature", "geometry": {"type": "Point", "coordinates": [965944.0136724538, 1949437.2565190694]}, "properties": {"kind": "drone", "drone_id": 10, "frame": 25, "time_s": 25.0, "timestamp": "2025-01-01T00:00:25", "mode": "MIN_MAX", "is_static": false, "battery": 48.49999999999981}}, {"type": "Feature", "geometry": {"type": "Point", "coordinates": [965480.0714918551, 1949287.7641919004]}, "properties": {"kind": "drone", "drone_id": 11, "frame": 25, "time_s": 25.0, "timestamp": "2025-01-01T00:00:25", "mode": "MIN_MAX", "is_static": false, "battery": 46.224832214765016}}, {"type": "Feature", "geometry": {"type": "Point", "coordinates": [963401.6105227724, 1948866.1581985771]}, "properties": {"kind": "drone", "drone_id": 12, "frame": 25, "time_s": 25.0, "timestamp": "2025-01-01T00:00:25", "mode": "MIN_MAX", "is_static": false, "battery": 46.224832214765016}}, {"type": "Feature", "geometry": {"type": "Point", "coordinates": [963921.225765043, 1949552.0717300281]}, "properties": {"kind": "drone", "drone_id": 13, "frame": 25, "time_s": 25.0, "timestamp": "2025-01-01T00:00:25", "mode": "MIN_MAX", "is_static": false, "battery": 46.224832214765016}}, {"type": "Feature", "geometry": {"type": "Point", "coordinates": [963661.4181439078, 1950941.4261984106]}, "properties": {"kind": "drone", "drone_id": 14, "frame": 25, "time_s": 25.0, "timestamp": "2025-01-01T00:00:25", "mode": "MIN_MAX", "is_static": false, "battery": 46.224832214765016}}, {"type": "Feature", "geometry": {"type": "Point", "coordinates": [962232.4762276635, 1950852.3447571008]}, "properties": {"kind": "drone", "drone_id": 15, "frame": 25, "time_s": 25.0, "timestamp": "2025-01-01T00:00:25", "mode": "MIN_MAX", "is_static": false, "battery": 46.224832214765016}}, {"type": "Feature", "geometry": {"type": "Point", "coordinates": [963531.5143333401, 1950980.1136619265]}, "properties": {"kind": "drone", "drone_id": 16, "frame": 25, "time_s": 25.0, "timestamp": "2025-01-01T00:00:25", "mode": "MIN_MAX", "is_static": false, "battery": 50.0}}, {"type": "Feature", "geometry": {"type": "Point", "coordinates": [966112.570225847, 1950220.2869762587]}, "properties": {"kind": "drone", "drone_id": 17, "frame": 25, "time_s": 25.0, "timestamp": "2025-01-01T00:00:25", "mode": "MIN_MAX", "is_static": false, "battery": 46.224832214765016}}, {"type": "Feature", "geometry": {"type": "Point", "coordinates": [966259.4943552611, 1951337.818358664]}, "properties": {"kind": "drone", "drone_id": 18, "frame": 25, "time_s": 25.0, "timestamp": "2025-01-01T00:00:25", "mode": "MIN_MAX", "is_static": false, "battery": 46.224832214765016}}, {"type": "Feature", "geometry": {"type": "Point", "coordinates": [962622.1876593664, 1951505.1136619265]}, "properties": {"kind": "drone", "drone_id": 19, "frame": 25, "time_s": 25.0, "timestamp": "2025-01-01T00:00:25", "mode": "MIN_MAX", "is_static": false, "battery": 50.0}}, {"type": "Feature", "geometry": {"type": "Point", "coordinates": [965108.2650130562, 1949040.4510913056]}, "properties": {"kind": "drone", "drone_id": 20, "frame": 25, "time_s": 25.0, "timestamp": "2025-01-01T00:00:25", "mode": "MIN_MAX", "is_static": false, "battery": 46.224832214765016}}, {"type": "Feature", "geometry": {"type": "Point", "coordinates": [961972.6686065281, 1951730.1136619265]}, "properties": {"kind": "base_A", "drone_id": 0, "frame": 25, "time_s": 25.0, "timestamp": "2025-01-01T00:00:25", "mode": "MIN_MAX", "is_static": true, "battery": 50.0}}, {"type": "Feature", "geometry": {"type": "Point", "coordinates": [966389.3981658287, 1948730.1136619265]}, "properties": {"kind": "base_B", "drone_id": 0, "frame": 25, "time_s": 25.0, "timestamp": "2025-01-01T00:00:25", "mode": "MIN_MAX", "is_static": true, "battery": 50.0}}, {"type": "Feature", "geometry": {"type": "Point", "coordinates": [966259.4943552611, 1950207.8849496855]}, "properties": {"kind": "drone", "drone_id": 1, "frame": 26, "time_s": 26.0, "timestamp": "2025-01-01T00:00:26", "mode": "MIN_MAX", "is_static": false, "battery": 46.073825503355614}}, {"type": "Feature", "geometry": {"type": "Point", "coordinates": [966106.0312709233, 1949166.5117088733]}, "properties": {"kind": "drone", "drone_id": 2, "frame": 26, "time_s": 26.0, "timestamp": "2025-01-01T00:00:26", "mode": "MIN_MAX", "is_static": false, "battery": 46.073825503355614}}, {"type": "Feature", "geometry": {"type": "Point", "coordinates": [963807.5153445126, 1950539.8747904699]}, "properties": {"kind": "drone", "drone_id": 3, "frame": 26, "time_s": 26.0, "timestamp": "2025-01-01T00:00:26", "mode": "MIN_MAX", "is_static": false, "battery": 46.073825503355614}}, {"type": "Feature", "geometry": {"type": "Point", "coordinates": [962102.5724170958, 1951332.7583021089]}, "properties": {"kind": "drone", "drone_id": 4, "frame": 26, "time_s": 26.0, "timestamp": "2025-01-01T00:00:26", "mode": "MIN_MAX", "is_static": false, "battery": 46.073825503355614}}, {"type": "Feature", "geometry": {"type": "Point", "coordinates": [966322.4668097745, 1949368.7564983617]}, "properties": {"kind": "drone", "drone_id": 5, "frame": 26, "time_s": 26.0, "timestamp": "2025-01-01T00:00:26", "mode": "MIN_MAX", "is_static": false, "battery": 46.073825503355614}}, {"type": "Feature", "geometry": {"type": "Point", "coordinates": [966259.4943552611, 1950564.31589696]}, "properties": {"kind": "drone", "drone_id": 6, "frame": 26, "time_s": 26.0, "timestamp": "2025-01-01T00:00:26", "mode": "MIN_MAX", "is_static": false, "battery": 46.073825503355614}}, {"type": "Feature", "geometry": {"type": "Point", "coordinates": [962362.380038231, 1950577.940761167]}, "properties": {"kind": "drone", "drone_id": 7, "frame": 26, "time_s": 26.0, "timestamp": "2025-01-01T00:00:26", "mode": "MIN_MAX", "is_static": false, "battery": 46.073825503355614}}, {"type": "Feature", "geometry": {"type": "Point", "coordinates": [966259.4943552611, 1950423.4920589332]}, "properties": {"kind": "drone", "drone_id": 8, "frame": 26, "time_s": 26.0, "timestamp": "2025-01-01T00:00:26", "mode": "MIN_MAX", "is_static": false, "battery": 46.073825503355614}}, {"type": "Feature", "geometry": {"type": "Point", "coordinates": [962956.2260293976, 1951312.2565190694]}, "properties": {"kind": "drone", "drone_id": 9, "frame": 26, "time_s": 26.0, "timestamp": "2025-01-01T00:00:26", "mode": "MIN_MAX", "is_static": false, "battery": 47.00000000000062}}, {"type": "Feature", "geometry": {"type": "Point", "coordinates": [965944.0136724538, 1949437.2565190694]}, "properties": {"kind": "drone", "drone_id": 10, "frame": 26, "time_s": 26.0, "timestamp": "2025-01-01T00:00:26", "mode": "MIN_MAX", "is_static": false, "battery": 48.49999999999981}}, {"type": "Feature", "geometry": {"type": "Point", "coordinates": [965480.0714918551, 1949301.5924685383]}, "properties": {"kind": "drone", "drone_id": 11, "frame": 26, "time_s": 26.0, "timestamp": "2025-01-01T00:00:26", "mode": "MIN_MAX", "is_static": false, "battery": 46.073825503355614}}, {"type": "Feature", "geometry": {"type": "Point", "coordinates": [963401.6105227724, 1948881.7360506884]}, "properties": {"kind": "drone", "drone_id": 12, "frame": 26, "time_s": 26.0, "timestamp": "2025-01-01T00:00:26", "mode": "MIN_MAX", "is_static": false, "battery": 46.073825503355614}}, {"type": "Feature", "geometry": {"type": "Point", "coordinates": [963921.225765043, 1949572.253195063]}, "properties": {"kind": "drone", "drone_id": 13, "frame": 26, "time_s": 26.0, "timestamp": "2025-01-01T00:00:26", "mode": "MIN_MAX", "is_static": false, "battery": 46.073825503355614}}, {"type": "Feature", "geometry": {"type": "Point", "coordinates": [963661.4181439078, 1950920.6012193223]}, "properties": {"kind": "drone", "drone_id": 14, "frame": 26, "time_s": 26.0, "timestamp": "2025-01-01T00:00:26", "mode": "MIN_MAX", "is_static": false, "battery": 46.073825503355614}}, {"type": "Feature", "geometry": {"type": "Point", "coordinates": [962232.4762276635, 1950874.2437936277]}, "properties": {"kind": "drone", "drone_id": 15, "frame": 26, "time_s": 26.0, "timestamp": "2025-01-01T00:00:26", "mode": "MIN_MAX", "is_static": false, "battery": 46.073825503355614}}, {"type": "Feature", "geometry": {"type": "Point", "coordinates": [963531.5143333401, 1950980.1136619265]}, "properties": {"kind": "drone", "drone_id": 16, "frame": 26, "time_s": 26.0, "timestamp": "2025-01-01T00:00:26", "mode": "MIN_MAX", "is_static": false, "battery": 50.0}}, {"type": "Feature", "geometry": {"type": "Point", "coordinates": [966101.3817868534, 1950213.8273279942]}, "properties": {"kind": "drone", "drone_id": 17, "frame": 26, "time_s": 26.0, "timestamp": "2025-01-01T00:00:26", "mode": "MIN_MAX", "is_static": false, "battery": 46.073825503355614}}, {"type": "Feature", "geometry": {"type": "Point", "coordinates": [966259.4943552611, 1951325.078631691]}, "properties": {"kind": "drone", "drone_id": 18, "frame": 26, "time_s": 26.0, "timestamp": "2025-01-01T00:00:26", "mode": "MIN_MAX", "is_static": false, "battery": 46.073825503355614}}, {"type": "Feature", "geometry": {"type": "Point", "coordinates": [962622.1876593664, 1951505.1136619265]}, "properties": {"kind": "drone", "drone_id": 19, "frame": 26, "time_s": 26.0, "timestamp": "2025-01-01T00:00:26", "mode": "MIN_MAX", "is_static": false, "battery": 50.0}}, {"type": "Feature", "geometry": {"type": "Point", "coordinates": [965119.520817936, 1949046.9496332828]}, "properties": {"kind": "drone", "drone_id": 20, "frame": 26, "time_s": 26.0, "timestamp": "2025-01-01T00:00:26", "mode": "MIN_MAX", "is_static": false, "battery": 46.073825503355614}}, {"type": "Feature", "geometry": {"type": "Point", "coordinates": [961972.6686065281, 1951730.1136619265]}, "properties": {"kind": "base_A", "drone_id": 0, "frame": 26, "time_s": 26.0, "timestamp": "2025-01-01T00:00:26", "mode": "MIN_MAX", "is_static": true, "battery": 50.0}}, {"type": "Feature", "geometry": {"type": "Point", "coordinates": [966389.3981658287, 1948730.1136619265]}, "properties": {"kind": "base_B", "drone_id": 0, "frame": 26, "time_s": 26.0, "timestamp": "2025-01-01T00:00:26", "mode": "MIN_MAX", "is_static": true, "battery": 50.0}}, {"type": "Feature", "geometry": {"type": "Point", "coordinates": [966259.4943552611, 1950190.6692109562]}, "properties": {"kind": "drone", "drone_id": 1, "frame": 27, "time_s": 27.0, "timestamp": "2025-01-01T00:00:27", "mode": "MIN_MAX", "is_static": false, "battery": 45.92281879194621}}, {"type": "Feature", "geometry": {"type": "Point", "coordinates": [966122.986700257, 1949176.3009305634]}, "properties": {"kind": "drone", "drone_id": 2, "frame": 27, "time_s": 27.0, "timestamp": "2025-01-01T00:00:27", "mode": "MIN_MAX", "is_static": false, "battery": 45.92281879194621}}, {"type": "Feature", "geometry": {"type": "Point", "coordinates": [963808.5645935639, 1950530.7880271378]}, "properties": {"kind": "drone", "drone_id": 3, "frame": 27, "time_s": 27.0, "timestamp": "2025-01-01T00:00:27", "mode": "MIN_MAX", "is_static": false, "battery": 45.92281879194621}}, {"type": "Feature", "geometry": {"type": "Point", "coordinates": [962102.5724170958, 1951352.5612674048]}, "properties": {"kind": "drone", "drone_id": 4, "frame": 27, "time_s": 27.0, "timestamp": "2025-01-01T00:00:27", "mode": "MIN_MAX", "is_static": false, "battery": 45.92281879194621}}, {"type": "Feature", "geometry": {"type": "Point", "coordinates": [966326.8518883288, 1949366.224772078]}, "properties": {"kind": "drone", "drone_id": 5, "frame": 27, "time_s": 27.0, "timestamp": "2025-01-01T00:00:27", "mode": "MIN_MAX", "is_static": false, "battery": 45.92281879194621}}, {"type": "Feature", "geometry": {"type": "Point", "coordinates": [966259.4943552611, 1950550.483717469]}, "properties": {"kind": "drone", "drone_id": 6, "frame": 27, "time_s": 27.0, "timestamp": "2025-01-01T00:00:27", "mode": "MIN_MAX", "is_static": false, "battery": 45.92281879194622}}, {"type": "Feature", "geometry": {"type": "Point", "coordinates": [962362.380038231, 1950596.60933651]}, "properties": {"kind": "drone", "drone_id": 7, "frame": 27, "time_s": 27.0, "timestamp": "2025-01-01T00:00:27", "mode": "MIN_MAX", "is_static": false, "battery": 45.92281879194621}}, {"type": "Feature", "geometry": {"type": "Point", "coordinates": [966259.4943552611, 1950410.244197494]}, "properties": {"kind": "drone", "drone_id": 8, "frame": 27, "time_s": 27.0, "timestamp": "2025-01-01T00:00:27", "mode": "MIN_MAX", "is_static": false, "battery": 45.92281879194621}}, {"type": "Feature", "geometry": {"type": "Point", "coordinates": [962956.2260293976, 1951312.2565190694]}, "properties": {"kind": "drone", "drone_id": 9, "frame": 27, "time_s": 27.0, "timestamp": "2025-01-01T00:00:27", "mode": "MIN_MAX", "is_static": false, "battery": 47.00000000000062}}, {"type": "Feature", "geometry": {"type": "Point", "coordinates": [965944.0136724538, 1949437.2565190694]}, "properties": {"kind": "drone", "drone_id": 10, "frame": 27, "time_s": 27.0, "timestamp": "2025-01-01T00:00:27", "mode": "MIN_MAX", "is_static": false, "battery": 48.49999999999981}}, {"type": "Feature", "geometry": {"type": "Point", "coordinates": [965480.0714918551, 1949315.8365039425]}, "properties": {"kind": "drone", "drone_id": 11, "frame": 27, "time_s": 27.0, "timestamp": "2025-01-01T00:00:27", "mode": "MIN_MAX", "is_static": false, "battery": 45.92281879194622}}, {"type": "Feature", "geometry": {"type": "Point", "coordinates": [963401.6105227724, 1948897.7315552274]}, "properties": {"kind": "drone", "drone_id": 12, "frame": 27, "time_s": 27.0, "timestamp": "2025-01-01T00:00:27", "mode": "MIN_MAX", "is_static": false, "battery": 45.92281879194622}}, {"type": "Feature", "geometry": {"type": "Point", "coordinates": [963921.225765043, 1949592.7498176137]}, "properties": {"kind": "drone", "drone_id": 13, "frame": 27, "time_s": 27.0, "timestamp": "2025-01-01T00:00:27", "mode": "MIN_MAX", "is_static": false, "battery": 45.92281879194621}}, {"type": "Feature", "geometry": {"type": "Point", "coordinates": [963665.4308168679, 1950902.7969441127]}, "properties": {"kind": "drone", "drone_id": 14, "frame": 27, "time_s": 27.0, "timestamp": "2025-01-01T00:00:27", "mode": "MIN_MAX", "is_static": false, "battery": 45.92281879194622}}, {"type": "Feature", "geometry": {"type": "Point", "coordinates": [962232.4762276635, 1950896.484809587]}, "properties": {"kind": "drone", "drone_id": 15, "frame": 27, "time_s": 27.0, "timestamp": "2025-01-01T00:00:27", "mode": "MIN_MAX", "is_static": false, "battery": 45.92281879194621}}, {"type": "Feature", "geometry": {"type": "Point", "coordinates": [963531.5143333401, 1950980.1136619265]}, "properties": {"kind": "drone", "drone_id": 16, "frame": 27, "time_s": 27.0, "timestamp": "2025-01-01T00:00:27", "mode": "MIN_MAX", "is_static": false, "battery": 50.0}}, {"type": "Feature", "geometry": {"type": "Point", "coordinates": [966089.8487238062, 1950207.1687109391]}, "properties": {"kind": "drone", "drone_id": 17, "frame": 27, "time_s": 27.0, "timestamp": "2025-01-01T00:00:27", "mode": "MIN_MAX", "is_static": false, "battery": 45.92281879194621}}, {"type": "Feature", "geometry": {"type": "Point", "coordinates": [966259.4943552611, 1951311.9464982033]}, "properties": {"kind": "drone", "drone_id": 18, "frame": 27, "time_s": 27.0, "timestamp": "2025-01-01T00:00:27", "mode": "MIN_MAX", "is_static": false, "battery": 45.92281879194621}}, {"type": "Feature", "geometry": {"type": "Point", "coordinates": [962622.1876593664, 1951505.1136619265]}, "properties": {"kind": "drone", "drone_id": 19, "frame": 27, "time_s": 27.0, "timestamp": "2025-01-01T00:00:27", "mode": "MIN_MAX", "is_static": false, "battery": 50.0}}, {"type": "Feature", "geometry": {"type": "Point", "coordinates": [965131.12332186, 1949053.6483420467]}, "properties": {"kind": "drone", "drone_id": 20, "frame": 27, "time_s": 27.0, "timestamp": "2025-01-01T00:00:27", "mode": "MIN_MAX", "is_static": false, "battery": 45.92281879194622}}, {"type": "Feature", "geometry": {"type": "Point", "coordinates": [961972.6686065281, 1951730.1136619265]}, "properties": {"kind": "base_A", "drone_id": 0, "frame": 27, "time_s": 27.0, "timestamp": "2025-01-01T00:00:27", "mode": "MIN_MAX", "is_static": true, "battery": 50.0}}, {"type": "Feature", "geometry": {"type": "Point", "coordinates": [966389.3981658287, 1948730.1136619265]}, "properties": {"kind": "base_B", "drone_id": 0, "frame": 27, "time_s": 27.0, "timestamp": "2025-01-01T00:00:27", "mode": "MIN_MAX", "is_static": true, "battery": 50.0}}, {"type": "Feature", "geometry": {"type": "Point", "coordinates": [966259.4943552611, 1950173.0490956348]}, "properties": {"kind": "drone", "drone_id": 1, "frame": 28, "time_s": 28.0, "timestamp": "2025-01-01T00:00:28", "mode": "MIN_MAX", "is_static": false, "battery": 45.77181208053682}}, {"type": "Feature", "geometry": {"type": "Point", "coordinates": [966137.3260412302, 1949188.1526257407]}, "properties": {"kind": "drone", "drone_id": 2, "frame": 28, "time_s": 28.0, "timestamp": "2025-01-01T00:00:28", "mode": "MIN_MAX", "is_static": false, "battery": 45.77181208053682}}, {"type": "Feature", "geometry": {"type": "Point", "coordinates": [963809.3232074333, 1950524.2182383111]}, "properties": {"kind": "drone", "drone_id": 3, "frame": 28, "time_s": 28.0, "timestamp": "2025-01-01T00:00:28", "mode": "MIN_MAX", "is_static": false, "battery": 45.77181208053682}}, {"type": "Feature", "geometry": {"type": "Point", "coordinates": [962104.7442357714, 1951371.4143631873]}, "properties": {"kind": "drone", "drone_id": 4, "frame": 28, "time_s": 28.0, "timestamp": "2025-01-01T00:00:28", "mode": "MIN_MAX", "is_static": false, "battery": 45.77181208053682}}, {"type": "Feature", "geometry": {"type": "Point", "coordinates": [966331.3399670011, 1949363.6335786483]}, "properties": {"kind": "drone", "drone_id": 5, "frame": 28, "time_s": 28.0, "timestamp": "2025-01-01T00:00:28", "mode": "MIN_MAX", "is_static": false, "battery": 45.77181208053682}}, {"type": "Feature", "geometry": {"type": "Point", "coordinates": [966259.4943552611, 1950536.2570747868]}, "properties": {"kind": "drone", "drone_id": 6, "frame": 28, "time_s": 28.0, "timestamp": "2025-01-01T00:00:28", "mode": "MIN_MAX", "is_static": false, "battery": 45.77181208053682}}, {"type": "Feature", "geometry": {"type": "Point", "coordinates": [962371.5259131363, 1950610.394035265]}, "properties": {"kind": "drone", "drone_id": 7, "frame": 28, "time_s": 28.0, "timestamp": "2025-01-01T00:00:28", "mode": "MIN_MAX", "is_static": false, "battery": 45.77181208053682}}, {"type": "Feature", "geometry": {"type": "Point", "coordinates": [966259.4943552611, 1950396.608633584]}, "properties": {"kind": "drone", "drone_id": 8, "frame": 28, "time_s": 28.0, "timestamp": "2025-01-01T00:00:28", "mode": "MIN_MAX", "is_static": false, "battery": 45.77181208053682}}, {"type": "Feature", "geometry": {"type": "Point", "coordinates": [962956.2260293976, 1951312.2565190694]}, "properties": {"kind": "drone", "drone_id": 9, "frame": 28, "time_s": 28.0, "timestamp": "2025-01-01T00:00:28", "mode": "MIN_MAX", "is_static": false, "battery": 47.00000000000062}}, {"type": "Feature", "geometry": {"type": "Point", "coordinates": [965944.0136724538, 1949437.2565190694]}, "properties": {"kind": "drone", "drone_id": 10, "frame": 28, "time_s": 28.0, "timestamp": "2025-01-01T00:00:28", "mode": "MIN_MAX", "is_static": false, "battery": 48.49999999999981}}, {"type": "Feature", "geometry": {"type": "Point", "coordinates": [965480.0714918551, 1949330.4867477585]}, "properties": {"kind": "drone", "drone_id": 11, "frame": 28, "time_s": 28.0, "timestamp": "2025-01-01T00:00:28", "mode": "MIN_MAX", "is_static": false, "battery": 45.77181208053682}}, {"type": "Feature", "geometry": {"type": "Point", "coordinates": [963401.6105227724, 1948914.130125963]}, "properties": {"kind": "drone", "drone_id": 12, "frame": 28, "time_s": 28.0, "timestamp": "2025-01-01T00:00:28", "mode": "MIN_MAX", "is_static": false, "battery": 45.77181208053682}}, {"type": "Feature", "geometry": {"type": "Point", "coordinates": [963921.225765043, 1949613.5256481539]}, "properties": {"kind": "drone", "drone_id": 13, "frame": 28, "time_s": 28.0, "timestamp": "2025-01-01T00:00:28", "mode": "MIN_MAX", "is_static": false, "battery": 45.77181208053682}}, {"type": "Feature", "geometry": {"type": "Point", "coordinates": [963682.1470354716, 1950893.1458308022]}, "properties": {"kind": "drone", "drone_id": 14, "frame": 28, "time_s": 28.0, "timestamp": "2025-01-01T00:00:28", "mode": "MIN_MAX", "is_static": false, "battery": 45.77181208053682}}, {"type": "Feature", "geometry": {"type": "Point", "coordinates": [962232.4762276635, 1950919.0287959178]}, "properties": {"kind": "drone", "drone_id": 15, "frame": 28, "time_s": 28.0, "timestamp": "2025-01-01T00:00:28", "mode": "MIN_MAX", "is_static": false, "battery": 45.77181208053682}}, {"type": "Feature", "geometry": {"type": "Point", "coordinates": [963531.5143333401, 1950980.1136619265]}, "properties": {"kind": "drone", "drone_id": 16, "frame": 28, "time_s": 28.0, "timestamp": "2025-01-01T00:00:28", "mode": "MIN_MAX", "is_static": false, "battery": 50.0}}, {"type": "Feature", "geometry": {"type": "Point", "coordinates": [966077.9781423558, 1950200.3152275435]}, "properties": {"kind": "drone", "drone_id": 17, "frame": 28, "time_s": 28.0, "timestamp": "2025-01-01T00:00:28", "mode": "MIN_MAX", "is_static": false, "battery": 45.77181208053682}}, {"type": "Feature", "geometry": {"type": "Point", "coordinates": [966259.4943552611, 1951298.4300490567]}, "properties": {"kind": "drone", "drone_id": 18, "frame": 28, "time_s": 28.0, "timestamp": "2025-01-01T00:00:28", "mode": "MIN_MAX", "is_static": false, "battery": 45.77181208053682}}, {"type": "Feature", "geometry": {"type": "Point", "coordinates": [962622.1876593664, 1951505.1136619265]}, "properties": {"kind": "drone", "drone_id": 19, "frame": 28, "time_s": 28.0, "timestamp": "2025-01-01T00:00:28", "mode": "MIN_MAX", "is_static": false, "battery": 50.0}}, {"type": "Feature", "geometry": {"type": "Point", "coordinates": [965143.0653763943, 1949060.5430904466]}, "properties": {"kind": "drone", "drone_id": 20, "frame": 28, "time_s": 28.0, "timestamp": "2025-01-01T00:00:28", "mode": "MIN_MAX", "is_static": false, "battery": 45.77181208053682}}, {"type": "Feature", "geometry": {"type": "Point", "coordinates": [961972.6686065281, 1951730.1136619265]}, "properties": {"kind": "base_A", "drone_id": 0, "frame": 28, "time_s": 28.0, "timestamp": "2025-01-01T00:00:28", "mode": "MIN_MAX", "is_static": true, "battery": 50.0}}, {"type": "Feature", "geometry": {"type": "Point", "coordinates": [966389.3981658287, 1948730.1136619265]}, "properties": {"kind": "base_B", "drone_id": 0, "frame": 28, "time_s": 28.0, "timestamp": "2025-01-01T00:00:28", "mode": "MIN_MAX", "is_static": true, "battery": 50.0}}, {"type": "Feature", "geometry": {"type": "Point", "coordinates": [966259.4943552611, 1950155.0424438652]}, "properties": {"kind": "drone", "drone_id": 1, "frame": 29, "time_s": 29.0, "timestamp": "2025-01-01T00:00:29", "mode": "MIN_MAX", "is_static": false, "battery": 45.62080536912742}}, {"type": "Feature", "geometry": {"type": "Point", "coordinates": [966149.7190006363, 1949201.031766949]}, "properties": {"kind": "drone", "drone_id": 2, "frame": 29, "time_s": 29.0, "timestamp": "2025-01-01T00:00:29", "mode": "MIN_MAX", "is_static": false, "battery": 45.62080536912742}}, {"type": "Feature", "geometry": {"type": "Point", "coordinates": [963809.7671666847, 1950520.373438412]}, "properties": {"kind": "drone", "drone_id": 3, "frame": 29, "time_s": 29.0, "timestamp": "2025-01-01T00:00:29", "mode": "MIN_MAX", "is_static": false, "battery": 45.62080536912742}}, {"type": "Feature", "geometry": {"type": "Point", "coordinates": [962107.1318005604, 1951389.334358445]}, "properties": {"kind": "drone", "drone_id": 4, "frame": 29, "time_s": 29.0, "timestamp": "2025-01-01T00:00:29", "mode": "MIN_MAX", "is_static": false, "battery": 45.62080536912742}}, {"type": "Feature", "geometry": {"type": "Point", "coordinates": [966335.9265016685, 1949360.9855416233]}, "properties": {"kind": "drone", "drone_id": 5, "frame": 29, "time_s": 29.0, "timestamp": "2025-01-01T00:00:29", "mode": "MIN_MAX", "is_static": false, "battery": 45.62080536912742}}, {"type": "Feature", "geometry": {"type": "Point", "coordinates": [966259.4943552611, 1950521.6452431264]}, "properties": {"kind": "drone", "drone_id": 6, "frame": 29, "time_s": 29.0, "timestamp": "2025-01-01T00:00:29", "mode": "MIN_MAX", "is_static": false, "battery": 45.62080536912742}}, {"type": "Feature", "geometry": {"type": "Point", "coordinates": [962388.360726364, 1950620.1136192137]}, "properties": {"kind": "drone", "drone_id": 7, "frame": 29, "time_s": 29.0, "timestamp": "2025-01-01T00:00:29", "mode": "MIN_MAX", "is_static": false, "battery": 45.62080536912742}}, {"type": "Feature", "geometry": {"type": "Point", "coordinates": [966259.4943552611, 1950382.5935293608]}, "properties": {"kind": "drone", "drone_id": 8, "frame": 29, "time_s": 29.0, "timestamp": "2025-01-01T00:00:29", "mode": "MIN_MAX", "is_static": false, "battery": 45.62080536912742}}, {"type": "Feature", "geometry": {"type": "Point", "coordinates": [962956.2260293976, 1951312.2565190694]}, "properties": {"kind": "drone", "drone_id": 9, "frame": 29, "time_s": 29.0, "timestamp": "2025-01-01T00:00:29", "mode": "MIN_MAX", "is_static": false, "battery": 47.00000000000062}}, {"type": "Feature", "geometry": {"type": "Point", "coordinates": [965944.0136724538, 1949437.2565190694]}, "properties": {"kind": "drone", "drone_id": 10, "frame": 29, "time_s": 29.0, "timestamp": "2025-01-01T00:00:29", "mode": "MIN_MAX", "is_static": false, "battery": 48.49999999999981}}, {"type": "Feature", "geometry": {"type": "Point", "coordinates": [965480.0714918551, 1949345.5336496315]}, "properties": {"kind": "drone", "drone_id": 11, "frame": 29, "time_s": 29.0, "timestamp": "2025-01-01T00:00:29", "mode": "MIN_MAX", "is_static": false, "battery": 45.62080536912742}}, {"type": "Feature", "geometry": {"type": "Point", "coordinates": [963401.6105227724, 1948930.9171766634]}, "properties": {"kind": "drone", "drone_id": 12, "frame": 29, "time_s": 29.0, "timestamp": "2025-01-01T00:00:29", "mode": "MIN_MAX", "is_static": false, "battery": 45.62080536912742}}, {"type": "Feature", "geometry": {"type": "Point", "coordinates": [963921.225765043, 1949634.5447371567]}, "properties": {"kind": "drone", "drone_id": 13, "frame": 29, "time_s": 29.0, "timestamp": "2025-01-01T00:00:29", "mode": "MIN_MAX", "is_static": false, "battery": 45.62080536912742}}, {"type": "Feature", "geometry": {"type": "Point", "coordinates": [963698.0547788842, 1950883.9614908607]}, "properties": {"kind": "drone", "drone_id": 14, "frame": 29, "time_s": 29.0, "timestamp": "2025-01-01T00:00:29", "mode": "MIN_MAX", "is_static": false, "battery": 45.62080536912742}}, {"type": "Feature", "geometry": {"type": "Point", "coordinates": [962232.4762276635, 1950941.8367435592]}, "properties": {"kind": "drone", "drone_id": 15, "frame": 29, "time_s": 29.0, "timestamp": "2025-01-01T00:00:29", "mode": "MIN_MAX", "is_static": false, "battery": 45.62080536912742}}, {"type": "Feature", "geometry": {"type": "Point", "coordinates": [963531.5143333401, 1950980.1136619265]}, "properties": {"kind": "drone", "drone_id": 16, "frame": 29, "time_s": 29.0, "timestamp": "2025-01-01T00:00:29", "mode": "MIN_MAX", "is_static": false, "battery": 50.0}}, {"type": "Feature", "geometry": {"type": "Point", "coordinates": [966065.777148153, 1950193.270980256]}, "properties": {"kind": "drone", "drone_id": 17, "frame": 29, "time_s": 29.0, "timestamp": "2025-01-01T00:00:29", "mode": "MIN_MAX", "is_static": false, "battery": 45.62080536912742}}, {"type": "Feature", "geometry": {"type": "Point", "coordinates": [966259.4943552611, 1951284.5373751072]}, "properties": {"kind": "drone", "drone_id": 18, "frame": 29, "time_s": 29.0, "timestamp": "2025-01-01T00:00:29", "mode": "MIN_MAX", "is_static": false, "battery": 45.62080536912742}}, {"type": "Feature", "geometry": {"type": "Point", "coordinates": [962622.1876593664, 1951505.1136619265]}, "properties": {"kind": "drone", "drone_id": 19, "frame": 29, "time_s": 29.0, "timestamp": "2025-01-01T00:00:29", "mode": "MIN_MAX", "is_static": false, "battery": 50.0}}, {"type": "Feature", "geometry": {"type": "Point", "coordinates": [965155.339833105, 1949067.6297513328]}, "properties": {"kind": "drone", "drone_id": 20, "frame": 29, "time_s": 29.0, "timestamp": "2025-01-01T00:00:29", "mode": "MIN_MAX", "is_static": false, "battery": 45.62080536912742}}, {"type": "Feature", "geometry": {"type": "Point", "coordinates": [961972.6686065281, 1951730.1136619265]}, "properties": {"kind": "base_A", "drone_id": 0, "frame": 29, "time_s": 29.0, "timestamp": "2025-01-01T00:00:29", "mode": "MIN_MAX", "is_static": true, "battery": 50.0}}, {"type": "Feature", "geometry": {"type": "Point", "coordinates": [966389.3981658287, 1948730.1136619265]}, "properties": {"kind": "base_B", "drone_id": 0, "frame": 29, "time_s": 29.0, "timestamp": "2025-01-01T00:00:29", "mode": "MIN_MAX", "is_static": true, "battery": 50.0}}, {"type": "Feature", "geometry": {"type": "Point", "coordinates": [966259.4943552611, 1950136.6670957913]}, "properties": {"kind": "drone", "drone_id": 1, "frame": 30, "time_s": 30.0, "timestamp": "2025-01-01T00:00:30", "mode": "MIN_MAX", "is_static": false, "battery": 45.469798657718016}}, {"type": "Feature", "geometry": {"type": "Point", "coordinates": [966161.4046759604, 1949213.1758769783]}, "properties": {"kind": "drone", "drone_id": 2, "frame": 30, "time_s": 30.0, "timestamp": "2025-01-01T00:00:30", "mode": "MIN_MAX", "is_static": false, "battery": 45.469798657718016}}, {"type": "Feature", "geometry": {"type": "Point", "coordinates": [963809.8796416994, 1950519.3993762122]}, "properties": {"kind": "drone", "drone_id": 3, "frame": 30, "time_s": 30.0, "timestamp": "2025-01-01T00:00:30", "mode": "MIN_MAX", "is_static": false, "battery": 45.49999999999981}}, {"type": "Feature", "geometry": {"type": "Point", "coordinates": [962109.3831035806, 1951406.2316337065]}, "properties": {"kind": "drone", "drone_id": 4, "frame": 30, "time_s": 30.0, "timestamp": "2025-01-01T00:00:30", "mode": "MIN_MAX", "is_static": false, "battery": 45.469798657718016}}, {"type": "Feature", "geometry": {"type": "Point", "coordinates": [966340.6069482084, 1949358.2832845536]}, "properties": {"kind": "drone", "drone_id": 5, "frame": 30, "time_s": 30.0, "timestamp": "2025-01-01T00:00:30", "mode": "MIN_MAX", "is_static": false, "battery": 45.469798657718016}}, {"type": "Feature", "geometry": {"type": "Point", "coordinates": [966259.4943552611, 1950506.6574967005]}, "properties": {"kind": "drone", "drone_id": 6, "frame": 30, "time_s": 30.0, "timestamp": "2025-01-01T00:00:30", "mode": "MIN_MAX", "is_static": false, "battery": 45.469798657718016}}, {"type": "Feature", "geometry": {"type": "Point", "coordinates": [962405.500116273, 1950630.0090505914]}, "properties": {"kind": "drone", "drone_id": 7, "frame": 30, "time_s": 30.0, "timestamp": "2025-01-01T00:00:30", "mode": "MIN_MAX", "is_static": false, "battery": 45.469798657718016}}, {"type": "Feature", "geometry": {"type": "Point", "coordinates": [966259.4943552611, 1950368.2070469817]}, "properties": {"kind": "drone", "drone_id": 8, "frame": 30, "time_s": 30.0, "timestamp": "2025-01-01T00:00:30", "mode": "MIN_MAX", "is_static": false, "battery": 45.469798657718016}}, {"type": "Feature", "geometry": {"type": "Point", "coordinates": [962956.2260293976, 1951312.2565190694]}, "properties": {"kind": "drone", "drone_id": 9, "frame": 30, "time_s": 30.0, "timestamp": "2025-01-01T00:00:30", "mode": "MIN_MAX", "is_static": false, "battery": 47.00000000000062}}, {"type": "Feature", "geometry": {"type": "Point", "coordinates": [965944.0136724538, 1949437.2565190694]}, "properties": {"kind": "drone", "drone_id": 10, "frame": 30, "time_s": 30.0, "timestamp": "2025-01-01T00:00:30", "mode": "MIN_MAX", "is_static": false, "battery": 48.49999999999981}}, {"type": "Feature", "geometry": {"type": "Point", "coordinates": [965480.0714918551, 1949360.9676592075]}, "properties": {"kind": "drone", "drone_id": 11, "frame": 30, "time_s": 30.0, "timestamp": "2025-01-01T00:00:30", "mode": "MIN_MAX", "is_static": false, "battery": 45.469798657718016}}, {"type": "Feature", "geometry": {"type": "Point", "coordinates": [963401.6105227724, 1948948.0781210973]}, "properties": {"kind": "drone", "drone_id": 12, "frame": 30, "time_s": 30.0, "timestamp": "2025-01-01T00:00:30", "mode": "MIN_MAX", "is_static": false, "battery": 45.469798657718016}}, {"type": "Feature", "geometry": {"type": "Point", "coordinates": [963921.225765043, 1949655.771135096]}, "properties": {"kind": "drone", "drone_id": 13, "frame": 30, "time_s": 30.0, "timestamp": "2025-01-01T00:00:30", "mode": "MIN_MAX", "is_static": false, "battery": 45.469798657718016}}, {"type": "Feature", "geometry": {"type": "Point", "coordinates": [963713.0546444182, 1950875.3013144569]}, "properties": {"kind": "drone", "drone_id": 14, "frame": 30, "time_s": 30.0, "timestamp": "2025-01-01T00:00:30", "mode": "MIN_MAX", "is_static": false, "battery": 45.469798657718016}}, {"type": "Feature", "geometry": {"type": "Point", "coordinates": [962232.4762276635, 1950964.8696434507]}, "properties": {"kind": "drone", "drone_id": 15, "frame": 30, "time_s": 30.0, "timestamp": "2025-01-01T00:00:30", "mode": "MIN_MAX", "is_static": false, "battery": 45.469798657718016}}, {"type": "Feature", "geometry": {"type": "Point", "coordinates": [963531.5143333401, 1950980.1136619265]}, "properties": {"kind": "drone", "drone_id": 16, "frame": 30, "time_s": 30.0, "timestamp": "2025-01-01T00:00:30", "mode": "MIN_MAX", "is_static": false, "battery": 50.0}}, {"type": "Feature", "geometry": {"type": "Point", "coordinates": [966053.2528468482, 1950186.0400715263]}, "properties": {"kind": "drone", "drone_id": 17, "frame": 30, "time_s": 30.0, "timestamp": "2025-01-01T00:00:30", "mode": "MIN_MAX", "is_static": false, "battery": 45.469798657718016}}, {"type": "Feature", "geometry": {"type": "Point", "coordinates": [966259.4943552611, 1951270.2765672107]}, "properties": {"kind": "drone", "drone_id": 18, "frame": 30, "time_s": 30.0, "timestamp": "2025-01-01T00:00:30", "mode": "MIN_MAX", "is_static": false, "battery": 45.469798657718016}}, {"type": "Feature", "geometry": {"type": "Point", "coordinates": [962622.1876593664, 1951505.1136619265]}, "properties": {"kind": "drone", "drone_id": 19, "frame": 30, "time_s": 30.0, "timestamp": "2025-01-01T00:00:30", "mode": "MIN_MAX", "is_static": false, "battery": 50.0}}, {"type": "Feature", "geometry": {"type": "Point", "coordinates": [965167.9395435582, 1949074.9041975546]}, "properties": {"kind": "drone", "drone_id": 20, "frame": 30, "time_s": 30.0, "timestamp": "2025-01-01T00:00:30", "mode": "MIN_MAX", "is_static": false, "battery": 45.469798657718016}}, {"type": "Feature", "geometry": {"type": "Point", "coordinates": [961972.6686065281, 1951730.1136619265]}, "properties": {"kind": "base_A", "drone_id": 0, "frame": 30, "time_s": 30.0, "timestamp": "2025-01-01T00:00:30", "mode": "MIN_MAX", "is_static": true, "battery": 50.0}}, {"type": "Feature", "geometry": {"type": "Point", "coordinates": [966389.3981658287, 1948730.1136619265]}, "properties": {"kind": "base_B", "drone_id": 0, "frame": 30, "time_s": 30.0, "timestamp": "2025-01-01T00:00:30", "mode": "MIN_MAX", "is_static": true, "battery": 50.0}}, {"type": "Feature", "geometry": {"type": "Point", "coordinates": [966259.4943552611, 1950117.940891557]}, "properties": {"kind": "drone", "drone_id": 1, "frame": 31, "time_s": 31.0, "timestamp": "2025-01-01T00:00:31", "mode": "MIN_MAX", "is_static": false, "battery": 45.31879194630862}}, {"type": "Feature", "geometry": {"type": "Point", "coordinates": [966172.3056273396, 1949224.5044779622]}, "properties": {"kind": "drone", "drone_id": 2, "frame": 31, "time_s": 31.0, "timestamp": "2025-01-01T00:00:31", "mode": "MIN_MAX", "is_static": false, "battery": 45.31879194630862}}, {"type": "Feature", "geometry": {"type": "Point", "coordinates": [963809.8796416994, 1950519.3993762122]}, "properties": {"kind": "drone", "drone_id": 3, "frame": 31, "time_s": 31.0, "timestamp": "2025-01-01T00:00:31", "mode": "MIN_MAX", "is_static": false, "battery": 45.49999999999981}}, {"type": "Feature", "geometry": {"type": "Point", "coordinates": [962111.4832256602, 1951421.9942123303]}, "properties": {"kind": "drone", "drone_id": 4, "frame": 31, "time_s": 31.0, "timestamp": "2025-01-01T00:00:31", "mode": "MIN_MAX", "is_static": false, "battery": 45.31879194630862}}, {"type": "Feature", "geometry": {"type": "Point", "coordinates": [966345.3767624977, 1949355.5294309896]}, "properties": {"kind": "drone", "drone_id": 5, "frame": 31, "time_s": 31.0, "timestamp": "2025-01-01T00:00:31", "mode": "MIN_MAX", "is_static": false, "battery": 45.31879194630862}}, {"type": "Feature", "geometry": {"type": "Point", "coordinates": [966259.4943552611, 1950491.3031097222]}, "properties": {"kind": "drone", "drone_id": 6, "frame": 31, "time_s": 31.0, "timestamp": "2025-01-01T00:00:31", "mode": "MIN_MAX", "is_static": false, "battery": 45.31879194630862}}, {"type": "Feature", "geometry": {"type": "Point", "coordinates": [962422.9246830745, 1950640.0691289247]}, "properties": {"kind": "drone", "drone_id": 7, "frame": 31, "time_s": 31.0, "timestamp": "2025-01-01T00:00:31", "mode": "MIN_MAX", "is_static": false, "battery": 45.31879194630862}}, {"type": "Feature", "geometry": {"type": "Point", "coordinates": [966259.4943552611, 1950353.4573486035]}, "properties": {"kind": "drone", "drone_id": 8, "frame": 31, "time_s": 31.0, "timestamp": "2025-01-01T00:00:31", "mode": "MIN_MAX", "is_static": false, "battery": 45.31879194630862}}, {"type": "Feature", "geometry": {"type": "Point", "coordinates": [962956.2260293976, 1951312.2565190694]}, "properties": {"kind": "drone", "drone_id": 9, "frame": 31, "time_s": 31.0, "timestamp": "2025-01-01T00:00:31", "mode": "MIN_MAX", "is_static": false, "battery": 47.00000000000062}}, {"type": "Feature", "geometry": {"type": "Point", "coordinates": [965944.0136724538, 1949437.2565190694]}, "properties": {"kind": "drone", "drone_id": 10, "frame": 31, "time_s": 31.0, "timestamp": "2025-01-01T00:00:31", "mode": "MIN_MAX", "is_static": false, "battery": 48.49999999999981}}, {"type": "Feature", "geometry": {"type": "Point", "coordinates": [965480.0714918551, 1949376.7792261317]}, "properties": {"kind": "drone", "drone_id": 11, "frame": 31, "time_s": 31.0, "timestamp": "2025-01-01T00:00:31", "mode": "MIN_MAX", "is_static": false, "battery": 45.31879194630862}}, {"type": "Feature", "geometry": {"type": "Point", "coordinates": [963410.6905489423, 1948960.35601748]}, "properties": {"kind": "drone", "drone_id": 12, "frame": 31, "time_s": 31.0, "timestamp": "2025-01-01T00:00:31", "mode": "MIN_MAX", "is_static": false, "battery": 45.31879194630862}}, {"type": "Feature", "geometry": {"type": "Point", "coordinates": [963921.225765043, 1949677.168892445]}, "properties": {"kind": "drone", "drone_id": 13, "frame": 31, "time_s": 31.0, "timestamp": "2025-01-01T00:00:31", "mode": "MIN_MAX", "is_static": false, "battery": 45.31879194630862}}, {"type": "Feature", "geometry": {"type": "Point", "coordinates": [963727.0472293862, 1950867.2226917588]}, "properties": {"kind": "drone", "drone_id": 14, "frame": 31, "time_s": 31.0, "timestamp": "2025-01-01T00:00:31", "mode": "MIN_MAX", "is_static": false, "battery": 45.31879194630862}}, {"type": "Feature", "geometry": {"type": "Point", "coordinates": [962232.4762276635, 1950988.0884865317]}, "properties": {"kind": "drone", "drone_id": 15, "frame": 31, "time_s": 31.0, "timestamp": "2025-01-01T00:00:31", "mode": "MIN_MAX", "is_static": false, "battery": 45.31879194630862}}, {"type": "Feature", "geometry": {"type": "Point", "coordinates": [963531.5143333401, 1950980.1136619265]}, "properties": {"kind": "drone", "drone_id": 16, "frame": 31, "time_s": 31.0, "timestamp": "2025-01-01T00:00:31", "mode": "MIN_MAX", "is_static": false, "battery": 50.0}}, {"type": "Feature", "geometry": {"type": "Point", "coordinates": [966040.4123440923, 1950178.6266038036]}, "properties": {"kind": "drone", "drone_id": 17, "frame": 31, "time_s": 31.0, "timestamp": "2025-01-01T00:00:31", "mode": "MIN_MAX", "is_static": false, "battery": 45.31879194630862}}, {"type": "Feature", "geometry": {"type": "Point", "coordinates": [966259.4943552611, 1951255.6557162234]}, "properties": {"kind": "drone", "drone_id": 18, "frame": 31, "time_s": 31.0, "timestamp": "2025-01-01T00:00:31", "mode": "MIN_MAX", "is_static": false, "battery": 45.31879194630862}}, {"type": "Feature", "geometry": {"type": "Point", "coordinates": [962622.1876593664, 1951505.1136619265]}, "properties": {"kind": "drone", "drone_id": 19, "frame": 31, "time_s": 31.0, "timestamp": "2025-01-01T00:00:31", "mode": "MIN_MAX", "is_static": false, "battery": 50.0}}, {"type": "Feature", "geometry": {"type": "Point", "coordinates": [965180.8573593199, 1949082.362301962]}, "properties": {"kind": "drone", "drone_id": 20, "frame": 31, "time_s": 31.0, "timestamp": "2025-01-01T00:00:31", "mode": "MIN_MAX", "is_static": false, "battery": 45.31879194630862}}, {"type": "Feature", "geometry": {"type": "Point", "coordinates": [961972.6686065281, 1951730.1136619265]}, "properties": {"kind": "base_A", "drone_id": 0, "frame": 31, "time_s": 31.0, "timestamp": "2025-01-01T00:00:31", "mode": "MIN_MAX", "is_static": true, "battery": 50.0}}, {"type": "Feature", "geometry": {"type": "Point", "coordinates": [966389.3981658287, 1948730.1136619265]}, "properties": {"kind": "base_B", "drone_id": 0, "frame": 31, "time_s": 31.0, "timestamp": "2025-01-01T00:00:31", "mode": "MIN_MAX", "is_static": true, "battery": 50.0}}, {"type": "Feature", "geometry": {"type": "Point", "coordinates": [966259.4943552611, 1950098.8816713055]}, "properties": {"kind": "drone", "drone_id": 1, "frame": 32, "time_s": 32.0, "timestamp": "2025-01-01T00:00:32", "mode": "MIN_MAX", "is_static": false, "battery": 45.16778523489922}}, {"type": "Feature", "geometry": {"type": "Point", "coordinates": [966182.3444149109, 1949234.9370920341]}, "properties": {"kind": "drone", "drone_id": 2, "frame": 32, "time_s": 32.0, "timestamp": "2025-01-01T00:00:32", "mode": "MIN_MAX", "is_static": false, "battery": 45.16778523489922}}, {"type": "Feature", "geometry": {"type": "Point", "coordinates": [963809.8796416994, 1950519.3993762122]}, "properties": {"kind": "drone", "drone_id": 3, "frame": 32, "time_s": 32.0, "timestamp": "2025-01-01T00:00:32", "mode": "MIN_MAX", "is_static": false, "battery": 45.49999999999981}}, {"type": "Feature", "geometry": {"type": "Point", "coordinates": [962113.4172476274, 1951436.5101176742]}, "properties": {"kind": "drone", "drone_id": 4, "frame": 32, "time_s": 32.0, "timestamp": "2025-01-01T00:00:32", "mode": "MIN_MAX", "is_static": false, "battery": 45.16778523489922}}, {"type": "Feature", "geometry": {"type": "Point", "coordinates": [966350.2314004136, 1949352.7266044822]}, "properties": {"kind": "drone", "drone_id": 5, "frame": 32, "time_s": 32.0, "timestamp": "2025-01-01T00:00:32", "mode": "MIN_MAX", "is_static": false, "battery": 45.16778523489922}}, {"type": "Feature", "geometry": {"type": "Point", "coordinates": [966259.4943552611, 1950475.5913564046]}, "properties": {"kind": "drone", "drone_id": 6, "frame": 32, "time_s": 32.0, "timestamp": "2025-01-01T00:00:32", "mode": "MIN_MAX", "is_static": false, "battery": 45.16778523489922}}, {"type": "Feature", "geometry": {"type": "Point", "coordinates": [962440.6150269799, 1950650.2826537406]}, "properties": {"kind": "drone", "drone_id": 7, "frame": 32, "time_s": 32.0, "timestamp": "2025-01-01T00:00:32", "mode": "MIN_MAX", "is_static": false, "battery": 45.16778523489922}}, {"type": "Feature", "geometry": {"type": "Point", "coordinates": [966259.4943552611, 1950338.352596384]}, "properties": {"kind": "drone", "drone_id": 8, "frame": 32, "time_s": 32.0, "timestamp": "2025-01-01T00:00:32", "mode": "MIN_MAX", "is_static": false, "battery": 45.16778523489922}}, {"type": "Feature", "geometry": {"type": "Point", "coordinates": [962956.2260293976, 1951312.2565190694]}, "properties": {"kind": "drone", "drone_id": 9, "frame": 32, "time_s": 32.0, "timestamp": "2025-01-01T00:00:32", "mode": "MIN_MAX", "is_static": false, "battery": 47.00000000000062}}, {"type": "Feature", "geometry": {"type": "Point", "coordinates": [965944.0136724538, 1949437.2565190694]}, "properties": {"kind": "drone", "drone_id": 10, "frame": 32, "time_s": 32.0, "timestamp": "2025-01-01T00:00:32", "mode": "MIN_MAX", "is_static": false, "battery": 48.49999999999981}}, {"type": "Feature", "geometry": {"type": "Point", "coordinates": [965480.0714918551, 1949392.9588000497]}, "properties": {"kind": "drone", "drone_id": 11, "frame": 32, "time_s": 32.0, "timestamp": "2025-01-01T00:00:32", "mode": "MIN_MAX", "is_static": false, "battery": 45.16778523489922}}, {"type": "Feature", "geometry": {"type": "Point", "coordinates": [963426.162069577, 1948969.2885040832]}, "properties": {"kind": "drone", "drone_id": 12, "frame": 32, "time_s": 32.0, "timestamp": "2025-01-01T00:00:32", "mode": "MIN_MAX", "is_static": false, "battery": 45.16778523489922}}, {"type": "Feature", "geometry": {"type": "Point", "coordinates": [963921.225765043, 1949698.7020596773]}, "properties": {"kind": "drone", "drone_id": 13, "frame": 32, "time_s": 32.0, "timestamp": "2025-01-01T00:00:32", "mode": "MIN_MAX", "is_static": false, "battery": 45.16778523489922}}, {"type": "Feature", "geometry": {"type": "Point", "coordinates": [963739.9331311007, 1950859.7830129352]}, "properties": {"kind": "drone", "drone_id": 14, "frame": 32, "time_s": 32.0, "timestamp": "2025-01-01T00:00:32", "mode": "MIN_MAX", "is_static": false, "battery": 45.16778523489922}}, {"type": "Feature", "geometry": {"type": "Point", "coordinates": [962232.4762276635, 1951011.4542637412]}, "properties": {"kind": "drone", "drone_id": 15, "frame": 32, "time_s": 32.0, "timestamp": "2025-01-01T00:00:32", "mode": "MIN_MAX", "is_static": false, "battery": 45.16778523489922}}, {"type": "Feature", "geometry": {"type": "Point", "coordinates": [963531.5143333401, 1950980.1136619265]}, "properties": {"kind": "drone", "drone_id": 16, "frame": 32, "time_s": 32.0, "timestamp": "2025-01-01T00:00:32", "mode": "MIN_MAX", "is_static": false, "battery": 50.0}}, {"type": "Feature", "geometry": {"type": "Point", "coordinates": [966027.2627455355, 1950171.0346795372]}, "properties": {"kind": "drone", "drone_id": 17, "frame": 32, "time_s": 32.0, "timestamp": "2025-01-01T00:00:32", "mode": "MIN_MAX", "is_static": false, "battery": 45.16778523489922}}, {"type": "Feature", "geometry": {"type": "Point", "coordinates": [966259.4943552611, 1951240.682913001]}, "properties": {"kind": "drone", "drone_id": 18, "frame": 32, "time_s": 32.0, "timestamp": "2025-01-01T00:00:32", "mode": "MIN_MAX", "is_static": false, "battery": 45.16778523489922}}, {"type": "Feature", "geometry": {"type": "Point", "coordinates": [962622.1876593664, 1951505.1136619265]}, "properties": {"kind": "drone", "drone_id": 19, "frame": 32, "time_s": 32.0, "timestamp": "2025-01-01T00:00:32", "mode": "MIN_MAX", "is_static": false, "battery": 50.0}}, {"type": "Feature", "geometry": {"type": "Point", "coordinates": [965194.0861319563, 1949089.9999374046]}, "properties": {"kind": "drone", "drone_id": 20, "frame": 32, "time_s": 32.0, "timestamp": "2025-01-01T00:00:32", "mode": "MIN_MAX", "is_static": false, "battery": 45.16778523489922}}, {"type": "Feature", "geometry": {"type": "Point", "coordinates": [961972.6686065281, 1951730.1136619265]}, "properties": {"kind": "base_A", "drone_id": 0, "frame": 32, "time_s": 32.0, "timestamp": "2025-01-01T00:00:32", "mode": "MIN_MAX", "is_static": true, "battery": 50.0}}, {"type": "Feature", "geometry": {"type": "Point", "coordinates": [966389.3981658287, 1948730.1136619265]}, "properties": {"kind": "base_B", "drone_id": 0, "frame": 32, "time_s": 32.0, "timestamp": "2025-01-01T00:00:32", "mode": "MIN_MAX", "is_static": true, "battery": 50.0}}, {"type": "Feature", "geometry": {"type": "Point", "coordinates": [966259.4943552611, 1950079.507275181]}, "properties": {"kind": "drone", "drone_id": 1, "frame": 33, "time_s": 33.0, "timestamp": "2025-01-01T00:00:33", "mode": "MIN_MAX", "is_static": false, "battery": 45.01677852348982}}, {"type": "Feature", "geometry": {"type": "Point", "coordinates": [966191.4435988114, 1949244.393241328]}, "properties": {"kind": "drone", "drone_id": 2, "frame": 33, "time_s": 33.0, "timestamp": "2025-01-01T00:00:33", "mode": "MIN_MAX", "is_static": false, "battery": 45.01677852348982}}, {"type": "Feature", "geometry": {"type": "Point", "coordinates": [963809.8796416994, 1950519.3993762122]}, "properties": {"kind": "drone", "drone_id": 3, "frame": 33, "time_s": 33.0, "timestamp": "2025-01-01T00:00:33", "mode": "MIN_MAX", "is_static": false, "battery": 45.49999999999981}}, {"type": "Feature", "geometry": {"type": "Point", "coordinates": [962115.1702503104, 1951449.6673730966]}, "properties": {"kind": "drone", "drone_id": 4, "frame": 33, "time_s": 33.0, "timestamp": "2025-01-01T00:00:33", "mode": "MIN_MAX", "is_static": false, "battery": 45.01677852348982}}, {"type": "Feature", "geometry": {"type": "Point", "coordinates": [966355.1663178332, 1949349.8774285815]}, "properties": {"kind": "drone", "drone_id": 5, "frame": 33, "time_s": 33.0, "timestamp": "2025-01-01T00:00:33", "mode": "MIN_MAX", "is_static": false, "battery": 45.01677852348982}}, {"type": "Feature", "geometry": {"type": "Point", "coordinates": [966259.4943552611, 1950459.5315109603]}, "properties": {"kind": "drone", "drone_id": 6, "frame": 33, "time_s": 33.0, "timestamp": "2025-01-01T00:00:33", "mode": "MIN_MAX", "is_static": false, "battery": 45.01677852348982}}, {"type": "Feature", "geometry": {"type": "Point", "coordinates": [962458.5517482009, 1950660.638424566]}, "properties": {"kind": "drone", "drone_id": 7, "frame": 33, "time_s": 33.0, "timestamp": "2025-01-01T00:00:33", "mode": "MIN_MAX", "is_static": false, "battery": 45.01677852348982}}, {"type": "Feature", "geometry": {"type": "Point", "coordinates": [966259.4943552611, 1950322.9009524803]}, "properties": {"kind": "drone", "drone_id": 8, "frame": 33, "time_s": 33.0, "timestamp": "2025-01-01T00:00:33", "mode": "MIN_MAX", "is_static": false, "battery": 45.01677852348982}}, {"type": "Feature", "geometry": {"type": "Point", "coordinates": [962956.2260293976, 1951312.2565190694]}, "properties": {"kind": "drone", "drone_id": 9, "frame": 33, "time_s": 33.0, "timestamp": "2025-01-01T00:00:33", "mode": "MIN_MAX", "is_static": false, "battery": 47.00000000000062}}, {"type": "Feature", "geometry": {"type": "Point", "coordinates": [965944.0136724538, 1949437.2565190694]}, "properties": {"kind": "drone", "drone_id": 10, "frame": 33, "time_s": 33.0, "timestamp": "2025-01-01T00:00:33", "mode": "MIN_MAX", "is_static": false, "battery": 48.49999999999981}}, {"type": "Feature", "geometry": {"type": "Point", "coordinates": [965480.0714918551, 1949409.4968306068]}, "properties": {"kind": "drone", "drone_id": 11, "frame": 33, "time_s": 33.0, "timestamp": "2025-01-01T00:00:33", "mode": "MIN_MAX", "is_static": false, "battery": 45.01677852348982}}, {"type": "Feature", "geometry": {"type": "Point", "coordinates": [963441.9194955422, 1948978.386058206]}, "properties": {"kind": "drone", "drone_id": 12, "frame": 33, "time_s": 33.0, "timestamp": "2025-01-01T00:00:33", "mode": "MIN_MAX", "is_static": false, "battery": 45.01677852348982}}, {"type": "Feature", "geometry": {"type": "Point", "coordinates": [963921.225765043, 1949720.3346872663]}, "properties": {"kind": "drone", "drone_id": 13, "frame": 33, "time_s": 33.0, "timestamp": "2025-01-01T00:00:33", "mode": "MIN_MAX", "is_static": false, "battery": 45.01677852348982}}, {"type": "Feature", "geometry": {"type": "Point", "coordinates": [963751.6129468743, 1950853.0396681542]}, "properties": {"kind": "drone", "drone_id": 14, "frame": 33, "time_s": 33.0, "timestamp": "2025-01-01T00:00:33", "mode": "MIN_MAX", "is_static": false, "battery": 45.01677852348982}}, {"type": "Feature", "geometry": {"type": "Point", "coordinates": [962232.4762276635, 1951034.9279660187]}, "properties": {"kind": "drone", "drone_id": 15, "frame": 33, "time_s": 33.0, "timestamp": "2025-01-01T00:00:33", "mode": "MIN_MAX", "is_static": false, "battery": 45.01677852348982}}, {"type": "Feature", "geometry": {"type": "Point", "coordinates": [963531.5143333401, 1950980.1136619265]}, "properties": {"kind": "drone", "drone_id": 16, "frame": 33, "time_s": 33.0, "timestamp": "2025-01-01T00:00:33", "mode": "MIN_MAX", "is_static": false, "battery": 50.0}}, {"type": "Feature", "geometry": {"type": "Point", "coordinates": [966013.8111568285, 1950163.2684011762]}, "properties": {"kind": "drone", "drone_id": 17, "frame": 33, "time_s": 33.0, "timestamp": "2025-01-01T00:00:33", "mode": "MIN_MAX", "is_static": false, "battery": 45.01677852348982}}, {"type": "Feature", "geometry": {"type": "Point", "coordinates": [966259.4943552611, 1951225.3662483995]}, "properties": {"kind": "drone", "drone_id": 18, "frame": 33, "time_s": 33.0, "timestamp": "2025-01-01T00:00:33", "mode": "MIN_MAX", "is_static": false, "battery": 45.01677852348982}}, {"type": "Feature", "geometry": {"type": "Point", "coordinates": [962622.1876593664, 1951505.1136619265]}, "properties": {"kind": "drone", "drone_id": 19, "frame": 33, "time_s": 33.0, "timestamp": "2025-01-01T00:00:33", "mode": "MIN_MAX", "is_static": false, "battery": 50.0}}, {"type": "Feature", "geometry": {"type": "Point", "coordinates": [965207.6187130336, 1949097.8129767324]}, "properties": {"kind": "drone", "drone_id": 20, "frame": 33, "time_s": 33.0, "timestamp": "2025-01-01T00:00:33", "mode": "MIN_MAX", "is_static": false, "battery": 45.01677852348982}}, {"type": "Feature", "geometry": {"type": "Point", "coordinates": [961972.6686065281, 1951730.1136619265]}, "properties": {"kind": "base_A", "drone_id": 0, "frame": 33, "time_s": 33.0, "timestamp": "2025-01-01T00:00:33", "mode": "MIN_MAX", "is_static": true, "battery": 50.0}}, {"type": "Feature", "geometry": {"type": "Point", "coordinates": [966389.3981658287, 1948730.1136619265]}, "properties": {"kind": "base_B", "drone_id": 0, "frame": 33, "time_s": 33.0, "timestamp": "2025-01-01T00:00:33", "mode": "MIN_MAX", "is_static": true, "battery": 50.0}}, {"type": "Feature", "geometry": {"type": "Point", "coordinates": [966259.4943552611, 1950059.835543327]}, "properties": {"kind": "drone", "drone_id": 1, "frame": 34, "time_s": 34.0, "timestamp": "2025-01-01T00:00:34", "mode": "MIN_MAX", "is_static": false, "battery": 44.865771812080425}}, {"type": "Feature", "geometry": {"type": "Point", "coordinates": [966199.5257391781, 1949252.7924479772]}, "properties": {"kind": "drone", "drone_id": 2, "frame": 34, "time_s": 34.0, "timestamp": "2025-01-01T00:00:34", "mode": "MIN_MAX", "is_static": false, "battery": 44.86577181208042}}, {"type": "Feature", "geometry": {"type": "Point", "coordinates": [963809.8796416994, 1950519.3993762122]}, "properties": {"kind": "drone", "drone_id": 3, "frame": 34, "time_s": 34.0, "timestamp": "2025-01-01T00:00:34", "mode": "MIN_MAX", "is_static": false, "battery": 45.49999999999981}}, {"type": "Feature", "geometry": {"type": "Point", "coordinates": [962116.7273145375, 1951461.3540019556]}, "properties": {"kind": "drone", "drone_id": 4, "frame": 34, "time_s": 34.0, "timestamp": "2025-01-01T00:00:34", "mode": "MIN_MAX", "is_static": false, "battery": 44.865771812080425}}, {"type": "Feature", "geometry": {"type": "Point", "coordinates": [966360.1769706338, 1949346.9845268384]}, "properties": {"kind": "drone", "drone_id": 5, "frame": 34, "time_s": 34.0, "timestamp": "2025-01-01T00:00:34", "mode": "MIN_MAX", "is_static": false, "battery": 44.86577181208042}}, {"type": "Feature", "geometry": {"type": "Point", "coordinates": [966249.1186656987, 1950449.1232547646]}, "properties": {"kind": "drone", "drone_id": 6, "frame": 34, "time_s": 34.0, "timestamp": "2025-01-01T00:00:34", "mode": "MIN_MAX", "is_static": false, "battery": 44.865771812080425}}, {"type": "Feature", "geometry": {"type": "Point", "coordinates": [962476.7154469485, 1950671.1252409273]}, "properties": {"kind": "drone", "drone_id": 7, "frame": 34, "time_s": 34.0, "timestamp": "2025-01-01T00:00:34", "mode": "MIN_MAX", "is_static": false, "battery": 44.86577181208042}}, {"type": "Feature", "geometry": {"type": "Point", "coordinates": [966259.4943552611, 1950307.1105790494]}, "properties": {"kind": "drone", "drone_id": 8, "frame": 34, "time_s": 34.0, "timestamp": "2025-01-01T00:00:34", "mode": "MIN_MAX", "is_static": false, "battery": 44.86577181208042}}, {"type": "Feature", "geometry": {"type": "Point", "coordinates": [962956.2260293976, 1951312.2565190694]}, "properties": {"kind": "drone", "drone_id": 9, "frame": 34, "time_s": 34.0, "timestamp": "2025-01-01T00:00:34", "mode": "MIN_MAX", "is_static": false, "battery": 47.00000000000062}}, {"type": "Feature", "geometry": {"type": "Point", "coordinates": [965944.0136724538, 1949437.2565190694]}, "properties": {"kind": "drone", "drone_id": 10, "frame": 34, "time_s": 34.0, "timestamp": "2025-01-01T00:00:34", "mode": "MIN_MAX", "is_static": false, "battery": 48.49999999999981}}, {"type": "Feature", "geometry": {"type": "Point", "coordinates": [965480.0714918551, 1949426.3837674486]}, "properties": {"kind": "drone", "drone_id": 11, "frame": 34, "time_s": 34.0, "timestamp": "2025-01-01T00:00:34", "mode": "MIN_MAX", "is_static": false, "battery": 44.865771812080425}}, {"type": "Feature", "geometry": {"type": "Point", "coordinates": [963457.950194791, 1948987.6413867325]}, "properties": {"kind": "drone", "drone_id": 12, "frame": 34, "time_s": 34.0, "timestamp": "2025-01-01T00:00:34", "mode": "MIN_MAX", "is_static": false, "battery": 44.865771812080425}}, {"type": "Feature", "geometry": {"type": "Point", "coordinates": [963921.225765043, 1949742.0308256857]}, "properties": {"kind": "drone", "drone_id": 13, "frame": 34, "time_s": 34.0, "timestamp": "2025-01-01T00:00:34", "mode": "MIN_MAX", "is_static": false, "battery": 44.865771812080425}}, {"type": "Feature", "geometry": {"type": "Point", "coordinates": [963761.9872740197, 1950847.050047584]}, "properties": {"kind": "drone", "drone_id": 14, "frame": 34, "time_s": 34.0, "timestamp": "2025-01-01T00:00:34", "mode": "MIN_MAX", "is_static": false, "battery": 44.865771812080425}}, {"type": "Feature", "geometry": {"type": "Point", "coordinates": [962232.4762276635, 1951058.4705843034]}, "properties": {"kind": "drone", "drone_id": 15, "frame": 34, "time_s": 34.0, "timestamp": "2025-01-01T00:00:34", "mode": "MIN_MAX", "is_static": false, "battery": 44.86577181208042}}, {"type": "Feature", "geometry": {"type": "Point", "coordinates": [963531.5143333401, 1950980.1136619265]}, "properties": {"kind": "drone", "drone_id": 16, "frame": 34, "time_s": 34.0, "timestamp": "2025-01-01T00:00:34", "mode": "MIN_MAX", "is_static": false, "battery": 50.0}}, {"type": "Feature", "geometry": {"type": "Point", "coordinates": [966000.0646836221, 1950155.3318711699]}, "properties": {"kind": "drone", "drone_id": 17, "frame": 34, "time_s": 34.0, "timestamp": "2025-01-01T00:00:34", "mode": "MIN_MAX", "is_static": false, "battery": 44.865771812080425}}, {"type": "Feature", "geometry": {"type": "Point", "coordinates": [966259.4943552611, 1951209.713813275]}, "properties": {"kind": "drone", "drone_id": 18, "frame": 34, "time_s": 34.0, "timestamp": "2025-01-01T00:00:34", "mode": "MIN_MAX", "is_static": false, "battery": 44.86577181208042}}, {"type": "Feature", "geometry": {"type": "Point", "coordinates": [962622.1876593664, 1951505.1136619265]}, "properties": {"kind": "drone", "drone_id": 19, "frame": 34, "time_s": 34.0, "timestamp": "2025-01-01T00:00:34", "mode": "MIN_MAX", "is_static": false, "battery": 50.0}}, {"type": "Feature", "geometry": {"type": "Point", "coordinates": [965220.2638707197, 1949106.4809236636]}, "properties": {"kind": "drone", "drone_id": 20, "frame": 34, "time_s": 34.0, "timestamp": "2025-01-01T00:00:34", "mode": "MIN_MAX", "is_static": false, "battery": 44.865771812080425}}, {"type": "Feature", "geometry": {"type": "Point", "coordinates": [961972.6686065281, 1951730.1136619265]}, "properties": {"kind": "base_A", "drone_id": 0, "frame": 34, "time_s": 34.0, "timestamp": "2025-01-01T00:00:34", "mode": "MIN_MAX", "is_static": true, "battery": 50.0}}, {"type": "Feature", "geometry": {"type": "Point", "coordinates": [966389.3981658287, 1948730.1136619265]}, "properties": {"kind": "base_B", "drone_id": 0, "frame": 34, "time_s": 34.0, "timestamp": "2025-01-01T00:00:34", "mode": "MIN_MAX", "is_static": true, "battery": 50.0}}, {"type": "Feature", "geometry": {"type": "Point", "coordinates": [966259.4943552611, 1950039.8843158875]}, "properties": {"kind": "drone", "drone_id": 1, "frame": 35, "time_s": 35.0, "timestamp": "2025-01-01T00:00:35", "mode": "MIN_MAX", "is_static": false, "battery": 44.71476510067102}}, {"type": "Feature", "geometry": {"type": "Point", "coordinates": [966206.5133961479, 1949260.0542341159]}, "properties": {"kind": "drone", "drone_id": 2, "frame": 35, "time_s": 35.0, "timestamp": "2025-01-01T00:00:35", "mode": "MIN_MAX", "is_static": false, "battery": 44.71476510067102}}, {"type": "Feature", "geometry": {"type": "Point", "coordinates": [963809.8796416994, 1950519.3993762122]}, "properties": {"kind": "drone", "drone_id": 3, "frame": 35, "time_s": 35.0, "timestamp": "2025-01-01T00:00:35", "mode": "MIN_MAX", "is_static": false, "battery": 45.49999999999981}}, {"type": "Feature", "geometry": {"type": "Point", "coordinates": [962118.073521137, 1951471.458027609]}, "properties": {"kind": "drone", "drone_id": 4, "frame": 35, "time_s": 35.0, "timestamp": "2025-01-01T00:00:35", "mode": "MIN_MAX", "is_static": false, "battery": 44.71476510067102}}, {"type": "Feature", "geometry": {"type": "Point", "coordinates": [966365.2588146924, 1949344.050522803]}, "properties": {"kind": "drone", "drone_id": 5, "frame": 35, "time_s": 35.0, "timestamp": "2025-01-01T00:00:35", "mode": "MIN_MAX", "is_static": false, "battery": 44.71476510067102}}, {"type": "Feature", "geometry": {"type": "Point", "coordinates": [966234.6316134265, 1950440.7591512355]}, "properties": {"kind": "drone", "drone_id": 6, "frame": 35, "time_s": 35.0, "timestamp": "2025-01-01T00:00:35", "mode": "MIN_MAX", "is_static": false, "battery": 44.71476510067102}}, {"type": "Feature", "geometry": {"type": "Point", "coordinates": [962495.0867234343, 1950681.7319023518]}, "properties": {"kind": "drone", "drone_id": 7, "frame": 35, "time_s": 35.0, "timestamp": "2025-01-01T00:00:35", "mode": "MIN_MAX", "is_static": false, "battery": 44.71476510067102}}, {"type": "Feature", "geometry": {"type": "Point", "coordinates": [966259.4943552611, 1950290.989638249]}, "properties": {"kind": "drone", "drone_id": 8, "frame": 35, "time_s": 35.0, "timestamp": "2025-01-01T00:00:35", "mode": "MIN_MAX", "is_static": false, "battery": 44.71476510067102}}, {"type": "Feature", "geometry": {"type": "Point", "coordinates": [962956.2260293976, 1951312.2565190694]}, "properties": {"kind": "drone", "drone_id": 9, "frame": 35, "time_s": 35.0, "timestamp": "2025-01-01T00:00:35", "mode": "MIN_MAX", "is_static": false, "battery": 47.00000000000062}}, {"type": "Feature", "geometry": {"type": "Point", "coordinates": [965944.0136724538, 1949437.2565190694]}, "properties": {"kind": "drone", "drone_id": 10, "frame": 35, "time_s": 35.0, "timestamp": "2025-01-01T00:00:35", "mode": "MIN_MAX", "is_static": false, "battery": 48.49999999999981}}, {"type": "Feature", "geometry": {"type": "Point", "coordinates": [965480.0714918551, 1949443.6100602206]}, "properties": {"kind": "drone", "drone_id": 11, "frame": 35, "time_s": 35.0, "timestamp": "2025-01-01T00:00:35", "mode": "MIN_MAX", "is_static": false, "battery": 44.71476510067102}}, {"type": "Feature", "geometry": {"type": "Point", "coordinates": [963474.241535276, 1948997.047196547]}, "properties": {"kind": "drone", "drone_id": 12, "frame": 35, "time_s": 35.0, "timestamp": "2025-01-01T00:00:35", "mode": "MIN_MAX", "is_static": false, "battery": 44.71476510067102}}, {"type": "Feature", "geometry": {"type": "Point", "coordinates": [963921.225765043, 1949763.7545254086]}, "properties": {"kind": "drone", "drone_id": 13, "frame": 35, "time_s": 35.0, "timestamp": "2025-01-01T00:00:35", "mode": "MIN_MAX", "is_static": false, "battery": 44.71476510067102}}, {"type": "Feature", "geometry": {"type": "Point", "coordinates": [963770.9567098493, 1950841.8715413935]}, "properties": {"kind": "drone", "drone_id": 14, "frame": 35, "time_s": 35.0, "timestamp": "2025-01-01T00:00:35", "mode": "MIN_MAX", "is_static": false, "battery": 44.71476510067102}}, {"type": "Feature", "geometry": {"type": "Point", "coordinates": [962232.4762276635, 1951082.0431095345]}, "properties": {"kind": "drone", "drone_id": 15, "frame": 35, "time_s": 35.0, "timestamp": "2025-01-01T00:00:35", "mode": "MIN_MAX", "is_static": false, "battery": 44.71476510067102}}, {"type": "Feature", "geometry": {"type": "Point", "coordinates": [963531.5143333401, 1950980.1136619265]}, "properties": {"kind": "drone", "drone_id": 16, "frame": 35, "time_s": 35.0, "timestamp": "2025-01-01T00:00:35", "mode": "MIN_MAX", "is_static": false, "battery": 50.0}}, {"type": "Feature", "geometry": {"type": "Point", "coordinates": [965986.0304315668, 1950147.229191968]}, "properties": {"kind": "drone", "drone_id": 17, "frame": 35, "time_s": 35.0, "timestamp": "2025-01-01T00:00:35", "mode": "MIN_MAX", "is_static": false, "battery": 44.71476510067102}}, {"type": "Feature", "geometry": {"type": "Point", "coordinates": [966259.4943552611, 1951193.7336984838]}, "properties": {"kind": "drone", "drone_id": 18, "frame": 35, "time_s": 35.0, "timestamp": "2025-01-01T00:00:35", "mode": "MIN_MAX", "is_static": false, "battery": 44.71476510067102}}, {"type": "Feature", "geometry": {"type": "Point", "coordinates": [962622.1876593664, 1951505.1136619265]}, "properties": {"kind": "drone", "drone_id": 19, "frame": 35, "time_s": 35.0, "timestamp": "2025-01-01T00:00:35", "mode": "MIN_MAX", "is_static": false, "battery": 50.0}}, {"type": "Feature", "geometry": {"type": "Point", "coordinates": [965220.2638707197, 1949122.7838549581]}, "properties": {"kind": "drone", "drone_id": 20, "frame": 35, "time_s": 35.0, "timestamp": "2025-01-01T00:00:35", "mode": "MIN_MAX", "is_static": false, "battery": 44.71476510067102}}, {"type": "Feature", "geometry": {"type": "Point", "coordinates": [961972.6686065281, 1951730.1136619265]}, "properties": {"kind": "base_A", "drone_id": 0, "frame": 35, "time_s": 35.0, "timestamp": "2025-01-01T00:00:35", "mode": "MIN_MAX", "is_static": true, "battery": 50.0}}, {"type": "Feature", "geometry": {"type": "Point", "coordinates": [966389.3981658287, 1948730.1136619265]}, "properties": {"kind": "base_B", "drone_id": 0, "frame": 35, "time_s": 35.0, "timestamp": "2025-01-01T00:00:35", "mode": "MIN_MAX", "is_static": true, "battery": 50.0}}, {"type": "Feature", "geometry": {"type": "Point", "coordinates": [966259.4943552611, 1950019.6714330062]}, "properties": {"kind": "drone", "drone_id": 1, "frame": 36, "time_s": 36.0, "timestamp": "2025-01-01T00:00:36", "mode": "MIN_MAX", "is_static": false, "battery": 44.56375838926162}}, {"type": "Feature", "geometry": {"type": "Point", "coordinates": [966212.3291298578, 1949266.0981218773]}, "properties": {"kind": "drone", "drone_id": 2, "frame": 36, "time_s": 36.0, "timestamp": "2025-01-01T00:00:36", "mode": "MIN_MAX", "is_static": false, "battery": 44.56375838926162}}, {"type": "Feature", "geometry": {"type": "Point", "coordinates": [963809.8796416994, 1950519.3993762122]}, "properties": {"kind": "drone", "drone_id": 3, "frame": 36, "time_s": 36.0, "timestamp": "2025-01-01T00:00:36", "mode": "MIN_MAX", "is_static": false, "battery": 45.49999999999981}}, {"type": "Feature", "geometry": {"type": "Point", "coordinates": [962119.193950937, 1951479.867473415]}, "properties": {"kind": "drone", "drone_id": 4, "frame": 36, "time_s": 36.0, "timestamp": "2025-01-01T00:00:36", "mode": "MIN_MAX", "is_static": false, "battery": 44.56375838926162}}, {"type": "Feature", "geometry": {"type": "Point", "coordinates": [966370.4073058862, 1949341.0780400264]}, "properties": {"kind": "drone", "drone_id": 5, "frame": 36, "time_s": 36.0, "timestamp": "2025-01-01T00:00:36", "mode": "MIN_MAX", "is_static": false, "battery": 44.56375838926162}}, {"type": "Feature", "geometry": {"type": "Point", "coordinates": [966219.867199642, 1950432.2349129627]}, "properties": {"kind": "drone", "drone_id": 6, "frame": 36, "time_s": 36.0, "timestamp": "2025-01-01T00:00:36", "mode": "MIN_MAX", "is_static": false, "battery": 44.56375838926162}}, {"type": "Feature", "geometry": {"type": "Point", "coordinates": [962513.6461778696, 1950692.4472083661]}, "properties": {"kind": "drone", "drone_id": 7, "frame": 36, "time_s": 36.0, "timestamp": "2025-01-01T00:00:36", "mode": "MIN_MAX", "is_static": false, "battery": 44.56375838926162}}, {"type": "Feature", "geometry": {"type": "Point", "coordinates": [966259.4943552611, 1950274.546292236]}, "properties": {"kind": "drone", "drone_id": 8, "frame": 36, "time_s": 36.0, "timestamp": "2025-01-01T00:00:36", "mode": "MIN_MAX", "is_static": false, "battery": 44.56375838926162}}, {"type": "Feature", "geometry": {"type": "Point", "coordinates": [962956.2260293976, 1951312.2565190694]}, "properties": {"kind": "drone", "drone_id": 9, "frame": 36, "time_s": 36.0, "timestamp": "2025-01-01T00:00:36", "mode": "MIN_MAX", "is_static": false, "battery": 47.00000000000062}}, {"type": "Feature", "geometry": {"type": "Point", "coordinates": [965944.0136724538, 1949437.2565190694]}, "properties": {"kind": "drone", "drone_id": 10, "frame": 36, "time_s": 36.0, "timestamp": "2025-01-01T00:00:36", "mode": "MIN_MAX", "is_static": false, "battery": 48.49999999999981}}, {"type": "Feature", "geometry": {"type": "Point", "coordinates": [965480.0714918551, 1949461.1661585683]}, "properties": {"kind": "drone", "drone_id": 11, "frame": 36, "time_s": 36.0, "timestamp": "2025-01-01T00:00:36", "mode": "MIN_MAX", "is_static": false, "battery": 44.56375838926162}}, {"type": "Feature", "geometry": {"type": "Point", "coordinates": [963490.7808849508, 1949006.5961945339]}, "properties": {"kind": "drone", "drone_id": 12, "frame": 36, "time_s": 36.0, "timestamp": "2025-01-01T00:00:36", "mode": "MIN_MAX", "is_static": false, "battery": 44.56375838926162}}, {"type": "Feature", "geometry": {"type": "Point", "coordinates": [963921.225765043, 1949785.4698369086]}, "properties": {"kind": "drone", "drone_id": 13, "frame": 36, "time_s": 36.0, "timestamp": "2025-01-01T00:00:36", "mode": "MIN_MAX", "is_static": false, "battery": 44.56375838926162}}, {"type": "Feature", "geometry": {"type": "Point", "coordinates": [963778.4218516757, 1950837.5615397505]}, "properties": {"kind": "drone", "drone_id": 14, "frame": 36, "time_s": 36.0, "timestamp": "2025-01-01T00:00:36", "mode": "MIN_MAX", "is_static": false, "battery": 44.56375838926162}}, {"type": "Feature", "geometry": {"type": "Point", "coordinates": [962232.4762276635, 1951105.6065326517]}, "properties": {"kind": "drone", "drone_id": 15, "frame": 36, "time_s": 36.0, "timestamp": "2025-01-01T00:00:36", "mode": "MIN_MAX", "is_static": false, "battery": 44.56375838926162}}, {"type": "Feature", "geometry": {"type": "Point", "coordinates": [963531.5143333401, 1950980.1136619265]}, "properties": {"kind": "drone", "drone_id": 16, "frame": 36, "time_s": 36.0, "timestamp": "2025-01-01T00:00:36", "mode": "MIN_MAX", "is_static": false, "battery": 50.0}}, {"type": "Feature", "geometry": {"type": "Point", "coordinates": [965971.715506313, 1950138.9644660193]}, "properties": {"kind": "drone", "drone_id": 17, "frame": 36, "time_s": 36.0, "timestamp": "2025-01-01T00:00:36", "mode": "MIN_MAX", "is_static": false, "battery": 44.56375838926162}}, {"type": "Feature", "geometry": {"type": "Point", "coordinates": [966259.4943552611, 1951177.433994881]}, "properties": {"kind": "drone", "drone_id": 18, "frame": 36, "time_s": 36.0, "timestamp": "2025-01-01T00:00:36", "mode": "MIN_MAX", "is_static": false, "battery": 44.56375838926162}}, {"type": "Feature", "geometry": {"type": "Point", "coordinates": [962622.1876593664, 1951505.1136619265]}, "properties": {"kind": "drone", "drone_id": 19, "frame": 36, "time_s": 36.0, "timestamp": "2025-01-01T00:00:36", "mode": "MIN_MAX", "is_static": false, "battery": 50.0}}, {"type": "Feature", "geometry": {"type": "Point", "coordinates": [965220.2638707197, 1949139.4128311211]}, "properties": {"kind": "drone", "drone_id": 20, "frame": 36, "time_s": 36.0, "timestamp": "2025-01-01T00:00:36", "mode": "MIN_MAX", "is_static": false, "battery": 44.56375838926162}}, {"type": "Feature", "geometry": {"type": "Point", "coordinates": [961972.6686065281, 1951730.1136619265]}, "properties": {"kind": "base_A", "drone_id": 0, "frame": 36, "time_s": 36.0, "timestamp": "2025-01-01T00:00:36", "mode": "MIN_MAX", "is_static": true, "battery": 50.0}}, {"type": "Feature", "geometry": {"type": "Point", "coordinates": [966389.3981658287, 1948730.1136619265]}, "properties": {"kind": "base_B", "drone_id": 0, "frame": 36, "time_s": 36.0, "timestamp": "2025-01-01T00:00:36", "mode": "MIN_MAX", "is_static": true, "battery": 50.0}}, {"type": "Feature", "geometry": {"type": "Point", "coordinates": [966254.3857345378, 1950002.1641983767]}, "properties": {"kind": "drone", "drone_id": 1, "frame": 37, "time_s": 37.0, "timestamp": "2025-01-01T00:00:37", "mode": "MIN_MAX", "is_static": false, "battery": 44.41275167785222}}, {"type": "Feature", "geometry": {"type": "Point", "coordinates": [966216.895500445, 1949270.8436333954]}, "properties": {"kind": "drone", "drone_id": 2, "frame": 37, "time_s": 37.0, "timestamp": "2025-01-01T00:00:37", "mode": "MIN_MAX", "is_static": false, "battery": 44.41275167785222}}, {"type": "Feature", "geometry": {"type": "Point", "coordinates": [963809.8796416994, 1950519.3993762122]}, "properties": {"kind": "drone", "drone_id": 3, "frame": 37, "time_s": 37.0, "timestamp": "2025-01-01T00:00:37", "mode": "MIN_MAX", "is_static": false, "battery": 45.49999999999981}}, {"type": "Feature", "geometry": {"type": "Point", "coordinates": [962120.0736847657, 1951486.470362732]}, "properties": {"kind": "drone", "drone_id": 4, "frame": 37, "time_s": 37.0, "timestamp": "2025-01-01T00:00:37", "mode": "MIN_MAX", "is_static": false, "battery": 44.41275167785222}}, {"type": "Feature", "geometry": {"type": "Point", "coordinates": [966375.6179000923, 1949338.0697020588]}, "properties": {"kind": "drone", "drone_id": 5, "frame": 37, "time_s": 37.0, "timestamp": "2025-01-01T00:00:37", "mode": "MIN_MAX", "is_static": false, "battery": 44.41275167785222}}, {"type": "Feature", "geometry": {"type": "Point", "coordinates": [966204.8334560492, 1950423.5551770523]}, "properties": {"kind": "drone", "drone_id": 6, "frame": 37, "time_s": 37.0, "timestamp": "2025-01-01T00:00:37", "mode": "MIN_MAX", "is_static": false, "battery": 44.41275167785222}}, {"type": "Feature", "geometry": {"type": "Point", "coordinates": [962532.3744104659, 1950703.259958497]}, "properties": {"kind": "drone", "drone_id": 7, "frame": 37, "time_s": 37.0, "timestamp": "2025-01-01T00:00:37", "mode": "MIN_MAX", "is_static": false, "battery": 44.41275167785222}}, {"type": "Feature", "geometry": {"type": "Point", "coordinates": [966259.4943552611, 1950257.788703168]}, "properties": {"kind": "drone", "drone_id": 8, "frame": 37, "time_s": 37.0, "timestamp": "2025-01-01T00:00:37", "mode": "MIN_MAX", "is_static": false, "battery": 44.41275167785222}}, {"type": "Feature", "geometry": {"type": "Point", "coordinates": [962956.2260293976, 1951312.2565190694]}, "properties": {"kind": "drone", "drone_id": 9, "frame": 37, "time_s": 37.0, "timestamp": "2025-01-01T00:00:37", "mode": "MIN_MAX", "is_static": false, "battery": 47.00000000000062}}, {"type": "Feature", "geometry": {"type": "Point", "coordinates": [965944.0136724538, 1949437.2565190694]}, "properties": {"kind": "drone", "drone_id": 10, "frame": 37, "time_s": 37.0, "timestamp": "2025-01-01T00:00:37", "mode": "MIN_MAX", "is_static": false, "battery": 48.49999999999981}}, {"type": "Feature", "geometry": {"type": "Point", "coordinates": [965480.0714918551, 1949479.0425121372]}, "properties": {"kind": "drone", "drone_id": 11, "frame": 37, "time_s": 37.0, "timestamp": "2025-01-01T00:00:37", "mode": "MIN_MAX", "is_static": false, "battery": 44.41275167785222}}, {"type": "Feature", "geometry": {"type": "Point", "coordinates": [963507.5556117679, 1949016.2810875773]}, "properties": {"kind": "drone", "drone_id": 12, "frame": 37, "time_s": 37.0, "timestamp": "2025-01-01T00:00:37", "mode": "MIN_MAX", "is_static": false, "battery": 44.41275167785222}}, {"type": "Feature", "geometry": {"type": "Point", "coordinates": [963921.225765043, 1949807.1408106592]}, "properties": {"kind": "drone", "drone_id": 13, "frame": 37, "time_s": 37.0, "timestamp": "2025-01-01T00:00:37", "mode": "MIN_MAX", "is_static": false, "battery": 44.41275167785222}}, {"type": "Feature", "geometry": {"type": "Point", "coordinates": [963784.2832968115, 1950834.1774328235]}, "properties": {"kind": "drone", "drone_id": 14, "frame": 37, "time_s": 37.0, "timestamp": "2025-01-01T00:00:37", "mode": "MIN_MAX", "is_static": false, "battery": 44.41275167785222}}, {"type": "Feature", "geometry": {"type": "Point", "coordinates": [962232.4762276635, 1951129.121844594]}, "properties": {"kind": "drone", "drone_id": 15, "frame": 37, "time_s": 37.0, "timestamp": "2025-01-01T00:00:37", "mode": "MIN_MAX", "is_static": false, "battery": 44.41275167785222}}, {"type": "Feature", "geometry": {"type": "Point", "coordinates": [963531.5143333401, 1950980.1136619265]}, "properties": {"kind": "drone", "drone_id": 16, "frame": 37, "time_s": 37.0, "timestamp": "2025-01-01T00:00:37", "mode": "MIN_MAX", "is_static": false, "battery": 50.0}}, {"type": "Feature", "geometry": {"type": "Point", "coordinates": [965957.1270135115, 1950130.5417957732]}, "properties": {"kind": "drone", "drone_id": 17, "frame": 37, "time_s": 37.0, "timestamp": "2025-01-01T00:00:37", "mode": "MIN_MAX", "is_static": false, "battery": 44.41275167785222}}, {"type": "Feature", "geometry": {"type": "Point", "coordinates": [966259.4943552611, 1951160.8227933235]}, "properties": {"kind": "drone", "drone_id": 18, "frame": 37, "time_s": 37.0, "timestamp": "2025-01-01T00:00:37", "mode": "MIN_MAX", "is_static": false, "battery": 44.41275167785222}}, {"type": "Feature", "geometry": {"type": "Point", "coordinates": [962622.1876593664, 1951505.1136619265]}, "properties": {"kind": "drone", "drone_id": 19, "frame": 37, "time_s": 37.0, "timestamp": "2025-01-01T00:00:37", "mode": "MIN_MAX", "is_static": false, "battery": 50.0}}, {"type": "Feature", "geometry": {"type": "Point", "coordinates": [965220.2638707197, 1949156.3595978527]}, "properties": {"kind": "drone", "drone_id": 20, "frame": 37, "time_s": 37.0, "timestamp": "2025-01-01T00:00:37", "mode": "MIN_MAX", "is_static": false, "battery": 44.41275167785222}}, {"type": "Feature", "geometry": {"type": "Point", "coordinates": [961972.6686065281, 1951730.1136619265]}, "properties": {"kind": "base_A", "drone_id": 0, "frame": 37, "time_s": 37.0, "timestamp": "2025-01-01T00:00:37", "mode": "MIN_MAX", "is_static": true, "battery": 50.0}}, {"type": "Feature", "geometry": {"type": "Point", "coordinates": [966389.3981658287, 1948730.1136619265]}, "properties": {"kind": "base_B", "drone_id": 0, "frame": 37, "time_s": 37.0, "timestamp": "2025-01-01T00:00:37", "mode": "MIN_MAX", "is_static": true, "battery": 50.0}}, {"type": "Feature", "geometry": {"type": "Point", "coordinates": [966236.4740140127, 1949991.8228617099]}, "properties": {"kind": "drone", "drone_id": 1, "frame": 38, "time_s": 38.0, "timestamp": "2025-01-01T00:00:38", "mode": "MIN_MAX", "is_static": false, "battery": 44.26174496644282}}, {"type": "Feature", "geometry": {"type": "Point", "coordinates": [966220.1350680465, 1949274.2102908033]}, "properties": {"kind": "drone", "drone_id": 2, "frame": 38, "time_s": 38.0, "timestamp": "2025-01-01T00:00:38", "mode": "MIN_MAX", "is_static": false, "battery": 44.26174496644282}}, {"type": "Feature", "geometry": {"type": "Point", "coordinates": [963809.8796416994, 1950519.3993762122]}, "properties": {"kind": "drone", "drone_id": 3, "frame": 38, "time_s": 38.0, "timestamp": "2025-01-01T00:00:38", "mode": "MIN_MAX", "is_static": false, "battery": 45.49999999999981}}, {"type": "Feature", "geometry": {"type": "Point", "coordinates": [962120.6978034514, 1951491.1547189178]}, "properties": {"kind": "drone", "drone_id": 4, "frame": 38, "time_s": 38.0, "timestamp": "2025-01-01T00:00:38", "mode": "MIN_MAX", "is_static": false, "battery": 44.26174496644282}}, {"type": "Feature", "geometry": {"type": "Point", "coordinates": [966380.8860531879, 1949335.028132451]}, "properties": {"kind": "drone", "drone_id": 5, "frame": 38, "time_s": 38.0, "timestamp": "2025-01-01T00:00:38", "mode": "MIN_MAX", "is_static": false, "battery": 44.26174496644282}}, {"type": "Feature", "geometry": {"type": "Point", "coordinates": [966189.5384143521, 1950414.7245806113]}, "properties": {"kind": "drone", "drone_id": 6, "frame": 38, "time_s": 38.0, "timestamp": "2025-01-01T00:00:38", "mode": "MIN_MAX", "is_static": false, "battery": 44.261744966442826}}, {"type": "Feature", "geometry": {"type": "Point", "coordinates": [962551.2520214345, 1950714.1589522713]}, "properties": {"kind": "drone", "drone_id": 7, "frame": 38, "time_s": 38.0, "timestamp": "2025-01-01T00:00:38", "mode": "MIN_MAX", "is_static": false, "battery": 44.26174496644282}}, {"type": "Feature", "geometry": {"type": "Point", "coordinates": [966259.4943552611, 1950240.7250332022]}, "properties": {"kind": "drone", "drone_id": 8, "frame": 38, "time_s": 38.0, "timestamp": "2025-01-01T00:00:38", "mode": "MIN_MAX", "is_static": false, "battery": 44.26174496644282}}, {"type": "Feature", "geometry": {"type": "Point", "coordinates": [962956.2260293976, 1951312.2565190694]}, "properties": {"kind": "drone", "drone_id": 9, "frame": 38, "time_s": 38.0, "timestamp": "2025-01-01T00:00:38", "mode": "MIN_MAX", "is_static": false, "battery": 47.00000000000062}}, {"type": "Feature", "geometry": {"type": "Point", "coordinates": [965944.0136724538, 1949437.2565190694]}, "properties": {"kind": "drone", "drone_id": 10, "frame": 38, "time_s": 38.0, "timestamp": "2025-01-01T00:00:38", "mode": "MIN_MAX", "is_static": false, "battery": 48.49999999999981}}, {"type": "Feature", "geometry": {"type": "Point", "coordinates": [965480.0714918551, 1949497.2295705727]}, "properties": {"kind": "drone", "drone_id": 11, "frame": 38, "time_s": 38.0, "timestamp": "2025-01-01T00:00:38", "mode": "MIN_MAX", "is_static": false, "battery": 44.26174496644282}}, {"type": "Feature", "geometry": {"type": "Point", "coordinates": [963524.5530836806, 1949026.0945825616]}, "properties": {"kind": "drone", "drone_id": 12, "frame": 38, "time_s": 38.0, "timestamp": "2025-01-01T00:00:38", "mode": "MIN_MAX", "is_static": false, "battery": 44.261744966442826}}, {"type": "Feature", "geometry": {"type": "Point", "coordinates": [963921.225765043, 1949828.7314971338]}, "properties": {"kind": "drone", "drone_id": 13, "frame": 38, "time_s": 38.0, "timestamp": "2025-01-01T00:00:38", "mode": "MIN_MAX", "is_static": false, "battery": 44.26174496644282}}, {"type": "Feature", "geometry": {"type": "Point", "coordinates": [963788.4416425691, 1950831.776610781]}, "properties": {"kind": "drone", "drone_id": 14, "frame": 38, "time_s": 38.0, "timestamp": "2025-01-01T00:00:38", "mode": "MIN_MAX", "is_static": false, "battery": 44.26174496644282}}, {"type": "Feature", "geometry": {"type": "Point", "coordinates": [962232.4762276635, 1951152.5500363004]}, "properties": {"kind": "drone", "drone_id": 15, "frame": 38, "time_s": 38.0, "timestamp": "2025-01-01T00:00:38", "mode": "MIN_MAX", "is_static": false, "battery": 44.26174496644282}}, {"type": "Feature", "geometry": {"type": "Point", "coordinates": [963531.5143333401, 1950980.1136619265]}, "properties": {"kind": "drone", "drone_id": 16, "frame": 38, "time_s": 38.0, "timestamp": "2025-01-01T00:00:38", "mode": "MIN_MAX", "is_static": false, "battery": 50.0}}, {"type": "Feature", "geometry": {"type": "Point", "coordinates": [965942.2720588128, 1950121.965283679]}, "properties": {"kind": "drone", "drone_id": 17, "frame": 38, "time_s": 38.0, "timestamp": "2025-01-01T00:00:38", "mode": "MIN_MAX", "is_static": false, "battery": 44.26174496644282}}, {"type": "Feature", "geometry": {"type": "Point", "coordinates": [966259.4943552611, 1951143.908184667]}, "properties": {"kind": "drone", "drone_id": 18, "frame": 38, "time_s": 38.0, "timestamp": "2025-01-01T00:00:38", "mode": "MIN_MAX", "is_static": false, "battery": 44.26174496644282}}, {"type": "Feature", "geometry": {"type": "Point", "coordinates": [962622.1876593664, 1951505.1136619265]}, "properties": {"kind": "drone", "drone_id": 19, "frame": 38, "time_s": 38.0, "timestamp": "2025-01-01T00:00:38", "mode": "MIN_MAX", "is_static": false, "battery": 50.0}}, {"type": "Feature", "geometry": {"type": "Point", "coordinates": [965220.2638707197, 1949173.6159008518]}, "properties": {"kind": "drone", "drone_id": 20, "frame": 38, "time_s": 38.0, "timestamp": "2025-01-01T00:00:38", "mode": "MIN_MAX", "is_static": false, "battery": 44.26174496644282}}, {"type": "Feature", "geometry": {"type": "Point", "coordinates": [961972.6686065281, 1951730.1136619265]}, "properties": {"kind": "base_A", "drone_id": 0, "frame": 38, "time_s": 38.0, "timestamp": "2025-01-01T00:00:38", "mode": "MIN_MAX", "is_static": true, "battery": 50.0}}, {"type": "Feature", "geometry": {"type": "Point", "coordinates": [966389.3981658287, 1948730.1136619265]}, "properties": {"kind": "base_B", "drone_id": 0, "frame": 38, "time_s": 38.0, "timestamp": "2025-01-01T00:00:38", "mode": "MIN_MAX", "is_static": true, "battery": 50.0}}, {"type": "Feature", "geometry": {"type": "Point", "coordinates": [966218.382043281, 1949981.3774575377]}, "properties": {"kind": "drone", "drone_id": 1, "frame": 39, "time_s": 39.0, "timestamp": "2025-01-01T00:00:39", "mode": "MIN_MAX", "is_static": false, "battery": 44.110738255033425}}, {"type": "Feature", "geometry": {"type": "Point", "coordinates": [966221.9703927992, 1949276.1176162355]}, "properties": {"kind": "drone", "drone_id": 2, "frame": 39, "time_s": 39.0, "timestamp": "2025-01-01T00:00:39", "mode": "MIN_MAX", "is_static": false, "battery": 44.110738255033425}}, {"type": "Feature", "geometry": {"type": "Point", "coordinates": [963809.8796416994, 1950519.3993762122]}, "properties": {"kind": "drone", "drone_id": 3, "frame": 39, "time_s": 39.0, "timestamp": "2025-01-01T00:00:39", "mode": "MIN_MAX", "is_static": false, "battery": 45.49999999999981}}, {"type": "Feature", "geometry": {"type": "Point", "coordinates": [962121.0513878224, 1951493.8085653307]}, "properties": {"kind": "drone", "drone_id": 4, "frame": 39, "time_s": 39.0, "timestamp": "2025-01-01T00:00:39", "mode": "MIN_MAX", "is_static": false, "battery": 44.110738255033425}}, {"type": "Feature", "geometry": {"type": "Point", "coordinates": [966386.2072210502, 1949331.9559547533]}, "properties": {"kind": "drone", "drone_id": 5, "frame": 39, "time_s": 39.0, "timestamp": "2025-01-01T00:00:39", "mode": "MIN_MAX", "is_static": false, "battery": 44.110738255033425}}, {"type": "Feature", "geometry": {"type": "Point", "coordinates": [966173.9901062548, 1950405.747760746]}, "properties": {"kind": "drone", "drone_id": 6, "frame": 39, "time_s": 39.0, "timestamp": "2025-01-01T00:00:39", "mode": "MIN_MAX", "is_static": false, "battery": 44.110738255033425}}, {"type": "Feature", "geometry": {"type": "Point", "coordinates": [962570.2596109868, 1950725.132989216]}, "properties": {"kind": "drone", "drone_id": 7, "frame": 39, "time_s": 39.0, "timestamp": "2025-01-01T00:00:39", "mode": "MIN_MAX", "is_static": false, "battery": 44.110738255033425}}, {"type": "Feature", "geometry": {"type": "Point", "coordinates": [966259.4943552611, 1950223.3634444957]}, "properties": {"kind": "drone", "drone_id": 8, "frame": 39, "time_s": 39.0, "timestamp": "2025-01-01T00:00:39", "mode": "MIN_MAX", "is_static": false, "battery": 44.110738255033425}}, {"type": "Feature", "geometry": {"type": "Point", "coordinates": [962956.2260293976, 1951312.2565190694]}, "properties": {"kind": "drone", "drone_id": 9, "frame": 39, "time_s": 39.0, "timestamp": "2025-01-01T00:00:39", "mode": "MIN_MAX", "is_static": false, "battery": 47.00000000000062}}, {"type": "Feature", "geometry": {"type": "Point", "coordinates": [965944.0136724538, 1949437.2565190694]}, "properties": {"kind": "drone", "drone_id": 10, "frame": 39, "time_s": 39.0, "timestamp": "2025-01-01T00:00:39", "mode": "MIN_MAX", "is_static": false, "battery": 48.49999999999981}}, {"type": "Feature", "geometry": {"type": "Point", "coordinates": [965480.0714918551, 1949515.7177835205]}, "properties": {"kind": "drone", "drone_id": 11, "frame": 39, "time_s": 39.0, "timestamp": "2025-01-01T00:00:39", "mode": "MIN_MAX", "is_static": false, "battery": 44.110738255033425}}, {"type": "Feature", "geometry": {"type": "Point", "coordinates": [963541.7606686417, 1949036.0293863711]}, "properties": {"kind": "drone", "drone_id": 12, "frame": 39, "time_s": 39.0, "timestamp": "2025-01-01T00:00:39", "mode": "MIN_MAX", "is_static": false, "battery": 44.110738255033425}}, {"type": "Feature", "geometry": {"type": "Point", "coordinates": [963921.225765043, 1949850.2059468064]}, "properties": {"kind": "drone", "drone_id": 13, "frame": 39, "time_s": 39.0, "timestamp": "2025-01-01T00:00:39", "mode": "MIN_MAX", "is_static": false, "battery": 44.110738255033425}}, {"type": "Feature", "geometry": {"type": "Point", "coordinates": [963790.7974862613, 1950830.416463791]}, "properties": {"kind": "drone", "drone_id": 14, "frame": 39, "time_s": 39.0, "timestamp": "2025-01-01T00:00:39", "mode": "MIN_MAX", "is_static": false, "battery": 44.110738255033425}}, {"type": "Feature", "geometry": {"type": "Point", "coordinates": [962232.4762276635, 1951175.8520987108]}, "properties": {"kind": "drone", "drone_id": 15, "frame": 39, "time_s": 39.0, "timestamp": "2025-01-01T00:00:39", "mode": "MIN_MAX", "is_static": false, "battery": 44.110738255033425}}, {"type": "Feature", "geometry": {"type": "Point", "coordinates": [963531.5143333401, 1950980.1136619265]}, "properties": {"kind": "drone", "drone_id": 16, "frame": 39, "time_s": 39.0, "timestamp": "2025-01-01T00:00:39", "mode": "MIN_MAX", "is_static": false, "battery": 50.0}}, {"type": "Feature", "geometry": {"type": "Point", "coordinates": [965927.1577478675, 1950113.2390321863]}, "properties": {"kind": "drone", "drone_id": 17, "frame": 39, "time_s": 39.0, "timestamp": "2025-01-01T00:00:39", "mode": "MIN_MAX", "is_static": false, "battery": 44.110738255033425}}, {"type": "Feature", "geometry": {"type": "Point", "coordinates": [966259.4943552611, 1951126.6982597671]}, "properties": {"kind": "drone", "drone_id": 18, "frame": 39, "time_s": 39.0, "timestamp": "2025-01-01T00:00:39", "mode": "MIN_MAX", "is_static": false, "battery": 44.110738255033425}}, {"type": "Feature", "geometry": {"type": "Point", "coordinates": [962622.1876593664, 1951505.1136619265]}, "properties": {"kind": "drone", "drone_id": 19, "frame": 39, "time_s": 39.0, "timestamp": "2025-01-01T00:00:39", "mode": "MIN_MAX", "is_static": false, "battery": 50.0}}, {"type": "Feature", "geometry": {"type": "Point", "coordinates": [965220.2638707197, 1949191.173485818]}, "properties": {"kind": "drone", "drone_id": 20, "frame": 39, "time_s": 39.0, "timestamp": "2025-01-01T00:00:39", "mode": "MIN_MAX", "is_static": false, "battery": 44.110738255033425}}, {"type": "Feature", "geometry": {"type": "Point", "coordinates": [961972.6686065281, 1951730.1136619265]}, "properties": {"kind": "base_A", "drone_id": 0, "frame": 39, "time_s": 39.0, "timestamp": "2025-01-01T00:00:39", "mode": "MIN_MAX", "is_static": true, "battery": 50.0}}, {"type": "Feature", "geometry": {"type": "Point", "coordinates": [966389.3981658287, 1948730.1136619265]}, "properties": {"kind": "base_B", "drone_id": 0, "frame": 39, "time_s": 39.0, "timestamp": "2025-01-01T00:00:39", "mode": "MIN_MAX", "is_static": true, "battery": 50.0}}, {"type": "Feature", "geometry": {"type": "Point", "coordinates": [966200.1252723605, 1949970.8369059323]}, "properties": {"kind": "drone", "drone_id": 1, "frame": 40, "time_s": 40.0, "timestamp": "2025-01-01T00:00:40", "mode": "MIN_MAX", "is_static": false, "battery": 43.959731543624024}}, {"type": "Feature", "geometry": {"type": "Point", "coordinates": [966222.3789808131, 1949276.542233355]}, "properties": {"kind": "drone", "drone_id": 2, "frame": 40, "time_s": 40.0, "timestamp": "2025-01-01T00:00:40", "mode": "MIN_MAX", "is_static": false, "battery": 43.99999999999942}}, {"type": "Feature", "geometry": {"type": "Point", "coordinates": [963809.8796416994, 1950519.3993762122]}, "properties": {"kind": "drone", "drone_id": 3, "frame": 40, "time_s": 40.0, "timestamp": "2025-01-01T00:00:40", "mode": "MIN_MAX", "is_static": false, "battery": 45.49999999999981}}, {"type": "Feature", "geometry": {"type": "Point", "coordinates": [962121.1301043197, 1951494.3993762122]}, "properties": {"kind": "drone", "drone_id": 4, "frame": 40, "time_s": 40.0, "timestamp": "2025-01-01T00:00:40", "mode": "MIN_MAX", "is_static": false, "battery": 43.99999999999981}}, {"type": "Feature", "geometry": {"type": "Point", "coordinates": [966389.3981658287, 1949327.5979231063]}, "properties": {"kind": "drone", "drone_id": 5, "frame": 40, "time_s": 40.0, "timestamp": "2025-01-01T00:00:40", "mode": "MIN_MAX", "is_static": false, "battery": 43.959731543624024}}, {"type": "Feature", "geometry": {"type": "Point", "coordinates": [966158.1965634613, 1950396.6293545626]}, "properties": {"kind": "drone", "drone_id": 6, "frame": 40, "time_s": 40.0, "timestamp": "2025-01-01T00:00:40", "mode": "MIN_MAX", "is_static": false, "battery": 43.959731543624024}}, {"type": "Feature", "geometry": {"type": "Point", "coordinates": [962589.3777793341, 1950736.1708688578]}, "properties": {"kind": "drone", "drone_id": 7, "frame": 40, "time_s": 40.0, "timestamp": "2025-01-01T00:00:40", "mode": "MIN_MAX", "is_static": false, "battery": 43.959731543624024}}, {"type": "Feature", "geometry": {"type": "Point", "coordinates": [966259.4943552611, 1950205.712099206]}, "properties": {"kind": "drone", "drone_id": 8, "frame": 40, "time_s": 40.0, "timestamp": "2025-01-01T00:00:40", "mode": "MIN_MAX", "is_static": false, "battery": 43.959731543624024}}, {"type": "Feature", "geometry": {"type": "Point", "coordinates": [962956.2260293976, 1951312.2565190694]}, "properties": {"kind": "drone", "drone_id": 9, "frame": 40, "time_s": 40.0, "timestamp": "2025-01-01T00:00:40", "mode": "MIN_MAX", "is_static": false, "battery": 47.00000000000062}}, {"type": "Feature", "geometry": {"type": "Point", "coordinates": [965944.0136724538, 1949437.2565190694]}, "properties": {"kind": "drone", "drone_id": 10, "frame": 40, "time_s": 40.0, "timestamp": "2025-01-01T00:00:40", "mode": "MIN_MAX", "is_static": false, "battery": 48.49999999999981}}, {"type": "Feature", "geometry": {"type": "Point", "coordinates": [965480.0714918551, 1949534.497600626]}, "properties": {"kind": "drone", "drone_id": 11, "frame": 40, "time_s": 40.0, "timestamp": "2025-01-01T00:00:40", "mode": "MIN_MAX", "is_static": false, "battery": 43.959731543624024}}, {"type": "Feature", "geometry": {"type": "Point", "coordinates": [963559.1657346042, 1949046.0782058898]}, "properties": {"kind": "drone", "drone_id": 12, "frame": 40, "time_s": 40.0, "timestamp": "2025-01-01T00:00:40", "mode": "MIN_MAX", "is_static": false, "battery": 43.959731543624024}}, {"type": "Feature", "geometry": {"type": "Point", "coordinates": [963921.225765043, 1949871.5282101496]}, "properties": {"kind": "drone", "drone_id": 13, "frame": 40, "time_s": 40.0, "timestamp": "2025-01-01T00:00:40", "mode": "MIN_MAX", "is_static": false, "battery": 43.959731543624024}}, {"type": "Feature", "geometry": {"type": "Point", "coordinates": [963791.3219544754, 1950830.1136619265]}, "properties": {"kind": "drone", "drone_id": 14, "frame": 40, "time_s": 40.0, "timestamp": "2025-01-01T00:00:40", "mode": "MIN_MAX", "is_static": false, "battery": 44.00000000000082}}, {"type": "Feature", "geometry": {"type": "Point", "coordinates": [962232.4762276635, 1951198.9890227644]}, "properties": {"kind": "drone", "drone_id": 15, "frame": 40, "time_s": 40.0, "timestamp": "2025-01-01T00:00:40", "mode": "MIN_MAX", "is_static": false, "battery": 43.959731543624024}}, {"type": "Feature", "geometry": {"type": "Point", "coordinates": [963531.5143333401, 1950980.1136619265]}, "properties": {"kind": "drone", "drone_id": 16, "frame": 40, "time_s": 40.0, "timestamp": "2025-01-01T00:00:40", "mode": "MIN_MAX", "is_static": false, "battery": 50.0}}, {"type": "Feature", "geometry": {"type": "Point", "coordinates": [965911.7911863263, 1950104.367143744]}, "properties": {"kind": "drone", "drone_id": 17, "frame": 40, "time_s": 40.0, "timestamp": "2025-01-01T00:00:40", "mode": "MIN_MAX", "is_static": false, "battery": 43.959731543624024}}, {"type": "Feature", "geometry": {"type": "Point", "coordinates": [966259.4943552611, 1951109.20110948]}, "properties": {"kind": "drone", "drone_id": 18, "frame": 40, "time_s": 40.0, "timestamp": "2025-01-01T00:00:40", "mode": "MIN_MAX", "is_static": false, "battery": 43.959731543624024}}, {"type": "Feature", "geometry": {"type": "Point", "coordinates": [962622.1876593664, 1951505.1136619265]}, "properties": {"kind": "drone", "drone_id": 19, "frame": 40, "time_s": 40.0, "timestamp": "2025-01-01T00:00:40", "mode": "MIN_MAX", "is_static": false, "battery": 50.0}}, {"type": "Feature", "geometry": {"type": "Point", "coordinates": [965220.2638707197, 1949209.0240984515]}, "properties": {"kind": "drone", "drone_id": 20, "frame": 40, "time_s": 40.0, "timestamp": "2025-01-01T00:00:40", "mode": "MIN_MAX", "is_static": false, "battery": 43.959731543624024}}, {"type": "Feature", "geometry": {"type": "Point", "coordinates": [961972.6686065281, 1951730.1136619265]}, "properties": {"kind": "base_A", "drone_id": 0, "frame": 40, "time_s": 40.0, "timestamp": "2025-01-01T00:00:40", "mode": "MIN_MAX", "is_static": true, "battery": 50.0}}, {"type": "Feature", "geometry": {"type": "Point", "coordinates": [966389.3981658287, 1948730.1136619265]}, "properties": {"kind": "base_B", "drone_id": 0, "frame": 40, "time_s": 40.0, "timestamp": "2025-01-01T00:00:40", "mode": "MIN_MAX", "is_static": true, "battery": 50.0}}, {"type": "Feature", "geometry": {"type": "Point", "coordinates": [966181.7191512688, 1949960.2101269653]}, "properties": {"kind": "drone", "drone_id": 1, "frame": 41, "time_s": 41.0, "timestamp": "2025-01-01T00:00:41", "mode": "MIN_MAX", "is_static": false, "battery": 43.80872483221462}}, {"type": "Feature", "geometry": {"type": "Point", "coordinates": [966222.3789808131, 1949276.542233355]}, "properties": {"kind": "drone", "drone_id": 2, "frame": 41, "time_s": 41.0, "timestamp": "2025-01-01T00:00:41", "mode": "MIN_MAX", "is_static": false, "battery": 43.99999999999942}}, {"type": "Feature", "geometry": {"type": "Point", "coordinates": [963809.8796416994, 1950519.3993762122]}, "properties": {"kind": "drone", "drone_id": 3, "frame": 41, "time_s": 41.0, "timestamp": "2025-01-01T00:00:41", "mode": "MIN_MAX", "is_static": false, "battery": 45.49999999999981}}, {"type": "Feature", "geometry": {"type": "Point", "coordinates": [962121.1301043197, 1951494.3993762122]}, "properties": {"kind": "drone", "drone_id": 4, "frame": 41, "time_s": 41.0, "timestamp": "2025-01-01T00:00:41", "mode": "MIN_MAX", "is_static": false, "battery": 43.99999999999981}}, {"type": "Feature", "geometry": {"type": "Point", "coordinates": [966389.3981658287, 1949321.346876655]}, "properties": {"kind": "drone", "drone_id": 5, "frame": 41, "time_s": 41.0, "timestamp": "2025-01-01T00:00:41", "mode": "MIN_MAX", "is_static": false, "battery": 43.80872483221462}}, {"type": "Feature", "geometry": {"type": "Point", "coordinates": [966142.1658176756, 1950387.373999168]}, "properties": {"kind": "drone", "drone_id": 6, "frame": 41, "time_s": 41.0, "timestamp": "2025-01-01T00:00:41", "mode": "MIN_MAX", "is_static": false, "battery": 43.80872483221462}}, {"type": "Feature", "geometry": {"type": "Point", "coordinates": [962608.587126688, 1950747.2613907235]}, "properties": {"kind": "drone", "drone_id": 7, "frame": 41, "time_s": 41.0, "timestamp": "2025-01-01T00:00:41", "mode": "MIN_MAX", "is_static": false, "battery": 43.80872483221462}}, {"type": "Feature", "geometry": {"type": "Point", "coordinates": [966259.4943552611, 1950187.77915949]}, "properties": {"kind": "drone", "drone_id": 8, "frame": 41, "time_s": 41.0, "timestamp": "2025-01-01T00:00:41", "mode": "MIN_MAX", "is_static": false, "battery": 43.80872483221462}}, {"type": "Feature", "geometry": {"type": "Point", "coordinates": [962956.2260293976, 1951312.2565190694]}, "properties": {"kind": "drone", "drone_id": 9, "frame": 41, "time_s": 41.0, "timestamp": "2025-01-01T00:00:41", "mode": "MIN_MAX", "is_static": false, "battery": 47.00000000000062}}, {"type": "Feature", "geometry": {"type": "Point", "coordinates": [965944.0136724538, 1949437.2565190694]}, "properties": {"kind": "drone", "drone_id": 10, "frame": 41, "time_s": 41.0, "timestamp": "2025-01-01T00:00:41", "mode": "MIN_MAX", "is_static": false, "battery": 48.49999999999981}}, {"type": "Feature", "geometry": {"type": "Point", "coordinates": [965480.0714918551, 1949553.5594715343]}, "properties": {"kind": "drone", "drone_id": 11, "frame": 41, "time_s": 41.0, "timestamp": "2025-01-01T00:00:41", "mode": "MIN_MAX", "is_static": false, "battery": 43.80872483221462}}, {"type": "Feature", "geometry": {"type": "Point", "coordinates": [963576.7556495214, 1949056.2337480022]}, "properties": {"kind": "drone", "drone_id": 12, "frame": 41, "time_s": 41.0, "timestamp": "2025-01-01T00:00:41", "mode": "MIN_MAX", "is_static": false, "battery": 43.80872483221462}}, {"type": "Feature", "geometry": {"type": "Point", "coordinates": [963921.225765043, 1949892.6623376375]}, "properties": {"kind": "drone", "drone_id": 13, "frame": 41, "time_s": 41.0, "timestamp": "2025-01-01T00:00:41", "mode": "MIN_MAX", "is_static": false, "battery": 43.80872483221462}}, {"type": "Feature", "geometry": {"type": "Point", "coordinates": [963791.3219544754, 1950830.1136619265]}, "properties": {"kind": "drone", "drone_id": 14, "frame": 41, "time_s": 41.0, "timestamp": "2025-01-01T00:00:41", "mode": "MIN_MAX", "is_static": false, "battery": 44.00000000000082}}, {"type": "Feature", "geometry": {"type": "Point", "coordinates": [962232.4762276635, 1951221.9217994]}, "properties": {"kind": "drone", "drone_id": 15, "frame": 41, "time_s": 41.0, "timestamp": "2025-01-01T00:00:41", "mode": "MIN_MAX", "is_static": false, "battery": 43.80872483221462}}, {"type": "Feature", "geometry": {"type": "Point", "coordinates": [963531.5143333401, 1950980.1136619265]}, "properties": {"kind": "drone", "drone_id": 16, "frame": 41, "time_s": 41.0, "timestamp": "2025-01-01T00:00:41", "mode": "MIN_MAX", "is_static": false, "battery": 50.0}}, {"type": "Feature", "geometry": {"type": "Point", "coordinates": [965896.1794798396, 1950095.3537208014]}, "properties": {"kind": "drone", "drone_id": 17, "frame": 41, "time_s": 41.0, "timestamp": "2025-01-01T00:00:41", "mode": "MIN_MAX", "is_static": false, "battery": 43.80872483221462}}, {"type": "Feature", "geometry": {"type": "Point", "coordinates": [966259.4943552611, 1951091.4248246618]}, "properties": {"kind": "drone", "drone_id": 18, "frame": 41, "time_s": 41.0, "timestamp": "2025-01-01T00:00:41", "mode": "MIN_MAX", "is_static": false, "battery": 43.80872483221462}}, {"type": "Feature", "geometry": {"type": "Point", "coordinates": [962622.1876593664, 1951505.1136619265]}, "properties": {"kind": "drone", "drone_id": 19, "frame": 41, "time_s": 41.0, "timestamp": "2025-01-01T00:00:41", "mode": "MIN_MAX", "is_static": false, "battery": 50.0}}, {"type": "Feature", "geometry": {"type": "Point", "coordinates": [965220.2638707197, 1949227.1594844512]}, "properties": {"kind": "drone", "drone_id": 20, "frame": 41, "time_s": 41.0, "timestamp": "2025-01-01T00:00:41", "mode": "MIN_MAX", "is_static": false, "battery": 43.80872483221462}}, {"type": "Feature", "geometry": {"type": "Point", "coordinates": [961972.6686065281, 1951730.1136619265]}, "properties": {"kind": "base_A", "drone_id": 0, "frame": 41, "time_s": 41.0, "timestamp": "2025-01-01T00:00:41", "mode": "MIN_MAX", "is_static": true, "battery": 50.0}}, {"type": "Feature", "geometry": {"type": "Point", "coordinates": [966389.3981658287, 1948730.1136619265]}, "properties": {"kind": "base_B", "drone_id": 0, "frame": 41, "time_s": 41.0, "timestamp": "2025-01-01T00:00:41", "mode": "MIN_MAX", "is_static": true, "battery": 50.0}}, {"type": "Feature", "geometry": {"type": "Point", "coordinates": [966163.1791300237, 1949949.5060407086]}, "properties": {"kind": "drone", "drone_id": 1, "frame": 42, "time_s": 42.0, "timestamp": "2025-01-01T00:00:42", "mode": "MIN_MAX", "is_static": false, "battery": 43.65771812080523}}, {"type": "Feature", "geometry": {"type": "Point", "coordinates": [966222.3789808131, 1949276.542233355]}, "properties": {"kind": "drone", "drone_id": 2, "frame": 42, "time_s": 42.0, "timestamp": "2025-01-01T00:00:42", "mode": "MIN_MAX", "is_static": false, "battery": 43.99999999999942}}, {"type": "Feature", "geometry": {"type": "Point", "coordinates": [963809.8796416994, 1950519.3993762122]}, "properties": {"kind": "drone", "drone_id": 3, "frame": 42, "time_s": 42.0, "timestamp": "2025-01-01T00:00:42", "mode": "MIN_MAX", "is_static": false, "battery": 45.49999999999981}}, {"type": "Feature", "geometry": {"type": "Point", "coordinates": [962121.1301043197, 1951494.3993762122]}, "properties": {"kind": "drone", "drone_id": 4, "frame": 42, "time_s": 42.0, "timestamp": "2025-01-01T00:00:42", "mode": "MIN_MAX", "is_static": false, "battery": 43.99999999999981}}, {"type": "Feature", "geometry": {"type": "Point", "coordinates": [966389.3981658287, 1949315.0503553278]}, "properties": {"kind": "drone", "drone_id": 5, "frame": 42, "time_s": 42.0, "timestamp": "2025-01-01T00:00:42", "mode": "MIN_MAX", "is_static": false, "battery": 43.65771812080523}}, {"type": "Feature", "geometry": {"type": "Point", "coordinates": [966125.9059006018, 1950377.9863316682]}, "properties": {"kind": "drone", "drone_id": 6, "frame": 42, "time_s": 42.0, "timestamp": "2025-01-01T00:00:42", "mode": "MIN_MAX", "is_static": false, "battery": 43.65771812080523}}, {"type": "Feature", "geometry": {"type": "Point", "coordinates": [962627.8682532597, 1950758.39335434]}, "properties": {"kind": "drone", "drone_id": 7, "frame": 42, "time_s": 42.0, "timestamp": "2025-01-01T00:00:42", "mode": "MIN_MAX", "is_static": false, "battery": 43.65771812080523}}, {"type": "Feature", "geometry": {"type": "Point", "coordinates": [966259.4943552611, 1950169.5727875056]}, "properties": {"kind": "drone", "drone_id": 8, "frame": 42, "time_s": 42.0, "timestamp": "2025-01-01T00:00:42", "mode": "MIN_MAX", "is_static": false, "battery": 43.65771812080523}}, {"type": "Feature", "geometry": {"type": "Point", "coordinates": [962956.2260293976, 1951312.2565190694]}, "properties": {"kind": "drone", "drone_id": 9, "frame": 42, "time_s": 42.0, "timestamp": "2025-01-01T00:00:42", "mode": "MIN_MAX", "is_static": false, "battery": 47.00000000000062}}, {"type": "Feature", "geometry": {"type": "Point", "coordinates": [965944.0136724538, 1949437.2565190694]}, "properties": {"kind": "drone", "drone_id": 10, "frame": 42, "time_s": 42.0, "timestamp": "2025-01-01T00:00:42", "mode": "MIN_MAX", "is_static": false, "battery": 48.49999999999981}}, {"type": "Feature", "geometry": {"type": "Point", "coordinates": [965464.6734008573, 1949564.0037539091]}, "properties": {"kind": "drone", "drone_id": 11, "frame": 42, "time_s": 42.0, "timestamp": "2025-01-01T00:00:42", "mode": "MIN_MAX", "is_static": false, "battery": 43.65771812080523}}, {"type": "Feature", "geometry": {"type": "Point", "coordinates": [963594.5177813459, 1949066.4887195923]}, "properties": {"kind": "drone", "drone_id": 12, "frame": 42, "time_s": 42.0, "timestamp": "2025-01-01T00:00:42", "mode": "MIN_MAX", "is_static": false, "battery": 43.65771812080523}}, {"type": "Feature", "geometry": {"type": "Point", "coordinates": [963921.225765043, 1949913.5723797432]}, "properties": {"kind": "drone", "drone_id": 13, "frame": 42, "time_s": 42.0, "timestamp": "2025-01-01T00:00:42", "mode": "MIN_MAX", "is_static": false, "battery": 43.65771812080523}}, {"type": "Feature", "geometry": {"type": "Point", "coordinates": [963791.3219544754, 1950830.1136619265]}, "properties": {"kind": "drone", "drone_id": 14, "frame": 42, "time_s": 42.0, "timestamp": "2025-01-01T00:00:42", "mode": "MIN_MAX", "is_static": false, "battery": 44.00000000000082}}, {"type": "Feature", "geometry": {"type": "Point", "coordinates": [962232.4762276635, 1951244.6114195574]}, "properties": {"kind": "drone", "drone_id": 15, "frame": 42, "time_s": 42.0, "timestamp": "2025-01-01T00:00:42", "mode": "MIN_MAX", "is_static": false, "battery": 43.65771812080523}}, {"type": "Feature", "geometry": {"type": "Point", "coordinates": [963531.5143333401, 1950980.1136619265]}, "properties": {"kind": "drone", "drone_id": 16, "frame": 42, "time_s": 42.0, "timestamp": "2025-01-01T00:00:42", "mode": "MIN_MAX", "is_static": false, "battery": 50.0}}, {"type": "Feature", "geometry": {"type": "Point", "coordinates": [965880.3297340581, 1950086.2028658078]}, "properties": {"kind": "drone", "drone_id": 17, "frame": 42, "time_s": 42.0, "timestamp": "2025-01-01T00:00:42", "mode": "MIN_MAX", "is_static": false, "battery": 43.65771812080523}}, {"type": "Feature", "geometry": {"type": "Point", "coordinates": [966259.4943552611, 1951073.3774961685]}, "properties": {"kind": "drone", "drone_id": 18, "frame": 42, "time_s": 42.0, "timestamp": "2025-01-01T00:00:42", "mode": "MIN_MAX", "is_static": false, "battery": 43.65771812080523}}, {"type": "Feature", "geometry": {"type": "Point", "coordinates": [962622.1876593664, 1951505.1136619265]}, "properties": {"kind": "drone", "drone_id": 19, "frame": 42, "time_s": 42.0, "timestamp": "2025-01-01T00:00:42", "mode": "MIN_MAX", "is_static": false, "battery": 50.0}}, {"type": "Feature", "geometry": {"type": "Point", "coordinates": [965220.2638707197, 1949245.5713895166]}, "properties": {"kind": "drone", "drone_id": 20, "frame": 42, "time_s": 42.0, "timestamp": "2025-01-01T00:00:42", "mode": "MIN_MAX", "is_static": false, "battery": 43.65771812080523}}, {"type": "Feature", "geometry": {"type": "Point", "coordinates": [961972.6686065281, 1951730.1136619265]}, "properties": {"kind": "base_A", "drone_id": 0, "frame": 42, "time_s": 42.0, "timestamp": "2025-01-01T00:00:42", "mode": "MIN_MAX", "is_static": true, "battery": 50.0}}, {"type": "Feature", "geometry": {"type": "Point", "coordinates": [966389.3981658287, 1948730.1136619265]}, "properties": {"kind": "base_B", "drone_id": 0, "frame": 42, "time_s": 42.0, "timestamp": "2025-01-01T00:00:42", "mode": "MIN_MAX", "is_static": true, "battery": 50.0}}, {"type": "Feature", "geometry": {"type": "Point", "coordinates": [966144.5206586429, 1949938.7335672341]}, "properties": {"kind": "drone", "drone_id": 1, "frame": 43, "time_s": 43.0, "timestamp": "2025-01-01T00:00:43", "mode": "MIN_MAX", "is_static": false, "battery": 43.50671140939583}}, {"type": "Feature", "geometry": {"type": "Point", "coordinates": [966222.3789808131, 1949276.542233355]}, "properties": {"kind": "drone", "drone_id": 2, "frame": 43, "time_s": 43.0, "timestamp": "2025-01-01T00:00:43", "mode": "MIN_MAX", "is_static": false, "battery": 43.99999999999942}}, {"type": "Feature", "geometry": {"type": "Point", "coordinates": [963809.8796416994, 1950519.3993762122]}, "properties": {"kind": "drone", "drone_id": 3, "frame": 43, "time_s": 43.0, "timestamp": "2025-01-01T00:00:43", "mode": "MIN_MAX", "is_static": false, "battery": 45.49999999999981}}, {"type": "Feature", "geometry": {"type": "Point", "coordinates": [962121.1301043197, 1951494.3993762122]}, "properties": {"kind": "drone", "drone_id": 4, "frame": 43, "time_s": 43.0, "timestamp": "2025-01-01T00:00:43", "mode": "MIN_MAX", "is_static": false, "battery": 43.99999999999981}}, {"type": "Feature", "geometry": {"type": "Point", "coordinates": [966389.3981658287, 1949308.713606225]}, "properties": {"kind": "drone", "drone_id": 5, "frame": 43, "time_s": 43.0, "timestamp": "2025-01-01T00:00:43", "mode": "MIN_MAX", "is_static": false, "battery": 43.50671140939583}}, {"type": "Feature", "geometry": {"type": "Point", "coordinates": [966109.4248439438, 1950368.4709891703]}, "properties": {"kind": "drone", "drone_id": 6, "frame": 43, "time_s": 43.0, "timestamp": "2025-01-01T00:00:43", "mode": "MIN_MAX", "is_static": false, "battery": 43.50671140939583}}, {"type": "Feature", "geometry": {"type": "Point", "coordinates": [962647.2017592606, 1950769.555559234]}, "properties": {"kind": "drone", "drone_id": 7, "frame": 43, "time_s": 43.0, "timestamp": "2025-01-01T00:00:43", "mode": "MIN_MAX", "is_static": false, "battery": 43.50671140939583}}, {"type": "Feature", "geometry": {"type": "Point", "coordinates": [966259.4943552611, 1950151.1011454095]}, "properties": {"kind": "drone", "drone_id": 8, "frame": 43, "time_s": 43.0, "timestamp": "2025-01-01T00:00:43", "mode": "MIN_MAX", "is_static": false, "battery": 43.50671140939583}}, {"type": "Feature", "geometry": {"type": "Point", "coordinates": [962956.2260293976, 1951312.2565190694]}, "properties": {"kind": "drone", "drone_id": 9, "frame": 43, "time_s": 43.0, "timestamp": "2025-01-01T00:00:43", "mode": "MIN_MAX", "is_static": false, "battery": 47.00000000000062}}, {"type": "Feature", "geometry": {"type": "Point", "coordinates": [965944.0136724538, 1949437.2565190694]}, "properties": {"kind": "drone", "drone_id": 10, "frame": 43, "time_s": 43.0, "timestamp": "2025-01-01T00:00:43", "mode": "MIN_MAX", "is_static": false, "battery": 48.49999999999981}}, {"type": "Feature", "geometry": {"type": "Point", "coordinates": [965447.7016174382, 1949573.8024176348]}, "properties": {"kind": "drone", "drone_id": 11, "frame": 43, "time_s": 43.0, "timestamp": "2025-01-01T00:00:43", "mode": "MIN_MAX", "is_static": false, "battery": 43.50671140939583}}, {"type": "Feature", "geometry": {"type": "Point", "coordinates": [963612.4394980308, 1949076.8358275448]}, "properties": {"kind": "drone", "drone_id": 12, "frame": 43, "time_s": 43.0, "timestamp": "2025-01-01T00:00:43", "mode": "MIN_MAX", "is_static": false, "battery": 43.50671140939583}}, {"type": "Feature", "geometry": {"type": "Point", "coordinates": [963921.225765043, 1949934.2223869404]}, "properties": {"kind": "drone", "drone_id": 13, "frame": 43, "time_s": 43.0, "timestamp": "2025-01-01T00:00:43", "mode": "MIN_MAX", "is_static": false, "battery": 43.50671140939583}}, {"type": "Feature", "geometry": {"type": "Point", "coordinates": [963791.3219544754, 1950830.1136619265]}, "properties": {"kind": "drone", "drone_id": 14, "frame": 43, "time_s": 43.0, "timestamp": "2025-01-01T00:00:43", "mode": "MIN_MAX", "is_static": false, "battery": 44.00000000000082}}, {"type": "Feature", "geometry": {"type": "Point", "coordinates": [962232.4762276635, 1951267.0188741756]}, "properties": {"kind": "drone", "drone_id": 15, "frame": 43, "time_s": 43.0, "timestamp": "2025-01-01T00:00:43", "mode": "MIN_MAX", "is_static": false, "battery": 43.50671140939583}}, {"type": "Feature", "geometry": {"type": "Point", "coordinates": [963531.5143333401, 1950980.1136619265]}, "properties": {"kind": "drone", "drone_id": 16, "frame": 43, "time_s": 43.0, "timestamp": "2025-01-01T00:00:43", "mode": "MIN_MAX", "is_static": false, "battery": 50.0}}, {"type": "Feature", "geometry": {"type": "Point", "coordinates": [965864.2490546324, 1950076.9186812127]}, "properties": {"kind": "drone", "drone_id": 17, "frame": 43, "time_s": 43.0, "timestamp": "2025-01-01T00:00:43", "mode": "MIN_MAX", "is_static": false, "battery": 43.50671140939583}}, {"type": "Feature", "geometry": {"type": "Point", "coordinates": [966259.4943552611, 1951055.0672148557]}, "properties": {"kind": "drone", "drone_id": 18, "frame": 43, "time_s": 43.0, "timestamp": "2025-01-01T00:00:43", "mode": "MIN_MAX", "is_static": false, "battery": 43.50671140939583}}, {"type": "Feature", "geometry": {"type": "Point", "coordinates": [962622.1876593664, 1951505.1136619265]}, "properties": {"kind": "drone", "drone_id": 19, "frame": 43, "time_s": 43.0, "timestamp": "2025-01-01T00:00:43", "mode": "MIN_MAX", "is_static": false, "battery": 50.0}}, {"type": "Feature", "geometry": {"type": "Point", "coordinates": [965228.1775220234, 1949259.682610637]}, "properties": {"kind": "drone", "drone_id": 20, "frame": 43, "time_s": 43.0, "timestamp": "2025-01-01T00:00:43", "mode": "MIN_MAX", "is_static": false, "battery": 43.50671140939583}}, {"type": "Feature", "geometry": {"type": "Point", "coordinates": [961972.6686065281, 1951730.1136619265]}, "properties": {"kind": "base_A", "drone_id": 0, "frame": 43, "time_s": 43.0, "timestamp": "2025-01-01T00:00:43", "mode": "MIN_MAX", "is_static": true, "battery": 50.0}}, {"type": "Feature", "geometry": {"type": "Point", "coordinates": [966389.3981658287, 1948730.1136619265]}, "properties": {"kind": "base_B", "drone_id": 0, "frame": 43, "time_s": 43.0, "timestamp": "2025-01-01T00:00:43", "mode": "MIN_MAX", "is_static": true, "battery": 50.0}}, {"type": "Feature", "geometry": {"type": "Point", "coordinates": [966125.759187144, 1949927.901626614]}, "properties": {"kind": "drone", "drone_id": 1, "frame": 44, "time_s": 44.0, "timestamp": "2025-01-01T00:00:44", "mode": "MIN_MAX", "is_static": false, "battery": 43.355704697986425}}, {"type": "Feature", "geometry": {"type": "Point", "coordinates": [966222.3789808131, 1949276.542233355]}, "properties": {"kind": "drone", "drone_id": 2, "frame": 44, "time_s": 44.0, "timestamp": "2025-01-01T00:00:44", "mode": "MIN_MAX", "is_static": false, "battery": 43.99999999999942}}, {"type": "Feature", "geometry": {"type": "Point", "coordinates": [963809.8796416994, 1950519.3993762122]}, "properties": {"kind": "drone", "drone_id": 3, "frame": 44, "time_s": 44.0, "timestamp": "2025-01-01T00:00:44", "mode": "MIN_MAX", "is_static": false, "battery": 45.49999999999981}}, {"type": "Feature", "geometry": {"type": "Point", "coordinates": [962121.1301043197, 1951494.3993762122]}, "properties": {"kind": "drone", "drone_id": 4, "frame": 44, "time_s": 44.0, "timestamp": "2025-01-01T00:00:44", "mode": "MIN_MAX", "is_static": false, "battery": 43.99999999999981}}, {"type": "Feature", "geometry": {"type": "Point", "coordinates": [966389.3981658287, 1949302.3418764484]}, "properties": {"kind": "drone", "drone_id": 5, "frame": 44, "time_s": 44.0, "timestamp": "2025-01-01T00:00:44", "mode": "MIN_MAX", "is_static": false, "battery": 43.355704697986425}}, {"type": "Feature", "geometry": {"type": "Point", "coordinates": [966092.7306794057, 1950358.8326087804]}, "properties": {"kind": "drone", "drone_id": 6, "frame": 44, "time_s": 44.0, "timestamp": "2025-01-01T00:00:44", "mode": "MIN_MAX", "is_static": false, "battery": 43.355704697986425}}, {"type": "Feature", "geometry": {"type": "Point", "coordinates": [962666.5682449022, 1950780.7368049324]}, "properties": {"kind": "drone", "drone_id": 7, "frame": 44, "time_s": 44.0, "timestamp": "2025-01-01T00:00:44", "mode": "MIN_MAX", "is_static": false, "battery": 43.355704697986425}}, {"type": "Feature", "geometry": {"type": "Point", "coordinates": [966259.4943552611, 1950132.3723953592]}, "properties": {"kind": "drone", "drone_id": 8, "frame": 44, "time_s": 44.0, "timestamp": "2025-01-01T00:00:44", "mode": "MIN_MAX", "is_static": false, "battery": 43.355704697986425}}, {"type": "Feature", "geometry": {"type": "Point", "coordinates": [962956.2260293976, 1951312.2565190694]}, "properties": {"kind": "drone", "drone_id": 9, "frame": 44, "time_s": 44.0, "timestamp": "2025-01-01T00:00:44", "mode": "MIN_MAX", "is_static": false, "battery": 47.00000000000062}}, {"type": "Feature", "geometry": {"type": "Point", "coordinates": [965944.0136724538, 1949437.2565190694]}, "properties": {"kind": "drone", "drone_id": 10, "frame": 44, "time_s": 44.0, "timestamp": "2025-01-01T00:00:44", "mode": "MIN_MAX", "is_static": false, "battery": 48.49999999999981}}, {"type": "Feature", "geometry": {"type": "Point", "coordinates": [965430.5103808092, 1949583.7277827302]}, "properties": {"kind": "drone", "drone_id": 11, "frame": 44, "time_s": 44.0, "timestamp": "2025-01-01T00:00:44", "mode": "MIN_MAX", "is_static": false, "battery": 43.355704697986425}}, {"type": "Feature", "geometry": {"type": "Point", "coordinates": [963630.5081675292, 1949087.2677787438]}, "properties": {"kind": "drone", "drone_id": 12, "frame": 44, "time_s": 44.0, "timestamp": "2025-01-01T00:00:44", "mode": "MIN_MAX", "is_static": false, "battery": 43.355704697986425}}, {"type": "Feature", "geometry": {"type": "Point", "coordinates": [963921.225765043, 1949954.5764097027]}, "properties": {"kind": "drone", "drone_id": 13, "frame": 44, "time_s": 44.0, "timestamp": "2025-01-01T00:00:44", "mode": "MIN_MAX", "is_static": false, "battery": 43.355704697986425}}, {"type": "Feature", "geometry": {"type": "Point", "coordinates": [963791.3219544754, 1950830.1136619265]}, "properties": {"kind": "drone", "drone_id": 14, "frame": 44, "time_s": 44.0, "timestamp": "2025-01-01T00:00:44", "mode": "MIN_MAX", "is_static": false, "battery": 44.00000000000082}}, {"type": "Feature", "geometry": {"type": "Point", "coordinates": [962232.4762276635, 1951289.1051541942]}, "properties": {"kind": "drone", "drone_id": 15, "frame": 44, "time_s": 44.0, "timestamp": "2025-01-01T00:00:44", "mode": "MIN_MAX", "is_static": false, "battery": 43.355704697986425}}, {"type": "Feature", "geometry": {"type": "Point", "coordinates": [963531.5143333401, 1950980.1136619265]}, "properties": {"kind": "drone", "drone_id": 16, "frame": 44, "time_s": 44.0, "timestamp": "2025-01-01T00:00:44", "mode": "MIN_MAX", "is_static": false, "battery": 50.0}}, {"type": "Feature", "geometry": {"type": "Point", "coordinates": [965847.9445472131, 1950067.505269465]}, "properties": {"kind": "drone", "drone_id": 17, "frame": 44, "time_s": 44.0, "timestamp": "2025-01-01T00:00:44", "mode": "MIN_MAX", "is_static": false, "battery": 43.355704697986425}}, {"type": "Feature", "geometry": {"type": "Point", "coordinates": [966259.4943552611, 1951036.50207158]}, "properties": {"kind": "drone", "drone_id": 18, "frame": 44, "time_s": 44.0, "timestamp": "2025-01-01T00:00:44", "mode": "MIN_MAX", "is_static": false, "battery": 43.355704697986425}}, {"type": "Feature", "geometry": {"type": "Point", "coordinates": [962622.1876593664, 1951505.1136619265]}, "properties": {"kind": "drone", "drone_id": 19, "frame": 44, "time_s": 44.0, "timestamp": "2025-01-01T00:00:44", "mode": "MIN_MAX", "is_static": false, "battery": 50.0}}, {"type": "Feature", "geometry": {"type": "Point", "coordinates": [965244.580199312, 1949269.1527007848]}, "properties": {"kind": "drone", "drone_id": 20, "frame": 44, "time_s": 44.0, "timestamp": "2025-01-01T00:00:44", "mode": "MIN_MAX", "is_static": false, "battery": 43.355704697986425}}, {"type": "Feature", "geometry": {"type": "Point", "coordinates": [961972.6686065281, 1951730.1136619265]}, "properties": {"kind": "base_A", "drone_id": 0, "frame": 44, "time_s": 44.0, "timestamp": "2025-01-01T00:00:44", "mode": "MIN_MAX", "is_static": true, "battery": 50.0}}, {"type": "Feature", "geometry": {"type": "Point", "coordinates": [966389.3981658287, 1948730.1136619265]}, "properties": {"kind": "base_B", "drone_id": 0, "frame": 44, "time_s": 44.0, "timestamp": "2025-01-01T00:00:44", "mode": "MIN_MAX", "is_static": true, "battery": 50.0}}, {"type": "Feature", "geometry": {"type": "Point", "coordinates": [966106.9101655448, 1949917.0191389197]}, "properties": {"kind": "drone", "drone_id": 1, "frame": 45, "time_s": 45.0, "timestamp": "2025-01-01T00:00:45", "mode": "MIN_MAX", "is_static": false, "battery": 43.20469798657703}}, {"type": "Feature", "geometry": {"type": "Point", "coordinates": [966222.3789808131, 1949276.542233355]}, "properties": {"kind": "drone", "drone_id": 2, "frame": 45, "time_s": 45.0, "timestamp": "2025-01-01T00:00:45", "mode": "MIN_MAX", "is_static": false, "battery": 43.99999999999942}}, {"type": "Feature", "geometry": {"type": "Point", "coordinates": [963809.8796416994, 1950519.3993762122]}, "properties": {"kind": "drone", "drone_id": 3, "frame": 45, "time_s": 45.0, "timestamp": "2025-01-01T00:00:45", "mode": "MIN_MAX", "is_static": false, "battery": 45.49999999999981}}, {"type": "Feature", "geometry": {"type": "Point", "coordinates": [962121.1301043197, 1951494.3993762122]}, "properties": {"kind": "drone", "drone_id": 4, "frame": 45, "time_s": 45.0, "timestamp": "2025-01-01T00:00:45", "mode": "MIN_MAX", "is_static": false, "battery": 43.99999999999981}}, {"type": "Feature", "geometry": {"type": "Point", "coordinates": [966389.3981658287, 1949295.940413099]}, "properties": {"kind": "drone", "drone_id": 5, "frame": 45, "time_s": 45.0, "timestamp": "2025-01-01T00:00:45", "mode": "MIN_MAX", "is_static": false, "battery": 43.20469798657703}}, {"type": "Feature", "geometry": {"type": "Point", "coordinates": [966075.8314386916, 1950349.0758276049]}, "properties": {"kind": "drone", "drone_id": 6, "frame": 45, "time_s": 45.0, "timestamp": "2025-01-01T00:00:45", "mode": "MIN_MAX", "is_static": false, "battery": 43.20469798657703}}, {"type": "Feature", "geometry": {"type": "Point", "coordinates": [962685.9483103958, 1950791.9258909621]}, "properties": {"kind": "drone", "drone_id": 7, "frame": 45, "time_s": 45.0, "timestamp": "2025-01-01T00:00:45", "mode": "MIN_MAX", "is_static": false, "battery": 43.20469798657703}}, {"type": "Feature", "geometry": {"type": "Point", "coordinates": [966259.4943552611, 1950113.394699512]}, "properties": {"kind": "drone", "drone_id": 8, "frame": 45, "time_s": 45.0, "timestamp": "2025-01-01T00:00:45", "mode": "MIN_MAX", "is_static": false, "battery": 43.20469798657703}}, {"type": "Feature", "geometry": {"type": "Point", "coordinates": [962956.2260293976, 1951312.2565190694]}, "properties": {"kind": "drone", "drone_id": 9, "frame": 45, "time_s": 45.0, "timestamp": "2025-01-01T00:00:45", "mode": "MIN_MAX", "is_static": false, "battery": 47.00000000000062}}, {"type": "Feature", "geometry": {"type": "Point", "coordinates": [965944.0136724538, 1949437.2565190694]}, "properties": {"kind": "drone", "drone_id": 10, "frame": 45, "time_s": 45.0, "timestamp": "2025-01-01T00:00:45", "mode": "MIN_MAX", "is_static": false, "battery": 48.49999999999981}}, {"type": "Feature", "geometry": {"type": "Point", "coordinates": [965413.1079618199, 1949593.7750740182]}, "properties": {"kind": "drone", "drone_id": 11, "frame": 45, "time_s": 45.0, "timestamp": "2025-01-01T00:00:45", "mode": "MIN_MAX", "is_static": false, "battery": 43.20469798657703}}, {"type": "Feature", "geometry": {"type": "Point", "coordinates": [963648.7111577942, 1949097.7772800731]}, "properties": {"kind": "drone", "drone_id": 12, "frame": 45, "time_s": 45.0, "timestamp": "2025-01-01T00:00:45", "mode": "MIN_MAX", "is_static": false, "battery": 43.20469798657703}}, {"type": "Feature", "geometry": {"type": "Point", "coordinates": [963921.225765043, 1949974.598498503]}, "properties": {"kind": "drone", "drone_id": 13, "frame": 45, "time_s": 45.0, "timestamp": "2025-01-01T00:00:45", "mode": "MIN_MAX", "is_static": false, "battery": 43.20469798657703}}, {"type": "Feature", "geometry": {"type": "Point", "coordinates": [963791.3219544754, 1950830.1136619265]}, "properties": {"kind": "drone", "drone_id": 14, "frame": 45, "time_s": 45.0, "timestamp": "2025-01-01T00:00:45", "mode": "MIN_MAX", "is_static": false, "battery": 44.00000000000082}}, {"type": "Feature", "geometry": {"type": "Point", "coordinates": [962232.4762276635, 1951310.831250552]}, "properties": {"kind": "drone", "drone_id": 15, "frame": 45, "time_s": 45.0, "timestamp": "2025-01-01T00:00:45", "mode": "MIN_MAX", "is_static": false, "battery": 43.20469798657703}}, {"type": "Feature", "geometry": {"type": "Point", "coordinates": [963531.5143333401, 1950980.1136619265]}, "properties": {"kind": "drone", "drone_id": 16, "frame": 45, "time_s": 45.0, "timestamp": "2025-01-01T00:00:45", "mode": "MIN_MAX", "is_static": false, "battery": 50.0}}, {"type": "Feature", "geometry": {"type": "Point", "coordinates": [965831.4233174508, 1950057.9667330144]}, "properties": {"kind": "drone", "drone_id": 17, "frame": 45, "time_s": 45.0, "timestamp": "2025-01-01T00:00:45", "mode": "MIN_MAX", "is_static": false, "battery": 43.20469798657703}}, {"type": "Feature", "geometry": {"type": "Point", "coordinates": [966259.4943552611, 1951017.6901571967]}, "properties": {"kind": "drone", "drone_id": 18, "frame": 45, "time_s": 45.0, "timestamp": "2025-01-01T00:00:45", "mode": "MIN_MAX", "is_static": false, "battery": 43.204697986577024}}, {"type": "Feature", "geometry": {"type": "Point", "coordinates": [962622.1876593664, 1951505.1136619265]}, "properties": {"kind": "drone", "drone_id": 19, "frame": 45, "time_s": 45.0, "timestamp": "2025-01-01T00:00:45", "mode": "MIN_MAX", "is_static": false, "battery": 50.0}}, {"type": "Feature", "geometry": {"type": "Point", "coordinates": [965261.2009038344, 1949278.748669015]}, "properties": {"kind": "drone", "drone_id": 20, "frame": 45, "time_s": 45.0, "timestamp": "2025-01-01T00:00:45", "mode": "MIN_MAX", "is_static": false, "battery": 43.20469798657703}}, {"type": "Feature", "geometry": {"type": "Point", "coordinates": [961972.6686065281, 1951730.1136619265]}, "properties": {"kind": "base_A", "drone_id": 0, "frame": 45, "time_s": 45.0, "timestamp": "2025-01-01T00:00:45", "mode": "MIN_MAX", "is_static": true, "battery": 50.0}}, {"type": "Feature", "geometry": {"type": "Point", "coordinates": [966389.3981658287, 1948730.1136619265]}, "properties": {"kind": "base_B", "drone_id": 0, "frame": 45, "time_s": 45.0, "timestamp": "2025-01-01T00:00:45", "mode": "MIN_MAX", "is_static": true, "battery": 50.0}}, {"type": "Feature", "geometry": {"type": "Point", "coordinates": [966087.989043863, 1949906.0950242234]}, "properties": {"kind": "drone", "drone_id": 1, "frame": 46, "time_s": 46.0, "timestamp": "2025-01-01T00:00:46", "mode": "MIN_MAX", "is_static": false, "battery": 43.05369127516763}}, {"type": "Feature", "geometry": {"type": "Point", "coordinates": [966222.3789808131, 1949276.542233355]}, "properties": {"kind": "drone", "drone_id": 2, "frame": 46, "time_s": 46.0, "timestamp": "2025-01-01T00:00:46", "mode": "MIN_MAX", "is_static": false, "battery": 43.99999999999942}}, {"type": "Feature", "geometry": {"type": "Point", "coordinates": [963809.8796416994, 1950519.3993762122]}, "properties": {"kind": "drone", "drone_id": 3, "frame": 46, "time_s": 46.0, "timestamp": "2025-01-01T00:00:46", "mode": "MIN_MAX", "is_static": false, "battery": 45.49999999999981}}, {"type": "Feature", "geometry": {"type": "Point", "coordinates": [962121.1301043197, 1951494.3993762122]}, "properties": {"kind": "drone", "drone_id": 4, "frame": 46, "time_s": 46.0, "timestamp": "2025-01-01T00:00:46", "mode": "MIN_MAX", "is_static": false, "battery": 43.99999999999981}}, {"type": "Feature", "geometry": {"type": "Point", "coordinates": [966389.3981658287, 1949289.5144632775]}, "properties": {"kind": "drone", "drone_id": 5, "frame": 46, "time_s": 46.0, "timestamp": "2025-01-01T00:00:46", "mode": "MIN_MAX", "is_static": false, "battery": 43.05369127516763}}, {"type": "Feature", "geometry": {"type": "Point", "coordinates": [966058.7351535053, 1950339.2052827505]}, "properties": {"kind": "drone", "drone_id": 6, "frame": 46, "time_s": 46.0, "timestamp": "2025-01-01T00:00:46", "mode": "MIN_MAX", "is_static": false, "battery": 43.05369127516763}}, {"type": "Feature", "geometry": {"type": "Point", "coordinates": [962705.3225559529, 1950803.1116168497]}, "properties": {"kind": "drone", "drone_id": 7, "frame": 46, "time_s": 46.0, "timestamp": "2025-01-01T00:00:46", "mode": "MIN_MAX", "is_static": false, "battery": 43.05369127516763}}, {"type": "Feature", "geometry": {"type": "Point", "coordinates": [966259.4943552611, 1950094.1762200252]}, "properties": {"kind": "drone", "drone_id": 8, "frame": 46, "time_s": 46.0, "timestamp": "2025-01-01T00:00:46", "mode": "MIN_MAX", "is_static": false, "battery": 43.05369127516763}}, {"type": "Feature", "geometry": {"type": "Point", "coordinates": [962956.2260293976, 1951312.2565190694]}, "properties": {"kind": "drone", "drone_id": 9, "frame": 46, "time_s": 46.0, "timestamp": "2025-01-01T00:00:46", "mode": "MIN_MAX", "is_static": false, "battery": 47.00000000000062}}, {"type": "Feature", "geometry": {"type": "Point", "coordinates": [965944.0136724538, 1949437.2565190694]}, "properties": {"kind": "drone", "drone_id": 10, "frame": 46, "time_s": 46.0, "timestamp": "2025-01-01T00:00:46", "mode": "MIN_MAX", "is_static": false, "battery": 48.49999999999981}}, {"type": "Feature", "geometry": {"type": "Point", "coordinates": [965395.5026313199, 1949603.9395163215]}, "properties": {"kind": "drone", "drone_id": 11, "frame": 46, "time_s": 46.0, "timestamp": "2025-01-01T00:00:46", "mode": "MIN_MAX", "is_static": false, "battery": 43.05369127516763}}, {"type": "Feature", "geometry": {"type": "Point", "coordinates": [963667.0358367786, 1949108.3570384176]}, "properties": {"kind": "drone", "drone_id": 12, "frame": 46, "time_s": 46.0, "timestamp": "2025-01-01T00:00:46", "mode": "MIN_MAX", "is_static": false, "battery": 43.05369127516763}}, {"type": "Feature", "geometry": {"type": "Point", "coordinates": [963921.225765043, 1949994.2527038155]}, "properties": {"kind": "drone", "drone_id": 13, "frame": 46, "time_s": 46.0, "timestamp": "2025-01-01T00:00:46", "mode": "MIN_MAX", "is_static": false, "battery": 43.05369127516763}}, {"type": "Feature", "geometry": {"type": "Point", "coordinates": [963791.3219544754, 1950830.1136619265]}, "properties": {"kind": "drone", "drone_id": 14, "frame": 46, "time_s": 46.0, "timestamp": "2025-01-01T00:00:46", "mode": "MIN_MAX", "is_static": false, "battery": 44.00000000000082}}, {"type": "Feature", "geometry": {"type": "Point", "coordinates": [962232.4762276635, 1951332.158154189]}, "properties": {"kind": "drone", "drone_id": 15, "frame": 46, "time_s": 46.0, "timestamp": "2025-01-01T00:00:46", "mode": "MIN_MAX", "is_static": false, "battery": 43.05369127516763}}, {"type": "Feature", "geometry": {"type": "Point", "coordinates": [963531.5143333401, 1950980.1136619265]}, "properties": {"kind": "drone", "drone_id": 16, "frame": 46, "time_s": 46.0, "timestamp": "2025-01-01T00:00:46", "mode": "MIN_MAX", "is_static": false, "battery": 50.0}}, {"type": "Feature", "geometry": {"type": "Point", "coordinates": [965814.692470996, 1950048.30717431]}, "properties": {"kind": "drone", "drone_id": 17, "frame": 46, "time_s": 46.0, "timestamp": "2025-01-01T00:00:46", "mode": "MIN_MAX", "is_static": false, "battery": 43.05369127516763}}, {"type": "Feature", "geometry": {"type": "Point", "coordinates": [966259.4943552611, 1950998.639562562]}, "properties": {"kind": "drone", "drone_id": 18, "frame": 46, "time_s": 46.0, "timestamp": "2025-01-01T00:00:46", "mode": "MIN_MAX", "is_static": false, "battery": 43.05369127516763}}, {"type": "Feature", "geometry": {"type": "Point", "coordinates": [962622.1876593664, 1951505.1136619265]}, "properties": {"kind": "drone", "drone_id": 19, "frame": 46, "time_s": 46.0, "timestamp": "2025-01-01T00:00:46", "mode": "MIN_MAX", "is_static": false, "battery": 50.0}}, {"type": "Feature", "geometry": {"type": "Point", "coordinates": [965278.0324871569, 1949288.4663881771]}, "properties": {"kind": "drone", "drone_id": 20, "frame": 46, "time_s": 46.0, "timestamp": "2025-01-01T00:00:46", "mode": "MIN_MAX", "is_static": false, "battery": 43.05369127516763}}, {"type": "Feature", "geometry": {"type": "Point", "coordinates": [961972.6686065281, 1951730.1136619265]}, "properties": {"kind": "base_A", "drone_id": 0, "frame": 46, "time_s": 46.0, "timestamp": "2025-01-01T00:00:46", "mode": "MIN_MAX", "is_static": true, "battery": 50.0}}, {"type": "Feature", "geometry": {"type": "Point", "coordinates": [966389.3981658287, 1948730.1136619265]}, "properties": {"kind": "base_B", "drone_id": 0, "frame": 46, "time_s": 46.0, "timestamp": "2025-01-01T00:00:46", "mode": "MIN_MAX", "is_static": true, "battery": 50.0}}, {"type": "Feature", "geometry": {"type": "Point", "coordinates": [966069.0112721163, 1949895.1382025967]}, "properties": {"kind": "drone", "drone_id": 1, "frame": 47, "time_s": 47.0, "timestamp": "2025-01-01T00:00:47", "mode": "MIN_MAX", "is_static": false, "battery": 42.90268456375823}}, {"type": "Feature", "geometry": {"type": "Point", "coordinates": [966222.3789808131, 1949276.542233355]}, "properties": {"kind": "drone", "drone_id": 2, "frame": 47, "time_s": 47.0, "timestamp": "2025-01-01T00:00:47", "mode": "MIN_MAX", "is_static": false, "battery": 43.99999999999942}}, {"type": "Feature", "geometry": {"type": "Point", "coordinates": [963809.8796416994, 1950519.3993762122]}, "properties": {"kind": "drone", "drone_id": 3, "frame": 47, "time_s": 47.0, "timestamp": "2025-01-01T00:00:47", "mode": "MIN_MAX", "is_static": false, "battery": 45.49999999999981}}, {"type": "Feature", "geometry": {"type": "Point", "coordinates": [962121.1301043197, 1951494.3993762122]}, "properties": {"kind": "drone", "drone_id": 4, "frame": 47, "time_s": 47.0, "timestamp": "2025-01-01T00:00:47", "mode": "MIN_MAX", "is_static": false, "battery": 43.99999999999981}}, {"type": "Feature", "geometry": {"type": "Point", "coordinates": [966389.3981658287, 1949283.0692740853]}, "properties": {"kind": "drone", "drone_id": 5, "frame": 47, "time_s": 47.0, "timestamp": "2025-01-01T00:00:47", "mode": "MIN_MAX", "is_static": false, "battery": 42.90268456375823}}, {"type": "Feature", "geometry": {"type": "Point", "coordinates": [966041.449855551, 1950329.2256113235]}, "properties": {"kind": "drone", "drone_id": 6, "frame": 47, "time_s": 47.0, "timestamp": "2025-01-01T00:00:47", "mode": "MIN_MAX", "is_static": false, "battery": 42.90268456375823}}, {"type": "Feature", "geometry": {"type": "Point", "coordinates": [962724.6715817847, 1950814.2827821223]}, "properties": {"kind": "drone", "drone_id": 7, "frame": 47, "time_s": 47.0, "timestamp": "2025-01-01T00:00:47", "mode": "MIN_MAX", "is_static": false, "battery": 42.90268456375823}}, {"type": "Feature", "geometry": {"type": "Point", "coordinates": [966259.4943552611, 1950074.725119056]}, "properties": {"kind": "drone", "drone_id": 8, "frame": 47, "time_s": 47.0, "timestamp": "2025-01-01T00:00:47", "mode": "MIN_MAX", "is_static": false, "battery": 42.90268456375823}}, {"type": "Feature", "geometry": {"type": "Point", "coordinates": [962956.2260293976, 1951312.2565190694]}, "properties": {"kind": "drone", "drone_id": 9, "frame": 47, "time_s": 47.0, "timestamp": "2025-01-01T00:00:47", "mode": "MIN_MAX", "is_static": false, "battery": 47.00000000000062}}, {"type": "Feature", "geometry": {"type": "Point", "coordinates": [965944.0136724538, 1949437.2565190694]}, "properties": {"kind": "drone", "drone_id": 10, "frame": 47, "time_s": 47.0, "timestamp": "2025-01-01T00:00:47", "mode": "MIN_MAX", "is_static": false, "battery": 48.49999999999981}}, {"type": "Feature", "geometry": {"type": "Point", "coordinates": [965377.7026601589, 1949614.2163344629]}, "properties": {"kind": "drone", "drone_id": 11, "frame": 47, "time_s": 47.0, "timestamp": "2025-01-01T00:00:47", "mode": "MIN_MAX", "is_static": false, "battery": 42.90268456375823}}, {"type": "Feature", "geometry": {"type": "Point", "coordinates": [963685.4695724354, 1949118.9997606613]}, "properties": {"kind": "drone", "drone_id": 12, "frame": 47, "time_s": 47.0, "timestamp": "2025-01-01T00:00:47", "mode": "MIN_MAX", "is_static": false, "battery": 42.90268456375823}}, {"type": "Feature", "geometry": {"type": "Point", "coordinates": [963921.225765043, 1950013.503076113]}, "properties": {"kind": "drone", "drone_id": 13, "frame": 47, "time_s": 47.0, "timestamp": "2025-01-01T00:00:47", "mode": "MIN_MAX", "is_static": false, "battery": 42.90268456375823}}, {"type": "Feature", "geometry": {"type": "Point", "coordinates": [963791.3219544754, 1950830.1136619265]}, "properties": {"kind": "drone", "drone_id": 14, "frame": 47, "time_s": 47.0, "timestamp": "2025-01-01T00:00:47", "mode": "MIN_MAX", "is_static": false, "battery": 44.00000000000082}}, {"type": "Feature", "geometry": {"type": "Point", "coordinates": [962232.4762276635, 1951353.0468560439]}, "properties": {"kind": "drone", "drone_id": 15, "frame": 47, "time_s": 47.0, "timestamp": "2025-01-01T00:00:47", "mode": "MIN_MAX", "is_static": false, "battery": 42.90268456375823}}, {"type": "Feature", "geometry": {"type": "Point", "coordinates": [963531.5143333401, 1950980.1136619265]}, "properties": {"kind": "drone", "drone_id": 16, "frame": 47, "time_s": 47.0, "timestamp": "2025-01-01T00:00:47", "mode": "MIN_MAX", "is_static": false, "battery": 50.0}}, {"type": "Feature", "geometry": {"type": "Point", "coordinates": [965797.7591134993, 1950038.5306958011]}, "properties": {"kind": "drone", "drone_id": 17, "frame": 47, "time_s": 47.0, "timestamp": "2025-01-01T00:00:47", "mode": "MIN_MAX", "is_static": false, "battery": 42.90268456375823}}, {"type": "Feature", "geometry": {"type": "Point", "coordinates": [966259.4943552611, 1950979.3583785323]}, "properties": {"kind": "drone", "drone_id": 18, "frame": 47, "time_s": 47.0, "timestamp": "2025-01-01T00:00:47", "mode": "MIN_MAX", "is_static": false, "battery": 42.90268456375823}}, {"type": "Feature", "geometry": {"type": "Point", "coordinates": [962622.1876593664, 1951505.1136619265]}, "properties": {"kind": "drone", "drone_id": 19, "frame": 47, "time_s": 47.0, "timestamp": "2025-01-01T00:00:47", "mode": "MIN_MAX", "is_static": false, "battery": 50.0}}, {"type": "Feature", "geometry": {"type": "Point", "coordinates": [965295.0678008456, 1949298.301731121]}, "properties": {"kind": "drone", "drone_id": 20, "frame": 47, "time_s": 47.0, "timestamp": "2025-01-01T00:00:47", "mode": "MIN_MAX", "is_static": false, "battery": 42.90268456375823}}, {"type": "Feature", "geometry": {"type": "Point", "coordinates": [961972.6686065281, 1951730.1136619265]}, "properties": {"kind": "base_A", "drone_id": 0, "frame": 47, "time_s": 47.0, "timestamp": "2025-01-01T00:00:47", "mode": "MIN_MAX", "is_static": true, "battery": 50.0}}, {"type": "Feature", "geometry": {"type": "Point", "coordinates": [966389.3981658287, 1948730.1136619265]}, "properties": {"kind": "base_B", "drone_id": 0, "frame": 47, "time_s": 47.0, "timestamp": "2025-01-01T00:00:47", "mode": "MIN_MAX", "is_static": true, "battery": 50.0}}, {"type": "Feature", "geometry": {"type": "Point", "coordinates": [966049.9923003224, 1949884.1575941117]}, "properties": {"kind": "drone", "drone_id": 1, "frame": 48, "time_s": 48.0, "timestamp": "2025-01-01T00:00:48", "mode": "MIN_MAX", "is_static": false, "battery": 42.75167785234883}}, {"type": "Feature", "geometry": {"type": "Point", "coordinates": [966222.3789808131, 1949276.542233355]}, "properties": {"kind": "drone", "drone_id": 2, "frame": 48, "time_s": 48.0, "timestamp": "2025-01-01T00:00:48", "mode": "MIN_MAX", "is_static": false, "battery": 43.99999999999942}}, {"type": "Feature", "geometry": {"type": "Point", "coordinates": [963809.8796416994, 1950519.3993762122]}, "properties": {"kind": "drone", "drone_id": 3, "frame": 48, "time_s": 48.0, "timestamp": "2025-01-01T00:00:48", "mode": "MIN_MAX", "is_static": false, "battery": 45.49999999999981}}, {"type": "Feature", "geometry": {"type": "Point", "coordinates": [962121.1301043197, 1951494.3993762122]}, "properties": {"kind": "drone", "drone_id": 4, "frame": 48, "time_s": 48.0, "timestamp": "2025-01-01T00:00:48", "mode": "MIN_MAX", "is_static": false, "battery": 43.99999999999981}}, {"type": "Feature", "geometry": {"type": "Point", "coordinates": [966389.3981658287, 1949276.6100926236]}, "properties": {"kind": "drone", "drone_id": 5, "frame": 48, "time_s": 48.0, "timestamp": "2025-01-01T00:00:48", "mode": "MIN_MAX", "is_static": false, "battery": 42.75167785234883}}, {"type": "Feature", "geometry": {"type": "Point", "coordinates": [966023.9835765327, 1950319.1414504307]}, "properties": {"kind": "drone", "drone_id": 6, "frame": 48, "time_s": 48.0, "timestamp": "2025-01-01T00:00:48", "mode": "MIN_MAX", "is_static": false, "battery": 42.751677852348834}}, {"type": "Feature", "geometry": {"type": "Point", "coordinates": [962743.9759881028, 1950825.4281863065]}, "properties": {"kind": "drone", "drone_id": 7, "frame": 48, "time_s": 48.0, "timestamp": "2025-01-01T00:00:48", "mode": "MIN_MAX", "is_static": false, "battery": 42.75167785234883}}, {"type": "Feature", "geometry": {"type": "Point", "coordinates": [966259.4943552611, 1950055.0495587615]}, "properties": {"kind": "drone", "drone_id": 8, "frame": 48, "time_s": 48.0, "timestamp": "2025-01-01T00:00:48", "mode": "MIN_MAX", "is_static": false, "battery": 42.75167785234883}}, {"type": "Feature", "geometry": {"type": "Point", "coordinates": [962956.2260293976, 1951312.2565190694]}, "properties": {"kind": "drone", "drone_id": 9, "frame": 48, "time_s": 48.0, "timestamp": "2025-01-01T00:00:48", "mode": "MIN_MAX", "is_static": false, "battery": 47.00000000000062}}, {"type": "Feature", "geometry": {"type": "Point", "coordinates": [965944.0136724538, 1949437.2565190694]}, "properties": {"kind": "drone", "drone_id": 10, "frame": 48, "time_s": 48.0, "timestamp": "2025-01-01T00:00:48", "mode": "MIN_MAX", "is_static": false, "battery": 48.49999999999981}}, {"type": "Feature", "geometry": {"type": "Point", "coordinates": [965359.7163191864, 1949624.600753265]}, "properties": {"kind": "drone", "drone_id": 11, "frame": 48, "time_s": 48.0, "timestamp": "2025-01-01T00:00:48", "mode": "MIN_MAX", "is_static": false, "battery": 42.751677852348834}}, {"type": "Feature", "geometry": {"type": "Point", "coordinates": [963703.9997327178, 1949129.6981536883]}, "properties": {"kind": "drone", "drone_id": 12, "frame": 48, "time_s": 48.0, "timestamp": "2025-01-01T00:00:48", "mode": "MIN_MAX", "is_static": false, "battery": 42.751677852348834}}, {"type": "Feature", "geometry": {"type": "Point", "coordinates": [963921.225765043, 1950032.3136658696]}, "properties": {"kind": "drone", "drone_id": 13, "frame": 48, "time_s": 48.0, "timestamp": "2025-01-01T00:00:48", "mode": "MIN_MAX", "is_static": false, "battery": 42.751677852348834}}, {"type": "Feature", "geometry": {"type": "Point", "coordinates": [963791.3219544754, 1950830.1136619265]}, "properties": {"kind": "drone", "drone_id": 14, "frame": 48, "time_s": 48.0, "timestamp": "2025-01-01T00:00:48", "mode": "MIN_MAX", "is_static": false, "battery": 44.00000000000082}}, {"type": "Feature", "geometry": {"type": "Point", "coordinates": [962232.4762276635, 1951373.4583470563]}, "properties": {"kind": "drone", "drone_id": 15, "frame": 48, "time_s": 48.0, "timestamp": "2025-01-01T00:00:48", "mode": "MIN_MAX", "is_static": false, "battery": 42.75167785234883}}, {"type": "Feature", "geometry": {"type": "Point", "coordinates": [963531.5143333401, 1950980.1136619265]}, "properties": {"kind": "drone", "drone_id": 16, "frame": 48, "time_s": 48.0, "timestamp": "2025-01-01T00:00:48", "mode": "MIN_MAX", "is_static": false, "battery": 50.0}}, {"type": "Feature", "geometry": {"type": "Point", "coordinates": [965780.6303506114, 1950028.6413999368]}, "properties": {"kind": "drone", "drone_id": 17, "frame": 48, "time_s": 48.0, "timestamp": "2025-01-01T00:00:48", "mode": "MIN_MAX", "is_static": false, "battery": 42.75167785234883}}, {"type": "Feature", "geometry": {"type": "Point", "coordinates": [966259.4943552611, 1950959.8546959632]}, "properties": {"kind": "drone", "drone_id": 18, "frame": 48, "time_s": 48.0, "timestamp": "2025-01-01T00:00:48", "mode": "MIN_MAX", "is_static": false, "battery": 42.75167785234883}}, {"type": "Feature", "geometry": {"type": "Point", "coordinates": [962622.1876593664, 1951505.1136619265]}, "properties": {"kind": "drone", "drone_id": 19, "frame": 48, "time_s": 48.0, "timestamp": "2025-01-01T00:00:48", "mode": "MIN_MAX", "is_static": false, "battery": 50.0}}, {"type": "Feature", "geometry": {"type": "Point", "coordinates": [965312.2996964665, 1949308.2505706965]}, "properties": {"kind": "drone", "drone_id": 20, "frame": 48, "time_s": 48.0, "timestamp": "2025-01-01T00:00:48", "mode": "MIN_MAX", "is_static": false, "battery": 42.751677852348834}}, {"type": "Feature", "geometry": {"type": "Point", "coordinates": [961972.6686065281, 1951730.1136619265]}, "properties": {"kind": "base_A", "drone_id": 0, "frame": 48, "time_s": 48.0, "timestamp": "2025-01-01T00:00:48", "mode": "MIN_MAX", "is_static": true, "battery": 50.0}}, {"type": "Feature", "geometry": {"type": "Point", "coordinates": [966389.3981658287, 1948730.1136619265]}, "properties": {"kind": "base_B", "drone_id": 0, "frame": 48, "time_s": 48.0, "timestamp": "2025-01-01T00:00:48", "mode": "MIN_MAX", "is_static": true, "battery": 50.0}}, {"type": "Feature", "geometry": {"type": "Point", "coordinates": [966030.9475784989, 1949873.1621188405]}, "properties": {"kind": "drone", "drone_id": 1, "frame": 49, "time_s": 49.0, "timestamp": "2025-01-01T00:00:49", "mode": "MIN_MAX", "is_static": false, "battery": 42.600671140939426}}, {"type": "Feature", "geometry": {"type": "Point", "coordinates": [966222.3789808131, 1949276.542233355]}, "properties": {"kind": "drone", "drone_id": 2, "frame": 49, "time_s": 49.0, "timestamp": "2025-01-01T00:00:49", "mode": "MIN_MAX", "is_static": false, "battery": 43.99999999999942}}, {"type": "Feature", "geometry": {"type": "Point", "coordinates": [963809.8796416994, 1950519.3993762122]}, "properties": {"kind": "drone", "drone_id": 3, "frame": 49, "time_s": 49.0, "timestamp": "2025-01-01T00:00:49", "mode": "MIN_MAX", "is_static": false, "battery": 45.49999999999981}}, {"type": "Feature", "geometry": {"type": "Point", "coordinates": [962121.1301043197, 1951494.3993762122]}, "properties": {"kind": "drone", "drone_id": 4, "frame": 49, "time_s": 49.0, "timestamp": "2025-01-01T00:00:49", "mode": "MIN_MAX", "is_static": false, "battery": 43.99999999999981}}, {"type": "Feature", "geometry": {"type": "Point", "coordinates": [966389.3981658287, 1949270.1421659936]}, "properties": {"kind": "drone", "drone_id": 5, "frame": 49, "time_s": 49.0, "timestamp": "2025-01-01T00:00:49", "mode": "MIN_MAX", "is_static": false, "battery": 42.60067114093943}}, {"type": "Feature", "geometry": {"type": "Point", "coordinates": [966006.3443481545, 1950308.9574371781]}, "properties": {"kind": "drone", "drone_id": 6, "frame": 49, "time_s": 49.0, "timestamp": "2025-01-01T00:00:49", "mode": "MIN_MAX", "is_static": false, "battery": 42.60067114093943}}, {"type": "Feature", "geometry": {"type": "Point", "coordinates": [962763.2163751185, 1950836.5366289294]}, "properties": {"kind": "drone", "drone_id": 7, "frame": 49, "time_s": 49.0, "timestamp": "2025-01-01T00:00:49", "mode": "MIN_MAX", "is_static": false, "battery": 42.600671140939426}}, {"type": "Feature", "geometry": {"type": "Point", "coordinates": [966259.4943552611, 1950035.1577012995]}, "properties": {"kind": "drone", "drone_id": 8, "frame": 49, "time_s": 49.0, "timestamp": "2025-01-01T00:00:49", "mode": "MIN_MAX", "is_static": false, "battery": 42.600671140939426}}, {"type": "Feature", "geometry": {"type": "Point", "coordinates": [962956.2260293976, 1951312.2565190694]}, "properties": {"kind": "drone", "drone_id": 9, "frame": 49, "time_s": 49.0, "timestamp": "2025-01-01T00:00:49", "mode": "MIN_MAX", "is_static": false, "battery": 47.00000000000062}}, {"type": "Feature", "geometry": {"type": "Point", "coordinates": [965944.0136724538, 1949437.2565190694]}, "properties": {"kind": "drone", "drone_id": 10, "frame": 49, "time_s": 49.0, "timestamp": "2025-01-01T00:00:49", "mode": "MIN_MAX", "is_static": false, "battery": 48.49999999999981}}, {"type": "Feature", "geometry": {"type": "Point", "coordinates": [965341.5518792522, 1949635.0879975508]}, "properties": {"kind": "drone", "drone_id": 11, "frame": 49, "time_s": 49.0, "timestamp": "2025-01-01T00:00:49", "mode": "MIN_MAX", "is_static": false, "battery": 42.60067114093943}}, {"type": "Feature", "geometry": {"type": "Point", "coordinates": [963722.6136855785, 1949140.4449243832]}, "properties": {"kind": "drone", "drone_id": 12, "frame": 49, "time_s": 49.0, "timestamp": "2025-01-01T00:00:49", "mode": "MIN_MAX", "is_static": false, "battery": 42.60067114093943}}, {"type": "Feature", "geometry": {"type": "Point", "coordinates": [963921.225765043, 1950050.6485235584]}, "properties": {"kind": "drone", "drone_id": 13, "frame": 49, "time_s": 49.0, "timestamp": "2025-01-01T00:00:49", "mode": "MIN_MAX", "is_static": false, "battery": 42.600671140939426}}, {"type": "Feature", "geometry": {"type": "Point", "coordinates": [963791.3219544754, 1950830.1136619265]}, "properties": {"kind": "drone", "drone_id": 14, "frame": 49, "time_s": 49.0, "timestamp": "2025-01-01T00:00:49", "mode": "MIN_MAX", "is_static": false, "battery": 44.00000000000082}}, {"type": "Feature", "geometry": {"type": "Point", "coordinates": [962232.4762276635, 1951393.3536181652]}, "properties": {"kind": "drone", "drone_id": 15, "frame": 49, "time_s": 49.0, "timestamp": "2025-01-01T00:00:49", "mode": "MIN_MAX", "is_static": false, "battery": 42.600671140939426}}, {"type": "Feature", "geometry": {"type": "Point", "coordinates": [963531.5143333401, 1950980.1136619265]}, "properties": {"kind": "drone", "drone_id": 16, "frame": 49, "time_s": 49.0, "timestamp": "2025-01-01T00:00:49", "mode": "MIN_MAX", "is_static": false, "battery": 50.0}}, {"type": "Feature", "geometry": {"type": "Point", "coordinates": [965763.3132879828, 1950018.6433891666]}, "properties": {"kind": "drone", "drone_id": 17, "frame": 49, "time_s": 49.0, "timestamp": "2025-01-01T00:00:49", "mode": "MIN_MAX", "is_static": false, "battery": 42.60067114093943}}, {"type": "Feature", "geometry": {"type": "Point", "coordinates": [966259.4943552611, 1950940.1366057107]}, "properties": {"kind": "drone", "drone_id": 18, "frame": 49, "time_s": 49.0, "timestamp": "2025-01-01T00:00:49", "mode": "MIN_MAX", "is_static": false, "battery": 42.600671140939426}}, {"type": "Feature", "geometry": {"type": "Point", "coordinates": [962622.1876593664, 1951505.1136619265]}, "properties": {"kind": "drone", "drone_id": 19, "frame": 49, "time_s": 49.0, "timestamp": "2025-01-01T00:00:49", "mode": "MIN_MAX", "is_static": false, "battery": 50.0}}, {"type": "Feature", "geometry": {"type": "Point", "coordinates": [965329.7210255859, 1949318.3087797533]}, "properties": {"kind": "drone", "drone_id": 20, "frame": 49, "time_s": 49.0, "timestamp": "2025-01-01T00:00:49", "mode": "MIN_MAX", "is_static": false, "battery": 42.60067114093943}}, {"type": "Feature", "geometry": {"type": "Point", "coordinates": [961972.6686065281, 1951730.1136619265]}, "properties": {"kind": "base_A", "drone_id": 0, "frame": 49, "time_s": 49.0, "timestamp": "2025-01-01T00:00:49", "mode": "MIN_MAX", "is_static": true, "battery": 50.0}}, {"type": "Feature", "geometry": {"type": "Point", "coordinates": [966389.3981658287, 1948730.1136619265]}, "properties": {"kind": "base_B", "drone_id": 0, "frame": 49, "time_s": 49.0, "timestamp": "2025-01-01T00:00:49", "mode": "MIN_MAX", "is_static": true, "battery": 50.0}}, {"type": "Feature", "geometry": {"type": "Point", "coordinates": [966011.8925566636, 1949862.1606968543]}, "properties": {"kind": "drone", "drone_id": 1, "frame": 50, "time_s": 50.0, "timestamp": "2025-01-01T00:00:50", "mode": "MIN_MAX", "is_static": false, "battery": 42.44966442953003}}, {"type": "Feature", "geometry": {"type": "Point", "coordinates": [966222.3789808131, 1949276.542233355]}, "properties": {"kind": "drone", "drone_id": 2, "frame": 50, "time_s": 50.0, "timestamp": "2025-01-01T00:00:50", "mode": "MIN_MAX", "is_static": false, "battery": 43.99999999999942}}, {"type": "Feature", "geometry": {"type": "Point", "coordinates": [963809.8796416994, 1950519.3993762122]}, "properties": {"kind": "drone", "drone_id": 3, "frame": 50, "time_s": 50.0, "timestamp": "2025-01-01T00:00:50", "mode": "MIN_MAX", "is_static": false, "battery": 45.49999999999981}}, {"type": "Feature", "geometry": {"type": "Point", "coordinates": [962121.1301043197, 1951494.3993762122]}, "properties": {"kind": "drone", "drone_id": 4, "frame": 50, "time_s": 50.0, "timestamp": "2025-01-01T00:00:50", "mode": "MIN_MAX", "is_static": false, "battery": 43.99999999999981}}, {"type": "Feature", "geometry": {"type": "Point", "coordinates": [966389.3981658287, 1949263.670741296]}, "properties": {"kind": "drone", "drone_id": 5, "frame": 50, "time_s": 50.0, "timestamp": "2025-01-01T00:00:50", "mode": "MIN_MAX", "is_static": false, "battery": 42.44966442953003}}, {"type": "Feature", "geometry": {"type": "Point", "coordinates": [965988.5402021202, 1950298.6782086724]}, "properties": {"kind": "drone", "drone_id": 6, "frame": 50, "time_s": 50.0, "timestamp": "2025-01-01T00:00:50", "mode": "MIN_MAX", "is_static": false, "battery": 42.44966442953003}}, {"type": "Feature", "geometry": {"type": "Point", "coordinates": [962782.373343043, 1950847.5969095174]}, "properties": {"kind": "drone", "drone_id": 7, "frame": 50, "time_s": 50.0, "timestamp": "2025-01-01T00:00:50", "mode": "MIN_MAX", "is_static": false, "battery": 42.44966442953003}}, {"type": "Feature", "geometry": {"type": "Point", "coordinates": [966259.4943552611, 1950015.0577088268]}, "properties": {"kind": "drone", "drone_id": 8, "frame": 50, "time_s": 50.0, "timestamp": "2025-01-01T00:00:50", "mode": "MIN_MAX", "is_static": false, "battery": 42.44966442953003}}, {"type": "Feature", "geometry": {"type": "Point", "coordinates": [962956.2260293976, 1951312.2565190694]}, "properties": {"kind": "drone", "drone_id": 9, "frame": 50, "time_s": 50.0, "timestamp": "2025-01-01T00:00:50", "mode": "MIN_MAX", "is_static": false, "battery": 47.00000000000062}}, {"type": "Feature", "geometry": {"type": "Point", "coordinates": [965944.0136724538, 1949437.2565190694]}, "properties": {"kind": "drone", "drone_id": 10, "frame": 50, "time_s": 50.0, "timestamp": "2025-01-01T00:00:50", "mode": "MIN_MAX", "is_static": false, "battery": 48.49999999999981}}, {"type": "Feature", "geometry": {"type": "Point", "coordinates": [965323.2176112058, 1949645.6732921428]}, "properties": {"kind": "drone", "drone_id": 11, "frame": 50, "time_s": 50.0, "timestamp": "2025-01-01T00:00:50", "mode": "MIN_MAX", "is_static": false, "battery": 42.44966442953003}}, {"type": "Feature", "geometry": {"type": "Point", "coordinates": [963741.2987989706, 1949151.23277963]}, "properties": {"kind": "drone", "drone_id": 12, "frame": 50, "time_s": 50.0, "timestamp": "2025-01-01T00:00:50", "mode": "MIN_MAX", "is_static": false, "battery": 42.44966442953003}}, {"type": "Feature", "geometry": {"type": "Point", "coordinates": [963921.225765043, 1950068.4716996527]}, "properties": {"kind": "drone", "drone_id": 13, "frame": 50, "time_s": 50.0, "timestamp": "2025-01-01T00:00:50", "mode": "MIN_MAX", "is_static": false, "battery": 42.44966442953003}}, {"type": "Feature", "geometry": {"type": "Point", "coordinates": [963791.3219544754, 1950830.1136619265]}, "properties": {"kind": "drone", "drone_id": 14, "frame": 50, "time_s": 50.0, "timestamp": "2025-01-01T00:00:50", "mode": "MIN_MAX", "is_static": false, "battery": 44.00000000000082}}, {"type": "Feature", "geometry": {"type": "Point", "coordinates": [962232.4762276635, 1951412.6936603102]}, "properties": {"kind": "drone", "drone_id": 15, "frame": 50, "time_s": 50.0, "timestamp": "2025-01-01T00:00:50", "mode": "MIN_MAX", "is_static": false, "battery": 42.44966442953003}}, {"type": "Feature", "geometry": {"type": "Point", "coordinates": [963531.5143333401, 1950980.1136619265]}, "properties": {"kind": "drone", "drone_id": 16, "frame": 50, "time_s": 50.0, "timestamp": "2025-01-01T00:00:50", "mode": "MIN_MAX", "is_static": false, "battery": 50.0}}, {"type": "Feature", "geometry": {"type": "Point", "coordinates": [965745.8150312642, 1950008.5407659397]}, "properties": {"kind": "drone", "drone_id": 17, "frame": 50, "time_s": 50.0, "timestamp": "2025-01-01T00:00:50", "mode": "MIN_MAX", "is_static": false, "battery": 42.44966442953003}}, {"type": "Feature", "geometry": {"type": "Point", "coordinates": [966259.4943552611, 1950920.2121986307]}, "properties": {"kind": "drone", "drone_id": 18, "frame": 50, "time_s": 50.0, "timestamp": "2025-01-01T00:00:50", "mode": "MIN_MAX", "is_static": false, "battery": 42.44966442953003}}, {"type": "Feature", "geometry": {"type": "Point", "coordinates": [962622.1876593664, 1951505.1136619265]}, "properties": {"kind": "drone", "drone_id": 19, "frame": 50, "time_s": 50.0, "timestamp": "2025-01-01T00:00:50", "mode": "MIN_MAX", "is_static": false, "battery": 50.0}}, {"type": "Feature", "geometry": {"type": "Point", "coordinates": [965347.3246397696, 1949328.4722311408]}, "properties": {"kind": "drone", "drone_id": 20, "frame": 50, "time_s": 50.0, "timestamp": "2025-01-01T00:00:50", "mode": "MIN_MAX", "is_static": false, "battery": 42.44966442953003}}, {"type": "Feature", "geometry": {"type": "Point", "coordinates": [961972.6686065281, 1951730.1136619265]}, "properties": {"kind": "base_A", "drone_id": 0, "frame": 50, "time_s": 50.0, "timestamp": "2025-01-01T00:00:50", "mode": "MIN_MAX", "is_static": true, "battery": 50.0}}, {"type": "Feature", "geometry": {"type": "Point", "coordinates": [966389.3981658287, 1948730.1136619265]}, "properties": {"kind": "base_B", "drone_id": 0, "frame": 50, "time_s": 50.0, "timestamp": "2025-01-01T00:00:50", "mode": "MIN_MAX", "is_static": true, "battery": 50.0}}, {"type": "Feature", "geometry": {"type": "Point", "coordinates": [965992.8426848343, 1949851.1622482256]}, "properties": {"kind": "drone", "drone_id": 1, "frame": 51, "time_s": 51.0, "timestamp": "2025-01-01T00:00:51", "mode": "MIN_MAX", "is_static": false, "battery": 42.29865771812063}}, {"type": "Feature", "geometry": {"type": "Point", "coordinates": [966222.3789808131, 1949276.542233355]}, "properties": {"kind": "drone", "drone_id": 2, "frame": 51, "time_s": 51.0, "timestamp": "2025-01-01T00:00:51", "mode": "MIN_MAX", "is_static": false, "battery": 43.99999999999942}}, {"type": "Feature", "geometry": {"type": "Point", "coordinates": [963809.8796416994, 1950519.3993762122]}, "properties": {"kind": "drone", "drone_id": 3, "frame": 51, "time_s": 51.0, "timestamp": "2025-01-01T00:00:51", "mode": "MIN_MAX", "is_static": false, "battery": 45.49999999999981}}, {"type": "Feature", "geometry": {"type": "Point", "coordinates": [962121.1301043197, 1951494.3993762122]}, "properties": {"kind": "drone", "drone_id": 4, "frame": 51, "time_s": 51.0, "timestamp": "2025-01-01T00:00:51", "mode": "MIN_MAX", "is_static": false, "battery": 43.99999999999981}}, {"type": "Feature", "geometry": {"type": "Point", "coordinates": [966389.3981658287, 1949257.2010656318]}, "properties": {"kind": "drone", "drone_id": 5, "frame": 51, "time_s": 51.0, "timestamp": "2025-01-01T00:00:51", "mode": "MIN_MAX", "is_static": false, "battery": 42.29865771812063}}, {"type": "Feature", "geometry": {"type": "Point", "coordinates": [965970.579170134, 1950288.3084020205]}, "properties": {"kind": "drone", "drone_id": 6, "frame": 51, "time_s": 51.0, "timestamp": "2025-01-01T00:00:51", "mode": "MIN_MAX", "is_static": false, "battery": 42.29865771812063}}, {"type": "Feature", "geometry": {"type": "Point", "coordinates": [962801.4274920879, 1950858.5978275978]}, "properties": {"kind": "drone", "drone_id": 7, "frame": 51, "time_s": 51.0, "timestamp": "2025-01-01T00:00:51", "mode": "MIN_MAX", "is_static": false, "battery": 42.29865771812063}}, {"type": "Feature", "geometry": {"type": "Point", "coordinates": [966250.525866825, 1949999.9357027137]}, "properties": {"kind": "drone", "drone_id": 8, "frame": 51, "time_s": 51.0, "timestamp": "2025-01-01T00:00:51", "mode": "MIN_MAX", "is_static": false, "battery": 42.29865771812063}}, {"type": "Feature", "geometry": {"type": "Point", "coordinates": [962956.2260293976, 1951312.2565190694]}, "properties": {"kind": "drone", "drone_id": 9, "frame": 51, "time_s": 51.0, "timestamp": "2025-01-01T00:00:51", "mode": "MIN_MAX", "is_static": false, "battery": 47.00000000000062}}, {"type": "Feature", "geometry": {"type": "Point", "coordinates": [965944.0136724538, 1949437.2565190694]}, "properties": {"kind": "drone", "drone_id": 10, "frame": 51, "time_s": 51.0, "timestamp": "2025-01-01T00:00:51", "mode": "MIN_MAX", "is_static": false, "battery": 48.49999999999981}}, {"type": "Feature", "geometry": {"type": "Point", "coordinates": [965304.7217858967, 1949656.3518618639]}, "properties": {"kind": "drone", "drone_id": 11, "frame": 51, "time_s": 51.0, "timestamp": "2025-01-01T00:00:51", "mode": "MIN_MAX", "is_static": false, "battery": 42.29865771812063}}, {"type": "Feature", "geometry": {"type": "Point", "coordinates": [963760.0424408473, 1949162.0544263131]}, "properties": {"kind": "drone", "drone_id": 12, "frame": 51, "time_s": 51.0, "timestamp": "2025-01-01T00:00:51", "mode": "MIN_MAX", "is_static": false, "battery": 42.29865771812063}}, {"type": "Feature", "geometry": {"type": "Point", "coordinates": [963921.225765043, 1950085.7472446265]}, "properties": {"kind": "drone", "drone_id": 13, "frame": 51, "time_s": 51.0, "timestamp": "2025-01-01T00:00:51", "mode": "MIN_MAX", "is_static": false, "battery": 42.29865771812063}}, {"type": "Feature", "geometry": {"type": "Point", "coordinates": [963791.3219544754, 1950830.1136619265]}, "properties": {"kind": "drone", "drone_id": 14, "frame": 51, "time_s": 51.0, "timestamp": "2025-01-01T00:00:51", "mode": "MIN_MAX", "is_static": false, "battery": 44.00000000000082}}, {"type": "Feature", "geometry": {"type": "Point", "coordinates": [962233.6244063125, 1951430.7765631785]}, "properties": {"kind": "drone", "drone_id": 15, "frame": 51, "time_s": 51.0, "timestamp": "2025-01-01T00:00:51", "mode": "MIN_MAX", "is_static": false, "battery": 42.29865771812063}}, {"type": "Feature", "geometry": {"type": "Point", "coordinates": [963531.5143333401, 1950980.1136619265]}, "properties": {"kind": "drone", "drone_id": 16, "frame": 51, "time_s": 51.0, "timestamp": "2025-01-01T00:00:51", "mode": "MIN_MAX", "is_static": false, "battery": 50.0}}, {"type": "Feature", "geometry": {"type": "Point", "coordinates": [965728.142686106, 1949998.3376327055]}, "properties": {"kind": "drone", "drone_id": 17, "frame": 51, "time_s": 51.0, "timestamp": "2025-01-01T00:00:51", "mode": "MIN_MAX", "is_static": false, "battery": 42.29865771812063}}, {"type": "Feature", "geometry": {"type": "Point", "coordinates": [966259.4943552611, 1950900.0895655793]}, "properties": {"kind": "drone", "drone_id": 18, "frame": 51, "time_s": 51.0, "timestamp": "2025-01-01T00:00:51", "mode": "MIN_MAX", "is_static": false, "battery": 42.29865771812063}}, {"type": "Feature", "geometry": {"type": "Point", "coordinates": [962622.1876593664, 1951505.1136619265]}, "properties": {"kind": "drone", "drone_id": 19, "frame": 51, "time_s": 51.0, "timestamp": "2025-01-01T00:00:51", "mode": "MIN_MAX", "is_static": false, "battery": 50.0}}, {"type": "Feature", "geometry": {"type": "Point", "coordinates": [965365.103390584, 1949338.7367977095]}, "properties": {"kind": "drone", "drone_id": 20, "frame": 51, "time_s": 51.0, "timestamp": "2025-01-01T00:00:51", "mode": "MIN_MAX", "is_static": false, "battery": 42.29865771812063}}, {"type": "Feature", "geometry": {"type": "Point", "coordinates": [961972.6686065281, 1951730.1136619265]}, "properties": {"kind": "base_A", "drone_id": 0, "frame": 51, "time_s": 51.0, "timestamp": "2025-01-01T00:00:51", "mode": "MIN_MAX", "is_static": true, "battery": 50.0}}, {"type": "Feature", "geometry": {"type": "Point", "coordinates": [966389.3981658287, 1948730.1136619265]}, "properties": {"kind": "base_B", "drone_id": 0, "frame": 51, "time_s": 51.0, "timestamp": "2025-01-01T00:00:51", "mode": "MIN_MAX", "is_static": true, "battery": 50.0}}, {"type": "Feature", "geometry": {"type": "Point", "coordinates": [965973.8134130286, 1949840.1756930263]}, "properties": {"kind": "drone", "drone_id": 1, "frame": 52, "time_s": 52.0, "timestamp": "2025-01-01T00:00:52", "mode": "MIN_MAX", "is_static": false, "battery": 42.14765100671123}}, {"type": "Feature", "geometry": {"type": "Point", "coordinates": [966222.3789808131, 1949276.542233355]}, "properties": {"kind": "drone", "drone_id": 2, "frame": 52, "time_s": 52.0, "timestamp": "2025-01-01T00:00:52", "mode": "MIN_MAX", "is_static": false, "battery": 43.99999999999942}}, {"type": "Feature", "geometry": {"type": "Point", "coordinates": [963809.8796416994, 1950519.3993762122]}, "properties": {"kind": "drone", "drone_id": 3, "frame": 52, "time_s": 52.0, "timestamp": "2025-01-01T00:00:52", "mode": "MIN_MAX", "is_static": false, "battery": 45.49999999999981}}, {"type": "Feature", "geometry": {"type": "Point", "coordinates": [962121.1301043197, 1951494.3993762122]}, "properties": {"kind": "drone", "drone_id": 4, "frame": 52, "time_s": 52.0, "timestamp": "2025-01-01T00:00:52", "mode": "MIN_MAX", "is_static": false, "battery": 43.99999999999981}}, {"type": "Feature", "geometry": {"type": "Point", "coordinates": [966389.3981658287, 1949250.7383861027]}, "properties": {"kind": "drone", "drone_id": 5, "frame": 52, "time_s": 52.0, "timestamp": "2025-01-01T00:00:52", "mode": "MIN_MAX", "is_static": false, "battery": 42.14765100671123}}, {"type": "Feature", "geometry": {"type": "Point", "coordinates": [965952.4692838999, 1950277.852654328]}, "properties": {"kind": "drone", "drone_id": 6, "frame": 52, "time_s": 52.0, "timestamp": "2025-01-01T00:00:52", "mode": "MIN_MAX", "is_static": false, "battery": 42.14765100671123}}, {"type": "Feature", "geometry": {"type": "Point", "coordinates": [962820.3594224646, 1950869.528182697]}, "properties": {"kind": "drone", "drone_id": 7, "frame": 52, "time_s": 52.0, "timestamp": "2025-01-01T00:00:52", "mode": "MIN_MAX", "is_static": false, "battery": 42.14765100671123}}, {"type": "Feature", "geometry": {"type": "Point", "coordinates": [966232.7794682214, 1949989.6898147026]}, "properties": {"kind": "drone", "drone_id": 8, "frame": 52, "time_s": 52.0, "timestamp": "2025-01-01T00:00:52", "mode": "MIN_MAX", "is_static": false, "battery": 42.14765100671123}}, {"type": "Feature", "geometry": {"type": "Point", "coordinates": [962956.2260293976, 1951312.2565190694]}, "properties": {"kind": "drone", "drone_id": 9, "frame": 52, "time_s": 52.0, "timestamp": "2025-01-01T00:00:52", "mode": "MIN_MAX", "is_static": false, "battery": 47.00000000000062}}, {"type": "Feature", "geometry": {"type": "Point", "coordinates": [965944.0136724538, 1949437.2565190694]}, "properties": {"kind": "drone", "drone_id": 10, "frame": 52, "time_s": 52.0, "timestamp": "2025-01-01T00:00:52", "mode": "MIN_MAX", "is_static": false, "battery": 48.49999999999981}}, {"type": "Feature", "geometry": {"type": "Point", "coordinates": [965286.0726741748, 1949667.1189315366]}, "properties": {"kind": "drone", "drone_id": 11, "frame": 52, "time_s": 52.0, "timestamp": "2025-01-01T00:00:52", "mode": "MIN_MAX", "is_static": false, "battery": 42.147651006711236}}, {"type": "Feature", "geometry": {"type": "Point", "coordinates": [963778.8319791614, 1949172.9025713168]}, "properties": {"kind": "drone", "drone_id": 12, "frame": 52, "time_s": 52.0, "timestamp": "2025-01-01T00:00:52", "mode": "MIN_MAX", "is_static": false, "battery": 42.14765100671123}}, {"type": "Feature", "geometry": {"type": "Point", "coordinates": [963921.225765043, 1950102.439208953]}, "properties": {"kind": "drone", "drone_id": 13, "frame": 52, "time_s": 52.0, "timestamp": "2025-01-01T00:00:52", "mode": "MIN_MAX", "is_static": false, "battery": 42.14765100671123}}, {"type": "Feature", "geometry": {"type": "Point", "coordinates": [963791.3219544754, 1950830.1136619265]}, "properties": {"kind": "drone", "drone_id": 14, "frame": 52, "time_s": 52.0, "timestamp": "2025-01-01T00:00:52", "mode": "MIN_MAX", "is_static": false, "battery": 44.00000000000082}}, {"type": "Feature", "geometry": {"type": "Point", "coordinates": [962249.3103408322, 1951439.832841696]}, "properties": {"kind": "drone", "drone_id": 15, "frame": 52, "time_s": 52.0, "timestamp": "2025-01-01T00:00:52", "mode": "MIN_MAX", "is_static": false, "battery": 42.14765100671123}}, {"type": "Feature", "geometry": {"type": "Point", "coordinates": [963531.5143333401, 1950980.1136619265]}, "properties": {"kind": "drone", "drone_id": 16, "frame": 52, "time_s": 52.0, "timestamp": "2025-01-01T00:00:52", "mode": "MIN_MAX", "is_static": false, "battery": 50.0}}, {"type": "Feature", "geometry": {"type": "Point", "coordinates": [965710.303358159, 1949988.038091913]}, "properties": {"kind": "drone", "drone_id": 17, "frame": 52, "time_s": 52.0, "timestamp": "2025-01-01T00:00:52", "mode": "MIN_MAX", "is_static": false, "battery": 42.14765100671123}}, {"type": "Feature", "geometry": {"type": "Point", "coordinates": [966259.4943552611, 1950879.7767974124]}, "properties": {"kind": "drone", "drone_id": 18, "frame": 52, "time_s": 52.0, "timestamp": "2025-01-01T00:00:52", "mode": "MIN_MAX", "is_static": false, "battery": 42.14765100671123}}, {"type": "Feature", "geometry": {"type": "Point", "coordinates": [962622.1876593664, 1951505.1136619265]}, "properties": {"kind": "drone", "drone_id": 19, "frame": 52, "time_s": 52.0, "timestamp": "2025-01-01T00:00:52", "mode": "MIN_MAX", "is_static": false, "battery": 50.0}}, {"type": "Feature", "geometry": {"type": "Point", "coordinates": [965383.0501295951, 1949349.0983523086]}, "properties": {"kind": "drone", "drone_id": 20, "frame": 52, "time_s": 52.0, "timestamp": "2025-01-01T00:00:52", "mode": "MIN_MAX", "is_static": false, "battery": 42.147651006711236}}, {"type": "Feature", "geometry": {"type": "Point", "coordinates": [961972.6686065281, 1951730.1136619265]}, "properties": {"kind": "base_A", "drone_id": 0, "frame": 52, "time_s": 52.0, "timestamp": "2025-01-01T00:00:52", "mode": "MIN_MAX", "is_static": true, "battery": 50.0}}, {"type": "Feature", "geometry": {"type": "Point", "coordinates": [966389.3981658287, 1948730.1136619265]}, "properties": {"kind": "base_B", "drone_id": 0, "frame": 52, "time_s": 52.0, "timestamp": "2025-01-01T00:00:52", "mode": "MIN_MAX", "is_static": true, "battery": 50.0}}, {"type": "Feature", "geometry": {"type": "Point", "coordinates": [965954.8201912642, 1949829.2099513276]}, "properties": {"kind": "drone", "drone_id": 1, "frame": 53, "time_s": 53.0, "timestamp": "2025-01-01T00:00:53", "mode": "MIN_MAX", "is_static": false, "battery": 41.996644295301834}}, {"type": "Feature", "geometry": {"type": "Point", "coordinates": [966222.3789808131, 1949276.542233355]}, "properties": {"kind": "drone", "drone_id": 2, "frame": 53, "time_s": 53.0, "timestamp": "2025-01-01T00:00:53", "mode": "MIN_MAX", "is_static": false, "battery": 43.99999999999942}}, {"type": "Feature", "geometry": {"type": "Point", "coordinates": [963809.8796416994, 1950519.3993762122]}, "properties": {"kind": "drone", "drone_id": 3, "frame": 53, "time_s": 53.0, "timestamp": "2025-01-01T00:00:53", "mode": "MIN_MAX", "is_static": false, "battery": 45.49999999999981}}, {"type": "Feature", "geometry": {"type": "Point", "coordinates": [962121.1301043197, 1951494.3993762122]}, "properties": {"kind": "drone", "drone_id": 4, "frame": 53, "time_s": 53.0, "timestamp": "2025-01-01T00:00:53", "mode": "MIN_MAX", "is_static": false, "battery": 43.99999999999981}}, {"type": "Feature", "geometry": {"type": "Point", "coordinates": [966389.3981658287, 1949244.2879498096]}, "properties": {"kind": "drone", "drone_id": 5, "frame": 53, "time_s": 53.0, "timestamp": "2025-01-01T00:00:53", "mode": "MIN_MAX", "is_static": false, "battery": 41.996644295301834}}, {"type": "Feature", "geometry": {"type": "Point", "coordinates": [965934.2185751218, 1950267.3156027023]}, "properties": {"kind": "drone", "drone_id": 6, "frame": 53, "time_s": 53.0, "timestamp": "2025-01-01T00:00:53", "mode": "MIN_MAX", "is_static": false, "battery": 41.996644295301834}}, {"type": "Feature", "geometry": {"type": "Point", "coordinates": [962839.1497343845, 1950880.376774342]}, "properties": {"kind": "drone", "drone_id": 7, "frame": 53, "time_s": 53.0, "timestamp": "2025-01-01T00:00:53", "mode": "MIN_MAX", "is_static": false, "battery": 41.996644295301834}}, {"type": "Feature", "geometry": {"type": "Point", "coordinates": [966214.8740253177, 1949979.3521024224]}, "properties": {"kind": "drone", "drone_id": 8, "frame": 53, "time_s": 53.0, "timestamp": "2025-01-01T00:00:53", "mode": "MIN_MAX", "is_static": false, "battery": 41.996644295301834}}, {"type": "Feature", "geometry": {"type": "Point", "coordinates": [962956.2260293976, 1951312.2565190694]}, "properties": {"kind": "drone", "drone_id": 9, "frame": 53, "time_s": 53.0, "timestamp": "2025-01-01T00:00:53", "mode": "MIN_MAX", "is_static": false, "battery": 47.00000000000062}}, {"type": "Feature", "geometry": {"type": "Point", "coordinates": [965944.0136724538, 1949437.2565190694]}, "properties": {"kind": "drone", "drone_id": 10, "frame": 53, "time_s": 53.0, "timestamp": "2025-01-01T00:00:53", "mode": "MIN_MAX", "is_static": false, "battery": 48.49999999999981}}, {"type": "Feature", "geometry": {"type": "Point", "coordinates": [965267.2785468895, 1949677.969725984]}, "properties": {"kind": "drone", "drone_id": 11, "frame": 53, "time_s": 53.0, "timestamp": "2025-01-01T00:00:53", "mode": "MIN_MAX", "is_static": false, "battery": 41.996644295301834}}, {"type": "Feature", "geometry": {"type": "Point", "coordinates": [963791.3219544754, 1949187.4261811236]}, "properties": {"kind": "drone", "drone_id": 12, "frame": 53, "time_s": 53.0, "timestamp": "2025-01-01T00:00:53", "mode": "MIN_MAX", "is_static": false, "battery": 41.996644295301834}}, {"type": "Feature", "geometry": {"type": "Point", "coordinates": [963921.225765043, 1950118.5116431054]}, "properties": {"kind": "drone", "drone_id": 13, "frame": 53, "time_s": 53.0, "timestamp": "2025-01-01T00:00:53", "mode": "MIN_MAX", "is_static": false, "battery": 41.996644295301834}}, {"type": "Feature", "geometry": {"type": "Point", "coordinates": [963791.3219544754, 1950830.1136619265]}, "properties": {"kind": "drone", "drone_id": 14, "frame": 53, "time_s": 53.0, "timestamp": "2025-01-01T00:00:53", "mode": "MIN_MAX", "is_static": false, "battery": 44.00000000000082}}, {"type": "Feature", "geometry": {"type": "Point", "coordinates": [962264.4140844516, 1951448.5529921404]}, "properties": {"kind": "drone", "drone_id": 15, "frame": 53, "time_s": 53.0, "timestamp": "2025-01-01T00:00:53", "mode": "MIN_MAX", "is_static": false, "battery": 41.996644295301834}}, {"type": "Feature", "geometry": {"type": "Point", "coordinates": [963531.5143333401, 1950980.1136619265]}, "properties": {"kind": "drone", "drone_id": 16, "frame": 53, "time_s": 53.0, "timestamp": "2025-01-01T00:00:53", "mode": "MIN_MAX", "is_static": false, "battery": 50.0}}, {"type": "Feature", "geometry": {"type": "Point", "coordinates": [965692.3041530737, 1949977.6462460118]}, "properties": {"kind": "drone", "drone_id": 17, "frame": 53, "time_s": 53.0, "timestamp": "2025-01-01T00:00:53", "mode": "MIN_MAX", "is_static": false, "battery": 41.996644295301834}}, {"type": "Feature", "geometry": {"type": "Point", "coordinates": [966259.4943552611, 1950859.2819849863]}, "properties": {"kind": "drone", "drone_id": 18, "frame": 53, "time_s": 53.0, "timestamp": "2025-01-01T00:00:53", "mode": "MIN_MAX", "is_static": false, "battery": 41.996644295301834}}, {"type": "Feature", "geometry": {"type": "Point", "coordinates": [962622.1876593664, 1951505.1136619265]}, "properties": {"kind": "drone", "drone_id": 19, "frame": 53, "time_s": 53.0, "timestamp": "2025-01-01T00:00:53", "mode": "MIN_MAX", "is_static": false, "battery": 50.0}}, {"type": "Feature", "geometry": {"type": "Point", "coordinates": [965401.157708369, 1949359.552767788]}, "properties": {"kind": "drone", "drone_id": 20, "frame": 53, "time_s": 53.0, "timestamp": "2025-01-01T00:00:53", "mode": "MIN_MAX", "is_static": false, "battery": 41.996644295301834}}, {"type": "Feature", "geometry": {"type": "Point", "coordinates": [961972.6686065281, 1951730.1136619265]}, "properties": {"kind": "base_A", "drone_id": 0, "frame": 53, "time_s": 53.0, "timestamp": "2025-01-01T00:00:53", "mode": "MIN_MAX", "is_static": true, "battery": 50.0}}, {"type": "Feature", "geometry": {"type": "Point", "coordinates": [966389.3981658287, 1948730.1136619265]}, "properties": {"kind": "base_B", "drone_id": 0, "frame": 53, "time_s": 53.0, "timestamp": "2025-01-01T00:00:53", "mode": "MIN_MAX", "is_static": true, "battery": 50.0}}, {"type": "Feature", "geometry": {"type": "Point", "coordinates": [965935.8784695588, 1949818.273943202]}, "properties": {"kind": "drone", "drone_id": 1, "frame": 54, "time_s": 54.0, "timestamp": "2025-01-01T00:00:54", "mode": "MIN_MAX", "is_static": false, "battery": 41.84563758389243}}, {"type": "Feature", "geometry": {"type": "Point", "coordinates": [966222.3789808131, 1949276.542233355]}, "properties": {"kind": "drone", "drone_id": 2, "frame": 54, "time_s": 54.0, "timestamp": "2025-01-01T00:00:54", "mode": "MIN_MAX", "is_static": false, "battery": 43.99999999999942}}, {"type": "Feature", "geometry": {"type": "Point", "coordinates": [963809.8796416994, 1950519.3993762122]}, "properties": {"kind": "drone", "drone_id": 3, "frame": 54, "time_s": 54.0, "timestamp": "2025-01-01T00:00:54", "mode": "MIN_MAX", "is_static": false, "battery": 45.49999999999981}}, {"type": "Feature", "geometry": {"type": "Point", "coordinates": [962121.1301043197, 1951494.3993762122]}, "properties": {"kind": "drone", "drone_id": 4, "frame": 54, "time_s": 54.0, "timestamp": "2025-01-01T00:00:54", "mode": "MIN_MAX", "is_static": false, "battery": 43.99999999999981}}, {"type": "Feature", "geometry": {"type": "Point", "coordinates": [966389.3981658287, 1949237.8550038533]}, "properties": {"kind": "drone", "drone_id": 5, "frame": 54, "time_s": 54.0, "timestamp": "2025-01-01T00:00:54", "mode": "MIN_MAX", "is_static": false, "battery": 41.84563758389243}}, {"type": "Feature", "geometry": {"type": "Point", "coordinates": [965915.835075504, 1950256.7018842492]}, "properties": {"kind": "drone", "drone_id": 6, "frame": 54, "time_s": 54.0, "timestamp": "2025-01-01T00:00:54", "mode": "MIN_MAX", "is_static": false, "battery": 41.84563758389243}}, {"type": "Feature", "geometry": {"type": "Point", "coordinates": [962857.7790280588, 1950891.1324020599]}, "properties": {"kind": "drone", "drone_id": 7, "frame": 54, "time_s": 54.0, "timestamp": "2025-01-01T00:00:54", "mode": "MIN_MAX", "is_static": false, "battery": 41.84563758389243}}, {"type": "Feature", "geometry": {"type": "Point", "coordinates": [966196.8166067499, 1949968.9266469514]}, "properties": {"kind": "drone", "drone_id": 8, "frame": 54, "time_s": 54.0, "timestamp": "2025-01-01T00:00:54", "mode": "MIN_MAX", "is_static": false, "battery": 41.84563758389243}}, {"type": "Feature", "geometry": {"type": "Point", "coordinates": [962956.2260293976, 1951312.2565190694]}, "properties": {"kind": "drone", "drone_id": 9, "frame": 54, "time_s": 54.0, "timestamp": "2025-01-01T00:00:54", "mode": "MIN_MAX", "is_static": false, "battery": 47.00000000000062}}, {"type": "Feature", "geometry": {"type": "Point", "coordinates": [965944.0136724538, 1949437.2565190694]}, "properties": {"kind": "drone", "drone_id": 10, "frame": 54, "time_s": 54.0, "timestamp": "2025-01-01T00:00:54", "mode": "MIN_MAX", "is_static": false, "battery": 48.49999999999981}}, {"type": "Feature", "geometry": {"type": "Point", "coordinates": [965248.3476748905, 1949688.8994700287]}, "properties": {"kind": "drone", "drone_id": 11, "frame": 54, "time_s": 54.0, "timestamp": "2025-01-01T00:00:54", "mode": "MIN_MAX", "is_static": false, "battery": 41.84563758389243}}, {"type": "Feature", "geometry": {"type": "Point", "coordinates": [963791.3219544754, 1949209.1847057184]}, "properties": {"kind": "drone", "drone_id": 12, "frame": 54, "time_s": 54.0, "timestamp": "2025-01-01T00:00:54", "mode": "MIN_MAX", "is_static": false, "battery": 41.84563758389243}}, {"type": "Feature", "geometry": {"type": "Point", "coordinates": [963921.225765043, 1950133.9285975574]}, "properties": {"kind": "drone", "drone_id": 13, "frame": 54, "time_s": 54.0, "timestamp": "2025-01-01T00:00:54", "mode": "MIN_MAX", "is_static": false, "battery": 41.84563758389243}}, {"type": "Feature", "geometry": {"type": "Point", "coordinates": [963791.3219544754, 1950830.1136619265]}, "properties": {"kind": "drone", "drone_id": 14, "frame": 54, "time_s": 54.0, "timestamp": "2025-01-01T00:00:54", "mode": "MIN_MAX", "is_static": false, "battery": 44.00000000000082}}, {"type": "Feature", "geometry": {"type": "Point", "coordinates": [962278.9018543331, 1951456.9175099817]}, "properties": {"kind": "drone", "drone_id": 15, "frame": 54, "time_s": 54.0, "timestamp": "2025-01-01T00:00:54", "mode": "MIN_MAX", "is_static": false, "battery": 41.84563758389243}}, {"type": "Feature", "geometry": {"type": "Point", "coordinates": [963531.5143333401, 1950980.1136619265]}, "properties": {"kind": "drone", "drone_id": 16, "frame": 54, "time_s": 54.0, "timestamp": "2025-01-01T00:00:54", "mode": "MIN_MAX", "is_static": false, "battery": 50.0}}, {"type": "Feature", "geometry": {"type": "Point", "coordinates": [965674.1521765006, 1949967.166197451]}, "properties": {"kind": "drone", "drone_id": 17, "frame": 54, "time_s": 54.0, "timestamp": "2025-01-01T00:00:54", "mode": "MIN_MAX", "is_static": false, "battery": 41.84563758389243}}, {"type": "Feature", "geometry": {"type": "Point", "coordinates": [966259.4943552611, 1950838.6132191564]}, "properties": {"kind": "drone", "drone_id": 18, "frame": 54, "time_s": 54.0, "timestamp": "2025-01-01T00:00:54", "mode": "MIN_MAX", "is_static": false, "battery": 41.84563758389243}}, {"type": "Feature", "geometry": {"type": "Point", "coordinates": [962622.1876593664, 1951505.1136619265]}, "properties": {"kind": "drone", "drone_id": 19, "frame": 54, "time_s": 54.0, "timestamp": "2025-01-01T00:00:54", "mode": "MIN_MAX", "is_static": false, "battery": 50.0}}, {"type": "Feature", "geometry": {"type": "Point", "coordinates": [965419.4189784715, 1949370.0959169974]}, "properties": {"kind": "drone", "drone_id": 20, "frame": 54, "time_s": 54.0, "timestamp": "2025-01-01T00:00:54", "mode": "MIN_MAX", "is_static": false, "battery": 41.84563758389243}}, {"type": "Feature", "geometry": {"type": "Point", "coordinates": [961972.6686065281, 1951730.1136619265]}, "properties": {"kind": "base_A", "drone_id": 0, "frame": 54, "time_s": 54.0, "timestamp": "2025-01-01T00:00:54", "mode": "MIN_MAX", "is_static": true, "battery": 50.0}}, {"type": "Feature", "geometry": {"type": "Point", "coordinates": [966389.3981658287, 1948730.1136619265]}, "properties": {"kind": "base_B", "drone_id": 0, "frame": 54, "time_s": 54.0, "timestamp": "2025-01-01T00:00:54", "mode": "MIN_MAX", "is_static": true, "battery": 50.0}}, {"type": "Feature", "geometry": {"type": "Point", "coordinates": [965917.00369793, 1949807.3765887215]}, "properties": {"kind": "drone", "drone_id": 1, "frame": 55, "time_s": 55.0, "timestamp": "2025-01-01T00:00:55", "mode": "MIN_MAX", "is_static": false, "battery": 41.69463087248303}}, {"type": "Feature", "geometry": {"type": "Point", "coordinates": [966222.3789808131, 1949276.542233355]}, "properties": {"kind": "drone", "drone_id": 2, "frame": 55, "time_s": 55.0, "timestamp": "2025-01-01T00:00:55", "mode": "MIN_MAX", "is_static": false, "battery": 43.99999999999942}}, {"type": "Feature", "geometry": {"type": "Point", "coordinates": [963809.8796416994, 1950519.3993762122]}, "properties": {"kind": "drone", "drone_id": 3, "frame": 55, "time_s": 55.0, "timestamp": "2025-01-01T00:00:55", "mode": "MIN_MAX", "is_static": false, "battery": 45.49999999999981}}, {"type": "Feature", "geometry": {"type": "Point", "coordinates": [962121.1301043197, 1951494.3993762122]}, "properties": {"kind": "drone", "drone_id": 4, "frame": 55, "time_s": 55.0, "timestamp": "2025-01-01T00:00:55", "mode": "MIN_MAX", "is_static": false, "battery": 43.99999999999981}}, {"type": "Feature", "geometry": {"type": "Point", "coordinates": [966389.3981658287, 1949231.4447953352]}, "properties": {"kind": "drone", "drone_id": 5, "frame": 55, "time_s": 55.0, "timestamp": "2025-01-01T00:00:55", "mode": "MIN_MAX", "is_static": false, "battery": 41.69463087248303}}, {"type": "Feature", "geometry": {"type": "Point", "coordinates": [965897.3268167502, 1950246.0161360756]}, "properties": {"kind": "drone", "drone_id": 6, "frame": 55, "time_s": 55.0, "timestamp": "2025-01-01T00:00:55", "mode": "MIN_MAX", "is_static": false, "battery": 41.69463087248303}}, {"type": "Feature", "geometry": {"type": "Point", "coordinates": [962876.227903699, 1950901.7838653768]}, "properties": {"kind": "drone", "drone_id": 7, "frame": 55, "time_s": 55.0, "timestamp": "2025-01-01T00:00:55", "mode": "MIN_MAX", "is_static": false, "battery": 41.69463087248303}}, {"type": "Feature", "geometry": {"type": "Point", "coordinates": [966178.6142811532, 1949958.4175293683]}, "properties": {"kind": "drone", "drone_id": 8, "frame": 55, "time_s": 55.0, "timestamp": "2025-01-01T00:00:55", "mode": "MIN_MAX", "is_static": false, "battery": 41.69463087248303}}, {"type": "Feature", "geometry": {"type": "Point", "coordinates": [962956.2260293976, 1951312.2565190694]}, "properties": {"kind": "drone", "drone_id": 9, "frame": 55, "time_s": 55.0, "timestamp": "2025-01-01T00:00:55", "mode": "MIN_MAX", "is_static": false, "battery": 47.00000000000062}}, {"type": "Feature", "geometry": {"type": "Point", "coordinates": [965944.0136724538, 1949437.2565190694]}, "properties": {"kind": "drone", "drone_id": 10, "frame": 55, "time_s": 55.0, "timestamp": "2025-01-01T00:00:55", "mode": "MIN_MAX", "is_static": false, "battery": 48.49999999999981}}, {"type": "Feature", "geometry": {"type": "Point", "coordinates": [965229.2883290275, 1949699.9033884932]}, "properties": {"kind": "drone", "drone_id": 11, "frame": 55, "time_s": 55.0, "timestamp": "2025-01-01T00:00:55", "mode": "MIN_MAX", "is_static": false, "battery": 41.69463087248303}}, {"type": "Feature", "geometry": {"type": "Point", "coordinates": [963791.3219544754, 1949230.95246826]}, "properties": {"kind": "drone", "drone_id": 12, "frame": 55, "time_s": 55.0, "timestamp": "2025-01-01T00:00:55", "mode": "MIN_MAX", "is_static": false, "battery": 41.69463087248303}}, {"type": "Feature", "geometry": {"type": "Point", "coordinates": [963921.225765043, 1950148.6541227826]}, "properties": {"kind": "drone", "drone_id": 13, "frame": 55, "time_s": 55.0, "timestamp": "2025-01-01T00:00:55", "mode": "MIN_MAX", "is_static": false, "battery": 41.69463087248303}}, {"type": "Feature", "geometry": {"type": "Point", "coordinates": [963791.3219544754, 1950830.1136619265]}, "properties": {"kind": "drone", "drone_id": 14, "frame": 55, "time_s": 55.0, "timestamp": "2025-01-01T00:00:55", "mode": "MIN_MAX", "is_static": false, "battery": 44.00000000000082}}, {"type": "Feature", "geometry": {"type": "Point", "coordinates": [962292.7398676391, 1951464.906890689]}, "properties": {"kind": "drone", "drone_id": 15, "frame": 55, "time_s": 55.0, "timestamp": "2025-01-01T00:00:55", "mode": "MIN_MAX", "is_static": false, "battery": 41.69463087248303}}, {"type": "Feature", "geometry": {"type": "Point", "coordinates": [963531.5143333401, 1950980.1136619265]}, "properties": {"kind": "drone", "drone_id": 16, "frame": 55, "time_s": 55.0, "timestamp": "2025-01-01T00:00:55", "mode": "MIN_MAX", "is_static": false, "battery": 50.0}}, {"type": "Feature", "geometry": {"type": "Point", "coordinates": [965655.8545340905, 1949956.60204868]}, "properties": {"kind": "drone", "drone_id": 17, "frame": 55, "time_s": 55.0, "timestamp": "2025-01-01T00:00:55", "mode": "MIN_MAX", "is_static": false, "battery": 41.69463087248303}}, {"type": "Feature", "geometry": {"type": "Point", "coordinates": [966259.4943552611, 1950817.778590779]}, "properties": {"kind": "drone", "drone_id": 18, "frame": 55, "time_s": 55.0, "timestamp": "2025-01-01T00:00:55", "mode": "MIN_MAX", "is_static": false, "battery": 41.69463087248303}}, {"type": "Feature", "geometry": {"type": "Point", "coordinates": [962622.1876593664, 1951505.1136619265]}, "properties": {"kind": "drone", "drone_id": 19, "frame": 55, "time_s": 55.0, "timestamp": "2025-01-01T00:00:55", "mode": "MIN_MAX", "is_static": false, "battery": 50.0}}, {"type": "Feature", "geometry": {"type": "Point", "coordinates": [965437.8267914692, 1949380.723672787]}, "properties": {"kind": "drone", "drone_id": 20, "frame": 55, "time_s": 55.0, "timestamp": "2025-01-01T00:00:55", "mode": "MIN_MAX", "is_static": false, "battery": 41.69463087248303}}, {"type": "Feature", "geometry": {"type": "Point", "coordinates": [961972.6686065281, 1951730.1136619265]}, "properties": {"kind": "base_A", "drone_id": 0, "frame": 55, "time_s": 55.0, "timestamp": "2025-01-01T00:00:55", "mode": "MIN_MAX", "is_static": true, "battery": 50.0}}, {"type": "Feature", "geometry": {"type": "Point", "coordinates": [966389.3981658287, 1948730.1136619265]}, "properties": {"kind": "base_B", "drone_id": 0, "frame": 55, "time_s": 55.0, "timestamp": "2025-01-01T00:00:55", "mode": "MIN_MAX", "is_static": true, "battery": 50.0}}, {"type": "Feature", "geometry": {"type": "Point", "coordinates": [965898.2113263957, 1949796.5268079576]}, "properties": {"kind": "drone", "drone_id": 1, "frame": 56, "time_s": 56.0, "timestamp": "2025-01-01T00:00:56", "mode": "MIN_MAX", "is_static": false, "battery": 41.54362416107364}}, {"type": "Feature", "geometry": {"type": "Point", "coordinates": [966222.3789808131, 1949276.542233355]}, "properties": {"kind": "drone", "drone_id": 2, "frame": 56, "time_s": 56.0, "timestamp": "2025-01-01T00:00:56", "mode": "MIN_MAX", "is_static": false, "battery": 43.99999999999942}}, {"type": "Feature", "geometry": {"type": "Point", "coordinates": [963809.8796416994, 1950519.3993762122]}, "properties": {"kind": "drone", "drone_id": 3, "frame": 56, "time_s": 56.0, "timestamp": "2025-01-01T00:00:56", "mode": "MIN_MAX", "is_static": false, "battery": 45.49999999999981}}, {"type": "Feature", "geometry": {"type": "Point", "coordinates": [962121.1301043197, 1951494.3993762122]}, "properties": {"kind": "drone", "drone_id": 4, "frame": 56, "time_s": 56.0, "timestamp": "2025-01-01T00:00:56", "mode": "MIN_MAX", "is_static": false, "battery": 43.99999999999981}}, {"type": "Feature", "geometry": {"type": "Point", "coordinates": [966389.3981658287, 1949225.0625713565]}, "properties": {"kind": "drone", "drone_id": 5, "frame": 56, "time_s": 56.0, "timestamp": "2025-01-01T00:00:56", "mode": "MIN_MAX", "is_static": false, "battery": 41.54362416107364}}, {"type": "Feature", "geometry": {"type": "Point", "coordinates": [965878.7018305648, 1950235.2629952878]}, "properties": {"kind": "drone", "drone_id": 6, "frame": 56, "time_s": 56.0, "timestamp": "2025-01-01T00:00:56", "mode": "MIN_MAX", "is_static": false, "battery": 41.54362416107364}}, {"type": "Feature", "geometry": {"type": "Point", "coordinates": [962894.4769615165, 1950912.3199638203]}, "properties": {"kind": "drone", "drone_id": 7, "frame": 56, "time_s": 56.0, "timestamp": "2025-01-01T00:00:56", "mode": "MIN_MAX", "is_static": false, "battery": 41.54362416107364}}, {"type": "Feature", "geometry": {"type": "Point", "coordinates": [966160.2741171633, 1949947.8288307516]}, "properties": {"kind": "drone", "drone_id": 8, "frame": 56, "time_s": 56.0, "timestamp": "2025-01-01T00:00:56", "mode": "MIN_MAX", "is_static": false, "battery": 41.54362416107364}}, {"type": "Feature", "geometry": {"type": "Point", "coordinates": [962956.2260293976, 1951312.2565190694]}, "properties": {"kind": "drone", "drone_id": 9, "frame": 56, "time_s": 56.0, "timestamp": "2025-01-01T00:00:56", "mode": "MIN_MAX", "is_static": false, "battery": 47.00000000000062}}, {"type": "Feature", "geometry": {"type": "Point", "coordinates": [965944.0136724538, 1949437.2565190694]}, "properties": {"kind": "drone", "drone_id": 10, "frame": 56, "time_s": 56.0, "timestamp": "2025-01-01T00:00:56", "mode": "MIN_MAX", "is_static": false, "battery": 48.49999999999981}}, {"type": "Feature", "geometry": {"type": "Point", "coordinates": [965210.10878015, 1949710.9767062005]}, "properties": {"kind": "drone", "drone_id": 11, "frame": 56, "time_s": 56.0, "timestamp": "2025-01-01T00:00:56", "mode": "MIN_MAX", "is_static": false, "battery": 41.54362416107364}}, {"type": "Feature", "geometry": {"type": "Point", "coordinates": [963791.3219544754, 1949252.7148825163]}, "properties": {"kind": "drone", "drone_id": 12, "frame": 56, "time_s": 56.0, "timestamp": "2025-01-01T00:00:56", "mode": "MIN_MAX", "is_static": false, "battery": 41.54362416107364}}, {"type": "Feature", "geometry": {"type": "Point", "coordinates": [963921.225765043, 1950162.6522692544]}, "properties": {"kind": "drone", "drone_id": 13, "frame": 56, "time_s": 56.0, "timestamp": "2025-01-01T00:00:56", "mode": "MIN_MAX", "is_static": false, "battery": 41.54362416107364}}, {"type": "Feature", "geometry": {"type": "Point", "coordinates": [963791.3219544754, 1950830.1136619265]}, "properties": {"kind": "drone", "drone_id": 14, "frame": 56, "time_s": 56.0, "timestamp": "2025-01-01T00:00:56", "mode": "MIN_MAX", "is_static": false, "battery": 44.00000000000082}}, {"type": "Feature", "geometry": {"type": "Point", "coordinates": [962305.8943415321, 1951472.501629732]}, "properties": {"kind": "drone", "drone_id": 15, "frame": 56, "time_s": 56.0, "timestamp": "2025-01-01T00:00:56", "mode": "MIN_MAX", "is_static": false, "battery": 41.54362416107364}}, {"type": "Feature", "geometry": {"type": "Point", "coordinates": [963531.5143333401, 1950980.1136619265]}, "properties": {"kind": "drone", "drone_id": 16, "frame": 56, "time_s": 56.0, "timestamp": "2025-01-01T00:00:56", "mode": "MIN_MAX", "is_static": false, "battery": 50.0}}, {"type": "Feature", "geometry": {"type": "Point", "coordinates": [965637.4183314937, 1949945.957902148]}, "properties": {"kind": "drone", "drone_id": 17, "frame": 56, "time_s": 56.0, "timestamp": "2025-01-01T00:00:56", "mode": "MIN_MAX", "is_static": false, "battery": 41.54362416107364}}, {"type": "Feature", "geometry": {"type": "Point", "coordinates": [966259.4943552611, 1950796.7861907103]}, "properties": {"kind": "drone", "drone_id": 18, "frame": 56, "time_s": 56.0, "timestamp": "2025-01-01T00:00:56", "mode": "MIN_MAX", "is_static": false, "battery": 41.54362416107364}}, {"type": "Feature", "geometry": {"type": "Point", "coordinates": [962622.1876593664, 1951505.1136619265]}, "properties": {"kind": "drone", "drone_id": 19, "frame": 56, "time_s": 56.0, "timestamp": "2025-01-01T00:00:56", "mode": "MIN_MAX", "is_static": false, "battery": 50.0}}, {"type": "Feature", "geometry": {"type": "Point", "coordinates": [965456.373998928, 1949391.4319080058]}, "properties": {"kind": "drone", "drone_id": 20, "frame": 56, "time_s": 56.0, "timestamp": "2025-01-01T00:00:56", "mode": "MIN_MAX", "is_static": false, "battery": 41.54362416107364}}, {"type": "Feature", "geometry": {"type": "Point", "coordinates": [961972.6686065281, 1951730.1136619265]}, "properties": {"kind": "base_A", "drone_id": 0, "frame": 56, "time_s": 56.0, "timestamp": "2025-01-01T00:00:56", "mode": "MIN_MAX", "is_static": true, "battery": 50.0}}, {"type": "Feature", "geometry": {"type": "Point", "coordinates": [966389.3981658287, 1948730.1136619265]}, "properties": {"kind": "base_B", "drone_id": 0, "frame": 56, "time_s": 56.0, "timestamp": "2025-01-01T00:00:56", "mode": "MIN_MAX", "is_static": true, "battery": 50.0}}, {"type": "Feature", "geometry": {"type": "Point", "coordinates": [965879.5168049736, 1949785.733520982]}, "properties": {"kind": "drone", "drone_id": 1, "frame": 57, "time_s": 57.0, "timestamp": "2025-01-01T00:00:57", "mode": "MIN_MAX", "is_static": false, "battery": 41.392617449664236}}, {"type": "Feature", "geometry": {"type": "Point", "coordinates": [966222.3789808131, 1949276.542233355]}, "properties": {"kind": "drone", "drone_id": 2, "frame": 57, "time_s": 57.0, "timestamp": "2025-01-01T00:00:57", "mode": "MIN_MAX", "is_static": false, "battery": 43.99999999999942}}, {"type": "Feature", "geometry": {"type": "Point", "coordinates": [963809.8796416994, 1950519.3993762122]}, "properties": {"kind": "drone", "drone_id": 3, "frame": 57, "time_s": 57.0, "timestamp": "2025-01-01T00:00:57", "mode": "MIN_MAX", "is_static": false, "battery": 45.49999999999981}}, {"type": "Feature", "geometry": {"type": "Point", "coordinates": [962121.1301043197, 1951494.3993762122]}, "properties": {"kind": "drone", "drone_id": 4, "frame": 57, "time_s": 57.0, "timestamp": "2025-01-01T00:00:57", "mode": "MIN_MAX", "is_static": false, "battery": 43.99999999999981}}, {"type": "Feature", "geometry": {"type": "Point", "coordinates": [966389.3981658287, 1949218.713579018]}, "properties": {"kind": "drone", "drone_id": 5, "frame": 57, "time_s": 57.0, "timestamp": "2025-01-01T00:00:57", "mode": "MIN_MAX", "is_static": false, "battery": 41.392617449664236}}, {"type": "Feature", "geometry": {"type": "Point", "coordinates": [965859.9681486514, 1950224.447098992]}, "properties": {"kind": "drone", "drone_id": 6, "frame": 57, "time_s": 57.0, "timestamp": "2025-01-01T00:00:57", "mode": "MIN_MAX", "is_static": false, "battery": 41.392617449664236}}, {"type": "Feature", "geometry": {"type": "Point", "coordinates": [962912.5068017228, 1950922.7294969168]}, "properties": {"kind": "drone", "drone_id": 7, "frame": 57, "time_s": 57.0, "timestamp": "2025-01-01T00:00:57", "mode": "MIN_MAX", "is_static": false, "battery": 41.392617449664236}}, {"type": "Feature", "geometry": {"type": "Point", "coordinates": [966141.8031834156, 1949937.1646321802]}, "properties": {"kind": "drone", "drone_id": 8, "frame": 57, "time_s": 57.0, "timestamp": "2025-01-01T00:00:57", "mode": "MIN_MAX", "is_static": false, "battery": 41.392617449664236}}, {"type": "Feature", "geometry": {"type": "Point", "coordinates": [962956.2260293976, 1951312.2565190694]}, "properties": {"kind": "drone", "drone_id": 9, "frame": 57, "time_s": 57.0, "timestamp": "2025-01-01T00:00:57", "mode": "MIN_MAX", "is_static": false, "battery": 47.00000000000062}}, {"type": "Feature", "geometry": {"type": "Point", "coordinates": [965944.0136724538, 1949437.2565190694]}, "properties": {"kind": "drone", "drone_id": 10, "frame": 57, "time_s": 57.0, "timestamp": "2025-01-01T00:00:57", "mode": "MIN_MAX", "is_static": false, "battery": 48.49999999999981}}, {"type": "Feature", "geometry": {"type": "Point", "coordinates": [965190.8172991076, 1949722.1146479736]}, "properties": {"kind": "drone", "drone_id": 11, "frame": 57, "time_s": 57.0, "timestamp": "2025-01-01T00:00:57", "mode": "MIN_MAX", "is_static": false, "battery": 41.392617449664236}}, {"type": "Feature", "geometry": {"type": "Point", "coordinates": [963791.3219544754, 1949274.4573622565]}, "properties": {"kind": "drone", "drone_id": 12, "frame": 57, "time_s": 57.0, "timestamp": "2025-01-01T00:00:57", "mode": "MIN_MAX", "is_static": false, "battery": 41.392617449664236}}, {"type": "Feature", "geometry": {"type": "Point", "coordinates": [963921.225765043, 1950175.8870874462]}, "properties": {"kind": "drone", "drone_id": 13, "frame": 57, "time_s": 57.0, "timestamp": "2025-01-01T00:00:57", "mode": "MIN_MAX", "is_static": false, "battery": 41.392617449664236}}, {"type": "Feature", "geometry": {"type": "Point", "coordinates": [963791.3219544754, 1950830.1136619265]}, "properties": {"kind": "drone", "drone_id": 14, "frame": 57, "time_s": 57.0, "timestamp": "2025-01-01T00:00:57", "mode": "MIN_MAX", "is_static": false, "battery": 44.00000000000082}}, {"type": "Feature", "geometry": {"type": "Point", "coordinates": [962318.3314931747, 1951479.6822225808]}, "properties": {"kind": "drone", "drone_id": 15, "frame": 57, "time_s": 57.0, "timestamp": "2025-01-01T00:00:57", "mode": "MIN_MAX", "is_static": false, "battery": 41.392617449664236}}, {"type": "Feature", "geometry": {"type": "Point", "coordinates": [963531.5143333401, 1950980.1136619265]}, "properties": {"kind": "drone", "drone_id": 16, "frame": 57, "time_s": 57.0, "timestamp": "2025-01-01T00:00:57", "mode": "MIN_MAX", "is_static": false, "battery": 50.0}}, {"type": "Feature", "geometry": {"type": "Point", "coordinates": [965618.8506743611, 1949935.2378603043]}, "properties": {"kind": "drone", "drone_id": 17, "frame": 57, "time_s": 57.0, "timestamp": "2025-01-01T00:00:57", "mode": "MIN_MAX", "is_static": false, "battery": 41.392617449664236}}, {"type": "Feature", "geometry": {"type": "Point", "coordinates": [966259.4943552611, 1950775.6441098058]}, "properties": {"kind": "drone", "drone_id": 18, "frame": 57, "time_s": 57.0, "timestamp": "2025-01-01T00:00:57", "mode": "MIN_MAX", "is_static": false, "battery": 41.392617449664236}}, {"type": "Feature", "geometry": {"type": "Point", "coordinates": [962622.1876593664, 1951505.1136619265]}, "properties": {"kind": "drone", "drone_id": 19, "frame": 57, "time_s": 57.0, "timestamp": "2025-01-01T00:00:57", "mode": "MIN_MAX", "is_static": false, "battery": 50.0}}, {"type": "Feature", "geometry": {"type": "Point", "coordinates": [965475.0534524139, 1949402.2164955044]}, "properties": {"kind": "drone", "drone_id": 20, "frame": 57, "time_s": 57.0, "timestamp": "2025-01-01T00:00:57", "mode": "MIN_MAX", "is_static": false, "battery": 41.392617449664236}}, {"type": "Feature", "geometry": {"type": "Point", "coordinates": [961972.6686065281, 1951730.1136619265]}, "properties": {"kind": "base_A", "drone_id": 0, "frame": 57, "time_s": 57.0, "timestamp": "2025-01-01T00:00:57", "mode": "MIN_MAX", "is_static": true, "battery": 50.0}}, {"type": "Feature", "geometry": {"type": "Point", "coordinates": [966389.3981658287, 1948730.1136619265]}, "properties": {"kind": "base_B", "drone_id": 0, "frame": 57, "time_s": 57.0, "timestamp": "2025-01-01T00:00:57", "mode": "MIN_MAX", "is_static": true, "battery": 50.0}}, {"type": "Feature", "geometry": {"type": "Point", "coordinates": [965860.9355836813, 1949775.005647867]}, "properties": {"kind": "drone", "drone_id": 1, "frame": 58, "time_s": 58.0, "timestamp": "2025-01-01T00:00:58", "mode": "MIN_MAX", "is_static": false, "battery": 41.241610738254835}}, {"type": "Feature", "geometry": {"type": "Point", "coordinates": [966222.3789808131, 1949276.542233355]}, "properties": {"kind": "drone", "drone_id": 2, "frame": 58, "time_s": 58.0, "timestamp": "2025-01-01T00:00:58", "mode": "MIN_MAX", "is_static": false, "battery": 43.99999999999942}}, {"type": "Feature", "geometry": {"type": "Point", "coordinates": [963809.8796416994, 1950519.3993762122]}, "properties": {"kind": "drone", "drone_id": 3, "frame": 58, "time_s": 58.0, "timestamp": "2025-01-01T00:00:58", "mode": "MIN_MAX", "is_static": false, "battery": 45.49999999999981}}, {"type": "Feature", "geometry": {"type": "Point", "coordinates": [962121.1301043197, 1951494.3993762122]}, "properties": {"kind": "drone", "drone_id": 4, "frame": 58, "time_s": 58.0, "timestamp": "2025-01-01T00:00:58", "mode": "MIN_MAX", "is_static": false, "battery": 43.99999999999981}}, {"type": "Feature", "geometry": {"type": "Point", "coordinates": [966389.3981658287, 1949212.403065421]}, "properties": {"kind": "drone", "drone_id": 5, "frame": 58, "time_s": 58.0, "timestamp": "2025-01-01T00:00:58", "mode": "MIN_MAX", "is_static": false, "battery": 41.241610738254835}}, {"type": "Feature", "geometry": {"type": "Point", "coordinates": [965841.1338027143, 1950213.5730842953]}, "properties": {"kind": "drone", "drone_id": 6, "frame": 58, "time_s": 58.0, "timestamp": "2025-01-01T00:00:58", "mode": "MIN_MAX", "is_static": false, "battery": 41.241610738254835}}, {"type": "Feature", "geometry": {"type": "Point", "coordinates": [962930.2980245291, 1950933.0012641933]}, "properties": {"kind": "drone", "drone_id": 7, "frame": 58, "time_s": 58.0, "timestamp": "2025-01-01T00:00:58", "mode": "MIN_MAX", "is_static": false, "battery": 41.241610738254835}}, {"type": "Feature", "geometry": {"type": "Point", "coordinates": [966123.2085485458, 1949926.4290147326]}, "properties": {"kind": "drone", "drone_id": 8, "frame": 58, "time_s": 58.0, "timestamp": "2025-01-01T00:00:58", "mode": "MIN_MAX", "is_static": false, "battery": 41.241610738254835}}, {"type": "Feature", "geometry": {"type": "Point", "coordinates": [962956.2260293976, 1951312.2565190694]}, "properties": {"kind": "drone", "drone_id": 9, "frame": 58, "time_s": 58.0, "timestamp": "2025-01-01T00:00:58", "mode": "MIN_MAX", "is_static": false, "battery": 47.00000000000062}}, {"type": "Feature", "geometry": {"type": "Point", "coordinates": [965944.0136724538, 1949437.2565190694]}, "properties": {"kind": "drone", "drone_id": 10, "frame": 58, "time_s": 58.0, "timestamp": "2025-01-01T00:00:58", "mode": "MIN_MAX", "is_static": false, "battery": 48.49999999999981}}, {"type": "Feature", "geometry": {"type": "Point", "coordinates": [965171.4221567499, 1949733.3124386347]}, "properties": {"kind": "drone", "drone_id": 11, "frame": 58, "time_s": 58.0, "timestamp": "2025-01-01T00:00:58", "mode": "MIN_MAX", "is_static": false, "battery": 41.241610738254835}}, {"type": "Feature", "geometry": {"type": "Point", "coordinates": [963791.3219544754, 1949296.1653212488]}, "properties": {"kind": "drone", "drone_id": 12, "frame": 58, "time_s": 58.0, "timestamp": "2025-01-01T00:00:58", "mode": "MIN_MAX", "is_static": false, "battery": 41.241610738254835}}, {"type": "Feature", "geometry": {"type": "Point", "coordinates": [963921.225765043, 1950188.3226278315]}, "properties": {"kind": "drone", "drone_id": 13, "frame": 58, "time_s": 58.0, "timestamp": "2025-01-01T00:00:58", "mode": "MIN_MAX", "is_static": false, "battery": 41.241610738254835}}, {"type": "Feature", "geometry": {"type": "Point", "coordinates": [963791.3219544754, 1950830.1136619265]}, "properties": {"kind": "drone", "drone_id": 14, "frame": 58, "time_s": 58.0, "timestamp": "2025-01-01T00:00:58", "mode": "MIN_MAX", "is_static": false, "battery": 44.00000000000082}}, {"type": "Feature", "geometry": {"type": "Point", "coordinates": [962330.017539729, 1951486.4291647046]}, "properties": {"kind": "drone", "drone_id": 15, "frame": 58, "time_s": 58.0, "timestamp": "2025-01-01T00:00:58", "mode": "MIN_MAX", "is_static": false, "battery": 41.241610738254835}}, {"type": "Feature", "geometry": {"type": "Point", "coordinates": [963531.5143333401, 1950980.1136619265]}, "properties": {"kind": "drone", "drone_id": 16, "frame": 58, "time_s": 58.0, "timestamp": "2025-01-01T00:00:58", "mode": "MIN_MAX", "is_static": false, "battery": 50.0}}, {"type": "Feature", "geometry": {"type": "Point", "coordinates": [965609.9753024228, 1949918.7783892697]}, "properties": {"kind": "drone", "drone_id": 17, "frame": 58, "time_s": 58.0, "timestamp": "2025-01-01T00:00:58", "mode": "MIN_MAX", "is_static": false, "battery": 41.241610738254835}}, {"type": "Feature", "geometry": {"type": "Point", "coordinates": [966259.4943552611, 1950754.360438922]}, "properties": {"kind": "drone", "drone_id": 18, "frame": 58, "time_s": 58.0, "timestamp": "2025-01-01T00:00:58", "mode": "MIN_MAX", "is_static": false, "battery": 41.241610738254835}}, {"type": "Feature", "geometry": {"type": "Point", "coordinates": [962622.1876593664, 1951505.1136619265]}, "properties": {"kind": "drone", "drone_id": 19, "frame": 58, "time_s": 58.0, "timestamp": "2025-01-01T00:00:58", "mode": "MIN_MAX", "is_static": false, "battery": 50.0}}, {"type": "Feature", "geometry": {"type": "Point", "coordinates": [965480.0714918551, 1949421.032954337]}, "properties": {"kind": "drone", "drone_id": 20, "frame": 58, "time_s": 58.0, "timestamp": "2025-01-01T00:00:58", "mode": "MIN_MAX", "is_static": false, "battery": 41.241610738254835}}, {"type": "Feature", "geometry": {"type": "Point", "coordinates": [961972.6686065281, 1951730.1136619265]}, "properties": {"kind": "base_A", "drone_id": 0, "frame": 58, "time_s": 58.0, "timestamp": "2025-01-01T00:00:58", "mode": "MIN_MAX", "is_static": true, "battery": 50.0}}, {"type": "Feature", "geometry": {"type": "Point", "coordinates": [966389.3981658287, 1948730.1136619265]}, "properties": {"kind": "base_B", "drone_id": 0, "frame": 58, "time_s": 58.0, "timestamp": "2025-01-01T00:00:58", "mode": "MIN_MAX", "is_static": true, "battery": 50.0}}, {"type": "Feature", "geometry": {"type": "Point", "coordinates": [965842.4831125365, 1949764.3521086844]}, "properties": {"kind": "drone", "drone_id": 1, "frame": 59, "time_s": 59.0, "timestamp": "2025-01-01T00:00:59", "mode": "MIN_MAX", "is_static": false, "battery": 41.09060402684544}}, {"type": "Feature", "geometry": {"type": "Point", "coordinates": [966222.3789808131, 1949276.542233355]}, "properties": {"kind": "drone", "drone_id": 2, "frame": 59, "time_s": 59.0, "timestamp": "2025-01-01T00:00:59", "mode": "MIN_MAX", "is_static": false, "battery": 43.99999999999942}}, {"type": "Feature", "geometry": {"type": "Point", "coordinates": [963809.8796416994, 1950519.3993762122]}, "properties": {"kind": "drone", "drone_id": 3, "frame": 59, "time_s": 59.0, "timestamp": "2025-01-01T00:00:59", "mode": "MIN_MAX", "is_static": false, "battery": 45.49999999999981}}, {"type": "Feature", "geometry": {"type": "Point", "coordinates": [962121.1301043197, 1951494.3993762122]}, "properties": {"kind": "drone", "drone_id": 4, "frame": 59, "time_s": 59.0, "timestamp": "2025-01-01T00:00:59", "mode": "MIN_MAX", "is_static": false, "battery": 43.99999999999981}}, {"type": "Feature", "geometry": {"type": "Point", "coordinates": [966389.3981658287, 1949206.1362776663]}, "properties": {"kind": "drone", "drone_id": 5, "frame": 59, "time_s": 59.0, "timestamp": "2025-01-01T00:00:59", "mode": "MIN_MAX", "is_static": false, "battery": 41.09060402684544}}, {"type": "Feature", "geometry": {"type": "Point", "coordinates": [965822.2068244574, 1950202.6455883037]}, "properties": {"kind": "drone", "drone_id": 6, "frame": 59, "time_s": 59.0, "timestamp": "2025-01-01T00:00:59", "mode": "MIN_MAX", "is_static": false, "battery": 41.09060402684544}}, {"type": "Feature", "geometry": {"type": "Point", "coordinates": [962947.8312301468, 1950943.1240651764]}, "properties": {"kind": "drone", "drone_id": 7, "frame": 59, "time_s": 59.0, "timestamp": "2025-01-01T00:00:59", "mode": "MIN_MAX", "is_static": false, "battery": 41.09060402684544}}, {"type": "Feature", "geometry": {"type": "Point", "coordinates": [966104.4972811894, 1949915.6260594877]}, "properties": {"kind": "drone", "drone_id": 8, "frame": 59, "time_s": 59.0, "timestamp": "2025-01-01T00:00:59", "mode": "MIN_MAX", "is_static": false, "battery": 41.09060402684543}}, {"type": "Feature", "geometry": {"type": "Point", "coordinates": [962956.2260293976, 1951312.2565190694]}, "properties": {"kind": "drone", "drone_id": 9, "frame": 59, "time_s": 59.0, "timestamp": "2025-01-01T00:00:59", "mode": "MIN_MAX", "is_static": false, "battery": 47.00000000000062}}, {"type": "Feature", "geometry": {"type": "Point", "coordinates": [965944.0136724538, 1949437.2565190694]}, "properties": {"kind": "drone", "drone_id": 10, "frame": 59, "time_s": 59.0, "timestamp": "2025-01-01T00:00:59", "mode": "MIN_MAX", "is_static": false, "battery": 48.49999999999981}}, {"type": "Feature", "geometry": {"type": "Point", "coordinates": [965151.9316239266, 1949744.5653030067]}, "properties": {"kind": "drone", "drone_id": 11, "frame": 59, "time_s": 59.0, "timestamp": "2025-01-01T00:00:59", "mode": "MIN_MAX", "is_static": false, "battery": 41.09060402684544}}, {"type": "Feature", "geometry": {"type": "Point", "coordinates": [963791.3219544754, 1949317.8241732619]}, "properties": {"kind": "drone", "drone_id": 12, "frame": 59, "time_s": 59.0, "timestamp": "2025-01-01T00:00:59", "mode": "MIN_MAX", "is_static": false, "battery": 41.09060402684544}}, {"type": "Feature", "geometry": {"type": "Point", "coordinates": [963921.225765043, 1950199.9229408838]}, "properties": {"kind": "drone", "drone_id": 13, "frame": 59, "time_s": 59.0, "timestamp": "2025-01-01T00:00:59", "mode": "MIN_MAX", "is_static": false, "battery": 41.09060402684544}}, {"type": "Feature", "geometry": {"type": "Point", "coordinates": [963791.3219544754, 1950830.1136619265]}, "properties": {"kind": "drone", "drone_id": 14, "frame": 59, "time_s": 59.0, "timestamp": "2025-01-01T00:00:59", "mode": "MIN_MAX", "is_static": false, "battery": 44.00000000000082}}, {"type": "Feature", "geometry": {"type": "Point", "coordinates": [962340.9186983578, 1951492.7229515736]}, "properties": {"kind": "drone", "drone_id": 15, "frame": 59, "time_s": 59.0, "timestamp": "2025-01-01T00:00:59", "mode": "MIN_MAX", "is_static": false, "battery": 41.09060402684544}}, {"type": "Feature", "geometry": {"type": "Point", "coordinates": [963531.5143333401, 1950980.1136619265]}, "properties": {"kind": "drone", "drone_id": 16, "frame": 59, "time_s": 59.0, "timestamp": "2025-01-01T00:00:59", "mode": "MIN_MAX", "is_static": false, "battery": 50.0}}, {"type": "Feature", "geometry": {"type": "Point", "coordinates": [965609.9753024228, 1949897.0593390309]}, "properties": {"kind": "drone", "drone_id": 17, "frame": 59, "time_s": 59.0, "timestamp": "2025-01-01T00:00:59", "mode": "MIN_MAX", "is_static": false, "battery": 41.09060402684544}}, {"type": "Feature", "geometry": {"type": "Point", "coordinates": [966259.4943552611, 1950732.9432689142]}, "properties": {"kind": "drone", "drone_id": 18, "frame": 59, "time_s": 59.0, "timestamp": "2025-01-01T00:00:59", "mode": "MIN_MAX", "is_static": false, "battery": 41.09060402684544}}, {"type": "Feature", "geometry": {"type": "Point", "coordinates": [962622.1876593664, 1951505.1136619265]}, "properties": {"kind": "drone", "drone_id": 19, "frame": 59, "time_s": 59.0, "timestamp": "2025-01-01T00:00:59", "mode": "MIN_MAX", "is_static": false, "battery": 50.0}}, {"type": "Feature", "geometry": {"type": "Point", "coordinates": [965480.0714918551, 1949442.88277555]}, "properties": {"kind": "drone", "drone_id": 20, "frame": 59, "time_s": 59.0, "timestamp": "2025-01-01T00:00:59", "mode": "MIN_MAX", "is_static": false, "battery": 41.09060402684544}}, {"type": "Feature", "geometry": {"type": "Point", "coordinates": [961972.6686065281, 1951730.1136619265]}, "properties": {"kind": "base_A", "drone_id": 0, "frame": 59, "time_s": 59.0, "timestamp": "2025-01-01T00:00:59", "mode": "MIN_MAX", "is_static": true, "battery": 50.0}}, {"type": "Feature", "geometry": {"type": "Point", "coordinates": [966389.3981658287, 1948730.1136619265]}, "properties": {"kind": "base_B", "drone_id": 0, "frame": 59, "time_s": 59.0, "timestamp": "2025-01-01T00:00:59", "mode": "MIN_MAX", "is_static": true, "battery": 50.0}}, {"type": "Feature", "geometry": {"type": "Point", "coordinates": [965824.1748415569, 1949753.7818235059]}, "properties": {"kind": "drone", "drone_id": 1, "frame": 60, "time_s": 60.0, "timestamp": "2025-01-01T00:01:00", "mode": "MIN_MAX", "is_static": false, "battery": 40.93959731543604}}, {"type": "Feature", "geometry": {"type": "Point", "coordinates": [966222.3789808131, 1949276.542233355]}, "properties": {"kind": "drone", "drone_id": 2, "frame": 60, "time_s": 60.0, "timestamp": "2025-01-01T00:01:00", "mode": "MIN_MAX", "is_static": false, "battery": 43.99999999999942}}, {"type": "Feature", "geometry": {"type": "Point", "coordinates": [963809.8796416994, 1950519.3993762122]}, "properties": {"kind": "drone", "drone_id": 3, "frame": 60, "time_s": 60.0, "timestamp": "2025-01-01T00:01:00", "mode": "MIN_MAX", "is_static": false, "battery": 45.49999999999981}}, {"type": "Feature", "geometry": {"type": "Point", "coordinates": [962121.1301043197, 1951494.3993762122]}, "properties": {"kind": "drone", "drone_id": 4, "frame": 60, "time_s": 60.0, "timestamp": "2025-01-01T00:01:00", "mode": "MIN_MAX", "is_static": false, "battery": 43.99999999999981}}, {"type": "Feature", "geometry": {"type": "Point", "coordinates": [966389.3981658287, 1949199.9184628555]}, "properties": {"kind": "drone", "drone_id": 5, "frame": 60, "time_s": 60.0, "timestamp": "2025-01-01T00:01:00", "mode": "MIN_MAX", "is_static": false, "battery": 40.93959731543604}}, {"type": "Feature", "geometry": {"type": "Point", "coordinates": [965803.1952455848, 1950191.669248124]}, "properties": {"kind": "drone", "drone_id": 6, "frame": 60, "time_s": 60.0, "timestamp": "2025-01-01T00:01:00", "mode": "MIN_MAX", "is_static": false, "battery": 40.93959731543604}}, {"type": "Feature", "geometry": {"type": "Point", "coordinates": [962965.0870187875, 1950953.086699393]}, "properties": {"kind": "drone", "drone_id": 7, "frame": 60, "time_s": 60.0, "timestamp": "2025-01-01T00:01:00", "mode": "MIN_MAX", "is_static": false, "battery": 40.93959731543604}}, {"type": "Feature", "geometry": {"type": "Point", "coordinates": [966085.676449982, 1949904.7598475236]}, "properties": {"kind": "drone", "drone_id": 8, "frame": 60, "time_s": 60.0, "timestamp": "2025-01-01T00:01:00", "mode": "MIN_MAX", "is_static": false, "battery": 40.93959731543603}}, {"type": "Feature", "geometry": {"type": "Point", "coordinates": [962956.2260293976, 1951312.2565190694]}, "properties": {"kind": "drone", "drone_id": 9, "frame": 60, "time_s": 60.0, "timestamp": "2025-01-01T00:01:00", "mode": "MIN_MAX", "is_static": false, "battery": 47.00000000000062}}, {"type": "Feature", "geometry": {"type": "Point", "coordinates": [965944.0136724538, 1949437.2565190694]}, "properties": {"kind": "drone", "drone_id": 10, "frame": 60, "time_s": 60.0, "timestamp": "2025-01-01T00:01:00", "mode": "MIN_MAX", "is_static": false, "battery": 48.49999999999981}}, {"type": "Feature", "geometry": {"type": "Point", "coordinates": [965132.3539714874, 1949755.8684659128]}, "properties": {"kind": "drone", "drone_id": 11, "frame": 60, "time_s": 60.0, "timestamp": "2025-01-01T00:01:00", "mode": "MIN_MAX", "is_static": false, "battery": 40.93959731543604}}, {"type": "Feature", "geometry": {"type": "Point", "coordinates": [963791.3219544754, 1949339.4193320642]}, "properties": {"kind": "drone", "drone_id": 12, "frame": 60, "time_s": 60.0, "timestamp": "2025-01-01T00:01:00", "mode": "MIN_MAX", "is_static": false, "battery": 40.93959731543604}}, {"type": "Feature", "geometry": {"type": "Point", "coordinates": [963921.225765043, 1950210.6520770763]}, "properties": {"kind": "drone", "drone_id": 13, "frame": 60, "time_s": 60.0, "timestamp": "2025-01-01T00:01:00", "mode": "MIN_MAX", "is_static": false, "battery": 40.93959731543604}}, {"type": "Feature", "geometry": {"type": "Point", "coordinates": [963791.3219544754, 1950830.1136619265]}, "properties": {"kind": "drone", "drone_id": 14, "frame": 60, "time_s": 60.0, "timestamp": "2025-01-01T00:01:00", "mode": "MIN_MAX", "is_static": false, "battery": 44.00000000000082}}, {"type": "Feature", "geometry": {"type": "Point", "coordinates": [962351.0011862232, 1951498.5440786567]}, "properties": {"kind": "drone", "drone_id": 15, "frame": 60, "time_s": 60.0, "timestamp": "2025-01-01T00:01:00", "mode": "MIN_MAX", "is_static": false, "battery": 40.93959731543604}}, {"type": "Feature", "geometry": {"type": "Point", "coordinates": [963531.5143333401, 1950980.1136619265]}, "properties": {"kind": "drone", "drone_id": 16, "frame": 60, "time_s": 60.0, "timestamp": "2025-01-01T00:01:00", "mode": "MIN_MAX", "is_static": false, "battery": 50.0}}, {"type": "Feature", "geometry": {"type": "Point", "coordinates": [965609.9753024228, 1949875.2131128646]}, "properties": {"kind": "drone", "drone_id": 17, "frame": 60, "time_s": 60.0, "timestamp": "2025-01-01T00:01:00", "mode": "MIN_MAX", "is_static": false, "battery": 40.93959731543604}}, {"type": "Feature", "geometry": {"type": "Point", "coordinates": [966259.4943552611, 1950711.4006906392]}, "properties": {"kind": "drone", "drone_id": 18, "frame": 60, "time_s": 60.0, "timestamp": "2025-01-01T00:01:00", "mode": "MIN_MAX", "is_static": false, "battery": 40.93959731543604}}, {"type": "Feature", "geometry": {"type": "Point", "coordinates": [962622.1876593664, 1951505.1136619265]}, "properties": {"kind": "drone", "drone_id": 19, "frame": 60, "time_s": 60.0, "timestamp": "2025-01-01T00:01:00", "mode": "MIN_MAX", "is_static": false, "battery": 50.0}}, {"type": "Feature", "geometry": {"type": "Point", "coordinates": [965480.0714918551, 1949464.8605384203]}, "properties": {"kind": "drone", "drone_id": 20, "frame": 60, "time_s": 60.0, "timestamp": "2025-01-01T00:01:00", "mode": "MIN_MAX", "is_static": false, "battery": 40.93959731543604}}, {"type": "Feature", "geometry": {"type": "Point", "coordinates": [961972.6686065281, 1951730.1136619265]}, "properties": {"kind": "base_A", "drone_id": 0, "frame": 60, "time_s": 60.0, "timestamp": "2025-01-01T00:01:00", "mode": "MIN_MAX", "is_static": true, "battery": 50.0}}, {"type": "Feature", "geometry": {"type": "Point", "coordinates": [966389.3981658287, 1948730.1136619265]}, "properties": {"kind": "base_B", "drone_id": 0, "frame": 60, "time_s": 60.0, "timestamp": "2025-01-01T00:01:00", "mode": "MIN_MAX", "is_static": true, "battery": 50.0}}, {"type": "Feature", "geometry": {"type": "Point", "coordinates": [965806.0262207604, 1949743.3037124036]}, "properties": {"kind": "drone", "drone_id": 1, "frame": 61, "time_s": 61.0, "timestamp": "2025-01-01T00:01:01", "mode": "MIN_MAX", "is_static": false, "battery": 40.78859060402664}}, {"type": "Feature", "geometry": {"type": "Point", "coordinates": [966222.3789808131, 1949276.542233355]}, "properties": {"kind": "drone", "drone_id": 2, "frame": 61, "time_s": 61.0, "timestamp": "2025-01-01T00:01:01", "mode": "MIN_MAX", "is_static": false, "battery": 43.99999999999942}}, {"type": "Feature", "geometry": {"type": "Point", "coordinates": [963809.8796416994, 1950519.3993762122]}, "properties": {"kind": "drone", "drone_id": 3, "frame": 61, "time_s": 61.0, "timestamp": "2025-01-01T00:01:01", "mode": "MIN_MAX", "is_static": false, "battery": 45.49999999999981}}, {"type": "Feature", "geometry": {"type": "Point", "coordinates": [962121.1301043197, 1951494.3993762122]}, "properties": {"kind": "drone", "drone_id": 4, "frame": 61, "time_s": 61.0, "timestamp": "2025-01-01T00:01:01", "mode": "MIN_MAX", "is_static": false, "battery": 43.99999999999981}}, {"type": "Feature", "geometry": {"type": "Point", "coordinates": [966389.3981658287, 1949193.7548680895]}, "properties": {"kind": "drone", "drone_id": 5, "frame": 61, "time_s": 61.0, "timestamp": "2025-01-01T00:01:01", "mode": "MIN_MAX", "is_static": false, "battery": 40.78859060402664}}, {"type": "Feature", "geometry": {"type": "Point", "coordinates": [965784.1070978006, 1950180.6487008624]}, "properties": {"kind": "drone", "drone_id": 6, "frame": 61, "time_s": 61.0, "timestamp": "2025-01-01T00:01:01", "mode": "MIN_MAX", "is_static": false, "battery": 40.78859060402664}}, {"type": "Feature", "geometry": {"type": "Point", "coordinates": [962982.0459906623, 1950962.8779663702]}, "properties": {"kind": "drone", "drone_id": 7, "frame": 61, "time_s": 61.0, "timestamp": "2025-01-01T00:01:01", "mode": "MIN_MAX", "is_static": false, "battery": 40.78859060402664}}, {"type": "Feature", "geometry": {"type": "Point", "coordinates": [966066.7531235592, 1949893.8344599195]}, "properties": {"kind": "drone", "drone_id": 8, "frame": 61, "time_s": 61.0, "timestamp": "2025-01-01T00:01:01", "mode": "MIN_MAX", "is_static": false, "battery": 40.78859060402664}}, {"type": "Feature", "geometry": {"type": "Point", "coordinates": [962956.2260293976, 1951312.2565190694]}, "properties": {"kind": "drone", "drone_id": 9, "frame": 61, "time_s": 61.0, "timestamp": "2025-01-01T00:01:01", "mode": "MIN_MAX", "is_static": false, "battery": 47.00000000000062}}, {"type": "Feature", "geometry": {"type": "Point", "coordinates": [965944.0136724538, 1949437.2565190694]}, "properties": {"kind": "drone", "drone_id": 10, "frame": 61, "time_s": 61.0, "timestamp": "2025-01-01T00:01:01", "mode": "MIN_MAX", "is_static": false, "battery": 48.49999999999981}}, {"type": "Feature", "geometry": {"type": "Point", "coordinates": [965112.6974702819, 1949767.217152175]}, "properties": {"kind": "drone", "drone_id": 11, "frame": 61, "time_s": 61.0, "timestamp": "2025-01-01T00:01:01", "mode": "MIN_MAX", "is_static": false, "battery": 40.78859060402664}}, {"type": "Feature", "geometry": {"type": "Point", "coordinates": [963791.3219544754, 1949360.9362114242]}, "properties": {"kind": "drone", "drone_id": 12, "frame": 61, "time_s": 61.0, "timestamp": "2025-01-01T00:01:01", "mode": "MIN_MAX", "is_static": false, "battery": 40.78859060402664}}, {"type": "Feature", "geometry": {"type": "Point", "coordinates": [963921.225765043, 1950220.474086883]}, "properties": {"kind": "drone", "drone_id": 13, "frame": 61, "time_s": 61.0, "timestamp": "2025-01-01T00:01:01", "mode": "MIN_MAX", "is_static": false, "battery": 40.78859060402664}}, {"type": "Feature", "geometry": {"type": "Point", "coordinates": [963791.3219544754, 1950830.1136619265]}, "properties": {"kind": "drone", "drone_id": 14, "frame": 61, "time_s": 61.0, "timestamp": "2025-01-01T00:01:01", "mode": "MIN_MAX", "is_static": false, "battery": 44.00000000000082}}, {"type": "Feature", "geometry": {"type": "Point", "coordinates": [962360.231220488, 1951503.8730414242]}, "properties": {"kind": "drone", "drone_id": 15, "frame": 61, "time_s": 61.0, "timestamp": "2025-01-01T00:01:01", "mode": "MIN_MAX", "is_static": false, "battery": 40.78859060402664}}, {"type": "Feature", "geometry": {"type": "Point", "coordinates": [963531.5143333401, 1950980.1136619265]}, "properties": {"kind": "drone", "drone_id": 16, "frame": 61, "time_s": 61.0, "timestamp": "2025-01-01T00:01:01", "mode": "MIN_MAX", "is_static": false, "battery": 50.0}}, {"type": "Feature", "geometry": {"type": "Point", "coordinates": [965609.9753024228, 1949853.247915669]}, "properties": {"kind": "drone", "drone_id": 17, "frame": 61, "time_s": 61.0, "timestamp": "2025-01-01T00:01:01", "mode": "MIN_MAX", "is_static": false, "battery": 40.78859060402664}}, {"type": "Feature", "geometry": {"type": "Point", "coordinates": [966259.4943552611, 1950689.7407949523]}, "properties": {"kind": "drone", "drone_id": 18, "frame": 61, "time_s": 61.0, "timestamp": "2025-01-01T00:01:01", "mode": "MIN_MAX", "is_static": false, "battery": 40.78859060402664}}, {"type": "Feature", "geometry": {"type": "Point", "coordinates": [962622.1876593664, 1951505.1136619265]}, "properties": {"kind": "drone", "drone_id": 19, "frame": 61, "time_s": 61.0, "timestamp": "2025-01-01T00:01:01", "mode": "MIN_MAX", "is_static": false, "battery": 50.0}}, {"type": "Feature", "geometry": {"type": "Point", "coordinates": [965480.0714918551, 1949486.9579886475]}, "properties": {"kind": "drone", "drone_id": 20, "frame": 61, "time_s": 61.0, "timestamp": "2025-01-01T00:01:01", "mode": "MIN_MAX", "is_static": false, "battery": 40.78859060402664}}, {"type": "Feature", "geometry": {"type": "Point", "coordinates": [961972.6686065281, 1951730.1136619265]}, "properties": {"kind": "base_A", "drone_id": 0, "frame": 61, "time_s": 61.0, "timestamp": "2025-01-01T00:01:01", "mode": "MIN_MAX", "is_static": true, "battery": 50.0}}, {"type": "Feature", "geometry": {"type": "Point", "coordinates": [966389.3981658287, 1948730.1136619265]}, "properties": {"kind": "base_B", "drone_id": 0, "frame": 61, "time_s": 61.0, "timestamp": "2025-01-01T00:01:01", "mode": "MIN_MAX", "is_static": true, "battery": 50.0}}, {"type": "Feature", "geometry": {"type": "Point", "coordinates": [965788.0527001644, 1949732.9266954493]}, "properties": {"kind": "drone", "drone_id": 1, "frame": 62, "time_s": 62.0, "timestamp": "2025-01-01T00:01:02", "mode": "MIN_MAX", "is_static": false, "battery": 40.637583892617236}}, {"type": "Feature", "geometry": {"type": "Point", "coordinates": [966222.3789808131, 1949276.542233355]}, "properties": {"kind": "drone", "drone_id": 2, "frame": 62, "time_s": 62.0, "timestamp": "2025-01-01T00:01:02", "mode": "MIN_MAX", "is_static": false, "battery": 43.99999999999942}}, {"type": "Feature", "geometry": {"type": "Point", "coordinates": [963809.8796416994, 1950519.3993762122]}, "properties": {"kind": "drone", "drone_id": 3, "frame": 62, "time_s": 62.0, "timestamp": "2025-01-01T00:01:02", "mode": "MIN_MAX", "is_static": false, "battery": 45.49999999999981}}, {"type": "Feature", "geometry": {"type": "Point", "coordinates": [962121.1301043197, 1951494.3993762122]}, "properties": {"kind": "drone", "drone_id": 4, "frame": 62, "time_s": 62.0, "timestamp": "2025-01-01T00:01:02", "mode": "MIN_MAX", "is_static": false, "battery": 43.99999999999981}}, {"type": "Feature", "geometry": {"type": "Point", "coordinates": [966389.3981658287, 1949187.6507404693]}, "properties": {"kind": "drone", "drone_id": 5, "frame": 62, "time_s": 62.0, "timestamp": "2025-01-01T00:01:02", "mode": "MIN_MAX", "is_static": false, "battery": 40.637583892617236}}, {"type": "Feature", "geometry": {"type": "Point", "coordinates": [965764.9504128086, 1950169.5885836254]}, "properties": {"kind": "drone", "drone_id": 6, "frame": 62, "time_s": 62.0, "timestamp": "2025-01-01T00:01:02", "mode": "MIN_MAX", "is_static": false, "battery": 40.637583892617236}}, {"type": "Feature", "geometry": {"type": "Point", "coordinates": [962998.6887459828, 1950972.4866656347]}, "properties": {"kind": "drone", "drone_id": 7, "frame": 62, "time_s": 62.0, "timestamp": "2025-01-01T00:01:02", "mode": "MIN_MAX", "is_static": false, "battery": 40.637583892617236}}, {"type": "Feature", "geometry": {"type": "Point", "coordinates": [966047.7343705563, 1949882.8539777535]}, "properties": {"kind": "drone", "drone_id": 8, "frame": 62, "time_s": 62.0, "timestamp": "2025-01-01T00:01:02", "mode": "MIN_MAX", "is_static": false, "battery": 40.637583892617236}}, {"type": "Feature", "geometry": {"type": "Point", "coordinates": [962956.2260293976, 1951312.2565190694]}, "properties": {"kind": "drone", "drone_id": 9, "frame": 62, "time_s": 62.0, "timestamp": "2025-01-01T00:01:02", "mode": "MIN_MAX", "is_static": false, "battery": 47.00000000000062}}, {"type": "Feature", "geometry": {"type": "Point", "coordinates": [965944.0136724538, 1949437.2565190694]}, "properties": {"kind": "drone", "drone_id": 10, "frame": 62, "time_s": 62.0, "timestamp": "2025-01-01T00:01:02", "mode": "MIN_MAX", "is_static": false, "battery": 48.49999999999981}}, {"type": "Feature", "geometry": {"type": "Point", "coordinates": [965092.9703911595, 1949778.6065866167]}, "properties": {"kind": "drone", "drone_id": 11, "frame": 62, "time_s": 62.0, "timestamp": "2025-01-01T00:01:02", "mode": "MIN_MAX", "is_static": false, "battery": 40.637583892617236}}, {"type": "Feature", "geometry": {"type": "Point", "coordinates": [963791.3219544754, 1949382.3602251105]}, "properties": {"kind": "drone", "drone_id": 12, "frame": 62, "time_s": 62.0, "timestamp": "2025-01-01T00:01:02", "mode": "MIN_MAX", "is_static": false, "battery": 40.637583892617236}}, {"type": "Feature", "geometry": {"type": "Point", "coordinates": [963921.225765043, 1950229.353020777]}, "properties": {"kind": "drone", "drone_id": 13, "frame": 62, "time_s": 62.0, "timestamp": "2025-01-01T00:01:02", "mode": "MIN_MAX", "is_static": false, "battery": 40.637583892617236}}, {"type": "Feature", "geometry": {"type": "Point", "coordinates": [963791.3219544754, 1950830.1136619265]}, "properties": {"kind": "drone", "drone_id": 14, "frame": 62, "time_s": 62.0, "timestamp": "2025-01-01T00:01:02", "mode": "MIN_MAX", "is_static": false, "battery": 44.00000000000082}}, {"type": "Feature", "geometry": {"type": "Point", "coordinates": [962368.5750183145, 1951508.6903353455]}, "properties": {"kind": "drone", "drone_id": 15, "frame": 62, "time_s": 62.0, "timestamp": "2025-01-01T00:01:02", "mode": "MIN_MAX", "is_static": false, "battery": 40.637583892617236}}, {"type": "Feature", "geometry": {"type": "Point", "coordinates": [963531.5143333401, 1950980.1136619265]}, "properties": {"kind": "drone", "drone_id": 16, "frame": 62, "time_s": 62.0, "timestamp": "2025-01-01T00:01:02", "mode": "MIN_MAX", "is_static": false, "battery": 50.0}}, {"type": "Feature", "geometry": {"type": "Point", "coordinates": [965609.9753024228, 1949831.1719523428]}, "properties": {"kind": "drone", "drone_id": 17, "frame": 62, "time_s": 62.0, "timestamp": "2025-01-01T00:01:02", "mode": "MIN_MAX", "is_static": false, "battery": 40.637583892617236}}, {"type": "Feature", "geometry": {"type": "Point", "coordinates": [966259.4943552611, 1950667.9716727096]}, "properties": {"kind": "drone", "drone_id": 18, "frame": 62, "time_s": 62.0, "timestamp": "2025-01-01T00:01:02", "mode": "MIN_MAX", "is_static": false, "battery": 40.637583892617236}}, {"type": "Feature", "geometry": {"type": "Point", "coordinates": [962622.1876593664, 1951505.1136619265]}, "properties": {"kind": "drone", "drone_id": 19, "frame": 62, "time_s": 62.0, "timestamp": "2025-01-01T00:01:02", "mode": "MIN_MAX", "is_static": false, "battery": 50.0}}, {"type": "Feature", "geometry": {"type": "Point", "coordinates": [965480.0714918551, 1949509.166871931]}, "properties": {"kind": "drone", "drone_id": 20, "frame": 62, "time_s": 62.0, "timestamp": "2025-01-01T00:01:02", "mode": "MIN_MAX", "is_static": false, "battery": 40.63758389261724}}, {"type": "Feature", "geometry": {"type": "Point", "coordinates": [961972.6686065281, 1951730.1136619265]}, "properties": {"kind": "base_A", "drone_id": 0, "frame": 62, "time_s": 62.0, "timestamp": "2025-01-01T00:01:02", "mode": "MIN_MAX", "is_static": true, "battery": 50.0}}, {"type": "Feature", "geometry": {"type": "Point", "coordinates": [966389.3981658287, 1948730.1136619265]}, "properties": {"kind": "base_B", "drone_id": 0, "frame": 62, "time_s": 62.0, "timestamp": "2025-01-01T00:01:02", "mode": "MIN_MAX", "is_static": true, "battery": 50.0}}, {"type": "Feature", "geometry": {"type": "Point", "coordinates": [965770.2697297868, 1949722.6596927147]}, "properties": {"kind": "drone", "drone_id": 1, "frame": 63, "time_s": 63.0, "timestamp": "2025-01-01T00:01:03", "mode": "MIN_MAX", "is_static": false, "battery": 40.486577181207835}}, {"type": "Feature", "geometry": {"type": "Point", "coordinates": [966222.3789808131, 1949276.542233355]}, "properties": {"kind": "drone", "drone_id": 2, "frame": 63, "time_s": 63.0, "timestamp": "2025-01-01T00:01:03", "mode": "MIN_MAX", "is_static": false, "battery": 43.99999999999942}}, {"type": "Feature", "geometry": {"type": "Point", "coordinates": [963809.8796416994, 1950519.3993762122]}, "properties": {"kind": "drone", "drone_id": 3, "frame": 63, "time_s": 63.0, "timestamp": "2025-01-01T00:01:03", "mode": "MIN_MAX", "is_static": false, "battery": 45.49999999999981}}, {"type": "Feature", "geometry": {"type": "Point", "coordinates": [962121.1301043197, 1951494.3993762122]}, "properties": {"kind": "drone", "drone_id": 4, "frame": 63, "time_s": 63.0, "timestamp": "2025-01-01T00:01:03", "mode": "MIN_MAX", "is_static": false, "battery": 43.99999999999981}}, {"type": "Feature", "geometry": {"type": "Point", "coordinates": [966389.3981658287, 1949181.6113270961]}, "properties": {"kind": "drone", "drone_id": 5, "frame": 63, "time_s": 63.0, "timestamp": "2025-01-01T00:01:03", "mode": "MIN_MAX", "is_static": false, "battery": 40.486577181207835}}, {"type": "Feature", "geometry": {"type": "Point", "coordinates": [965745.733222313, 1950158.4935335198]}, "properties": {"kind": "drone", "drone_id": 6, "frame": 63, "time_s": 63.0, "timestamp": "2025-01-01T00:01:03", "mode": "MIN_MAX", "is_static": false, "battery": 40.48657718120784}}, {"type": "Feature", "geometry": {"type": "Point", "coordinates": [963014.9958849603, 1950981.901596713]}, "properties": {"kind": "drone", "drone_id": 7, "frame": 63, "time_s": 63.0, "timestamp": "2025-01-01T00:01:03", "mode": "MIN_MAX", "is_static": false, "battery": 40.486577181207835}}, {"type": "Feature", "geometry": {"type": "Point", "coordinates": [966028.627259609, 1949871.8224821049]}, "properties": {"kind": "drone", "drone_id": 8, "frame": 63, "time_s": 63.0, "timestamp": "2025-01-01T00:01:03", "mode": "MIN_MAX", "is_static": false, "battery": 40.486577181207835}}, {"type": "Feature", "geometry": {"type": "Point", "coordinates": [962956.2260293976, 1951312.2565190694]}, "properties": {"kind": "drone", "drone_id": 9, "frame": 63, "time_s": 63.0, "timestamp": "2025-01-01T00:01:03", "mode": "MIN_MAX", "is_static": false, "battery": 47.00000000000062}}, {"type": "Feature", "geometry": {"type": "Point", "coordinates": [965944.0136724538, 1949437.2565190694]}, "properties": {"kind": "drone", "drone_id": 10, "frame": 63, "time_s": 63.0, "timestamp": "2025-01-01T00:01:03", "mode": "MIN_MAX", "is_static": false, "battery": 48.49999999999981}}, {"type": "Feature", "geometry": {"type": "Point", "coordinates": [965073.18100497, 1949790.0319940601]}, "properties": {"kind": "drone", "drone_id": 11, "frame": 63, "time_s": 63.0, "timestamp": "2025-01-01T00:01:03", "mode": "MIN_MAX", "is_static": false, "battery": 40.486577181207835}}, {"type": "Feature", "geometry": {"type": "Point", "coordinates": [963791.3219544754, 1949403.6767868917]}, "properties": {"kind": "drone", "drone_id": 12, "frame": 63, "time_s": 63.0, "timestamp": "2025-01-01T00:01:03", "mode": "MIN_MAX", "is_static": false, "battery": 40.48657718120784}}, {"type": "Feature", "geometry": {"type": "Point", "coordinates": [963921.225765043, 1950237.2529292319]}, "properties": {"kind": "drone", "drone_id": 13, "frame": 63, "time_s": 63.0, "timestamp": "2025-01-01T00:01:03", "mode": "MIN_MAX", "is_static": false, "battery": 40.486577181207835}}, {"type": "Feature", "geometry": {"type": "Point", "coordinates": [963791.3219544754, 1950830.1136619265]}, "properties": {"kind": "drone", "drone_id": 14, "frame": 63, "time_s": 63.0, "timestamp": "2025-01-01T00:01:03", "mode": "MIN_MAX", "is_static": false, "battery": 44.00000000000082}}, {"type": "Feature", "geometry": {"type": "Point", "coordinates": [962375.9987968652, 1951512.9764558899]}, "properties": {"kind": "drone", "drone_id": 15, "frame": 63, "time_s": 63.0, "timestamp": "2025-01-01T00:01:03", "mode": "MIN_MAX", "is_static": false, "battery": 40.486577181207835}}, {"type": "Feature", "geometry": {"type": "Point", "coordinates": [963531.5143333401, 1950980.1136619265]}, "properties": {"kind": "drone", "drone_id": 16, "frame": 63, "time_s": 63.0, "timestamp": "2025-01-01T00:01:03", "mode": "MIN_MAX", "is_static": false, "battery": 50.0}}, {"type": "Feature", "geometry": {"type": "Point", "coordinates": [965609.9753024228, 1949808.9934277846]}, "properties": {"kind": "drone", "drone_id": 17, "frame": 63, "time_s": 63.0, "timestamp": "2025-01-01T00:01:03", "mode": "MIN_MAX", "is_static": false, "battery": 40.486577181207835}}, {"type": "Feature", "geometry": {"type": "Point", "coordinates": [966259.4943552611, 1950646.1014147673]}, "properties": {"kind": "drone", "drone_id": 18, "frame": 63, "time_s": 63.0, "timestamp": "2025-01-01T00:01:03", "mode": "MIN_MAX", "is_static": false, "battery": 40.486577181207835}}, {"type": "Feature", "geometry": {"type": "Point", "coordinates": [962622.1876593664, 1951505.1136619265]}, "properties": {"kind": "drone", "drone_id": 19, "frame": 63, "time_s": 63.0, "timestamp": "2025-01-01T00:01:03", "mode": "MIN_MAX", "is_static": false, "battery": 50.0}}, {"type": "Feature", "geometry": {"type": "Point", "coordinates": [965480.0714918551, 1949531.4789339704]}, "properties": {"kind": "drone", "drone_id": 20, "frame": 63, "time_s": 63.0, "timestamp": "2025-01-01T00:01:03", "mode": "MIN_MAX", "is_static": false, "battery": 40.48657718120784}}, {"type": "Feature", "geometry": {"type": "Point", "coordinates": [961972.6686065281, 1951730.1136619265]}, "properties": {"kind": "base_A", "drone_id": 0, "frame": 63, "time_s": 63.0, "timestamp": "2025-01-01T00:01:03", "mode": "MIN_MAX", "is_static": true, "battery": 50.0}}, {"type": "Feature", "geometry": {"type": "Point", "coordinates": [966389.3981658287, 1948730.1136619265]}, "properties": {"kind": "base_B", "drone_id": 0, "frame": 63, "time_s": 63.0, "timestamp": "2025-01-01T00:01:03", "mode": "MIN_MAX", "is_static": true, "battery": 50.0}}, {"type": "Feature", "geometry": {"type": "Point", "coordinates": [965752.6927596453, 1949712.511624272]}, "properties": {"kind": "drone", "drone_id": 1, "frame": 64, "time_s": 64.0, "timestamp": "2025-01-01T00:01:04", "mode": "MIN_MAX", "is_static": false, "battery": 40.33557046979844}}, {"type": "Feature", "geometry": {"type": "Point", "coordinates": [966222.3789808131, 1949276.542233355]}, "properties": {"kind": "drone", "drone_id": 2, "frame": 64, "time_s": 64.0, "timestamp": "2025-01-01T00:01:04", "mode": "MIN_MAX", "is_static": false, "battery": 43.99999999999942}}, {"type": "Feature", "geometry": {"type": "Point", "coordinates": [963809.8796416994, 1950519.3993762122]}, "properties": {"kind": "drone", "drone_id": 3, "frame": 64, "time_s": 64.0, "timestamp": "2025-01-01T00:01:04", "mode": "MIN_MAX", "is_static": false, "battery": 45.49999999999981}}, {"type": "Feature", "geometry": {"type": "Point", "coordinates": [962121.1301043197, 1951494.3993762122]}, "properties": {"kind": "drone", "drone_id": 4, "frame": 64, "time_s": 64.0, "timestamp": "2025-01-01T00:01:04", "mode": "MIN_MAX", "is_static": false, "battery": 43.99999999999981}}, {"type": "Feature", "geometry": {"type": "Point", "coordinates": [966389.3981658287, 1949175.641875071]}, "properties": {"kind": "drone", "drone_id": 5, "frame": 64, "time_s": 64.0, "timestamp": "2025-01-01T00:01:04", "mode": "MIN_MAX", "is_static": false, "battery": 40.33557046979844}}, {"type": "Feature", "geometry": {"type": "Point", "coordinates": [965739.8791129903, 1950139.622713377]}, "properties": {"kind": "drone", "drone_id": 6, "frame": 64, "time_s": 64.0, "timestamp": "2025-01-01T00:01:04", "mode": "MIN_MAX", "is_static": false, "battery": 40.33557046979844}}, {"type": "Feature", "geometry": {"type": "Point", "coordinates": [963030.9480078061, 1950991.111559132]}, "properties": {"kind": "drone", "drone_id": 7, "frame": 64, "time_s": 64.0, "timestamp": "2025-01-01T00:01:04", "mode": "MIN_MAX", "is_static": false, "battery": 40.33557046979844}}, {"type": "Feature", "geometry": {"type": "Point", "coordinates": [966009.4388593531, 1949860.7440540516]}, "properties": {"kind": "drone", "drone_id": 8, "frame": 64, "time_s": 64.0, "timestamp": "2025-01-01T00:01:04", "mode": "MIN_MAX", "is_static": false, "battery": 40.33557046979844}}, {"type": "Feature", "geometry": {"type": "Point", "coordinates": [962956.2260293976, 1951312.2565190694]}, "properties": {"kind": "drone", "drone_id": 9, "frame": 64, "time_s": 64.0, "timestamp": "2025-01-01T00:01:04", "mode": "MIN_MAX", "is_static": false, "battery": 47.00000000000062}}, {"type": "Feature", "geometry": {"type": "Point", "coordinates": [965944.0136724538, 1949437.2565190694]}, "properties": {"kind": "drone", "drone_id": 10, "frame": 64, "time_s": 64.0, "timestamp": "2025-01-01T00:01:04", "mode": "MIN_MAX", "is_static": false, "battery": 48.49999999999981}}, {"type": "Feature", "geometry": {"type": "Point", "coordinates": [965053.337582563, 1949801.4885993286]}, "properties": {"kind": "drone", "drone_id": 11, "frame": 64, "time_s": 64.0, "timestamp": "2025-01-01T00:01:04", "mode": "MIN_MAX", "is_static": false, "battery": 40.33557046979844}}, {"type": "Feature", "geometry": {"type": "Point", "coordinates": [963791.3219544754, 1949424.871310536]}, "properties": {"kind": "drone", "drone_id": 12, "frame": 64, "time_s": 64.0, "timestamp": "2025-01-01T00:01:04", "mode": "MIN_MAX", "is_static": false, "battery": 40.33557046979844}}, {"type": "Feature", "geometry": {"type": "Point", "coordinates": [963921.225765043, 1950244.137862721]}, "properties": {"kind": "drone", "drone_id": 13, "frame": 64, "time_s": 64.0, "timestamp": "2025-01-01T00:01:04", "mode": "MIN_MAX", "is_static": false, "battery": 40.33557046979844}}, {"type": "Feature", "geometry": {"type": "Point", "coordinates": [963791.3219544754, 1950830.1136619265]}, "properties": {"kind": "drone", "drone_id": 14, "frame": 64, "time_s": 64.0, "timestamp": "2025-01-01T00:01:04", "mode": "MIN_MAX", "is_static": false, "battery": 44.00000000000082}}, {"type": "Feature", "geometry": {"type": "Point", "coordinates": [962382.4687733025, 1951516.7118985278]}, "properties": {"kind": "drone", "drone_id": 15, "frame": 64, "time_s": 64.0, "timestamp": "2025-01-01T00:01:04", "mode": "MIN_MAX", "is_static": false, "battery": 40.33557046979844}}, {"type": "Feature", "geometry": {"type": "Point", "coordinates": [963531.5143333401, 1950980.1136619265]}, "properties": {"kind": "drone", "drone_id": 16, "frame": 64, "time_s": 64.0, "timestamp": "2025-01-01T00:01:04", "mode": "MIN_MAX", "is_static": false, "battery": 50.0}}, {"type": "Feature", "geometry": {"type": "Point", "coordinates": [965609.9753024228, 1949786.720546893]}, "properties": {"kind": "drone", "drone_id": 17, "frame": 64, "time_s": 64.0, "timestamp": "2025-01-01T00:01:04", "mode": "MIN_MAX", "is_static": false, "battery": 40.33557046979844}}, {"type": "Feature", "geometry": {"type": "Point", "coordinates": [966259.4943552611, 1950624.1381119813]}, "properties": {"kind": "drone", "drone_id": 18, "frame": 64, "time_s": 64.0, "timestamp": "2025-01-01T00:01:04", "mode": "MIN_MAX", "is_static": false, "battery": 40.33557046979844}}, {"type": "Feature", "geometry": {"type": "Point", "coordinates": [962622.1876593664, 1951505.1136619265]}, "properties": {"kind": "drone", "drone_id": 19, "frame": 64, "time_s": 64.0, "timestamp": "2025-01-01T00:01:04", "mode": "MIN_MAX", "is_static": false, "battery": 50.0}}, {"type": "Feature", "geometry": {"type": "Point", "coordinates": [965480.0714918551, 1949553.8859204652]}, "properties": {"kind": "drone", "drone_id": 20, "frame": 64, "time_s": 64.0, "timestamp": "2025-01-01T00:01:04", "mode": "MIN_MAX", "is_static": false, "battery": 40.33557046979844}}, {"type": "Feature", "geometry": {"type": "Point", "coordinates": [961972.6686065281, 1951730.1136619265]}, "properties": {"kind": "base_A", "drone_id": 0, "frame": 64, "time_s": 64.0, "timestamp": "2025-01-01T00:01:04", "mode": "MIN_MAX", "is_static": true, "battery": 50.0}}, {"type": "Feature", "geometry": {"type": "Point", "coordinates": [966389.3981658287, 1948730.1136619265]}, "properties": {"kind": "base_B", "drone_id": 0, "frame": 64, "time_s": 64.0, "timestamp": "2025-01-01T00:01:04", "mode": "MIN_MAX", "is_static": true, "battery": 50.0}}, {"type": "Feature", "geometry": {"type": "Point", "coordinates": [965735.3372397575, 1949702.4914101928]}, "properties": {"kind": "drone", "drone_id": 1, "frame": 65, "time_s": 65.0, "timestamp": "2025-01-01T00:01:05", "mode": "MIN_MAX", "is_static": false, "battery": 40.18456375838904}}, {"type": "Feature", "geometry": {"type": "Point", "coordinates": [966222.3789808131, 1949276.542233355]}, "properties": {"kind": "drone", "drone_id": 2, "frame": 65, "time_s": 65.0, "timestamp": "2025-01-01T00:01:05", "mode": "MIN_MAX", "is_static": false, "battery": 43.99999999999942}}, {"type": "Feature", "geometry": {"type": "Point", "coordinates": [963809.8796416994, 1950519.3993762122]}, "properties": {"kind": "drone", "drone_id": 3, "frame": 65, "time_s": 65.0, "timestamp": "2025-01-01T00:01:05", "mode": "MIN_MAX", "is_static": false, "battery": 45.49999999999981}}, {"type": "Feature", "geometry": {"type": "Point", "coordinates": [962121.1301043197, 1951494.3993762122]}, "properties": {"kind": "drone", "drone_id": 4, "frame": 65, "time_s": 65.0, "timestamp": "2025-01-01T00:01:05", "mode": "MIN_MAX", "is_static": false, "battery": 43.99999999999981}}, {"type": "Feature", "geometry": {"type": "Point", "coordinates": [966389.3981658287, 1949169.747631495]}, "properties": {"kind": "drone", "drone_id": 5, "frame": 65, "time_s": 65.0, "timestamp": "2025-01-01T00:01:05", "mode": "MIN_MAX", "is_static": false, "battery": 40.18456375838904}}, {"type": "Feature", "geometry": {"type": "Point", "coordinates": [965739.8791129903, 1950117.320704329]}, "properties": {"kind": "drone", "drone_id": 6, "frame": 65, "time_s": 65.0, "timestamp": "2025-01-01T00:01:05", "mode": "MIN_MAX", "is_static": false, "battery": 40.18456375838904}}, {"type": "Feature", "geometry": {"type": "Point", "coordinates": [963046.5257147318, 1951000.1053524192]}, "properties": {"kind": "drone", "drone_id": 7, "frame": 65, "time_s": 65.0, "timestamp": "2025-01-01T00:01:05", "mode": "MIN_MAX", "is_static": false, "battery": 40.18456375838904}}, {"type": "Feature", "geometry": {"type": "Point", "coordinates": [965990.1762384237, 1949849.6227746727]}, "properties": {"kind": "drone", "drone_id": 8, "frame": 65, "time_s": 65.0, "timestamp": "2025-01-01T00:01:05", "mode": "MIN_MAX", "is_static": false, "battery": 40.18456375838904}}, {"type": "Feature", "geometry": {"type": "Point", "coordinates": [962956.2260293976, 1951312.2565190694]}, "properties": {"kind": "drone", "drone_id": 9, "frame": 65, "time_s": 65.0, "timestamp": "2025-01-01T00:01:05", "mode": "MIN_MAX", "is_static": false, "battery": 47.00000000000062}}, {"type": "Feature", "geometry": {"type": "Point", "coordinates": [965944.0136724538, 1949437.2565190694]}, "properties": {"kind": "drone", "drone_id": 10, "frame": 65, "time_s": 65.0, "timestamp": "2025-01-01T00:01:05", "mode": "MIN_MAX", "is_static": false, "battery": 48.49999999999981}}, {"type": "Feature", "geometry": {"type": "Point", "coordinates": [965033.4483947881, 1949812.9716272443]}, "properties": {"kind": "drone", "drone_id": 11, "frame": 65, "time_s": 65.0, "timestamp": "2025-01-01T00:01:05", "mode": "MIN_MAX", "is_static": false, "battery": 40.18456375838904}}, {"type": "Feature", "geometry": {"type": "Point", "coordinates": [963791.3219544754, 1949445.9292098123]}, "properties": {"kind": "drone", "drone_id": 12, "frame": 65, "time_s": 65.0, "timestamp": "2025-01-01T00:01:05", "mode": "MIN_MAX", "is_static": false, "battery": 40.18456375838904}}, {"type": "Feature", "geometry": {"type": "Point", "coordinates": [963921.225765043, 1950249.9718717178]}, "properties": {"kind": "drone", "drone_id": 13, "frame": 65, "time_s": 65.0, "timestamp": "2025-01-01T00:01:05", "mode": "MIN_MAX", "is_static": false, "battery": 40.18456375838904}}, {"type": "Feature", "geometry": {"type": "Point", "coordinates": [963791.3219544754, 1950830.1136619265]}, "properties": {"kind": "drone", "drone_id": 14, "frame": 65, "time_s": 65.0, "timestamp": "2025-01-01T00:01:05", "mode": "MIN_MAX", "is_static": false, "battery": 44.00000000000082}}, {"type": "Feature", "geometry": {"type": "Point", "coordinates": [962387.9511647889, 1951519.8771587282]}, "properties": {"kind": "drone", "drone_id": 15, "frame": 65, "time_s": 65.0, "timestamp": "2025-01-01T00:01:05", "mode": "MIN_MAX", "is_static": false, "battery": 40.18456375838904}}, {"type": "Feature", "geometry": {"type": "Point", "coordinates": [963531.5143333401, 1950980.1136619265]}, "properties": {"kind": "drone", "drone_id": 16, "frame": 65, "time_s": 65.0, "timestamp": "2025-01-01T00:01:05", "mode": "MIN_MAX", "is_static": false, "battery": 50.0}}, {"type": "Feature", "geometry": {"type": "Point", "coordinates": [965609.9753024228, 1949764.3615145665]}, "properties": {"kind": "drone", "drone_id": 17, "frame": 65, "time_s": 65.0, "timestamp": "2025-01-01T00:01:05", "mode": "MIN_MAX", "is_static": false, "battery": 40.18456375838904}}, {"type": "Feature", "geometry": {"type": "Point", "coordinates": [966259.4943552611, 1950602.0898552076]}, "properties": {"kind": "drone", "drone_id": 18, "frame": 65, "time_s": 65.0, "timestamp": "2025-01-01T00:01:05", "mode": "MIN_MAX", "is_static": false, "battery": 40.18456375838904}}, {"type": "Feature", "geometry": {"type": "Point", "coordinates": [962622.1876593664, 1951505.1136619265]}, "properties": {"kind": "drone", "drone_id": 19, "frame": 65, "time_s": 65.0, "timestamp": "2025-01-01T00:01:05", "mode": "MIN_MAX", "is_static": false, "battery": 50.0}}, {"type": "Feature", "geometry": {"type": "Point", "coordinates": [965461.6546690669, 1949565.746619521]}, "properties": {"kind": "drone", "drone_id": 20, "frame": 65, "time_s": 65.0, "timestamp": "2025-01-01T00:01:05", "mode": "MIN_MAX", "is_static": false, "battery": 40.18456375838904}}, {"type": "Feature", "geometry": {"type": "Point", "coordinates": [961972.6686065281, 1951730.1136619265]}, "properties": {"kind": "base_A", "drone_id": 0, "frame": 65, "time_s": 65.0, "timestamp": "2025-01-01T00:01:05", "mode": "MIN_MAX", "is_static": true, "battery": 50.0}}, {"type": "Feature", "geometry": {"type": "Point", "coordinates": [966389.3981658287, 1948730.1136619265]}, "properties": {"kind": "base_B", "drone_id": 0, "frame": 65, "time_s": 65.0, "timestamp": "2025-01-01T00:01:05", "mode": "MIN_MAX", "is_static": true, "battery": 50.0}}, {"type": "Feature", "geometry": {"type": "Point", "coordinates": [965718.2186201413, 1949692.6079705493]}, "properties": {"kind": "drone", "drone_id": 1, "frame": 66, "time_s": 66.0, "timestamp": "2025-01-01T00:01:06", "mode": "MIN_MAX", "is_static": false, "battery": 40.03355704697964}}, {"type": "Feature", "geometry": {"type": "Point", "coordinates": [966222.3789808131, 1949276.542233355]}, "properties": {"kind": "drone", "drone_id": 2, "frame": 66, "time_s": 66.0, "timestamp": "2025-01-01T00:01:06", "mode": "MIN_MAX", "is_static": false, "battery": 43.99999999999942}}, {"type": "Feature", "geometry": {"type": "Point", "coordinates": [963809.8796416994, 1950519.3993762122]}, "properties": {"kind": "drone", "drone_id": 3, "frame": 66, "time_s": 66.0, "timestamp": "2025-01-01T00:01:06", "mode": "MIN_MAX", "is_static": false, "battery": 45.49999999999981}}, {"type": "Feature", "geometry": {"type": "Point", "coordinates": [962121.1301043197, 1951494.3993762122]}, "properties": {"kind": "drone", "drone_id": 4, "frame": 66, "time_s": 66.0, "timestamp": "2025-01-01T00:01:06", "mode": "MIN_MAX", "is_static": false, "battery": 43.99999999999981}}, {"type": "Feature", "geometry": {"type": "Point", "coordinates": [966389.3981658287, 1949163.9338434692]}, "properties": {"kind": "drone", "drone_id": 5, "frame": 66, "time_s": 66.0, "timestamp": "2025-01-01T00:01:06", "mode": "MIN_MAX", "is_static": false, "battery": 40.03355704697964}}, {"type": "Feature", "geometry": {"type": "Point", "coordinates": [965739.8791129903, 1950094.9766521826]}, "properties": {"kind": "drone", "drone_id": 6, "frame": 66, "time_s": 66.0, "timestamp": "2025-01-01T00:01:06", "mode": "MIN_MAX", "is_static": false, "battery": 40.03355704697964}}, {"type": "Feature", "geometry": {"type": "Point", "coordinates": [963061.7096059487, 1951008.8717761005]}, "properties": {"kind": "drone", "drone_id": 7, "frame": 66, "time_s": 66.0, "timestamp": "2025-01-01T00:01:06", "mode": "MIN_MAX", "is_static": false, "battery": 40.03355704697964}}, {"type": "Feature", "geometry": {"type": "Point", "coordinates": [965970.8464654566, 1949838.4627250468]}, "properties": {"kind": "drone", "drone_id": 8, "frame": 66, "time_s": 66.0, "timestamp": "2025-01-01T00:01:06", "mode": "MIN_MAX", "is_static": false, "battery": 40.03355704697964}}, {"type": "Feature", "geometry": {"type": "Point", "coordinates": [962956.2260293976, 1951312.2565190694]}, "properties": {"kind": "drone", "drone_id": 9, "frame": 66, "time_s": 66.0, "timestamp": "2025-01-01T00:01:06", "mode": "MIN_MAX", "is_static": false, "battery": 47.00000000000062}}, {"type": "Feature", "geometry": {"type": "Point", "coordinates": [965944.0136724538, 1949437.2565190694]}, "properties": {"kind": "drone", "drone_id": 10, "frame": 66, "time_s": 66.0, "timestamp": "2025-01-01T00:01:06", "mode": "MIN_MAX", "is_static": false, "battery": 48.49999999999981}}, {"type": "Feature", "geometry": {"type": "Point", "coordinates": [965013.5217124949, 1949824.4763026305]}, "properties": {"kind": "drone", "drone_id": 11, "frame": 66, "time_s": 66.0, "timestamp": "2025-01-01T00:01:06", "mode": "MIN_MAX", "is_static": false, "battery": 40.03355704697964}}, {"type": "Feature", "geometry": {"type": "Point", "coordinates": [963791.3219544754, 1949466.835898489]}, "properties": {"kind": "drone", "drone_id": 12, "frame": 66, "time_s": 66.0, "timestamp": "2025-01-01T00:01:06", "mode": "MIN_MAX", "is_static": false, "battery": 40.03355704697964}}, {"type": "Feature", "geometry": {"type": "Point", "coordinates": [963921.225765043, 1950254.719006696]}, "properties": {"kind": "drone", "drone_id": 13, "frame": 66, "time_s": 66.0, "timestamp": "2025-01-01T00:01:06", "mode": "MIN_MAX", "is_static": false, "battery": 40.03355704697964}}, {"type": "Feature", "geometry": {"type": "Point", "coordinates": [963791.3219544754, 1950830.1136619265]}, "properties": {"kind": "drone", "drone_id": 14, "frame": 66, "time_s": 66.0, "timestamp": "2025-01-01T00:01:06", "mode": "MIN_MAX", "is_static": false, "battery": 44.00000000000082}}, {"type": "Feature", "geometry": {"type": "Point", "coordinates": [962392.4121884868, 1951522.452731961]}, "properties": {"kind": "drone", "drone_id": 15, "frame": 66, "time_s": 66.0, "timestamp": "2025-01-01T00:01:06", "mode": "MIN_MAX", "is_static": false, "battery": 40.03355704697964}}, {"type": "Feature", "geometry": {"type": "Point", "coordinates": [963531.5143333401, 1950980.1136619265]}, "properties": {"kind": "drone", "drone_id": 16, "frame": 66, "time_s": 66.0, "timestamp": "2025-01-01T00:01:06", "mode": "MIN_MAX", "is_static": false, "battery": 50.0}}, {"type": "Feature", "geometry": {"type": "Point", "coordinates": [965609.9753024228, 1949741.9245357034]}, "properties": {"kind": "drone", "drone_id": 17, "frame": 66, "time_s": 66.0, "timestamp": "2025-01-01T00:01:06", "mode": "MIN_MAX", "is_static": false, "battery": 40.03355704697964}}, {"type": "Feature", "geometry": {"type": "Point", "coordinates": [966259.4943552611, 1950579.964735302]}, "properties": {"kind": "drone", "drone_id": 18, "frame": 66, "time_s": 66.0, "timestamp": "2025-01-01T00:01:06", "mode": "MIN_MAX", "is_static": false, "battery": 40.03355704697964}}, {"type": "Feature", "geometry": {"type": "Point", "coordinates": [962622.1876593664, 1951505.1136619265]}, "properties": {"kind": "drone", "drone_id": 19, "frame": 66, "time_s": 66.0, "timestamp": "2025-01-01T00:01:06", "mode": "MIN_MAX", "is_static": false, "battery": 50.0}}, {"type": "Feature", "geometry": {"type": "Point", "coordinates": [965442.106680862, 1949577.032655773]}, "properties": {"kind": "drone", "drone_id": 20, "frame": 66, "time_s": 66.0, "timestamp": "2025-01-01T00:01:06", "mode": "MIN_MAX", "is_static": false, "battery": 40.03355704697964}}, {"type": "Feature", "geometry": {"type": "Point", "coordinates": [961972.6686065281, 1951730.1136619265]}, "properties": {"kind": "base_A", "drone_id": 0, "frame": 66, "time_s": 66.0, "timestamp": "2025-01-01T00:01:06", "mode": "MIN_MAX", "is_static": true, "battery": 50.0}}, {"type": "Feature", "geometry": {"type": "Point", "coordinates": [966389.3981658287, 1948730.1136619265]}, "properties": {"kind": "base_B", "drone_id": 0, "frame": 66, "time_s": 66.0, "timestamp": "2025-01-01T00:01:06", "mode": "MIN_MAX", "is_static": true, "battery": 50.0}}, {"type": "Feature", "geometry": {"type": "Point", "coordinates": [965701.352350814, 1949682.870225413]}, "properties": {"kind": "drone", "drone_id": 1, "frame": 67, "time_s": 67.0, "timestamp": "2025-01-01T00:01:07", "mode": "MIN_MAX", "is_static": false, "battery": 39.882550335570244}}, {"type": "Feature", "geometry": {"type": "Point", "coordinates": [966222.3789808131, 1949276.542233355]}, "properties": {"kind": "drone", "drone_id": 2, "frame": 67, "time_s": 67.0, "timestamp": "2025-01-01T00:01:07", "mode": "MIN_MAX", "is_static": false, "battery": 43.99999999999942}}, {"type": "Feature", "geometry": {"type": "Point", "coordinates": [963809.8796416994, 1950519.3993762122]}, "properties": {"kind": "drone", "drone_id": 3, "frame": 67, "time_s": 67.0, "timestamp": "2025-01-01T00:01:07", "mode": "MIN_MAX", "is_static": false, "battery": 45.49999999999981}}, {"type": "Feature", "geometry": {"type": "Point", "coordinates": [962121.1301043197, 1951494.3993762122]}, "properties": {"kind": "drone", "drone_id": 4, "frame": 67, "time_s": 67.0, "timestamp": "2025-01-01T00:01:07", "mode": "MIN_MAX", "is_static": false, "battery": 43.99999999999981}}, {"type": "Feature", "geometry": {"type": "Point", "coordinates": [966389.3981658287, 1949158.205758095]}, "properties": {"kind": "drone", "drone_id": 5, "frame": 67, "time_s": 67.0, "timestamp": "2025-01-01T00:01:07", "mode": "MIN_MAX", "is_static": false, "battery": 39.882550335570244}}, {"type": "Feature", "geometry": {"type": "Point", "coordinates": [965739.8791129903, 1950072.5998311501]}, "properties": {"kind": "drone", "drone_id": 6, "frame": 67, "time_s": 67.0, "timestamp": "2025-01-01T00:01:07", "mode": "MIN_MAX", "is_static": false, "battery": 39.882550335570244}}, {"type": "Feature", "geometry": {"type": "Point", "coordinates": [963076.480281668, 1951017.3996297033]}, "properties": {"kind": "drone", "drone_id": 7, "frame": 67, "time_s": 67.0, "timestamp": "2025-01-01T00:01:07", "mode": "MIN_MAX", "is_static": false, "battery": 39.882550335570244}}, {"type": "Feature", "geometry": {"type": "Point", "coordinates": [965951.4566090873, 1949827.2679862524]}, "properties": {"kind": "drone", "drone_id": 8, "frame": 67, "time_s": 67.0, "timestamp": "2025-01-01T00:01:07", "mode": "MIN_MAX", "is_static": false, "battery": 39.882550335570244}}, {"type": "Feature", "geometry": {"type": "Point", "coordinates": [962956.2260293976, 1951312.2565190694]}, "properties": {"kind": "drone", "drone_id": 9, "frame": 67, "time_s": 67.0, "timestamp": "2025-01-01T00:01:07", "mode": "MIN_MAX", "is_static": false, "battery": 47.00000000000062}}, {"type": "Feature", "geometry": {"type": "Point", "coordinates": [965944.0136724538, 1949437.2565190694]}, "properties": {"kind": "drone", "drone_id": 10, "frame": 67, "time_s": 67.0, "timestamp": "2025-01-01T00:01:07", "mode": "MIN_MAX", "is_static": false, "battery": 48.49999999999981}}, {"type": "Feature", "geometry": {"type": "Point", "coordinates": [964993.5658065331, 1949835.9978503094]}, "properties": {"kind": "drone", "drone_id": 11, "frame": 67, "time_s": 67.0, "timestamp": "2025-01-01T00:01:07", "mode": "MIN_MAX", "is_static": false, "battery": 39.882550335570244}}, {"type": "Feature", "geometry": {"type": "Point", "coordinates": [963797.7852132685, 1949483.8452261304]}, "properties": {"kind": "drone", "drone_id": 12, "frame": 67, "time_s": 67.0, "timestamp": "2025-01-01T00:01:07", "mode": "MIN_MAX", "is_static": false, "battery": 39.882550335570244}}, {"type": "Feature", "geometry": {"type": "Point", "coordinates": [963921.225765043, 1950258.343318129]}, "properties": {"kind": "drone", "drone_id": 13, "frame": 67, "time_s": 67.0, "timestamp": "2025-01-01T00:01:07", "mode": "MIN_MAX", "is_static": false, "battery": 39.882550335570244}}, {"type": "Feature", "geometry": {"type": "Point", "coordinates": [963791.3219544754, 1950830.1136619265]}, "properties": {"kind": "drone", "drone_id": 14, "frame": 67, "time_s": 67.0, "timestamp": "2025-01-01T00:01:07", "mode": "MIN_MAX", "is_static": false, "battery": 44.00000000000082}}, {"type": "Feature", "geometry": {"type": "Point", "coordinates": [962395.8180615586, 1951524.4191136959]}, "properties": {"kind": "drone", "drone_id": 15, "frame": 67, "time_s": 67.0, "timestamp": "2025-01-01T00:01:07", "mode": "MIN_MAX", "is_static": false, "battery": 39.882550335570244}}, {"type": "Feature", "geometry": {"type": "Point", "coordinates": [963531.5143333401, 1950980.1136619265]}, "properties": {"kind": "drone", "drone_id": 16, "frame": 67, "time_s": 67.0, "timestamp": "2025-01-01T00:01:07", "mode": "MIN_MAX", "is_static": false, "battery": 50.0}}, {"type": "Feature", "geometry": {"type": "Point", "coordinates": [965609.9753024228, 1949719.4178152026]}, "properties": {"kind": "drone", "drone_id": 17, "frame": 67, "time_s": 67.0, "timestamp": "2025-01-01T00:01:07", "mode": "MIN_MAX", "is_static": false, "battery": 39.882550335570244}}, {"type": "Feature", "geometry": {"type": "Point", "coordinates": [966259.4943552611, 1950557.7708431208]}, "properties": {"kind": "drone", "drone_id": 18, "frame": 67, "time_s": 67.0, "timestamp": "2025-01-01T00:01:07", "mode": "MIN_MAX", "is_static": false, "battery": 39.882550335570244}}, {"type": "Feature", "geometry": {"type": "Point", "coordinates": [962622.1876593664, 1951505.1136619265]}, "properties": {"kind": "drone", "drone_id": 19, "frame": 67, "time_s": 67.0, "timestamp": "2025-01-01T00:01:07", "mode": "MIN_MAX", "is_static": false, "battery": 50.0}}, {"type": "Feature", "geometry": {"type": "Point", "coordinates": [965422.4979309691, 1949588.3537728023]}, "properties": {"kind": "drone", "drone_id": 20, "frame": 67, "time_s": 67.0, "timestamp": "2025-01-01T00:01:07", "mode": "MIN_MAX", "is_static": false, "battery": 39.882550335570244}}, {"type": "Feature", "geometry": {"type": "Point", "coordinates": [961972.6686065281, 1951730.1136619265]}, "properties": {"kind": "base_A", "drone_id": 0, "frame": 67, "time_s": 67.0, "timestamp": "2025-01-01T00:01:07", "mode": "MIN_MAX", "is_static": true, "battery": 50.0}}, {"type": "Feature", "geometry": {"type": "Point", "coordinates": [966389.3981658287, 1948730.1136619265]}, "properties": {"kind": "base_B", "drone_id": 0, "frame": 67, "time_s": 67.0, "timestamp": "2025-01-01T00:01:07", "mode": "MIN_MAX", "is_static": true, "battery": 50.0}}, {"type": "Feature", "geometry": {"type": "Point", "coordinates": [965684.7538817938, 1949673.287094856]}, "properties": {"kind": "drone", "drone_id": 1, "frame": 68, "time_s": 68.0, "timestamp": "2025-01-01T00:01:08", "mode": "MIN_MAX", "is_static": false, "battery": 39.73154362416084}}, {"type": "Feature", "geometry": {"type": "Point", "coordinates": [966222.3789808131, 1949276.542233355]}, "properties": {"kind": "drone", "drone_id": 2, "frame": 68, "time_s": 68.0, "timestamp": "2025-01-01T00:01:08", "mode": "MIN_MAX", "is_static": false, "battery": 43.99999999999942}}, {"type": "Feature", "geometry": {"type": "Point", "coordinates": [963809.8796416994, 1950519.3993762122]}, "properties": {"kind": "drone", "drone_id": 3, "frame": 68, "time_s": 68.0, "timestamp": "2025-01-01T00:01:08", "mode": "MIN_MAX", "is_static": false, "battery": 45.49999999999981}}, {"type": "Feature", "geometry": {"type": "Point", "coordinates": [962121.1301043197, 1951494.3993762122]}, "properties": {"kind": "drone", "drone_id": 4, "frame": 68, "time_s": 68.0, "timestamp": "2025-01-01T00:01:08", "mode": "MIN_MAX", "is_static": false, "battery": 43.99999999999981}}, {"type": "Feature", "geometry": {"type": "Point", "coordinates": [966389.3981658287, 1949152.5686224732]}, "properties": {"kind": "drone", "drone_id": 5, "frame": 68, "time_s": 68.0, "timestamp": "2025-01-01T00:01:08", "mode": "MIN_MAX", "is_static": false, "battery": 39.73154362416084}}, {"type": "Feature", "geometry": {"type": "Point", "coordinates": [965739.8791129903, 1950050.199515445]}, "properties": {"kind": "drone", "drone_id": 6, "frame": 68, "time_s": 68.0, "timestamp": "2025-01-01T00:01:08", "mode": "MIN_MAX", "is_static": false, "battery": 39.73154362416084}}, {"type": "Feature", "geometry": {"type": "Point", "coordinates": [963090.8183421014, 1951025.677712754]}, "properties": {"kind": "drone", "drone_id": 7, "frame": 68, "time_s": 68.0, "timestamp": "2025-01-01T00:01:08", "mode": "MIN_MAX", "is_static": false, "battery": 39.73154362416084}}, {"type": "Feature", "geometry": {"type": "Point", "coordinates": [965932.0137379514, 1949816.0426393684]}, "properties": {"kind": "drone", "drone_id": 8, "frame": 68, "time_s": 68.0, "timestamp": "2025-01-01T00:01:08", "mode": "MIN_MAX", "is_static": false, "battery": 39.73154362416084}}, {"type": "Feature", "geometry": {"type": "Point", "coordinates": [962956.2260293976, 1951312.2565190694]}, "properties": {"kind": "drone", "drone_id": 9, "frame": 68, "time_s": 68.0, "timestamp": "2025-01-01T00:01:08", "mode": "MIN_MAX", "is_static": false, "battery": 47.00000000000062}}, {"type": "Feature", "geometry": {"type": "Point", "coordinates": [965944.0136724538, 1949437.2565190694]}, "properties": {"kind": "drone", "drone_id": 10, "frame": 68, "time_s": 68.0, "timestamp": "2025-01-01T00:01:08", "mode": "MIN_MAX", "is_static": false, "battery": 48.49999999999981}}, {"type": "Feature", "geometry": {"type": "Point", "coordinates": [964973.5889477523, 1949847.531495104]}, "properties": {"kind": "drone", "drone_id": 11, "frame": 68, "time_s": 68.0, "timestamp": "2025-01-01T00:01:08", "mode": "MIN_MAX", "is_static": false, "battery": 39.73154362416084}}, {"type": "Feature", "geometry": {"type": "Point", "coordinates": [963815.5911361892, 1949494.125480522]}, "properties": {"kind": "drone", "drone_id": 12, "frame": 68, "time_s": 68.0, "timestamp": "2025-01-01T00:01:08", "mode": "MIN_MAX", "is_static": false, "battery": 39.73154362416084}}, {"type": "Feature", "geometry": {"type": "Point", "coordinates": [963921.225765043, 1950260.80885649]}, "properties": {"kind": "drone", "drone_id": 13, "frame": 68, "time_s": 68.0, "timestamp": "2025-01-01T00:01:08", "mode": "MIN_MAX", "is_static": false, "battery": 39.73154362416084}}, {"type": "Feature", "geometry": {"type": "Point", "coordinates": [963791.3219544754, 1950830.1136619265]}, "properties": {"kind": "drone", "drone_id": 14, "frame": 68, "time_s": 68.0, "timestamp": "2025-01-01T00:01:08", "mode": "MIN_MAX", "is_static": false, "battery": 44.00000000000082}}, {"type": "Feature", "geometry": {"type": "Point", "coordinates": [962398.135001167, 1951525.7567994024]}, "properties": {"kind": "drone", "drone_id": 15, "frame": 68, "time_s": 68.0, "timestamp": "2025-01-01T00:01:08", "mode": "MIN_MAX", "is_static": false, "battery": 39.73154362416084}}, {"type": "Feature", "geometry": {"type": "Point", "coordinates": [963531.5143333401, 1950980.1136619265]}, "properties": {"kind": "drone", "drone_id": 16, "frame": 68, "time_s": 68.0, "timestamp": "2025-01-01T00:01:08", "mode": "MIN_MAX", "is_static": false, "battery": 50.0}}, {"type": "Feature", "geometry": {"type": "Point", "coordinates": [965609.9753024228, 1949696.8495579627]}, "properties": {"kind": "drone", "drone_id": 17, "frame": 68, "time_s": 68.0, "timestamp": "2025-01-01T00:01:08", "mode": "MIN_MAX", "is_static": false, "battery": 39.73154362416084}}, {"type": "Feature", "geometry": {"type": "Point", "coordinates": [966259.4943552611, 1950535.5162695195]}, "properties": {"kind": "drone", "drone_id": 18, "frame": 68, "time_s": 68.0, "timestamp": "2025-01-01T00:01:08", "mode": "MIN_MAX", "is_static": false, "battery": 39.73154362416084}}, {"type": "Feature", "geometry": {"type": "Point", "coordinates": [962622.1876593664, 1951505.1136619265]}, "properties": {"kind": "drone", "drone_id": 19, "frame": 68, "time_s": 68.0, "timestamp": "2025-01-01T00:01:08", "mode": "MIN_MAX", "is_static": false, "battery": 50.0}}, {"type": "Feature", "geometry": {"type": "Point", "coordinates": [965402.8355678217, 1949599.7058434582]}, "properties": {"kind": "drone", "drone_id": 20, "frame": 68, "time_s": 68.0, "timestamp": "2025-01-01T00:01:08", "mode": "MIN_MAX", "is_static": false, "battery": 39.73154362416084}}, {"type": "Feature", "geometry": {"type": "Point", "coordinates": [961972.6686065281, 1951730.1136619265]}, "properties": {"kind": "base_A", "drone_id": 0, "frame": 68, "time_s": 68.0, "timestamp": "2025-01-01T00:01:08", "mode": "MIN_MAX", "is_static": true, "battery": 50.0}}, {"type": "Feature", "geometry": {"type": "Point", "coordinates": [966389.3981658287, 1948730.1136619265]}, "properties": {"kind": "base_B", "drone_id": 0, "frame": 68, "time_s": 68.0, "timestamp": "2025-01-01T00:01:08", "mode": "MIN_MAX", "is_static": true, "battery": 50.0}}, {"type": "Feature", "geometry": {"type": "Point", "coordinates": [965668.4386630981, 1949663.86749895]}, "properties": {"kind": "drone", "drone_id": 1, "frame": 69, "time_s": 69.0, "timestamp": "2025-01-01T00:01:09", "mode": "MIN_MAX", "is_static": false, "battery": 39.58053691275144}}, {"type": "Feature", "geometry": {"type": "Point", "coordinates": [966222.3789808131, 1949276.542233355]}, "properties": {"kind": "drone", "drone_id": 2, "frame": 69, "time_s": 69.0, "timestamp": "2025-01-01T00:01:09", "mode": "MIN_MAX", "is_static": false, "battery": 43.99999999999942}}, {"type": "Feature", "geometry": {"type": "Point", "coordinates": [963809.8796416994, 1950519.3993762122]}, "properties": {"kind": "drone", "drone_id": 3, "frame": 69, "time_s": 69.0, "timestamp": "2025-01-01T00:01:09", "mode": "MIN_MAX", "is_static": false, "battery": 45.49999999999981}}, {"type": "Feature", "geometry": {"type": "Point", "coordinates": [962121.1301043197, 1951494.3993762122]}, "properties": {"kind": "drone", "drone_id": 4, "frame": 69, "time_s": 69.0, "timestamp": "2025-01-01T00:01:09", "mode": "MIN_MAX", "is_static": false, "battery": 43.99999999999981}}, {"type": "Feature", "geometry": {"type": "Point", "coordinates": [966389.3981658287, 1949147.027683705]}, "properties": {"kind": "drone", "drone_id": 5, "frame": 69, "time_s": 69.0, "timestamp": "2025-01-01T00:01:09", "mode": "MIN_MAX", "is_static": false, "battery": 39.58053691275144}}, {"type": "Feature", "geometry": {"type": "Point", "coordinates": [965739.8791129903, 1950027.7849792799]}, "properties": {"kind": "drone", "drone_id": 6, "frame": 69, "time_s": 69.0, "timestamp": "2025-01-01T00:01:09", "mode": "MIN_MAX", "is_static": false, "battery": 39.58053691275144}}, {"type": "Feature", "geometry": {"type": "Point", "coordinates": [963104.70438746, 1951033.6948247799]}, "properties": {"kind": "drone", "drone_id": 7, "frame": 69, "time_s": 69.0, "timestamp": "2025-01-01T00:01:09", "mode": "MIN_MAX", "is_static": false, "battery": 39.58053691275144}}, {"type": "Feature", "geometry": {"type": "Point", "coordinates": [965912.5249206845, 1949804.7907654732]}, "properties": {"kind": "drone", "drone_id": 8, "frame": 69, "time_s": 69.0, "timestamp": "2025-01-01T00:01:09", "mode": "MIN_MAX", "is_static": false, "battery": 39.58053691275144}}, {"type": "Feature", "geometry": {"type": "Point", "coordinates": [962956.2260293976, 1951312.2565190694]}, "properties": {"kind": "drone", "drone_id": 9, "frame": 69, "time_s": 69.0, "timestamp": "2025-01-01T00:01:09", "mode": "MIN_MAX", "is_static": false, "battery": 47.00000000000062}}, {"type": "Feature", "geometry": {"type": "Point", "coordinates": [965944.0136724538, 1949437.2565190694]}, "properties": {"kind": "drone", "drone_id": 10, "frame": 69, "time_s": 69.0, "timestamp": "2025-01-01T00:01:09", "mode": "MIN_MAX", "is_static": false, "battery": 48.49999999999981}}, {"type": "Feature", "geometry": {"type": "Point", "coordinates": [964953.599407002, 1949851.1548620157]}, "properties": {"kind": "drone", "drone_id": 11, "frame": 69, "time_s": 69.0, "timestamp": "2025-01-01T00:01:09", "mode": "MIN_MAX", "is_static": false, "battery": 39.58053691275144}}, {"type": "Feature", "geometry": {"type": "Point", "coordinates": [963833.2282107484, 1949504.3082502664]}, "properties": {"kind": "drone", "drone_id": 12, "frame": 69, "time_s": 69.0, "timestamp": "2025-01-01T00:01:09", "mode": "MIN_MAX", "is_static": false, "battery": 39.58053691275144}}, {"type": "Feature", "geometry": {"type": "Point", "coordinates": [963921.225765043, 1950262.079672253]}, "properties": {"kind": "drone", "drone_id": 13, "frame": 69, "time_s": 69.0, "timestamp": "2025-01-01T00:01:09", "mode": "MIN_MAX", "is_static": false, "battery": 39.58053691275144}}, {"type": "Feature", "geometry": {"type": "Point", "coordinates": [963791.3219544754, 1950830.1136619265]}, "properties": {"kind": "drone", "drone_id": 14, "frame": 69, "time_s": 69.0, "timestamp": "2025-01-01T00:01:09", "mode": "MIN_MAX", "is_static": false, "battery": 44.00000000000082}}, {"type": "Feature", "geometry": {"type": "Point", "coordinates": [962399.3292244743, 1951526.4462845505]}, "properties": {"kind": "drone", "drone_id": 15, "frame": 69, "time_s": 69.0, "timestamp": "2025-01-01T00:01:09", "mode": "MIN_MAX", "is_static": false, "battery": 39.58053691275144}}, {"type": "Feature", "geometry": {"type": "Point", "coordinates": [963531.5143333401, 1950980.1136619265]}, "properties": {"kind": "drone", "drone_id": 16, "frame": 69, "time_s": 69.0, "timestamp": "2025-01-01T00:01:09", "mode": "MIN_MAX", "is_static": false, "battery": 50.0}}, {"type": "Feature", "geometry": {"type": "Point", "coordinates": [965609.9753024228, 1949674.227968882]}, "properties": {"kind": "drone", "drone_id": 17, "frame": 69, "time_s": 69.0, "timestamp": "2025-01-01T00:01:09", "mode": "MIN_MAX", "is_static": false, "battery": 39.58053691275144}}, {"type": "Feature", "geometry": {"type": "Point", "coordinates": [966259.4943552611, 1950513.2091053545]}, "properties": {"kind": "drone", "drone_id": 18, "frame": 69, "time_s": 69.0, "timestamp": "2025-01-01T00:01:09", "mode": "MIN_MAX", "is_static": false, "battery": 39.58053691275144}}, {"type": "Feature", "geometry": {"type": "Point", "coordinates": [962622.1876593664, 1951505.1136619265]}, "properties": {"kind": "drone", "drone_id": 19, "frame": 69, "time_s": 69.0, "timestamp": "2025-01-01T00:01:09", "mode": "MIN_MAX", "is_static": false, "battery": 50.0}}, {"type": "Feature", "geometry": {"type": "Point", "coordinates": [965383.1267398542, 1949611.0847405908]}, "properties": {"kind": "drone", "drone_id": 20, "frame": 69, "time_s": 69.0, "timestamp": "2025-01-01T00:01:09", "mode": "MIN_MAX", "is_static": false, "battery": 39.58053691275144}}, {"type": "Feature", "geometry": {"type": "Point", "coordinates": [961972.6686065281, 1951730.1136619265]}, "properties": {"kind": "base_A", "drone_id": 0, "frame": 69, "time_s": 69.0, "timestamp": "2025-01-01T00:01:09", "mode": "MIN_MAX", "is_static": true, "battery": 50.0}}, {"type": "Feature", "geometry": {"type": "Point", "coordinates": [966389.3981658287, 1948730.1136619265]}, "properties": {"kind": "base_B", "drone_id": 0, "frame": 69, "time_s": 69.0, "timestamp": "2025-01-01T00:01:09", "mode": "MIN_MAX", "is_static": true, "battery": 50.0}}, {"type": "Feature", "geometry": {"type": "Point", "coordinates": [965652.4221447447, 1949654.6203577672]}, "properties": {"kind": "drone", "drone_id": 1, "frame": 70, "time_s": 70.0, "timestamp": "2025-01-01T00:01:10", "mode": "MIN_MAX", "is_static": false, "battery": 39.42953020134205}}, {"type": "Feature", "geometry": {"type": "Point", "coordinates": [966222.3789808131, 1949276.542233355]}, "properties": {"kind": "drone", "drone_id": 2, "frame": 70, "time_s": 70.0, "timestamp": "2025-01-01T00:01:10", "mode": "MIN_MAX", "is_static": false, "battery": 43.99999999999942}}, {"type": "Feature", "geometry": {"type": "Point", "coordinates": [963809.8796416994, 1950519.3993762122]}, "properties": {"kind": "drone", "drone_id": 3, "frame": 70, "time_s": 70.0, "timestamp": "2025-01-01T00:01:10", "mode": "MIN_MAX", "is_static": false, "battery": 45.49999999999981}}, {"type": "Feature", "geometry": {"type": "Point", "coordinates": [962121.1301043197, 1951494.3993762122]}, "properties": {"kind": "drone", "drone_id": 4, "frame": 70, "time_s": 70.0, "timestamp": "2025-01-01T00:01:10", "mode": "MIN_MAX", "is_static": false, "battery": 43.99999999999981}}, {"type": "Feature", "geometry": {"type": "Point", "coordinates": [966389.3981658287, 1949141.5881888918]}, "properties": {"kind": "drone", "drone_id": 5, "frame": 70, "time_s": 70.0, "timestamp": "2025-01-01T00:01:10", "mode": "MIN_MAX", "is_static": false, "battery": 39.42953020134205}}, {"type": "Feature", "geometry": {"type": "Point", "coordinates": [965739.8791129903, 1950005.365496868]}, "properties": {"kind": "drone", "drone_id": 6, "frame": 70, "time_s": 70.0, "timestamp": "2025-01-01T00:01:10", "mode": "MIN_MAX", "is_static": false, "battery": 39.42953020134205}}, {"type": "Feature", "geometry": {"type": "Point", "coordinates": [963118.1190179555, 1951041.4397653076]}, "properties": {"kind": "drone", "drone_id": 7, "frame": 70, "time_s": 70.0, "timestamp": "2025-01-01T00:01:10", "mode": "MIN_MAX", "is_static": false, "battery": 39.42953020134205}}, {"type": "Feature", "geometry": {"type": "Point", "coordinates": [965892.997225922, 1949793.5164456454]}, "properties": {"kind": "drone", "drone_id": 8, "frame": 70, "time_s": 70.0, "timestamp": "2025-01-01T00:01:10", "mode": "MIN_MAX", "is_static": false, "battery": 39.42953020134204}}, {"type": "Feature", "geometry": {"type": "Point", "coordinates": [962956.2260293976, 1951312.2565190694]}, "properties": {"kind": "drone", "drone_id": 9, "frame": 70, "time_s": 70.0, "timestamp": "2025-01-01T00:01:10", "mode": "MIN_MAX", "is_static": false, "battery": 47.00000000000062}}, {"type": "Feature", "geometry": {"type": "Point", "coordinates": [965944.0136724538, 1949437.2565190694]}, "properties": {"kind": "drone", "drone_id": 10, "frame": 70, "time_s": 70.0, "timestamp": "2025-01-01T00:01:10", "mode": "MIN_MAX", "is_static": false, "battery": 48.49999999999981}}, {"type": "Feature", "geometry": {"type": "Point", "coordinates": [964933.605455132, 1949839.6113485214]}, "properties": {"kind": "drone", "drone_id": 11, "frame": 70, "time_s": 70.0, "timestamp": "2025-01-01T00:01:10", "mode": "MIN_MAX", "is_static": false, "battery": 39.42953020134205}}, {"type": "Feature", "geometry": {"type": "Point", "coordinates": [963850.683804899, 1949514.3862422481]}, "properties": {"kind": "drone", "drone_id": 12, "frame": 70, "time_s": 70.0, "timestamp": "2025-01-01T00:01:10", "mode": "MIN_MAX", "is_static": false, "battery": 39.42953020134205}}, {"type": "Feature", "geometry": {"type": "Point", "coordinates": [963921.225765043, 1950262.2565190694]}, "properties": {"kind": "drone", "drone_id": 13, "frame": 70, "time_s": 70.0, "timestamp": "2025-01-01T00:01:10", "mode": "MIN_MAX", "is_static": false, "battery": 39.5}}, {"type": "Feature", "geometry": {"type": "Point", "coordinates": [963791.3219544754, 1950830.1136619265]}, "properties": {"kind": "drone", "drone_id": 14, "frame": 70, "time_s": 70.0, "timestamp": "2025-01-01T00:01:10", "mode": "MIN_MAX", "is_static": false, "battery": 44.00000000000082}}, {"type": "Feature", "geometry": {"type": "Point", "coordinates": [962399.4954126789, 1951526.542233355]}, "properties": {"kind": "drone", "drone_id": 15, "frame": 70, "time_s": 70.0, "timestamp": "2025-01-01T00:01:10", "mode": "MIN_MAX", "is_static": false, "battery": 39.500000000000625}}, {"type": "Feature", "geometry": {"type": "Point", "coordinates": [963531.5143333401, 1950980.1136619265]}, "properties": {"kind": "drone", "drone_id": 16, "frame": 70, "time_s": 70.0, "timestamp": "2025-01-01T00:01:10", "mode": "MIN_MAX", "is_static": false, "battery": 50.0}}, {"type": "Feature", "geometry": {"type": "Point", "coordinates": [965609.9753024228, 1949651.5612528594]}, "properties": {"kind": "drone", "drone_id": 17, "frame": 70, "time_s": 70.0, "timestamp": "2025-01-01T00:01:10", "mode": "MIN_MAX", "is_static": false, "battery": 39.42953020134205}}, {"type": "Feature", "geometry": {"type": "Point", "coordinates": [966259.4943552611, 1950490.8574414817]}, "properties": {"kind": "drone", "drone_id": 18, "frame": 70, "time_s": 70.0, "timestamp": "2025-01-01T00:01:10", "mode": "MIN_MAX", "is_static": false, "battery": 39.42953020134204}}, {"type": "Feature", "geometry": {"type": "Point", "coordinates": [962622.1876593664, 1951505.1136619265]}, "properties": {"kind": "drone", "drone_id": 19, "frame": 70, "time_s": 70.0, "timestamp": "2025-01-01T00:01:10", "mode": "MIN_MAX", "is_static": false, "battery": 50.0}}, {"type": "Feature", "geometry": {"type": "Point", "coordinates": [965363.3785955001, 1949622.4863370496]}, "properties": {"kind": "drone", "drone_id": 20, "frame": 70, "time_s": 70.0, "timestamp": "2025-01-01T00:01:10", "mode": "MIN_MAX", "is_static": false, "battery": 39.42953020134205}}, {"type": "Feature", "geometry": {"type": "Point", "coordinates": [961972.6686065281, 1951730.1136619265]}, "properties": {"kind": "base_A", "drone_id": 0, "frame": 70, "time_s": 70.0, "timestamp": "2025-01-01T00:01:10", "mode": "MIN_MAX", "is_static": true, "battery": 50.0}}, {"type": "Feature", "geometry": {"type": "Point", "coordinates": [966389.3981658287, 1948730.1136619265]}, "properties": {"kind": "base_B", "drone_id": 0, "frame": 70, "time_s": 70.0, "timestamp": "2025-01-01T00:01:10", "mode": "MIN_MAX", "is_static": true, "battery": 50.0}}, {"type": "Feature", "geometry": {"type": "Point", "coordinates": [965636.7197767512, 1949645.5545913794]}, "properties": {"kind": "drone", "drone_id": 1, "frame": 71, "time_s": 71.0, "timestamp": "2025-01-01T00:01:11", "mode": "MIN_MAX", "is_static": false, "battery": 39.278523489932645}}, {"type": "Feature", "geometry": {"type": "Point", "coordinates": [966222.3789808131, 1949276.542233355]}, "properties": {"kind": "drone", "drone_id": 2, "frame": 71, "time_s": 71.0, "timestamp": "2025-01-01T00:01:11", "mode": "MIN_MAX", "is_static": false, "battery": 43.99999999999942}}, {"type": "Feature", "geometry": {"type": "Point", "coordinates": [963809.8796416994, 1950519.3993762122]}, "properties": {"kind": "drone", "drone_id": 3, "frame": 71, "time_s": 71.0, "timestamp": "2025-01-01T00:01:11", "mode": "MIN_MAX", "is_static": false, "battery": 45.49999999999981}}, {"type": "Feature", "geometry": {"type": "Point", "coordinates": [962121.1301043197, 1951494.3993762122]}, "properties": {"kind": "drone", "drone_id": 4, "frame": 71, "time_s": 71.0, "timestamp": "2025-01-01T00:01:11", "mode": "MIN_MAX", "is_static": false, "battery": 43.99999999999981}}, {"type": "Feature", "geometry": {"type": "Point", "coordinates": [966389.3981658287, 1949136.2553851341]}, "properties": {"kind": "drone", "drone_id": 5, "frame": 71, "time_s": 71.0, "timestamp": "2025-01-01T00:01:11", "mode": "MIN_MAX", "is_static": false, "battery": 39.278523489932645}}, {"type": "Feature", "geometry": {"type": "Point", "coordinates": [965739.8791129903, 1949982.9503424221]}, "properties": {"kind": "drone", "drone_id": 6, "frame": 71, "time_s": 71.0, "timestamp": "2025-01-01T00:01:11", "mode": "MIN_MAX", "is_static": false, "battery": 39.278523489932645}}, {"type": "Feature", "geometry": {"type": "Point", "coordinates": [963131.042833799, 1951048.9013338636]}, "properties": {"kind": "drone", "drone_id": 7, "frame": 71, "time_s": 71.0, "timestamp": "2025-01-01T00:01:11", "mode": "MIN_MAX", "is_static": false, "battery": 39.278523489932645}}, {"type": "Feature", "geometry": {"type": "Point", "coordinates": [965873.4377222995, 1949782.2237609637]}, "properties": {"kind": "drone", "drone_id": 8, "frame": 71, "time_s": 71.0, "timestamp": "2025-01-01T00:01:11", "mode": "MIN_MAX", "is_static": false, "battery": 39.27852348993264}}, {"type": "Feature", "geometry": {"type": "Point", "coordinates": [962956.2260293976, 1951312.2565190694]}, "properties": {"kind": "drone", "drone_id": 9, "frame": 71, "time_s": 71.0, "timestamp": "2025-01-01T00:01:11", "mode": "MIN_MAX", "is_static": false, "battery": 47.00000000000062}}, {"type": "Feature", "geometry": {"type": "Point", "coordinates": [965944.0136724538, 1949437.2565190694]}, "properties": {"kind": "drone", "drone_id": 10, "frame": 71, "time_s": 71.0, "timestamp": "2025-01-01T00:01:11", "mode": "MIN_MAX", "is_static": false, "battery": 48.49999999999981}}, {"type": "Feature", "geometry": {"type": "Point", "coordinates": [964913.6153629917, 1949828.0700634432]}, "properties": {"kind": "drone", "drone_id": 11, "frame": 71, "time_s": 71.0, "timestamp": "2025-01-01T00:01:11", "mode": "MIN_MAX", "is_static": false, "battery": 39.278523489932645}}, {"type": "Feature", "geometry": {"type": "Point", "coordinates": [963867.945286594, 1949524.3521633514]}, "properties": {"kind": "drone", "drone_id": 12, "frame": 71, "time_s": 71.0, "timestamp": "2025-01-01T00:01:11", "mode": "MIN_MAX", "is_static": false, "battery": 39.278523489932645}}, {"type": "Feature", "geometry": {"type": "Point", "coordinates": [963921.225765043, 1950262.2565190694]}, "properties": {"kind": "drone", "drone_id": 13, "frame": 71, "time_s": 71.0, "timestamp": "2025-01-01T00:01:11", "mode": "MIN_MAX", "is_static": false, "battery": 39.5}}, {"type": "Feature", "geometry": {"type": "Point", "coordinates": [963791.3219544754, 1950830.1136619265]}, "properties": {"kind": "drone", "drone_id": 14, "frame": 71, "time_s": 71.0, "timestamp": "2025-01-01T00:01:11", "mode": "MIN_MAX", "is_static": false, "battery": 44.00000000000082}}, {"type": "Feature", "geometry": {"type": "Point", "coordinates": [962399.4954126789, 1951526.542233355]}, "properties": {"kind": "drone", "drone_id": 15, "frame": 71, "time_s": 71.0, "timestamp": "2025-01-01T00:01:11", "mode": "MIN_MAX", "is_static": false, "battery": 39.500000000000625}}, {"type": "Feature", "geometry": {"type": "Point", "coordinates": [963531.5143333401, 1950980.1136619265]}, "properties": {"kind": "drone", "drone_id": 16, "frame": 71, "time_s": 71.0, "timestamp": "2025-01-01T00:01:11", "mode": "MIN_MAX", "is_static": false, "battery": 50.0}}, {"type": "Feature", "geometry": {"type": "Point", "coordinates": [965608.887533697, 1949629.4856383598]}, "properties": {"kind": "drone", "drone_id": 17, "frame": 71, "time_s": 71.0, "timestamp": "2025-01-01T00:01:11", "mode": "MIN_MAX", "is_static": false, "battery": 39.278523489932645}}, {"type": "Feature", "geometry": {"type": "Point", "coordinates": [966259.4943552611, 1950468.469368757]}, "properties": {"kind": "drone", "drone_id": 18, "frame": 71, "time_s": 71.0, "timestamp": "2025-01-01T00:01:11", "mode": "MIN_MAX", "is_static": false, "battery": 39.27852348993264}}, {"type": "Feature", "geometry": {"type": "Point", "coordinates": [962622.1876593664, 1951505.1136619265]}, "properties": {"kind": "drone", "drone_id": 19, "frame": 71, "time_s": 71.0, "timestamp": "2025-01-01T00:01:11", "mode": "MIN_MAX", "is_static": false, "battery": 50.0}}, {"type": "Feature", "geometry": {"type": "Point", "coordinates": [965343.5982831934, 1949633.9065056844]}, "properties": {"kind": "drone", "drone_id": 20, "frame": 71, "time_s": 71.0, "timestamp": "2025-01-01T00:01:11", "mode": "MIN_MAX", "is_static": false, "battery": 39.278523489932645}}, {"type": "Feature", "geometry": {"type": "Point", "coordinates": [961972.6686065281, 1951730.1136619265]}, "properties": {"kind": "base_A", "drone_id": 0, "frame": 71, "time_s": 71.0, "timestamp": "2025-01-01T00:01:11", "mode": "MIN_MAX", "is_static": true, "battery": 50.0}}, {"type": "Feature", "geometry": {"type": "Point", "coordinates": [966389.3981658287, 1948730.1136619265]}, "properties": {"kind": "base_B", "drone_id": 0, "frame": 71, "time_s": 71.0, "timestamp": "2025-01-01T00:01:11", "mode": "MIN_MAX", "is_static": true, "battery": 50.0}}, {"type": "Feature", "geometry": {"type": "Point", "coordinates": [965621.3470091355, 1949636.6791198582]}, "properties": {"kind": "drone", "drone_id": 1, "frame": 72, "time_s": 72.0, "timestamp": "2025-01-01T00:01:12", "mode": "MIN_MAX", "is_static": false, "battery": 39.127516778523244}}, {"type": "Feature", "geometry": {"type": "Point", "coordinates": [966222.3789808131, 1949276.542233355]}, "properties": {"kind": "drone", "drone_id": 2, "frame": 72, "time_s": 72.0, "timestamp": "2025-01-01T00:01:12", "mode": "MIN_MAX", "is_static": false, "battery": 43.99999999999942}}, {"type": "Feature", "geometry": {"type": "Point", "coordinates": [963809.8796416994, 1950519.3993762122]}, "properties": {"kind": "drone", "drone_id": 3, "frame": 72, "time_s": 72.0, "timestamp": "2025-01-01T00:01:12", "mode": "MIN_MAX", "is_static": false, "battery": 45.49999999999981}}, {"type": "Feature", "geometry": {"type": "Point", "coordinates": [962121.1301043197, 1951494.3993762122]}, "properties": {"kind": "drone", "drone_id": 4, "frame": 72, "time_s": 72.0, "timestamp": "2025-01-01T00:01:12", "mode": "MIN_MAX", "is_static": false, "battery": 43.99999999999981}}, {"type": "Feature", "geometry": {"type": "Point", "coordinates": [966389.3981658287, 1949131.0345195334]}, "properties": {"kind": "drone", "drone_id": 5, "frame": 72, "time_s": 72.0, "timestamp": "2025-01-01T00:01:12", "mode": "MIN_MAX", "is_static": false, "battery": 39.127516778523244}}, {"type": "Feature", "geometry": {"type": "Point", "coordinates": [965739.8791129903, 1949960.548790155]}, "properties": {"kind": "drone", "drone_id": 6, "frame": 72, "time_s": 72.0, "timestamp": "2025-01-01T00:01:12", "mode": "MIN_MAX", "is_static": false, "battery": 39.127516778523244}}, {"type": "Feature", "geometry": {"type": "Point", "coordinates": [963143.1267880221, 1951056.4894850159]}, "properties": {"kind": "drone", "drone_id": 7, "frame": 72, "time_s": 72.0, "timestamp": "2025-01-01T00:01:12", "mode": "MIN_MAX", "is_static": false, "battery": 39.127516778523244}}, {"type": "Feature", "geometry": {"type": "Point", "coordinates": [965853.8534784525, 1949770.9167925068]}, "properties": {"kind": "drone", "drone_id": 8, "frame": 72, "time_s": 72.0, "timestamp": "2025-01-01T00:01:12", "mode": "MIN_MAX", "is_static": false, "battery": 39.127516778523244}}, {"type": "Feature", "geometry": {"type": "Point", "coordinates": [962956.2260293976, 1951312.2565190694]}, "properties": {"kind": "drone", "drone_id": 9, "frame": 72, "time_s": 72.0, "timestamp": "2025-01-01T00:01:12", "mode": "MIN_MAX", "is_static": false, "battery": 47.00000000000062}}, {"type": "Feature", "geometry": {"type": "Point", "coordinates": [965944.0136724538, 1949437.2565190694]}, "properties": {"kind": "drone", "drone_id": 10, "frame": 72, "time_s": 72.0, "timestamp": "2025-01-01T00:01:12", "mode": "MIN_MAX", "is_static": false, "battery": 48.49999999999981}}, {"type": "Feature", "geometry": {"type": "Point", "coordinates": [964893.6374014309, 1949816.5357819581]}, "properties": {"kind": "drone", "drone_id": 11, "frame": 72, "time_s": 72.0, "timestamp": "2025-01-01T00:01:12", "mode": "MIN_MAX", "is_static": false, "battery": 39.127516778523244}}, {"type": "Feature", "geometry": {"type": "Point", "coordinates": [963885.0000237864, 1949534.1987204603]}, "properties": {"kind": "drone", "drone_id": 12, "frame": 72, "time_s": 72.0, "timestamp": "2025-01-01T00:01:12", "mode": "MIN_MAX", "is_static": false, "battery": 39.127516778523244}}, {"type": "Feature", "geometry": {"type": "Point", "coordinates": [963921.225765043, 1950262.2565190694]}, "properties": {"kind": "drone", "drone_id": 13, "frame": 72, "time_s": 72.0, "timestamp": "2025-01-01T00:01:12", "mode": "MIN_MAX", "is_static": false, "battery": 39.5}}, {"type": "Feature", "geometry": {"type": "Point", "coordinates": [963791.3219544754, 1950830.1136619265]}, "properties": {"kind": "drone", "drone_id": 14, "frame": 72, "time_s": 72.0, "timestamp": "2025-01-01T00:01:12", "mode": "MIN_MAX", "is_static": false, "battery": 44.00000000000082}}, {"type": "Feature", "geometry": {"type": "Point", "coordinates": [962399.4954126789, 1951526.542233355]}, "properties": {"kind": "drone", "drone_id": 15, "frame": 72, "time_s": 72.0, "timestamp": "2025-01-01T00:01:12", "mode": "MIN_MAX", "is_static": false, "battery": 39.500000000000625}}, {"type": "Feature", "geometry": {"type": "Point", "coordinates": [963531.5143333401, 1950980.1136619265]}, "properties": {"kind": "drone", "drone_id": 16, "frame": 72, "time_s": 72.0, "timestamp": "2025-01-01T00:01:12", "mode": "MIN_MAX", "is_static": false, "battery": 50.0}}, {"type": "Feature", "geometry": {"type": "Point", "coordinates": [965589.2007365961, 1949618.119460754]}, "properties": {"kind": "drone", "drone_id": 17, "frame": 72, "time_s": 72.0, "timestamp": "2025-01-01T00:01:12", "mode": "MIN_MAX", "is_static": false, "battery": 39.127516778523244}}, {"type": "Feature", "geometry": {"type": "Point", "coordinates": [966259.4943552611, 1950446.0529780362]}, "properties": {"kind": "drone", "drone_id": 18, "frame": 72, "time_s": 72.0, "timestamp": "2025-01-01T00:01:12", "mode": "MIN_MAX", "is_static": false, "battery": 39.127516778523244}}, {"type": "Feature", "geometry": {"type": "Point", "coordinates": [962622.1876593664, 1951505.1136619265]}, "properties": {"kind": "drone", "drone_id": 19, "frame": 72, "time_s": 72.0, "timestamp": "2025-01-01T00:01:12", "mode": "MIN_MAX", "is_static": false, "battery": 50.0}}, {"type": "Feature", "geometry": {"type": "Point", "coordinates": [965323.7929513681, 1949645.341119345]}, "properties": {"kind": "drone", "drone_id": 20, "frame": 72, "time_s": 72.0, "timestamp": "2025-01-01T00:01:12", "mode": "MIN_MAX", "is_static": false, "battery": 39.127516778523244}}, {"type": "Feature", "geometry": {"type": "Point", "coordinates": [961972.6686065281, 1951730.1136619265]}, "properties": {"kind": "base_A", "drone_id": 0, "frame": 72, "time_s": 72.0, "timestamp": "2025-01-01T00:01:12", "mode": "MIN_MAX", "is_static": true, "battery": 50.0}}, {"type": "Feature", "geometry": {"type": "Point", "coordinates": [966389.3981658287, 1948730.1136619265]}, "properties": {"kind": "base_B", "drone_id": 0, "frame": 72, "time_s": 72.0, "timestamp": "2025-01-01T00:01:12", "mode": "MIN_MAX", "is_static": true, "battery": 50.0}}, {"type": "Feature", "geometry": {"type": "Point", "coordinates": [965606.3192919153, 1949628.0028632758]}, "properties": {"kind": "drone", "drone_id": 1, "frame": 73, "time_s": 73.0, "timestamp": "2025-01-01T00:01:13", "mode": "MIN_MAX", "is_static": false, "battery": 38.97651006711384}}, {"type": "Feature", "geometry": {"type": "Point", "coordinates": [966222.3789808131, 1949276.542233355]}, "properties": {"kind": "drone", "drone_id": 2, "frame": 73, "time_s": 73.0, "timestamp": "2025-01-01T00:01:13", "mode": "MIN_MAX", "is_static": false, "battery": 43.99999999999942}}, {"type": "Feature", "geometry": {"type": "Point", "coordinates": [963809.8796416994, 1950519.3993762122]}, "properties": {"kind": "drone", "drone_id": 3, "frame": 73, "time_s": 73.0, "timestamp": "2025-01-01T00:01:13", "mode": "MIN_MAX", "is_static": false, "battery": 45.49999999999981}}, {"type": "Feature", "geometry": {"type": "Point", "coordinates": [962121.1301043197, 1951494.3993762122]}, "properties": {"kind": "drone", "drone_id": 4, "frame": 73, "time_s": 73.0, "timestamp": "2025-01-01T00:01:13", "mode": "MIN_MAX", "is_static": false, "battery": 43.99999999999981}}, {"type": "Feature", "geometry": {"type": "Point", "coordinates": [966389.3981658287, 1949125.9308391907]}, "properties": {"kind": "drone", "drone_id": 5, "frame": 73, "time_s": 73.0, "timestamp": "2025-01-01T00:01:13", "mode": "MIN_MAX", "is_static": false, "battery": 38.97651006711384}}, {"type": "Feature", "geometry": {"type": "Point", "coordinates": [965739.8791129903, 1949938.1701142802]}, "properties": {"kind": "drone", "drone_id": 6, "frame": 73, "time_s": 73.0, "timestamp": "2025-01-01T00:01:13", "mode": "MIN_MAX", "is_static": false, "battery": 38.97651006711385}}, {"type": "Feature", "geometry": {"type": "Point", "coordinates": [963152.6415926522, 1951066.3775600418]}, "properties": {"kind": "drone", "drone_id": 7, "frame": 73, "time_s": 73.0, "timestamp": "2025-01-01T00:01:13", "mode": "MIN_MAX", "is_static": false, "battery": 38.97651006711384}}, {"type": "Feature", "geometry": {"type": "Point", "coordinates": [965834.2515630168, 1949759.5996213532]}, "properties": {"kind": "drone", "drone_id": 8, "frame": 73, "time_s": 73.0, "timestamp": "2025-01-01T00:01:13", "mode": "MIN_MAX", "is_static": false, "battery": 38.97651006711384}}, {"type": "Feature", "geometry": {"type": "Point", "coordinates": [962956.2260293976, 1951312.2565190694]}, "properties": {"kind": "drone", "drone_id": 9, "frame": 73, "time_s": 73.0, "timestamp": "2025-01-01T00:01:13", "mode": "MIN_MAX", "is_static": false, "battery": 47.00000000000062}}, {"type": "Feature", "geometry": {"type": "Point", "coordinates": [965944.0136724538, 1949437.2565190694]}, "properties": {"kind": "drone", "drone_id": 10, "frame": 73, "time_s": 73.0, "timestamp": "2025-01-01T00:01:13", "mode": "MIN_MAX", "is_static": false, "battery": 48.49999999999981}}, {"type": "Feature", "geometry": {"type": "Point", "coordinates": [964873.6798412991, 1949805.0132792436]}, "properties": {"kind": "drone", "drone_id": 11, "frame": 73, "time_s": 73.0, "timestamp": "2025-01-01T00:01:13", "mode": "MIN_MAX", "is_static": false, "battery": 38.97651006711385}}, {"type": "Feature", "geometry": {"type": "Point", "coordinates": [963901.8353844292, 1949543.9186204593]}, "properties": {"kind": "drone", "drone_id": 12, "frame": 73, "time_s": 73.0, "timestamp": "2025-01-01T00:01:13", "mode": "MIN_MAX", "is_static": false, "battery": 38.97651006711385}}, {"type": "Feature", "geometry": {"type": "Point", "coordinates": [963921.225765043, 1950262.2565190694]}, "properties": {"kind": "drone", "drone_id": 13, "frame": 73, "time_s": 73.0, "timestamp": "2025-01-01T00:01:13", "mode": "MIN_MAX", "is_static": false, "battery": 39.5}}, {"type": "Feature", "geometry": {"type": "Point", "coordinates": [963791.3219544754, 1950830.1136619265]}, "properties": {"kind": "drone", "drone_id": 14, "frame": 73, "time_s": 73.0, "timestamp": "2025-01-01T00:01:13", "mode": "MIN_MAX", "is_static": false, "battery": 44.00000000000082}}, {"type": "Feature", "geometry": {"type": "Point", "coordinates": [962399.4954126789, 1951526.542233355]}, "properties": {"kind": "drone", "drone_id": 15, "frame": 73, "time_s": 73.0, "timestamp": "2025-01-01T00:01:13", "mode": "MIN_MAX", "is_static": false, "battery": 39.500000000000625}}, {"type": "Feature", "geometry": {"type": "Point", "coordinates": [963531.5143333401, 1950980.1136619265]}, "properties": {"kind": "drone", "drone_id": 16, "frame": 73, "time_s": 73.0, "timestamp": "2025-01-01T00:01:13", "mode": "MIN_MAX", "is_static": false, "battery": 50.0}}, {"type": "Feature", "geometry": {"type": "Point", "coordinates": [965569.4961753689, 1949606.7430270254]}, "properties": {"kind": "drone", "drone_id": 17, "frame": 73, "time_s": 73.0, "timestamp": "2025-01-01T00:01:13", "mode": "MIN_MAX", "is_static": false, "battery": 38.97651006711384}}, {"type": "Feature", "geometry": {"type": "Point", "coordinates": [966259.4943552611, 1950423.6163601757]}, "properties": {"kind": "drone", "drone_id": 18, "frame": 73, "time_s": 73.0, "timestamp": "2025-01-01T00:01:13", "mode": "MIN_MAX", "is_static": false, "battery": 38.97651006711384}}, {"type": "Feature", "geometry": {"type": "Point", "coordinates": [962622.1876593664, 1951505.1136619265]}, "properties": {"kind": "drone", "drone_id": 19, "frame": 73, "time_s": 73.0, "timestamp": "2025-01-01T00:01:13", "mode": "MIN_MAX", "is_static": false, "battery": 50.0}}, {"type": "Feature", "geometry": {"type": "Point", "coordinates": [965303.9697484581, 1949656.7860508815]}, "properties": {"kind": "drone", "drone_id": 20, "frame": 73, "time_s": 73.0, "timestamp": "2025-01-01T00:01:13", "mode": "MIN_MAX", "is_static": false, "battery": 38.97651006711385}}, {"type": "Feature", "geometry": {"type": "Point", "coordinates": [961972.6686065281, 1951730.1136619265]}, "properties": {"kind": "base_A", "drone_id": 0, "frame": 73, "time_s": 73.0, "timestamp": "2025-01-01T00:01:13", "mode": "MIN_MAX", "is_static": true, "battery": 50.0}}, {"type": "Feature", "geometry": {"type": "Point", "coordinates": [966389.3981658287, 1948730.1136619265]}, "properties": {"kind": "base_B", "drone_id": 0, "frame": 73, "time_s": 73.0, "timestamp": "2025-01-01T00:01:13", "mode": "MIN_MAX", "is_static": true, "battery": 50.0}}, {"type": "Feature", "geometry": {"type": "Point", "coordinates": [965591.652075108, 1949619.534741704]}, "properties": {"kind": "drone", "drone_id": 1, "frame": 74, "time_s": 74.0, "timestamp": "2025-01-01T00:01:14", "mode": "MIN_MAX", "is_static": false, "battery": 38.82550335570444}}, {"type": "Feature", "geometry": {"type": "Point", "coordinates": [966222.3789808131, 1949276.542233355]}, "properties": {"kind": "drone", "drone_id": 2, "frame": 74, "time_s": 74.0, "timestamp": "2025-01-01T00:01:14", "mode": "MIN_MAX", "is_static": false, "battery": 43.99999999999942}}, {"type": "Feature", "geometry": {"type": "Point", "coordinates": [963809.8796416994, 1950519.3993762122]}, "properties": {"kind": "drone", "drone_id": 3, "frame": 74, "time_s": 74.0, "timestamp": "2025-01-01T00:01:14", "mode": "MIN_MAX", "is_static": false, "battery": 45.49999999999981}}, {"type": "Feature", "geometry": {"type": "Point", "coordinates": [962121.1301043197, 1951494.3993762122]}, "properties": {"kind": "drone", "drone_id": 4, "frame": 74, "time_s": 74.0, "timestamp": "2025-01-01T00:01:14", "mode": "MIN_MAX", "is_static": false, "battery": 43.99999999999981}}, {"type": "Feature", "geometry": {"type": "Point", "coordinates": [966389.3981658287, 1949120.9495912073]}, "properties": {"kind": "drone", "drone_id": 5, "frame": 74, "time_s": 74.0, "timestamp": "2025-01-01T00:01:14", "mode": "MIN_MAX", "is_static": false, "battery": 38.82550335570445}}, {"type": "Feature", "geometry": {"type": "Point", "coordinates": [965739.8791129903, 1949915.8235890102]}, "properties": {"kind": "drone", "drone_id": 6, "frame": 74, "time_s": 74.0, "timestamp": "2025-01-01T00:01:14", "mode": "MIN_MAX", "is_static": false, "battery": 38.82550335570445}}, {"type": "Feature", "geometry": {"type": "Point", "coordinates": [963161.7168342768, 1951075.8088277928]}, "properties": {"kind": "drone", "drone_id": 7, "frame": 74, "time_s": 74.0, "timestamp": "2025-01-01T00:01:14", "mode": "MIN_MAX", "is_static": false, "battery": 38.82550335570444}}, {"type": "Feature", "geometry": {"type": "Point", "coordinates": [965814.6390446277, 1949748.2763285819]}, "properties": {"kind": "drone", "drone_id": 8, "frame": 74, "time_s": 74.0, "timestamp": "2025-01-01T00:01:14", "mode": "MIN_MAX", "is_static": false, "battery": 38.82550335570444}}, {"type": "Feature", "geometry": {"type": "Point", "coordinates": [962956.2260293976, 1951312.2565190694]}, "properties": {"kind": "drone", "drone_id": 9, "frame": 74, "time_s": 74.0, "timestamp": "2025-01-01T00:01:14", "mode": "MIN_MAX", "is_static": false, "battery": 47.00000000000062}}, {"type": "Feature", "geometry": {"type": "Point", "coordinates": [965944.0136724538, 1949437.2565190694]}, "properties": {"kind": "drone", "drone_id": 10, "frame": 74, "time_s": 74.0, "timestamp": "2025-01-01T00:01:14", "mode": "MIN_MAX", "is_static": false, "battery": 48.49999999999981}}, {"type": "Feature", "geometry": {"type": "Point", "coordinates": [964853.750953446, 1949793.507330477]}, "properties": {"kind": "drone", "drone_id": 11, "frame": 74, "time_s": 74.0, "timestamp": "2025-01-01T00:01:14", "mode": "MIN_MAX", "is_static": false, "battery": 38.82550335570445}}, {"type": "Feature", "geometry": {"type": "Point", "coordinates": [963918.4387364753, 1949553.5045702327]}, "properties": {"kind": "drone", "drone_id": 12, "frame": 74, "time_s": 74.0, "timestamp": "2025-01-01T00:01:14", "mode": "MIN_MAX", "is_static": false, "battery": 38.82550335570445}}, {"type": "Feature", "geometry": {"type": "Point", "coordinates": [963921.225765043, 1950262.2565190694]}, "properties": {"kind": "drone", "drone_id": 13, "frame": 74, "time_s": 74.0, "timestamp": "2025-01-01T00:01:14", "mode": "MIN_MAX", "is_static": false, "battery": 39.5}}, {"type": "Feature", "geometry": {"type": "Point", "coordinates": [963791.3219544754, 1950830.1136619265]}, "properties": {"kind": "drone", "drone_id": 14, "frame": 74, "time_s": 74.0, "timestamp": "2025-01-01T00:01:14", "mode": "MIN_MAX", "is_static": false, "battery": 44.00000000000082}}, {"type": "Feature", "geometry": {"type": "Point", "coordinates": [962399.4954126789, 1951526.542233355]}, "properties": {"kind": "drone", "drone_id": 15, "frame": 74, "time_s": 74.0, "timestamp": "2025-01-01T00:01:14", "mode": "MIN_MAX", "is_static": false, "battery": 39.500000000000625}}, {"type": "Feature", "geometry": {"type": "Point", "coordinates": [963531.5143333401, 1950980.1136619265]}, "properties": {"kind": "drone", "drone_id": 16, "frame": 74, "time_s": 74.0, "timestamp": "2025-01-01T00:01:14", "mode": "MIN_MAX", "is_static": false, "battery": 50.0}}, {"type": "Feature", "geometry": {"type": "Point", "coordinates": [965549.7809556657, 1949595.3604396225]}, "properties": {"kind": "drone", "drone_id": 17, "frame": 74, "time_s": 74.0, "timestamp": "2025-01-01T00:01:14", "mode": "MIN_MAX", "is_static": false, "battery": 38.82550335570444}}, {"type": "Feature", "geometry": {"type": "Point", "coordinates": [966259.4943552611, 1950401.167606031]}, "properties": {"kind": "drone", "drone_id": 18, "frame": 74, "time_s": 74.0, "timestamp": "2025-01-01T00:01:14", "mode": "MIN_MAX", "is_static": false, "battery": 38.82550335570444}}, {"type": "Feature", "geometry": {"type": "Point", "coordinates": [962622.1876593664, 1951505.1136619265]}, "properties": {"kind": "drone", "drone_id": 19, "frame": 74, "time_s": 74.0, "timestamp": "2025-01-01T00:01:14", "mode": "MIN_MAX", "is_static": false, "battery": 50.0}}, {"type": "Feature", "geometry": {"type": "Point", "coordinates": [965284.1358228973, 1949668.237173143]}, "properties": {"kind": "drone", "drone_id": 20, "frame": 74, "time_s": 74.0, "timestamp": "2025-01-01T00:01:14", "mode": "MIN_MAX", "is_static": false, "battery": 38.82550335570445}}, {"type": "Feature", "geometry": {"type": "Point", "coordinates": [961972.6686065281, 1951730.1136619265]}, "properties": {"kind": "base_A", "drone_id": 0, "frame": 74, "time_s": 74.0, "timestamp": "2025-01-01T00:01:14", "mode": "MIN_MAX", "is_static": true, "battery": 50.0}}, {"type": "Feature", "geometry": {"type": "Point", "coordinates": [966389.3981658287, 1948730.1136619265]}, "properties": {"kind": "base_B", "drone_id": 0, "frame": 74, "time_s": 74.0, "timestamp": "2025-01-01T00:01:14", "mode": "MIN_MAX", "is_static": true, "battery": 50.0}}, {"type": "Feature", "geometry": {"type": "Point", "coordinates": [965577.3608087315, 1949611.2836752143]}, "properties": {"kind": "drone", "drone_id": 1, "frame": 75, "time_s": 75.0, "timestamp": "2025-01-01T00:01:15", "mode": "MIN_MAX", "is_static": false, "battery": 38.67449664429505}}, {"type": "Feature", "geometry": {"type": "Point", "coordinates": [966222.3789808131, 1949276.542233355]}, "properties": {"kind": "drone", "drone_id": 2, "frame": 75, "time_s": 75.0, "timestamp": "2025-01-01T00:01:15", "mode": "MIN_MAX", "is_static": false, "battery": 43.99999999999942}}, {"type": "Feature", "geometry": {"type": "Point", "coordinates": [963809.8796416994, 1950519.3993762122]}, "properties": {"kind": "drone", "drone_id": 3, "frame": 75, "time_s": 75.0, "timestamp": "2025-01-01T00:01:15", "mode": "MIN_MAX", "is_static": false, "battery": 45.49999999999981}}, {"type": "Feature", "geometry": {"type": "Point", "coordinates": [962121.1301043197, 1951494.3993762122]}, "properties": {"kind": "drone", "drone_id": 4, "frame": 75, "time_s": 75.0, "timestamp": "2025-01-01T00:01:15", "mode": "MIN_MAX", "is_static": false, "battery": 43.99999999999981}}, {"type": "Feature", "geometry": {"type": "Point", "coordinates": [966389.3981658287, 1949116.0960226841]}, "properties": {"kind": "drone", "drone_id": 5, "frame": 75, "time_s": 75.0, "timestamp": "2025-01-01T00:01:15", "mode": "MIN_MAX", "is_static": false, "battery": 38.67449664429505}}, {"type": "Feature", "geometry": {"type": "Point", "coordinates": [965739.8791129903, 1949893.518488558]}, "properties": {"kind": "drone", "drone_id": 6, "frame": 75, "time_s": 75.0, "timestamp": "2025-01-01T00:01:15", "mode": "MIN_MAX", "is_static": false, "battery": 38.67449664429505}}, {"type": "Feature", "geometry": {"type": "Point", "coordinates": [963170.3369806345, 1951084.7671466689]}, "properties": {"kind": "drone", "drone_id": 7, "frame": 75, "time_s": 75.0, "timestamp": "2025-01-01T00:01:15", "mode": "MIN_MAX", "is_static": false, "battery": 38.67449664429505}}, {"type": "Feature", "geometry": {"type": "Point", "coordinates": [965795.0229919208, 1949736.950995271]}, "properties": {"kind": "drone", "drone_id": 8, "frame": 75, "time_s": 75.0, "timestamp": "2025-01-01T00:01:15", "mode": "MIN_MAX", "is_static": false, "battery": 38.67449664429505}}, {"type": "Feature", "geometry": {"type": "Point", "coordinates": [962956.2260293976, 1951312.2565190694]}, "properties": {"kind": "drone", "drone_id": 9, "frame": 75, "time_s": 75.0, "timestamp": "2025-01-01T00:01:15", "mode": "MIN_MAX", "is_static": false, "battery": 47.00000000000062}}, {"type": "Feature", "geometry": {"type": "Point", "coordinates": [965944.0136724538, 1949437.2565190694]}, "properties": {"kind": "drone", "drone_id": 10, "frame": 75, "time_s": 75.0, "timestamp": "2025-01-01T00:01:15", "mode": "MIN_MAX", "is_static": false, "battery": 48.49999999999981}}, {"type": "Feature", "geometry": {"type": "Point", "coordinates": [964833.8590087213, 1949782.0227108356]}, "properties": {"kind": "drone", "drone_id": 11, "frame": 75, "time_s": 75.0, "timestamp": "2025-01-01T00:01:15", "mode": "MIN_MAX", "is_static": false, "battery": 38.67449664429505}}, {"type": "Feature", "geometry": {"type": "Point", "coordinates": [963921.225765043, 1949570.7848914026]}, "properties": {"kind": "drone", "drone_id": 12, "frame": 75, "time_s": 75.0, "timestamp": "2025-01-01T00:01:15", "mode": "MIN_MAX", "is_static": false, "battery": 38.67449664429505}}, {"type": "Feature", "geometry": {"type": "Point", "coordinates": [963921.225765043, 1950262.2565190694]}, "properties": {"kind": "drone", "drone_id": 13, "frame": 75, "time_s": 75.0, "timestamp": "2025-01-01T00:01:15", "mode": "MIN_MAX", "is_static": false, "battery": 39.5}}, {"type": "Feature", "geometry": {"type": "Point", "coordinates": [963791.3219544754, 1950830.1136619265]}, "properties": {"kind": "drone", "drone_id": 14, "frame": 75, "time_s": 75.0, "timestamp": "2025-01-01T00:01:15", "mode": "MIN_MAX", "is_static": false, "battery": 44.00000000000082}}, {"type": "Feature", "geometry": {"type": "Point", "coordinates": [962399.4954126789, 1951526.542233355]}, "properties": {"kind": "drone", "drone_id": 15, "frame": 75, "time_s": 75.0, "timestamp": "2025-01-01T00:01:15", "mode": "MIN_MAX", "is_static": false, "battery": 39.500000000000625}}, {"type": "Feature", "geometry": {"type": "Point", "coordinates": [963531.5143333401, 1950980.1136619265]}, "properties": {"kind": "drone", "drone_id": 16, "frame": 75, "time_s": 75.0, "timestamp": "2025-01-01T00:01:15", "mode": "MIN_MAX", "is_static": false, "battery": 50.0}}, {"type": "Feature", "geometry": {"type": "Point", "coordinates": [965530.0621831373, 1949583.9758009952]}, "properties": {"kind": "drone", "drone_id": 17, "frame": 75, "time_s": 75.0, "timestamp": "2025-01-01T00:01:15", "mode": "MIN_MAX", "is_static": false, "battery": 38.67449664429505}}, {"type": "Feature", "geometry": {"type": "Point", "coordinates": [966259.4943552611, 1950378.7148064584]}, "properties": {"kind": "drone", "drone_id": 18, "frame": 75, "time_s": 75.0, "timestamp": "2025-01-01T00:01:15", "mode": "MIN_MAX", "is_static": false, "battery": 38.67449664429505}}, {"type": "Feature", "geometry": {"type": "Point", "coordinates": [962622.1876593664, 1951505.1136619265]}, "properties": {"kind": "drone", "drone_id": 19, "frame": 75, "time_s": 75.0, "timestamp": "2025-01-01T00:01:15", "mode": "MIN_MAX", "is_static": false, "battery": 50.0}}, {"type": "Feature", "geometry": {"type": "Point", "coordinates": [965264.2983231194, 1949679.6903589799]}, "properties": {"kind": "drone", "drone_id": 20, "frame": 75, "time_s": 75.0, "timestamp": "2025-01-01T00:01:15", "mode": "MIN_MAX", "is_static": false, "battery": 38.67449664429505}}, {"type": "Feature", "geometry": {"type": "Point", "coordinates": [961972.6686065281, 1951730.1136619265]}, "properties": {"kind": "base_A", "drone_id": 0, "frame": 75, "time_s": 75.0, "timestamp": "2025-01-01T00:01:15", "mode": "MIN_MAX", "is_static": true, "battery": 50.0}}, {"type": "Feature", "geometry": {"type": "Point", "coordinates": [966389.3981658287, 1948730.1136619265]}, "properties": {"kind": "base_B", "drone_id": 0, "frame": 75, "time_s": 75.0, "timestamp": "2025-01-01T00:01:15", "mode": "MIN_MAX", "is_static": true, "battery": 50.0}}, {"type": "Feature", "geometry": {"type": "Point", "coordinates": [965563.4609428036, 1949603.258583879]}, "properties": {"kind": "drone", "drone_id": 1, "frame": 76, "time_s": 76.0, "timestamp": "2025-01-01T00:01:16", "mode": "MIN_MAX", "is_static": false, "battery": 38.523489932885646}}, {"type": "Feature", "geometry": {"type": "Point", "coordinates": [966222.3789808131, 1949276.542233355]}, "properties": {"kind": "drone", "drone_id": 2, "frame": 76, "time_s": 76.0, "timestamp": "2025-01-01T00:01:16", "mode": "MIN_MAX", "is_static": false, "battery": 43.99999999999942}}, {"type": "Feature", "geometry": {"type": "Point", "coordinates": [963809.8796416994, 1950519.3993762122]}, "properties": {"kind": "drone", "drone_id": 3, "frame": 76, "time_s": 76.0, "timestamp": "2025-01-01T00:01:16", "mode": "MIN_MAX", "is_static": false, "battery": 45.49999999999981}}, {"type": "Feature", "geometry": {"type": "Point", "coordinates": [962121.1301043197, 1951494.3993762122]}, "properties": {"kind": "drone", "drone_id": 4, "frame": 76, "time_s": 76.0, "timestamp": "2025-01-01T00:01:16", "mode": "MIN_MAX", "is_static": false, "battery": 43.99999999999981}}, {"type": "Feature", "geometry": {"type": "Point", "coordinates": [966389.3981658287, 1949111.375380722]}, "properties": {"kind": "drone", "drone_id": 5, "frame": 76, "time_s": 76.0, "timestamp": "2025-01-01T00:01:16", "mode": "MIN_MAX", "is_static": false, "battery": 38.523489932885646}}, {"type": "Feature", "geometry": {"type": "Point", "coordinates": [965739.8791129903, 1949871.2640871366]}, "properties": {"kind": "drone", "drone_id": 6, "frame": 76, "time_s": 76.0, "timestamp": "2025-01-01T00:01:16", "mode": "MIN_MAX", "is_static": false, "battery": 38.523489932885646}}, {"type": "Feature", "geometry": {"type": "Point", "coordinates": [963178.4864994634, 1951093.2363750704]}, "properties": {"kind": "drone", "drone_id": 7, "frame": 76, "time_s": 76.0, "timestamp": "2025-01-01T00:01:16", "mode": "MIN_MAX", "is_static": false, "battery": 38.523489932885646}}, {"type": "Feature", "geometry": {"type": "Point", "coordinates": [965775.4104735317, 1949725.6277024997]}, "properties": {"kind": "drone", "drone_id": 8, "frame": 76, "time_s": 76.0, "timestamp": "2025-01-01T00:01:16", "mode": "MIN_MAX", "is_static": false, "battery": 38.523489932885646}}, {"type": "Feature", "geometry": {"type": "Point", "coordinates": [962956.2260293976, 1951312.2565190694]}, "properties": {"kind": "drone", "drone_id": 9, "frame": 76, "time_s": 76.0, "timestamp": "2025-01-01T00:01:16", "mode": "MIN_MAX", "is_static": false, "battery": 47.00000000000062}}, {"type": "Feature", "geometry": {"type": "Point", "coordinates": [965944.0136724538, 1949437.2565190694]}, "properties": {"kind": "drone", "drone_id": 10, "frame": 76, "time_s": 76.0, "timestamp": "2025-01-01T00:01:16", "mode": "MIN_MAX", "is_static": false, "battery": 48.49999999999981}}, {"type": "Feature", "geometry": {"type": "Point", "coordinates": [964814.0122779744, 1949770.5641954963]}, "properties": {"kind": "drone", "drone_id": 11, "frame": 76, "time_s": 76.0, "timestamp": "2025-01-01T00:01:16", "mode": "MIN_MAX", "is_static": false, "battery": 38.523489932885646}}, {"type": "Feature", "geometry": {"type": "Point", "coordinates": [963921.225765043, 1949589.3772313518]}, "properties": {"kind": "drone", "drone_id": 12, "frame": 76, "time_s": 76.0, "timestamp": "2025-01-01T00:01:16", "mode": "MIN_MAX", "is_static": false, "battery": 38.523489932885646}}, {"type": "Feature", "geometry": {"type": "Point", "coordinates": [963921.225765043, 1950262.2565190694]}, "properties": {"kind": "drone", "drone_id": 13, "frame": 76, "time_s": 76.0, "timestamp": "2025-01-01T00:01:16", "mode": "MIN_MAX", "is_static": false, "battery": 39.5}}, {"type": "Feature", "geometry": {"type": "Point", "coordinates": [963791.3219544754, 1950830.1136619265]}, "properties": {"kind": "drone", "drone_id": 14, "frame": 76, "time_s": 76.0, "timestamp": "2025-01-01T00:01:16", "mode": "MIN_MAX", "is_static": false, "battery": 44.00000000000082}}, {"type": "Feature", "geometry": {"type": "Point", "coordinates": [962399.4954126789, 1951526.542233355]}, "properties": {"kind": "drone", "drone_id": 15, "frame": 76, "time_s": 76.0, "timestamp": "2025-01-01T00:01:16", "mode": "MIN_MAX", "is_static": false, "battery": 39.500000000000625}}, {"type": "Feature", "geometry": {"type": "Point", "coordinates": [963531.5143333401, 1950980.1136619265]}, "properties": {"kind": "drone", "drone_id": 16, "frame": 76, "time_s": 76.0, "timestamp": "2025-01-01T00:01:16", "mode": "MIN_MAX", "is_static": false, "battery": 50.0}}, {"type": "Feature", "geometry": {"type": "Point", "coordinates": [965510.3469634341, 1949572.5932135924]}, "properties": {"kind": "drone", "drone_id": 17, "frame": 76, "time_s": 76.0, "timestamp": "2025-01-01T00:01:16", "mode": "MIN_MAX", "is_static": false, "battery": 38.523489932885646}}, {"type": "Feature", "geometry": {"type": "Point", "coordinates": [966259.4943552611, 1950356.2660523138]}, "properties": {"kind": "drone", "drone_id": 18, "frame": 76, "time_s": 76.0, "timestamp": "2025-01-01T00:01:16", "mode": "MIN_MAX", "is_static": false, "battery": 38.523489932885646}}, {"type": "Feature", "geometry": {"type": "Point", "coordinates": [962622.1876593664, 1951505.1136619265]}, "properties": {"kind": "drone", "drone_id": 19, "frame": 76, "time_s": 76.0, "timestamp": "2025-01-01T00:01:16", "mode": "MIN_MAX", "is_static": false, "battery": 50.0}}, {"type": "Feature", "geometry": {"type": "Point", "coordinates": [965244.4643975585, 1949691.1414812414]}, "properties": {"kind": "drone", "drone_id": 20, "frame": 76, "time_s": 76.0, "timestamp": "2025-01-01T00:01:16", "mode": "MIN_MAX", "is_static": false, "battery": 38.523489932885646}}, {"type": "Feature", "geometry": {"type": "Point", "coordinates": [961972.6686065281, 1951730.1136619265]}, "properties": {"kind": "base_A", "drone_id": 0, "frame": 76, "time_s": 76.0, "timestamp": "2025-01-01T00:01:16", "mode": "MIN_MAX", "is_static": true, "battery": 50.0}}, {"type": "Feature", "geometry": {"type": "Point", "coordinates": [966389.3981658287, 1948730.1136619265]}, "properties": {"kind": "base_B", "drone_id": 0, "frame": 76, "time_s": 76.0, "timestamp": "2025-01-01T00:01:16", "mode": "MIN_MAX", "is_static": true, "battery": 50.0}}, {"type": "Feature", "geometry": {"type": "Point", "coordinates": [965549.9679273419, 1949595.4683877702]}, "properties": {"kind": "drone", "drone_id": 1, "frame": 77, "time_s": 77.0, "timestamp": "2025-01-01T00:01:17", "mode": "MIN_MAX", "is_static": false, "battery": 38.372483221476244}}, {"type": "Feature", "geometry": {"type": "Point", "coordinates": [966222.3789808131, 1949276.542233355]}, "properties": {"kind": "drone", "drone_id": 2, "frame": 77, "time_s": 77.0, "timestamp": "2025-01-01T00:01:17", "mode": "MIN_MAX", "is_static": false, "battery": 43.99999999999942}}, {"type": "Feature", "geometry": {"type": "Point", "coordinates": [963809.8796416994, 1950519.3993762122]}, "properties": {"kind": "drone", "drone_id": 3, "frame": 77, "time_s": 77.0, "timestamp": "2025-01-01T00:01:17", "mode": "MIN_MAX", "is_static": false, "battery": 45.49999999999981}}, {"type": "Feature", "geometry": {"type": "Point", "coordinates": [962121.1301043197, 1951494.3993762122]}, "properties": {"kind": "drone", "drone_id": 4, "frame": 77, "time_s": 77.0, "timestamp": "2025-01-01T00:01:17", "mode": "MIN_MAX", "is_static": false, "battery": 43.99999999999981}}, {"type": "Feature", "geometry": {"type": "Point", "coordinates": [966389.3981658287, 1949106.792912423]}, "properties": {"kind": "drone", "drone_id": 5, "frame": 77, "time_s": 77.0, "timestamp": "2025-01-01T00:01:17", "mode": "MIN_MAX", "is_static": false, "battery": 38.372483221476244}}, {"type": "Feature", "geometry": {"type": "Point", "coordinates": [965739.8791129903, 1949849.0696589593]}, "properties": {"kind": "drone", "drone_id": 6, "frame": 77, "time_s": 77.0, "timestamp": "2025-01-01T00:01:17", "mode": "MIN_MAX", "is_static": false, "battery": 38.372483221476244}}, {"type": "Feature", "geometry": {"type": "Point", "coordinates": [963186.149858502, 1951101.2003713972]}, "properties": {"kind": "drone", "drone_id": 7, "frame": 77, "time_s": 77.0, "timestamp": "2025-01-01T00:01:17", "mode": "MIN_MAX", "is_static": false, "battery": 38.372483221476244}}, {"type": "Feature", "geometry": {"type": "Point", "coordinates": [965755.8085580958, 1949714.3105313461]}, "properties": {"kind": "drone", "drone_id": 8, "frame": 77, "time_s": 77.0, "timestamp": "2025-01-01T00:01:17", "mode": "MIN_MAX", "is_static": false, "battery": 38.372483221476244}}, {"type": "Feature", "geometry": {"type": "Point", "coordinates": [962956.2260293976, 1951312.2565190694]}, "properties": {"kind": "drone", "drone_id": 9, "frame": 77, "time_s": 77.0, "timestamp": "2025-01-01T00:01:17", "mode": "MIN_MAX", "is_static": false, "battery": 47.00000000000062}}, {"type": "Feature", "geometry": {"type": "Point", "coordinates": [965944.0136724538, 1949437.2565190694]}, "properties": {"kind": "drone", "drone_id": 10, "frame": 77, "time_s": 77.0, "timestamp": "2025-01-01T00:01:17", "mode": "MIN_MAX", "is_static": false, "battery": 48.49999999999981}}, {"type": "Feature", "geometry": {"type": "Point", "coordinates": [964794.2190320551, 1949759.1365596366]}, "properties": {"kind": "drone", "drone_id": 11, "frame": 77, "time_s": 77.0, "timestamp": "2025-01-01T00:01:17", "mode": "MIN_MAX", "is_static": false, "battery": 38.372483221476244}}, {"type": "Feature", "geometry": {"type": "Point", "coordinates": [963921.225765043, 1949607.6579121554]}, "properties": {"kind": "drone", "drone_id": 12, "frame": 77, "time_s": 77.0, "timestamp": "2025-01-01T00:01:17", "mode": "MIN_MAX", "is_static": false, "battery": 38.372483221476244}}, {"type": "Feature", "geometry": {"type": "Point", "coordinates": [963921.225765043, 1950262.2565190694]}, "properties": {"kind": "drone", "drone_id": 13, "frame": 77, "time_s": 77.0, "timestamp": "2025-01-01T00:01:17", "mode": "MIN_MAX", "is_static": false, "battery": 39.5}}, {"type": "Feature", "geometry": {"type": "Point", "coordinates": [963791.3219544754, 1950830.1136619265]}, "properties": {"kind": "drone", "drone_id": 14, "frame": 77, "time_s": 77.0, "timestamp": "2025-01-01T00:01:17", "mode": "MIN_MAX", "is_static": false, "battery": 44.00000000000082}}, {"type": "Feature", "geometry": {"type": "Point", "coordinates": [962399.4954126789, 1951526.542233355]}, "properties": {"kind": "drone", "drone_id": 15, "frame": 77, "time_s": 77.0, "timestamp": "2025-01-01T00:01:17", "mode": "MIN_MAX", "is_static": false, "battery": 39.500000000000625}}, {"type": "Feature", "geometry": {"type": "Point", "coordinates": [963531.5143333401, 1950980.1136619265]}, "properties": {"kind": "drone", "drone_id": 16, "frame": 77, "time_s": 77.0, "timestamp": "2025-01-01T00:01:17", "mode": "MIN_MAX", "is_static": false, "battery": 50.0}}, {"type": "Feature", "geometry": {"type": "Point", "coordinates": [965490.6424022069, 1949561.2167798637]}, "properties": {"kind": "drone", "drone_id": 17, "frame": 77, "time_s": 77.0, "timestamp": "2025-01-01T00:01:17", "mode": "MIN_MAX", "is_static": false, "battery": 38.372483221476244}}, {"type": "Feature", "geometry": {"type": "Point", "coordinates": [966259.4943552611, 1950333.8294344533]}, "properties": {"kind": "drone", "drone_id": 18, "frame": 77, "time_s": 77.0, "timestamp": "2025-01-01T00:01:17", "mode": "MIN_MAX", "is_static": false, "battery": 38.372483221476244}}, {"type": "Feature", "geometry": {"type": "Point", "coordinates": [962622.1876593664, 1951505.1136619265]}, "properties": {"kind": "drone", "drone_id": 19, "frame": 77, "time_s": 77.0, "timestamp": "2025-01-01T00:01:17", "mode": "MIN_MAX", "is_static": false, "battery": 50.0}}, {"type": "Feature", "geometry": {"type": "Point", "coordinates": [965224.6411946485, 1949702.586412778]}, "properties": {"kind": "drone", "drone_id": 20, "frame": 77, "time_s": 77.0, "timestamp": "2025-01-01T00:01:17", "mode": "MIN_MAX", "is_static": false, "battery": 38.372483221476244}}, {"type": "Feature", "geometry": {"type": "Point", "coordinates": [961972.6686065281, 1951730.1136619265]}, "properties": {"kind": "base_A", "drone_id": 0, "frame": 77, "time_s": 77.0, "timestamp": "2025-01-01T00:01:17", "mode": "MIN_MAX", "is_static": true, "battery": 50.0}}, {"type": "Feature", "geometry": {"type": "Point", "coordinates": [966389.3981658287, 1948730.1136619265]}, "properties": {"kind": "base_B", "drone_id": 0, "frame": 77, "time_s": 77.0, "timestamp": "2025-01-01T00:01:17", "mode": "MIN_MAX", "is_static": true, "battery": 50.0}}, {"type": "Feature", "geometry": {"type": "Point", "coordinates": [965536.8972123641, 1949587.9220069593]}, "properties": {"kind": "drone", "drone_id": 1, "frame": 78, "time_s": 78.0, "timestamp": "2025-01-01T00:01:18", "mode": "MIN_MAX", "is_static": false, "battery": 38.22147651006685}}, {"type": "Feature", "geometry": {"type": "Point", "coordinates": [966222.3789808131, 1949276.542233355]}, "properties": {"kind": "drone", "drone_id": 2, "frame": 78, "time_s": 78.0, "timestamp": "2025-01-01T00:01:18", "mode": "MIN_MAX", "is_static": false, "battery": 43.99999999999942}}, {"type": "Feature", "geometry": {"type": "Point", "coordinates": [963809.8796416994, 1950519.3993762122]}, "properties": {"kind": "drone", "drone_id": 3, "frame": 78, "time_s": 78.0, "timestamp": "2025-01-01T00:01:18", "mode": "MIN_MAX", "is_static": false, "battery": 45.49999999999981}}, {"type": "Feature", "geometry": {"type": "Point", "coordinates": [962121.1301043197, 1951494.3993762122]}, "properties": {"kind": "drone", "drone_id": 4, "frame": 78, "time_s": 78.0, "timestamp": "2025-01-01T00:01:18", "mode": "MIN_MAX", "is_static": false, "battery": 43.99999999999981}}, {"type": "Feature", "geometry": {"type": "Point", "coordinates": [966389.3981658287, 1949102.353864887]}, "properties": {"kind": "drone", "drone_id": 5, "frame": 78, "time_s": 78.0, "timestamp": "2025-01-01T00:01:18", "mode": "MIN_MAX", "is_static": false, "battery": 38.22147651006685}}, {"type": "Feature", "geometry": {"type": "Point", "coordinates": [965739.8791129903, 1949826.9444782385]}, "properties": {"kind": "drone", "drone_id": 6, "frame": 78, "time_s": 78.0, "timestamp": "2025-01-01T00:01:18", "mode": "MIN_MAX", "is_static": false, "battery": 38.22147651006685}}, {"type": "Feature", "geometry": {"type": "Point", "coordinates": [963193.3115254885, 1951108.6429940497]}, "properties": {"kind": "drone", "drone_id": 7, "frame": 78, "time_s": 78.0, "timestamp": "2025-01-01T00:01:18", "mode": "MIN_MAX", "is_static": false, "battery": 38.22147651006685}}, {"type": "Feature", "geometry": {"type": "Point", "coordinates": [965736.224314249, 1949703.0035628893]}, "properties": {"kind": "drone", "drone_id": 8, "frame": 78, "time_s": 78.0, "timestamp": "2025-01-01T00:01:18", "mode": "MIN_MAX", "is_static": false, "battery": 38.22147651006684}}, {"type": "Feature", "geometry": {"type": "Point", "coordinates": [962956.2260293976, 1951312.2565190694]}, "properties": {"kind": "drone", "drone_id": 9, "frame": 78, "time_s": 78.0, "timestamp": "2025-01-01T00:01:18", "mode": "MIN_MAX", "is_static": false, "battery": 47.00000000000062}}, {"type": "Feature", "geometry": {"type": "Point", "coordinates": [965944.0136724538, 1949437.2565190694]}, "properties": {"kind": "drone", "drone_id": 10, "frame": 78, "time_s": 78.0, "timestamp": "2025-01-01T00:01:18", "mode": "MIN_MAX", "is_static": false, "battery": 48.49999999999981}}, {"type": "Feature", "geometry": {"type": "Point", "coordinates": [964774.487541813, 1949747.7445784337]}, "properties": {"kind": "drone", "drone_id": 11, "frame": 78, "time_s": 78.0, "timestamp": "2025-01-01T00:01:18", "mode": "MIN_MAX", "is_static": false, "battery": 38.22147651006685}}, {"type": "Feature", "geometry": {"type": "Point", "coordinates": [963921.225765043, 1949625.6123475814]}, "properties": {"kind": "drone", "drone_id": 12, "frame": 78, "time_s": 78.0, "timestamp": "2025-01-01T00:01:18", "mode": "MIN_MAX", "is_static": false, "battery": 38.22147651006685}}, {"type": "Feature", "geometry": {"type": "Point", "coordinates": [963921.225765043, 1950262.2565190694]}, "properties": {"kind": "drone", "drone_id": 13, "frame": 78, "time_s": 78.0, "timestamp": "2025-01-01T00:01:18", "mode": "MIN_MAX", "is_static": false, "battery": 39.5}}, {"type": "Feature", "geometry": {"type": "Point", "coordinates": [963791.3219544754, 1950830.1136619265]}, "properties": {"kind": "drone", "drone_id": 14, "frame": 78, "time_s": 78.0, "timestamp": "2025-01-01T00:01:18", "mode": "MIN_MAX", "is_static": false, "battery": 44.00000000000082}}, {"type": "Feature", "geometry": {"type": "Point", "coordinates": [962399.4954126789, 1951526.542233355]}, "properties": {"kind": "drone", "drone_id": 15, "frame": 78, "time_s": 78.0, "timestamp": "2025-01-01T00:01:18", "mode": "MIN_MAX", "is_static": false, "battery": 39.500000000000625}}, {"type": "Feature", "geometry": {"type": "Point", "coordinates": [963531.5143333401, 1950980.1136619265]}, "properties": {"kind": "drone", "drone_id": 16, "frame": 78, "time_s": 78.0, "timestamp": "2025-01-01T00:01:18", "mode": "MIN_MAX", "is_static": false, "battery": 50.0}}, {"type": "Feature", "geometry": {"type": "Point", "coordinates": [965470.9556051062, 1949560.376721595]}, "properties": {"kind": "drone", "drone_id": 17, "frame": 78, "time_s": 78.0, "timestamp": "2025-01-01T00:01:18", "mode": "MIN_MAX", "is_static": false, "battery": 38.22147651006685}}, {"type": "Feature", "geometry": {"type": "Point", "coordinates": [966259.4943552611, 1950311.4130437325]}, "properties": {"kind": "drone", "drone_id": 18, "frame": 78, "time_s": 78.0, "timestamp": "2025-01-01T00:01:18", "mode": "MIN_MAX", "is_static": false, "battery": 38.22147651006685}}, {"type": "Feature", "geometry": {"type": "Point", "coordinates": [962622.1876593664, 1951505.1136619265]}, "properties": {"kind": "drone", "drone_id": 19, "frame": 78, "time_s": 78.0, "timestamp": "2025-01-01T00:01:18", "mode": "MIN_MAX", "is_static": false, "battery": 50.0}}, {"type": "Feature", "geometry": {"type": "Point", "coordinates": [965204.8358628232, 1949714.0210264386]}, "properties": {"kind": "drone", "drone_id": 20, "frame": 78, "time_s": 78.0, "timestamp": "2025-01-01T00:01:18", "mode": "MIN_MAX", "is_static": false, "battery": 38.22147651006685}}, {"type": "Feature", "geometry": {"type": "Point", "coordinates": [961972.6686065281, 1951730.1136619265]}, "properties": {"kind": "base_A", "drone_id": 0, "frame": 78, "time_s": 78.0, "timestamp": "2025-01-01T00:01:18", "mode": "MIN_MAX", "is_static": true, "battery": 50.0}}, {"type": "Feature", "geometry": {"type": "Point", "coordinates": [966389.3981658287, 1948730.1136619265]}, "properties": {"kind": "base_B", "drone_id": 0, "frame": 78, "time_s": 78.0, "timestamp": "2025-01-01T00:01:18", "mode": "MIN_MAX", "is_static": true, "battery": 50.0}}, {"type": "Feature", "geometry": {"type": "Point", "coordinates": [965524.264247888, 1949580.6283615183]}, "properties": {"kind": "drone", "drone_id": 1, "frame": 79, "time_s": 79.0, "timestamp": "2025-01-01T00:01:19", "mode": "MIN_MAX", "is_static": false, "battery": 38.07046979865745}}, {"type": "Feature", "geometry": {"type": "Point", "coordinates": [966222.3789808131, 1949276.542233355]}, "properties": {"kind": "drone", "drone_id": 2, "frame": 79, "time_s": 79.0, "timestamp": "2025-01-01T00:01:19", "mode": "MIN_MAX", "is_static": false, "battery": 43.99999999999942}}, {"type": "Feature", "geometry": {"type": "Point", "coordinates": [963809.8796416994, 1950519.3993762122]}, "properties": {"kind": "drone", "drone_id": 3, "frame": 79, "time_s": 79.0, "timestamp": "2025-01-01T00:01:19", "mode": "MIN_MAX", "is_static": false, "battery": 45.49999999999981}}, {"type": "Feature", "geometry": {"type": "Point", "coordinates": [962121.1301043197, 1951494.3993762122]}, "properties": {"kind": "drone", "drone_id": 4, "frame": 79, "time_s": 79.0, "timestamp": "2025-01-01T00:01:19", "mode": "MIN_MAX", "is_static": false, "battery": 43.99999999999981}}, {"type": "Feature", "geometry": {"type": "Point", "coordinates": [966389.3981658287, 1949098.063485216]}, "properties": {"kind": "drone", "drone_id": 5, "frame": 79, "time_s": 79.0, "timestamp": "2025-01-01T00:01:19", "mode": "MIN_MAX", "is_static": false, "battery": 38.07046979865745}}, {"type": "Feature", "geometry": {"type": "Point", "coordinates": [965739.8791129903, 1949804.8978191875]}, "properties": {"kind": "drone", "drone_id": 6, "frame": 79, "time_s": 79.0, "timestamp": "2025-01-01T00:01:19", "mode": "MIN_MAX", "is_static": false, "battery": 38.07046979865745}}, {"type": "Feature", "geometry": {"type": "Point", "coordinates": [963199.9559681613, 1951115.548101428]}, "properties": {"kind": "drone", "drone_id": 7, "frame": 79, "time_s": 79.0, "timestamp": "2025-01-01T00:01:19", "mode": "MIN_MAX", "is_static": false, "battery": 38.07046979865745}}, {"type": "Feature", "geometry": {"type": "Point", "coordinates": [965716.6648106264, 1949691.7108782076]}, "properties": {"kind": "drone", "drone_id": 8, "frame": 79, "time_s": 79.0, "timestamp": "2025-01-01T00:01:19", "mode": "MIN_MAX", "is_static": false, "battery": 38.07046979865745}}, {"type": "Feature", "geometry": {"type": "Point", "coordinates": [962956.2260293976, 1951312.2565190694]}, "properties": {"kind": "drone", "drone_id": 9, "frame": 79, "time_s": 79.0, "timestamp": "2025-01-01T00:01:19", "mode": "MIN_MAX", "is_static": false, "battery": 47.00000000000062}}, {"type": "Feature", "geometry": {"type": "Point", "coordinates": [965944.0136724538, 1949437.2565190694]}, "properties": {"kind": "drone", "drone_id": 10, "frame": 79, "time_s": 79.0, "timestamp": "2025-01-01T00:01:19", "mode": "MIN_MAX", "is_static": false, "battery": 48.49999999999981}}, {"type": "Feature", "geometry": {"type": "Point", "coordinates": [964754.8260780977, 1949736.393027065]}, "properties": {"kind": "drone", "drone_id": 11, "frame": 79, "time_s": 79.0, "timestamp": "2025-01-01T00:01:19", "mode": "MIN_MAX", "is_static": false, "battery": 38.07046979865745}}, {"type": "Feature", "geometry": {"type": "Point", "coordinates": [963921.225765043, 1949643.225951399]}, "properties": {"kind": "drone", "drone_id": 12, "frame": 79, "time_s": 79.0, "timestamp": "2025-01-01T00:01:19", "mode": "MIN_MAX", "is_static": false, "battery": 38.07046979865745}}, {"type": "Feature", "geometry": {"type": "Point", "coordinates": [963921.225765043, 1950262.2565190694]}, "properties": {"kind": "drone", "drone_id": 13, "frame": 79, "time_s": 79.0, "timestamp": "2025-01-01T00:01:19", "mode": "MIN_MAX", "is_static": false, "battery": 39.5}}, {"type": "Feature", "geometry": {"type": "Point", "coordinates": [963791.3219544754, 1950830.1136619265]}, "properties": {"kind": "drone", "drone_id": 14, "frame": 79, "time_s": 79.0, "timestamp": "2025-01-01T00:01:19", "mode": "MIN_MAX", "is_static": false, "battery": 44.00000000000082}}, {"type": "Feature", "geometry": {"type": "Point", "coordinates": [962399.4954126789, 1951526.542233355]}, "properties": {"kind": "drone", "drone_id": 15, "frame": 79, "time_s": 79.0, "timestamp": "2025-01-01T00:01:19", "mode": "MIN_MAX", "is_static": false, "battery": 39.500000000000625}}, {"type": "Feature", "geometry": {"type": "Point", "coordinates": [963531.5143333401, 1950980.1136619265]}, "properties": {"kind": "drone", "drone_id": 16, "frame": 79, "time_s": 79.0, "timestamp": "2025-01-01T00:01:19", "mode": "MIN_MAX", "is_static": false, "battery": 50.0}}, {"type": "Feature", "geometry": {"type": "Point", "coordinates": [965451.2936777824, 1949571.728540628]}, "properties": {"kind": "drone", "drone_id": 17, "frame": 79, "time_s": 79.0, "timestamp": "2025-01-01T00:01:19", "mode": "MIN_MAX", "is_static": false, "battery": 38.07046979865745}}, {"type": "Feature", "geometry": {"type": "Point", "coordinates": [966259.4943552611, 1950289.0249710078]}, "properties": {"kind": "drone", "drone_id": 18, "frame": 79, "time_s": 79.0, "timestamp": "2025-01-01T00:01:19", "mode": "MIN_MAX", "is_static": false, "battery": 38.07046979865745}}, {"type": "Feature", "geometry": {"type": "Point", "coordinates": [962622.1876593664, 1951505.1136619265]}, "properties": {"kind": "drone", "drone_id": 19, "frame": 79, "time_s": 79.0, "timestamp": "2025-01-01T00:01:19", "mode": "MIN_MAX", "is_static": false, "battery": 50.0}}, {"type": "Feature", "geometry": {"type": "Point", "coordinates": [965185.0555505166, 1949725.4411950735]}, "properties": {"kind": "drone", "drone_id": 20, "frame": 79, "time_s": 79.0, "timestamp": "2025-01-01T00:01:19", "mode": "MIN_MAX", "is_static": false, "battery": 38.07046979865745}}, {"type": "Feature", "geometry": {"type": "Point", "coordinates": [961972.6686065281, 1951730.1136619265]}, "properties": {"kind": "base_A", "drone_id": 0, "frame": 79, "time_s": 79.0, "timestamp": "2025-01-01T00:01:19", "mode": "MIN_MAX", "is_static": true, "battery": 50.0}}, {"type": "Feature", "geometry": {"type": "Point", "coordinates": [966389.3981658287, 1948730.1136619265]}, "properties": {"kind": "base_B", "drone_id": 0, "frame": 79, "time_s": 79.0, "timestamp": "2025-01-01T00:01:19", "mode": "MIN_MAX", "is_static": true, "battery": 50.0}}, {"type": "Feature", "geometry": {"type": "Point", "coordinates": [965512.0844839311, 1949573.5963715191]}, "properties": {"kind": "drone", "drone_id": 1, "frame": 80, "time_s": 80.0, "timestamp": "2025-01-01T00:01:20", "mode": "MIN_MAX", "is_static": false, "battery": 37.91946308724805}}, {"type": "Feature", "geometry": {"type": "Point", "coordinates": [966222.3789808131, 1949276.542233355]}, "properties": {"kind": "drone", "drone_id": 2, "frame": 80, "time_s": 80.0, "timestamp": "2025-01-01T00:01:20", "mode": "MIN_MAX", "is_static": false, "battery": 43.99999999999942}}, {"type": "Feature", "geometry": {"type": "Point", "coordinates": [963809.8796416994, 1950519.3993762122]}, "properties": {"kind": "drone", "drone_id": 3, "frame": 80, "time_s": 80.0, "timestamp": "2025-01-01T00:01:20", "mode": "MIN_MAX", "is_static": false, "battery": 45.49999999999981}}, {"type": "Feature", "geometry": {"type": "Point", "coordinates": [962121.1301043197, 1951494.3993762122]}, "properties": {"kind": "drone", "drone_id": 4, "frame": 80, "time_s": 80.0, "timestamp": "2025-01-01T00:01:20", "mode": "MIN_MAX", "is_static": false, "battery": 43.99999999999981}}, {"type": "Feature", "geometry": {"type": "Point", "coordinates": [966389.3981658287, 1949093.9270205104]}, "properties": {"kind": "drone", "drone_id": 5, "frame": 80, "time_s": 80.0, "timestamp": "2025-01-01T00:01:20", "mode": "MIN_MAX", "is_static": false, "battery": 37.91946308724805}}, {"type": "Feature", "geometry": {"type": "Point", "coordinates": [965739.8791129903, 1949782.9389560192]}, "properties": {"kind": "drone", "drone_id": 6, "frame": 80, "time_s": 80.0, "timestamp": "2025-01-01T00:01:20", "mode": "MIN_MAX", "is_static": false, "battery": 37.91946308724805}}, {"type": "Feature", "geometry": {"type": "Point", "coordinates": [963206.0676542587, 1951121.8995519325]}, "properties": {"kind": "drone", "drone_id": 7, "frame": 80, "time_s": 80.0, "timestamp": "2025-01-01T00:01:20", "mode": "MIN_MAX", "is_static": false, "battery": 37.91946308724805}}, {"type": "Feature", "geometry": {"type": "Point", "coordinates": [965697.137115864, 1949680.4365583798]}, "properties": {"kind": "drone", "drone_id": 8, "frame": 80, "time_s": 80.0, "timestamp": "2025-01-01T00:01:20", "mode": "MIN_MAX", "is_static": false, "battery": 37.91946308724805}}, {"type": "Feature", "geometry": {"type": "Point", "coordinates": [962956.2260293976, 1951312.2565190694]}, "properties": {"kind": "drone", "drone_id": 9, "frame": 80, "time_s": 80.0, "timestamp": "2025-01-01T00:01:20", "mode": "MIN_MAX", "is_static": false, "battery": 47.00000000000062}}, {"type": "Feature", "geometry": {"type": "Point", "coordinates": [965944.0136724538, 1949437.2565190694]}, "properties": {"kind": "drone", "drone_id": 10, "frame": 80, "time_s": 80.0, "timestamp": "2025-01-01T00:01:20", "mode": "MIN_MAX", "is_static": false, "battery": 48.49999999999981}}, {"type": "Feature", "geometry": {"type": "Point", "coordinates": [964735.2429117586, 1949725.0866807078]}, "properties": {"kind": "drone", "drone_id": 11, "frame": 80, "time_s": 80.0, "timestamp": "2025-01-01T00:01:20", "mode": "MIN_MAX", "is_static": false, "battery": 37.91946308724805}}, {"type": "Feature", "geometry": {"type": "Point", "coordinates": [963921.225765043, 1949660.4841373758]}, "properties": {"kind": "drone", "drone_id": 12, "frame": 80, "time_s": 80.0, "timestamp": "2025-01-01T00:01:20", "mode": "MIN_MAX", "is_static": false, "battery": 37.91946308724805}}, {"type": "Feature", "geometry": {"type": "Point", "coordinates": [963921.225765043, 1950262.2565190694]}, "properties": {"kind": "drone", "drone_id": 13, "frame": 80, "time_s": 80.0, "timestamp": "2025-01-01T00:01:20", "mode": "MIN_MAX", "is_static": false, "battery": 39.5}}, {"type": "Feature", "geometry": {"type": "Point", "coordinates": [963791.3219544754, 1950830.1136619265]}, "properties": {"kind": "drone", "drone_id": 14, "frame": 80, "time_s": 80.0, "timestamp": "2025-01-01T00:01:20", "mode": "MIN_MAX", "is_static": false, "battery": 44.00000000000082}}, {"type": "Feature", "geometry": {"type": "Point", "coordinates": [962399.4954126789, 1951526.542233355]}, "properties": {"kind": "drone", "drone_id": 15, "frame": 80, "time_s": 80.0, "timestamp": "2025-01-01T00:01:20", "mode": "MIN_MAX", "is_static": false, "battery": 39.500000000000625}}, {"type": "Feature", "geometry": {"type": "Point", "coordinates": [963531.5143333401, 1950980.1136619265]}, "properties": {"kind": "drone", "drone_id": 16, "frame": 80, "time_s": 80.0, "timestamp": "2025-01-01T00:01:20", "mode": "MIN_MAX", "is_static": false, "battery": 50.0}}, {"type": "Feature", "geometry": {"type": "Point", "coordinates": [965431.6637258864, 1949583.0618986394]}, "properties": {"kind": "drone", "drone_id": 17, "frame": 80, "time_s": 80.0, "timestamp": "2025-01-01T00:01:20", "mode": "MIN_MAX", "is_static": false, "battery": 37.91946308724805}}, {"type": "Feature", "geometry": {"type": "Point", "coordinates": [966259.4943552611, 1950266.6733071348]}, "properties": {"kind": "drone", "drone_id": 18, "frame": 80, "time_s": 80.0, "timestamp": "2025-01-01T00:01:20", "mode": "MIN_MAX", "is_static": false, "battery": 37.91946308724805}}, {"type": "Feature", "geometry": {"type": "Point", "coordinates": [962622.1876593664, 1951505.1136619265]}, "properties": {"kind": "drone", "drone_id": 19, "frame": 80, "time_s": 80.0, "timestamp": "2025-01-01T00:01:20", "mode": "MIN_MAX", "is_static": false, "battery": 50.0}}, {"type": "Feature", "geometry": {"type": "Point", "coordinates": [965165.3074061625, 1949736.8427915322]}, "properties": {"kind": "drone", "drone_id": 20, "frame": 80, "time_s": 80.0, "timestamp": "2025-01-01T00:01:20", "mode": "MIN_MAX", "is_static": false, "battery": 37.91946308724805}}, {"type": "Feature", "geometry": {"type": "Point", "coordinates": [961972.6686065281, 1951730.1136619265]}, "properties": {"kind": "base_A", "drone_id": 0, "frame": 80, "time_s": 80.0, "timestamp": "2025-01-01T00:01:20", "mode": "MIN_MAX", "is_static": true, "battery": 50.0}}, {"type": "Feature", "geometry": {"type": "Point", "coordinates": [966389.3981658287, 1948730.1136619265]}, "properties": {"kind": "base_B", "drone_id": 0, "frame": 80, "time_s": 80.0, "timestamp": "2025-01-01T00:01:20", "mode": "MIN_MAX", "is_static": true, "battery": 50.0}}, {"type": "Feature", "geometry": {"type": "Point", "coordinates": [965500.3733705112, 1949566.8349570336]}, "properties": {"kind": "drone", "drone_id": 1, "frame": 81, "time_s": 81.0, "timestamp": "2025-01-01T00:01:21", "mode": "MIN_MAX", "is_static": false, "battery": 37.76845637583865}}, {"type": "Feature", "geometry": {"type": "Point", "coordinates": [966222.3789808131, 1949276.542233355]}, "properties": {"kind": "drone", "drone_id": 2, "frame": 81, "time_s": 81.0, "timestamp": "2025-01-01T00:01:21", "mode": "MIN_MAX", "is_static": false, "battery": 43.99999999999942}}, {"type": "Feature", "geometry": {"type": "Point", "coordinates": [963809.8796416994, 1950519.3993762122]}, "properties": {"kind": "drone", "drone_id": 3, "frame": 81, "time_s": 81.0, "timestamp": "2025-01-01T00:01:21", "mode": "MIN_MAX", "is_static": false, "battery": 45.49999999999981}}, {"type": "Feature", "geometry": {"type": "Point", "coordinates": [962121.1301043197, 1951494.3993762122]}, "properties": {"kind": "drone", "drone_id": 4, "frame": 81, "time_s": 81.0, "timestamp": "2025-01-01T00:01:21", "mode": "MIN_MAX", "is_static": false, "battery": 43.99999999999981}}, {"type": "Feature", "geometry": {"type": "Point", "coordinates": [966389.3981658287, 1949089.9497178718]}, "properties": {"kind": "drone", "drone_id": 5, "frame": 81, "time_s": 81.0, "timestamp": "2025-01-01T00:01:21", "mode": "MIN_MAX", "is_static": false, "battery": 37.76845637583865}}, {"type": "Feature", "geometry": {"type": "Point", "coordinates": [965739.8791129903, 1949761.0771629468]}, "properties": {"kind": "drone", "drone_id": 6, "frame": 81, "time_s": 81.0, "timestamp": "2025-01-01T00:01:21", "mode": "MIN_MAX", "is_static": false, "battery": 37.76845637583865}}, {"type": "Feature", "geometry": {"type": "Point", "coordinates": [963211.6310515191, 1951127.681203963]}, "properties": {"kind": "drone", "drone_id": 7, "frame": 81, "time_s": 81.0, "timestamp": "2025-01-01T00:01:21", "mode": "MIN_MAX", "is_static": false, "battery": 37.76845637583865}}, {"type": "Feature", "geometry": {"type": "Point", "coordinates": [965677.648298597, 1949669.1846844845]}, "properties": {"kind": "drone", "drone_id": 8, "frame": 81, "time_s": 81.0, "timestamp": "2025-01-01T00:01:21", "mode": "MIN_MAX", "is_static": false, "battery": 37.768456375838646}}, {"type": "Feature", "geometry": {"type": "Point", "coordinates": [962956.2260293976, 1951312.2565190694]}, "properties": {"kind": "drone", "drone_id": 9, "frame": 81, "time_s": 81.0, "timestamp": "2025-01-01T00:01:21", "mode": "MIN_MAX", "is_static": false, "battery": 47.00000000000062}}, {"type": "Feature", "geometry": {"type": "Point", "coordinates": [965944.0136724538, 1949437.2565190694]}, "properties": {"kind": "drone", "drone_id": 10, "frame": 81, "time_s": 81.0, "timestamp": "2025-01-01T00:01:21", "mode": "MIN_MAX", "is_static": false, "battery": 48.49999999999981}}, {"type": "Feature", "geometry": {"type": "Point", "coordinates": [964715.7463136457, 1949713.830314539]}, "properties": {"kind": "drone", "drone_id": 11, "frame": 81, "time_s": 81.0, "timestamp": "2025-01-01T00:01:21", "mode": "MIN_MAX", "is_static": false, "battery": 37.76845637583865}}, {"type": "Feature", "geometry": {"type": "Point", "coordinates": [963921.225765043, 1949677.3723192813]}, "properties": {"kind": "drone", "drone_id": 12, "frame": 81, "time_s": 81.0, "timestamp": "2025-01-01T00:01:21", "mode": "MIN_MAX", "is_static": false, "battery": 37.76845637583865}}, {"type": "Feature", "geometry": {"type": "Point", "coordinates": [963921.225765043, 1950262.2565190694]}, "properties": {"kind": "drone", "drone_id": 13, "frame": 81, "time_s": 81.0, "timestamp": "2025-01-01T00:01:21", "mode": "MIN_MAX", "is_static": false, "battery": 39.5}}, {"type": "Feature", "geometry": {"type": "Point", "coordinates": [963791.3219544754, 1950830.1136619265]}, "properties": {"kind": "drone", "drone_id": 14, "frame": 81, "time_s": 81.0, "timestamp": "2025-01-01T00:01:21", "mode": "MIN_MAX", "is_static": false, "battery": 44.00000000000082}}, {"type": "Feature", "geometry": {"type": "Point", "coordinates": [962399.4954126789, 1951526.542233355]}, "properties": {"kind": "drone", "drone_id": 15, "frame": 81, "time_s": 81.0, "timestamp": "2025-01-01T00:01:21", "mode": "MIN_MAX", "is_static": false, "battery": 39.500000000000625}}, {"type": "Feature", "geometry": {"type": "Point", "coordinates": [963531.5143333401, 1950980.1136619265]}, "properties": {"kind": "drone", "drone_id": 16, "frame": 81, "time_s": 81.0, "timestamp": "2025-01-01T00:01:21", "mode": "MIN_MAX", "is_static": false, "battery": 50.0}}, {"type": "Feature", "geometry": {"type": "Point", "coordinates": [965412.0728550686, 1949594.3726931796]}, "properties": {"kind": "drone", "drone_id": 17, "frame": 81, "time_s": 81.0, "timestamp": "2025-01-01T00:01:21", "mode": "MIN_MAX", "is_static": false, "battery": 37.76845637583865}}, {"type": "Feature", "geometry": {"type": "Point", "coordinates": [966259.4943552611, 1950244.3661429698]}, "properties": {"kind": "drone", "drone_id": 18, "frame": 81, "time_s": 81.0, "timestamp": "2025-01-01T00:01:21", "mode": "MIN_MAX", "is_static": false, "battery": 37.768456375838646}}, {"type": "Feature", "geometry": {"type": "Point", "coordinates": [962622.1876593664, 1951505.1136619265]}, "properties": {"kind": "drone", "drone_id": 19, "frame": 81, "time_s": 81.0, "timestamp": "2025-01-01T00:01:21", "mode": "MIN_MAX", "is_static": false, "battery": 50.0}}, {"type": "Feature", "geometry": {"type": "Point", "coordinates": [965145.5985781949, 1949748.2216886648]}, "properties": {"kind": "drone", "drone_id": 20, "frame": 81, "time_s": 81.0, "timestamp": "2025-01-01T00:01:21", "mode": "MIN_MAX", "is_static": false, "battery": 37.76845637583865}}, {"type": "Feature", "geometry": {"type": "Point", "coordinates": [961972.6686065281, 1951730.1136619265]}, "properties": {"kind": "base_A", "drone_id": 0, "frame": 81, "time_s": 81.0, "timestamp": "2025-01-01T00:01:21", "mode": "MIN_MAX", "is_static": true, "battery": 50.0}}, {"type": "Feature", "geometry": {"type": "Point", "coordinates": [966389.3981658287, 1948730.1136619265]}, "properties": {"kind": "base_B", "drone_id": 0, "frame": 81, "time_s": 81.0, "timestamp": "2025-01-01T00:01:21", "mode": "MIN_MAX", "is_static": true, "battery": 50.0}}, {"type": "Feature", "geometry": {"type": "Point", "coordinates": [965489.1463576462, 1949560.3530381338]}, "properties": {"kind": "drone", "drone_id": 1, "frame": 82, "time_s": 82.0, "timestamp": "2025-01-01T00:01:22", "mode": "MIN_MAX", "is_static": false, "battery": 37.61744966442925}}, {"type": "Feature", "geometry": {"type": "Point", "coordinates": [966222.3789808131, 1949276.542233355]}, "properties": {"kind": "drone", "drone_id": 2, "frame": 82, "time_s": 82.0, "timestamp": "2025-01-01T00:01:22", "mode": "MIN_MAX", "is_static": false, "battery": 43.99999999999942}}, {"type": "Feature", "geometry": {"type": "Point", "coordinates": [963809.8796416994, 1950519.3993762122]}, "properties": {"kind": "drone", "drone_id": 3, "frame": 82, "time_s": 82.0, "timestamp": "2025-01-01T00:01:22", "mode": "MIN_MAX", "is_static": false, "battery": 45.49999999999981}}, {"type": "Feature", "geometry": {"type": "Point", "coordinates": [962121.1301043197, 1951494.3993762122]}, "properties": {"kind": "drone", "drone_id": 4, "frame": 82, "time_s": 82.0, "timestamp": "2025-01-01T00:01:22", "mode": "MIN_MAX", "is_static": false, "battery": 43.99999999999981}}, {"type": "Feature", "geometry": {"type": "Point", "coordinates": [966389.3981658287, 1949086.1368244013]}, "properties": {"kind": "drone", "drone_id": 5, "frame": 82, "time_s": 82.0, "timestamp": "2025-01-01T00:01:22", "mode": "MIN_MAX", "is_static": false, "battery": 37.61744966442925}}, {"type": "Feature", "geometry": {"type": "Point", "coordinates": [965739.8791129903, 1949739.3217141828]}, "properties": {"kind": "drone", "drone_id": 6, "frame": 82, "time_s": 82.0, "timestamp": "2025-01-01T00:01:22", "mode": "MIN_MAX", "is_static": false, "battery": 37.61744966442925}}, {"type": "Feature", "geometry": {"type": "Point", "coordinates": [963216.6306276807, 1951132.8769159198]}, "properties": {"kind": "drone", "drone_id": 7, "frame": 82, "time_s": 82.0, "timestamp": "2025-01-01T00:01:22", "mode": "MIN_MAX", "is_static": false, "battery": 37.61744966442925}}, {"type": "Feature", "geometry": {"type": "Point", "coordinates": [965658.2054274611, 1949657.9593376005]}, "properties": {"kind": "drone", "drone_id": 8, "frame": 82, "time_s": 82.0, "timestamp": "2025-01-01T00:01:22", "mode": "MIN_MAX", "is_static": false, "battery": 37.61744966442925}}, {"type": "Feature", "geometry": {"type": "Point", "coordinates": [962956.2260293976, 1951312.2565190694]}, "properties": {"kind": "drone", "drone_id": 9, "frame": 82, "time_s": 82.0, "timestamp": "2025-01-01T00:01:22", "mode": "MIN_MAX", "is_static": false, "battery": 47.00000000000062}}, {"type": "Feature", "geometry": {"type": "Point", "coordinates": [965944.0136724538, 1949437.2565190694]}, "properties": {"kind": "drone", "drone_id": 10, "frame": 82, "time_s": 82.0, "timestamp": "2025-01-01T00:01:22", "mode": "MIN_MAX", "is_static": false, "battery": 48.49999999999981}}, {"type": "Feature", "geometry": {"type": "Point", "coordinates": [964696.3445546083, 1949702.628703736]}, "properties": {"kind": "drone", "drone_id": 11, "frame": 82, "time_s": 82.0, "timestamp": "2025-01-01T00:01:22", "mode": "MIN_MAX", "is_static": false, "battery": 37.61744966442925}}, {"type": "Feature", "geometry": {"type": "Point", "coordinates": [963921.225765043, 1949693.8759108835]}, "properties": {"kind": "drone", "drone_id": 12, "frame": 82, "time_s": 82.0, "timestamp": "2025-01-01T00:01:22", "mode": "MIN_MAX", "is_static": false, "battery": 37.61744966442925}}, {"type": "Feature", "geometry": {"type": "Point", "coordinates": [963921.225765043, 1950262.2565190694]}, "properties": {"kind": "drone", "drone_id": 13, "frame": 82, "time_s": 82.0, "timestamp": "2025-01-01T00:01:22", "mode": "MIN_MAX", "is_static": false, "battery": 39.5}}, {"type": "Feature", "geometry": {"type": "Point", "coordinates": [963791.3219544754, 1950830.1136619265]}, "properties": {"kind": "drone", "drone_id": 14, "frame": 82, "time_s": 82.0, "timestamp": "2025-01-01T00:01:22", "mode": "MIN_MAX", "is_static": false, "battery": 44.00000000000082}}, {"type": "Feature", "geometry": {"type": "Point", "coordinates": [962399.4954126789, 1951526.542233355]}, "properties": {"kind": "drone", "drone_id": 15, "frame": 82, "time_s": 82.0, "timestamp": "2025-01-01T00:01:22", "mode": "MIN_MAX", "is_static": false, "battery": 39.500000000000625}}, {"type": "Feature", "geometry": {"type": "Point", "coordinates": [963531.5143333401, 1950980.1136619265]}, "properties": {"kind": "drone", "drone_id": 16, "frame": 82, "time_s": 82.0, "timestamp": "2025-01-01T00:01:22", "mode": "MIN_MAX", "is_static": false, "battery": 50.0}}, {"type": "Feature", "geometry": {"type": "Point", "coordinates": [965392.5281709796, 1949605.6568217997]}, "properties": {"kind": "drone", "drone_id": 17, "frame": 82, "time_s": 82.0, "timestamp": "2025-01-01T00:01:22", "mode": "MIN_MAX", "is_static": false, "battery": 37.61744966442925}}, {"type": "Feature", "geometry": {"type": "Point", "coordinates": [966259.4943552611, 1950222.1115693687]}, "properties": {"kind": "drone", "drone_id": 18, "frame": 82, "time_s": 82.0, "timestamp": "2025-01-01T00:01:22", "mode": "MIN_MAX", "is_static": false, "battery": 37.61744966442925}}, {"type": "Feature", "geometry": {"type": "Point", "coordinates": [962622.1876593664, 1951505.1136619265]}, "properties": {"kind": "drone", "drone_id": 19, "frame": 82, "time_s": 82.0, "timestamp": "2025-01-01T00:01:22", "mode": "MIN_MAX", "is_static": false, "battery": 50.0}}, {"type": "Feature", "geometry": {"type": "Point", "coordinates": [965125.9362150476, 1949759.5737593207]}, "properties": {"kind": "drone", "drone_id": 20, "frame": 82, "time_s": 82.0, "timestamp": "2025-01-01T00:01:22", "mode": "MIN_MAX", "is_static": false, "battery": 37.61744966442925}}, {"type": "Feature", "geometry": {"type": "Point", "coordinates": [961972.6686065281, 1951730.1136619265]}, "properties": {"kind": "base_A", "drone_id": 0, "frame": 82, "time_s": 82.0, "timestamp": "2025-01-01T00:01:22", "mode": "MIN_MAX", "is_static": true, "battery": 50.0}}, {"type": "Feature", "geometry": {"type": "Point", "coordinates": [966389.3981658287, 1948730.1136619265]}, "properties": {"kind": "base_B", "drone_id": 0, "frame": 82, "time_s": 82.0, "timestamp": "2025-01-01T00:01:22", "mode": "MIN_MAX", "is_static": true, "battery": 50.0}}, {"type": "Feature", "geometry": {"type": "Point", "coordinates": [965478.4188953536, 1949556.0677889616]}, "properties": {"kind": "drone", "drone_id": 1, "frame": 83, "time_s": 83.0, "timestamp": "2025-01-01T00:01:23", "mode": "MIN_MAX", "is_static": false, "battery": 37.46644295301985}}, {"type": "Feature", "geometry": {"type": "Point", "coordinates": [966222.3789808131, 1949276.542233355]}, "properties": {"kind": "drone", "drone_id": 2, "frame": 83, "time_s": 83.0, "timestamp": "2025-01-01T00:01:23", "mode": "MIN_MAX", "is_static": false, "battery": 43.99999999999942}}, {"type": "Feature", "geometry": {"type": "Point", "coordinates": [963809.8796416994, 1950519.3993762122]}, "properties": {"kind": "drone", "drone_id": 3, "frame": 83, "time_s": 83.0, "timestamp": "2025-01-01T00:01:23", "mode": "MIN_MAX", "is_static": false, "battery": 45.49999999999981}}, {"type": "Feature", "geometry": {"type": "Point", "coordinates": [962121.1301043197, 1951494.3993762122]}, "properties": {"kind": "drone", "drone_id": 4, "frame": 83, "time_s": 83.0, "timestamp": "2025-01-01T00:01:23", "mode": "MIN_MAX", "is_static": false, "battery": 43.99999999999981}}, {"type": "Feature", "geometry": {"type": "Point", "coordinates": [966389.3981658287, 1949082.4935872]}, "properties": {"kind": "drone", "drone_id": 5, "frame": 83, "time_s": 83.0, "timestamp": "2025-01-01T00:01:23", "mode": "MIN_MAX", "is_static": false, "battery": 37.46644295301985}}, {"type": "Feature", "geometry": {"type": "Point", "coordinates": [965739.8791129903, 1949717.6818839405]}, "properties": {"kind": "drone", "drone_id": 6, "frame": 83, "time_s": 83.0, "timestamp": "2025-01-01T00:01:23", "mode": "MIN_MAX", "is_static": false, "battery": 37.46644295301985}}, {"type": "Feature", "geometry": {"type": "Point", "coordinates": [963221.0508504818, 1951137.4705462034]}, "properties": {"kind": "drone", "drone_id": 7, "frame": 83, "time_s": 83.0, "timestamp": "2025-01-01T00:01:23", "mode": "MIN_MAX", "is_static": false, "battery": 37.46644295301985}}, {"type": "Feature", "geometry": {"type": "Point", "coordinates": [965638.8155710918, 1949646.7645988062]}, "properties": {"kind": "drone", "drone_id": 8, "frame": 83, "time_s": 83.0, "timestamp": "2025-01-01T00:01:23", "mode": "MIN_MAX", "is_static": false, "battery": 37.46644295301985}}, {"type": "Feature", "geometry": {"type": "Point", "coordinates": [962956.2260293976, 1951312.2565190694]}, "properties": {"kind": "drone", "drone_id": 9, "frame": 83, "time_s": 83.0, "timestamp": "2025-01-01T00:01:23", "mode": "MIN_MAX", "is_static": false, "battery": 47.00000000000062}}, {"type": "Feature", "geometry": {"type": "Point", "coordinates": [965944.0136724538, 1949437.2565190694]}, "properties": {"kind": "drone", "drone_id": 10, "frame": 83, "time_s": 83.0, "timestamp": "2025-01-01T00:01:23", "mode": "MIN_MAX", "is_static": false, "battery": 48.49999999999981}}, {"type": "Feature", "geometry": {"type": "Point", "coordinates": [964677.0459054963, 1949691.486623476]}, "properties": {"kind": "drone", "drone_id": 11, "frame": 83, "time_s": 83.0, "timestamp": "2025-01-01T00:01:23", "mode": "MIN_MAX", "is_static": false, "battery": 37.46644295301985}}, {"type": "Feature", "geometry": {"type": "Point", "coordinates": [963921.225765043, 1949709.9803259508]}, "properties": {"kind": "drone", "drone_id": 12, "frame": 83, "time_s": 83.0, "timestamp": "2025-01-01T00:01:23", "mode": "MIN_MAX", "is_static": false, "battery": 37.46644295301985}}, {"type": "Feature", "geometry": {"type": "Point", "coordinates": [963921.225765043, 1950262.2565190694]}, "properties": {"kind": "drone", "drone_id": 13, "frame": 83, "time_s": 83.0, "timestamp": "2025-01-01T00:01:23", "mode": "MIN_MAX", "is_static": false, "battery": 39.5}}, {"type": "Feature", "geometry": {"type": "Point", "coordinates": [963791.3219544754, 1950830.1136619265]}, "properties": {"kind": "drone", "drone_id": 14, "frame": 83, "time_s": 83.0, "timestamp": "2025-01-01T00:01:23", "mode": "MIN_MAX", "is_static": false, "battery": 44.00000000000082}}, {"type": "Feature", "geometry": {"type": "Point", "coordinates": [962399.4954126789, 1951526.542233355]}, "properties": {"kind": "drone", "drone_id": 15, "frame": 83, "time_s": 83.0, "timestamp": "2025-01-01T00:01:23", "mode": "MIN_MAX", "is_static": false, "battery": 39.500000000000625}}, {"type": "Feature", "geometry": {"type": "Point", "coordinates": [963531.5143333401, 1950980.1136619265]}, "properties": {"kind": "drone", "drone_id": 16, "frame": 83, "time_s": 83.0, "timestamp": "2025-01-01T00:01:23", "mode": "MIN_MAX", "is_static": false, "battery": 50.0}}, {"type": "Feature", "geometry": {"type": "Point", "coordinates": [965373.0367792702, 1949616.91018205]}, "properties": {"kind": "drone", "drone_id": 17, "frame": 83, "time_s": 83.0, "timestamp": "2025-01-01T00:01:23", "mode": "MIN_MAX", "is_static": false, "battery": 37.46644295301985}}, {"type": "Feature", "geometry": {"type": "Point", "coordinates": [966259.4943552611, 1950199.9176771874]}, "properties": {"kind": "drone", "drone_id": 18, "frame": 83, "time_s": 83.0, "timestamp": "2025-01-01T00:01:23", "mode": "MIN_MAX", "is_static": false, "battery": 37.46644295301985}}, {"type": "Feature", "geometry": {"type": "Point", "coordinates": [962622.1876593664, 1951505.1136619265]}, "properties": {"kind": "drone", "drone_id": 19, "frame": 83, "time_s": 83.0, "timestamp": "2025-01-01T00:01:23", "mode": "MIN_MAX", "is_static": false, "battery": 50.0}}, {"type": "Feature", "geometry": {"type": "Point", "coordinates": [965106.3274651546, 1949770.89487635]}, "properties": {"kind": "drone", "drone_id": 20, "frame": 83, "time_s": 83.0, "timestamp": "2025-01-01T00:01:23", "mode": "MIN_MAX", "is_static": false, "battery": 37.46644295301985}}, {"type": "Feature", "geometry": {"type": "Point", "coordinates": [961972.6686065281, 1951730.1136619265]}, "properties": {"kind": "base_A", "drone_id": 0, "frame": 83, "time_s": 83.0, "timestamp": "2025-01-01T00:01:23", "mode": "MIN_MAX", "is_static": true, "battery": 50.0}}, {"type": "Feature", "geometry": {"type": "Point", "coordinates": [966389.3981658287, 1948730.1136619265]}, "properties": {"kind": "base_B", "drone_id": 0, "frame": 83, "time_s": 83.0, "timestamp": "2025-01-01T00:01:23", "mode": "MIN_MAX", "is_static": true, "battery": 50.0}}, {"type": "Feature", "geometry": {"type": "Point", "coordinates": [965468.206433651, 1949561.9639564746]}, "properties": {"kind": "drone", "drone_id": 1, "frame": 84, "time_s": 84.0, "timestamp": "2025-01-01T00:01:24", "mode": "MIN_MAX", "is_static": false, "battery": 37.315436241610456}}, {"type": "Feature", "geometry": {"type": "Point", "coordinates": [966222.3789808131, 1949276.542233355]}, "properties": {"kind": "drone", "drone_id": 2, "frame": 84, "time_s": 84.0, "timestamp": "2025-01-01T00:01:24", "mode": "MIN_MAX", "is_static": false, "battery": 43.99999999999942}}, {"type": "Feature", "geometry": {"type": "Point", "coordinates": [963809.8796416994, 1950519.3993762122]}, "properties": {"kind": "drone", "drone_id": 3, "frame": 84, "time_s": 84.0, "timestamp": "2025-01-01T00:01:24", "mode": "MIN_MAX", "is_static": false, "battery": 45.49999999999981}}, {"type": "Feature", "geometry": {"type": "Point", "coordinates": [962121.1301043197, 1951494.3993762122]}, "properties": {"kind": "drone", "drone_id": 4, "frame": 84, "time_s": 84.0, "timestamp": "2025-01-01T00:01:24", "mode": "MIN_MAX", "is_static": false, "battery": 43.99999999999981}}, {"type": "Feature", "geometry": {"type": "Point", "coordinates": [966389.3981658287, 1949079.0252533688]}, "properties": {"kind": "drone", "drone_id": 5, "frame": 84, "time_s": 84.0, "timestamp": "2025-01-01T00:01:24", "mode": "MIN_MAX", "is_static": false, "battery": 37.315436241610456}}, {"type": "Feature", "geometry": {"type": "Point", "coordinates": [965732.1310300921, 1949700.6403041794]}, "properties": {"kind": "drone", "drone_id": 6, "frame": 84, "time_s": 84.0, "timestamp": "2025-01-01T00:01:24", "mode": "MIN_MAX", "is_static": false, "battery": 37.315436241610456}}, {"type": "Feature", "geometry": {"type": "Point", "coordinates": [963224.876187661, 1951141.4459532136]}, "properties": {"kind": "drone", "drone_id": 7, "frame": 84, "time_s": 84.0, "timestamp": "2025-01-01T00:01:24", "mode": "MIN_MAX", "is_static": false, "battery": 37.315436241610456}}, {"type": "Feature", "geometry": {"type": "Point", "coordinates": [965619.4857981248, 1949635.6045491803]}, "properties": {"kind": "drone", "drone_id": 8, "frame": 84, "time_s": 84.0, "timestamp": "2025-01-01T00:01:24", "mode": "MIN_MAX", "is_static": false, "battery": 37.31543624161045}}, {"type": "Feature", "geometry": {"type": "Point", "coordinates": [962956.2260293976, 1951312.2565190694]}, "properties": {"kind": "drone", "drone_id": 9, "frame": 84, "time_s": 84.0, "timestamp": "2025-01-01T00:01:24", "mode": "MIN_MAX", "is_static": false, "battery": 47.00000000000062}}, {"type": "Feature", "geometry": {"type": "Point", "coordinates": [965944.0136724538, 1949437.2565190694]}, "properties": {"kind": "drone", "drone_id": 10, "frame": 84, "time_s": 84.0, "timestamp": "2025-01-01T00:01:24", "mode": "MIN_MAX", "is_static": false, "battery": 48.49999999999981}}, {"type": "Feature", "geometry": {"type": "Point", "coordinates": [964657.8586371591, 1949680.4088489367]}, "properties": {"kind": "drone", "drone_id": 11, "frame": 84, "time_s": 84.0, "timestamp": "2025-01-01T00:01:24", "mode": "MIN_MAX", "is_static": false, "battery": 37.315436241610456}}, {"type": "Feature", "geometry": {"type": "Point", "coordinates": [963921.225765043, 1949725.670978252]}, "properties": {"kind": "drone", "drone_id": 12, "frame": 84, "time_s": 84.0, "timestamp": "2025-01-01T00:01:24", "mode": "MIN_MAX", "is_static": false, "battery": 37.315436241610456}}, {"type": "Feature", "geometry": {"type": "Point", "coordinates": [963921.225765043, 1950262.2565190694]}, "properties": {"kind": "drone", "drone_id": 13, "frame": 84, "time_s": 84.0, "timestamp": "2025-01-01T00:01:24", "mode": "MIN_MAX", "is_static": false, "battery": 39.5}}, {"type": "Feature", "geometry": {"type": "Point", "coordinates": [963791.3219544754, 1950830.1136619265]}, "properties": {"kind": "drone", "drone_id": 14, "frame": 84, "time_s": 84.0, "timestamp": "2025-01-01T00:01:24", "mode": "MIN_MAX", "is_static": false, "battery": 44.00000000000082}}, {"type": "Feature", "geometry": {"type": "Point", "coordinates": [962399.4954126789, 1951526.542233355]}, "properties": {"kind": "drone", "drone_id": 15, "frame": 84, "time_s": 84.0, "timestamp": "2025-01-01T00:01:24", "mode": "MIN_MAX", "is_static": false, "battery": 39.500000000000625}}, {"type": "Feature", "geometry": {"type": "Point", "coordinates": [963531.5143333401, 1950980.1136619265]}, "properties": {"kind": "drone", "drone_id": 16, "frame": 84, "time_s": 84.0, "timestamp": "2025-01-01T00:01:24", "mode": "MIN_MAX", "is_static": false, "battery": 50.0}}, {"type": "Feature", "geometry": {"type": "Point", "coordinates": [965353.6057855906, 1949628.1286714815]}, "properties": {"kind": "drone", "drone_id": 17, "frame": 84, "time_s": 84.0, "timestamp": "2025-01-01T00:01:24", "mode": "MIN_MAX", "is_static": false, "battery": 37.315436241610456}}, {"type": "Feature", "geometry": {"type": "Point", "coordinates": [966259.4943552611, 1950177.792557282]}, "properties": {"kind": "drone", "drone_id": 18, "frame": 84, "time_s": 84.0, "timestamp": "2025-01-01T00:01:24", "mode": "MIN_MAX", "is_static": false, "battery": 37.31543624161045}}, {"type": "Feature", "geometry": {"type": "Point", "coordinates": [962622.1876593664, 1951505.1136619265]}, "properties": {"kind": "drone", "drone_id": 19, "frame": 84, "time_s": 84.0, "timestamp": "2025-01-01T00:01:24", "mode": "MIN_MAX", "is_static": false, "battery": 50.0}}, {"type": "Feature", "geometry": {"type": "Point", "coordinates": [965086.7794769497, 1949782.1809126022]}, "properties": {"kind": "drone", "drone_id": 20, "frame": 84, "time_s": 84.0, "timestamp": "2025-01-01T00:01:24", "mode": "MIN_MAX", "is_static": false, "battery": 37.315436241610456}}, {"type": "Feature", "geometry": {"type": "Point", "coordinates": [961972.6686065281, 1951730.1136619265]}, "properties": {"kind": "base_A", "drone_id": 0, "frame": 84, "time_s": 84.0, "timestamp": "2025-01-01T00:01:24", "mode": "MIN_MAX", "is_static": true, "battery": 50.0}}, {"type": "Feature", "geometry": {"type": "Point", "coordinates": [966389.3981658287, 1948730.1136619265]}, "properties": {"kind": "base_B", "drone_id": 0, "frame": 84, "time_s": 84.0, "timestamp": "2025-01-01T00:01:24", "mode": "MIN_MAX", "is_static": true, "battery": 50.0}}, {"type": "Feature", "geometry": {"type": "Point", "coordinates": [965458.5244225564, 1949567.5538681864]}, "properties": {"kind": "drone", "drone_id": 1, "frame": 85, "time_s": 85.0, "timestamp": "2025-01-01T00:01:25", "mode": "MIN_MAX", "is_static": false, "battery": 37.164429530201055}}, {"type": "Feature", "geometry": {"type": "Point", "coordinates": [966222.3789808131, 1949276.542233355]}, "properties": {"kind": "drone", "drone_id": 2, "frame": 85, "time_s": 85.0, "timestamp": "2025-01-01T00:01:25", "mode": "MIN_MAX", "is_static": false, "battery": 43.99999999999942}}, {"type": "Feature", "geometry": {"type": "Point", "coordinates": [963809.8796416994, 1950519.3993762122]}, "properties": {"kind": "drone", "drone_id": 3, "frame": 85, "time_s": 85.0, "timestamp": "2025-01-01T00:01:25", "mode": "MIN_MAX", "is_static": false, "battery": 45.49999999999981}}, {"type": "Feature", "geometry": {"type": "Point", "coordinates": [962121.1301043197, 1951494.3993762122]}, "properties": {"kind": "drone", "drone_id": 4, "frame": 85, "time_s": 85.0, "timestamp": "2025-01-01T00:01:25", "mode": "MIN_MAX", "is_static": false, "battery": 43.99999999999981}}, {"type": "Feature", "geometry": {"type": "Point", "coordinates": [966389.3981658287, 1949075.7370700089]}, "properties": {"kind": "drone", "drone_id": 5, "frame": 85, "time_s": 85.0, "timestamp": "2025-01-01T00:01:25", "mode": "MIN_MAX", "is_static": false, "battery": 37.164429530201055}}, {"type": "Feature", "geometry": {"type": "Point", "coordinates": [965713.6147396344, 1949689.9499188992]}, "properties": {"kind": "drone", "drone_id": 6, "frame": 85, "time_s": 85.0, "timestamp": "2025-01-01T00:01:25", "mode": "MIN_MAX", "is_static": false, "battery": 37.164429530201055}}, {"type": "Feature", "geometry": {"type": "Point", "coordinates": [963228.0911069562, 1951144.7869953506]}, "properties": {"kind": "drone", "drone_id": 7, "frame": 85, "time_s": 85.0, "timestamp": "2025-01-01T00:01:25", "mode": "MIN_MAX", "is_static": false, "battery": 37.164429530201055}}, {"type": "Feature", "geometry": {"type": "Point", "coordinates": [965600.2231771954, 1949624.4832698014]}, "properties": {"kind": "drone", "drone_id": 8, "frame": 85, "time_s": 85.0, "timestamp": "2025-01-01T00:01:25", "mode": "MIN_MAX", "is_static": false, "battery": 37.16442953020105}}, {"type": "Feature", "geometry": {"type": "Point", "coordinates": [962956.2260293976, 1951312.2565190694]}, "properties": {"kind": "drone", "drone_id": 9, "frame": 85, "time_s": 85.0, "timestamp": "2025-01-01T00:01:25", "mode": "MIN_MAX", "is_static": false, "battery": 47.00000000000062}}, {"type": "Feature", "geometry": {"type": "Point", "coordinates": [965944.0136724538, 1949437.2565190694]}, "properties": {"kind": "drone", "drone_id": 10, "frame": 85, "time_s": 85.0, "timestamp": "2025-01-01T00:01:25", "mode": "MIN_MAX", "is_static": false, "battery": 48.49999999999981}}, {"type": "Feature", "geometry": {"type": "Point", "coordinates": [964638.7910204465, 1949669.4001552947]}, "properties": {"kind": "drone", "drone_id": 11, "frame": 85, "time_s": 85.0, "timestamp": "2025-01-01T00:01:25", "mode": "MIN_MAX", "is_static": false, "battery": 37.164429530201055}}, {"type": "Feature", "geometry": {"type": "Point", "coordinates": [963921.225765043, 1949740.9332815558]}, "properties": {"kind": "drone", "drone_id": 12, "frame": 85, "time_s": 85.0, "timestamp": "2025-01-01T00:01:25", "mode": "MIN_MAX", "is_static": false, "battery": 37.164429530201055}}, {"type": "Feature", "geometry": {"type": "Point", "coordinates": [963921.225765043, 1950262.2565190694]}, "properties": {"kind": "drone", "drone_id": 13, "frame": 85, "time_s": 85.0, "timestamp": "2025-01-01T00:01:25", "mode": "MIN_MAX", "is_static": false, "battery": 39.5}}, {"type": "Feature", "geometry": {"type": "Point", "coordinates": [963791.3219544754, 1950830.1136619265]}, "properties": {"kind": "drone", "drone_id": 14, "frame": 85, "time_s": 85.0, "timestamp": "2025-01-01T00:01:25", "mode": "MIN_MAX", "is_static": false, "battery": 44.00000000000082}}, {"type": "Feature", "geometry": {"type": "Point", "coordinates": [962399.4954126789, 1951526.542233355]}, "properties": {"kind": "drone", "drone_id": 15, "frame": 85, "time_s": 85.0, "timestamp": "2025-01-01T00:01:25", "mode": "MIN_MAX", "is_static": false, "battery": 39.500000000000625}}, {"type": "Feature", "geometry": {"type": "Point", "coordinates": [963531.5143333401, 1950980.1136619265]}, "properties": {"kind": "drone", "drone_id": 16, "frame": 85, "time_s": 85.0, "timestamp": "2025-01-01T00:01:25", "mode": "MIN_MAX", "is_static": false, "battery": 50.0}}, {"type": "Feature", "geometry": {"type": "Point", "coordinates": [965334.2422955917, 1949639.3081876447]}, "properties": {"kind": "drone", "drone_id": 17, "frame": 85, "time_s": 85.0, "timestamp": "2025-01-01T00:01:25", "mode": "MIN_MAX", "is_static": false, "battery": 37.164429530201055}}, {"type": "Feature", "geometry": {"type": "Point", "coordinates": [966259.4943552611, 1950155.7443005082]}, "properties": {"kind": "drone", "drone_id": 18, "frame": 85, "time_s": 85.0, "timestamp": "2025-01-01T00:01:25", "mode": "MIN_MAX", "is_static": false, "battery": 37.16442953020105}}, {"type": "Feature", "geometry": {"type": "Point", "coordinates": [962622.1876593664, 1951505.1136619265]}, "properties": {"kind": "drone", "drone_id": 19, "frame": 85, "time_s": 85.0, "timestamp": "2025-01-01T00:01:25", "mode": "MIN_MAX", "is_static": false, "battery": 50.0}}, {"type": "Feature", "geometry": {"type": "Point", "coordinates": [965067.299398867, 1949793.427740927]}, "properties": {"kind": "drone", "drone_id": 20, "frame": 85, "time_s": 85.0, "timestamp": "2025-01-01T00:01:25", "mode": "MIN_MAX", "is_static": false, "battery": 37.164429530201055}}, {"type": "Feature", "geometry": {"type": "Point", "coordinates": [961972.6686065281, 1951730.1136619265]}, "properties": {"kind": "base_A", "drone_id": 0, "frame": 85, "time_s": 85.0, "timestamp": "2025-01-01T00:01:25", "mode": "MIN_MAX", "is_static": true, "battery": 50.0}}, {"type": "Feature", "geometry": {"type": "Point", "coordinates": [966389.3981658287, 1948730.1136619265]}, "properties": {"kind": "base_B", "drone_id": 0, "frame": 85, "time_s": 85.0, "timestamp": "2025-01-01T00:01:25", "mode": "MIN_MAX", "is_static": true, "battery": 50.0}}, {"type": "Feature", "geometry": {"type": "Point", "coordinates": [965449.3883120873, 1949572.828604025]}, "properties": {"kind": "drone", "drone_id": 1, "frame": 86, "time_s": 86.0, "timestamp": "2025-01-01T00:01:26", "mode": "MIN_MAX", "is_static": false, "battery": 37.01342281879165}}, {"type": "Feature", "geometry": {"type": "Point", "coordinates": [966222.3789808131, 1949276.542233355]}, "properties": {"kind": "drone", "drone_id": 2, "frame": 86, "time_s": 86.0, "timestamp": "2025-01-01T00:01:26", "mode": "MIN_MAX", "is_static": false, "battery": 43.99999999999942}}, {"type": "Feature", "geometry": {"type": "Point", "coordinates": [963809.8796416994, 1950519.3993762122]}, "properties": {"kind": "drone", "drone_id": 3, "frame": 86, "time_s": 86.0, "timestamp": "2025-01-01T00:01:26", "mode": "MIN_MAX", "is_static": false, "battery": 45.49999999999981}}, {"type": "Feature", "geometry": {"type": "Point", "coordinates": [962121.1301043197, 1951494.3993762122]}, "properties": {"kind": "drone", "drone_id": 4, "frame": 86, "time_s": 86.0, "timestamp": "2025-01-01T00:01:26", "mode": "MIN_MAX", "is_static": false, "battery": 43.99999999999981}}, {"type": "Feature", "geometry": {"type": "Point", "coordinates": [966389.3981658287, 1949072.6342842216]}, "properties": {"kind": "drone", "drone_id": 5, "frame": 86, "time_s": 86.0, "timestamp": "2025-01-01T00:01:26", "mode": "MIN_MAX", "is_static": false, "battery": 37.01342281879165}}, {"type": "Feature", "geometry": {"type": "Point", "coordinates": [965695.2226728656, 1949679.3312541994]}, "properties": {"kind": "drone", "drone_id": 6, "frame": 86, "time_s": 86.0, "timestamp": "2025-01-01T00:01:26", "mode": "MIN_MAX", "is_static": false, "battery": 37.01342281879165}}, {"type": "Feature", "geometry": {"type": "Point", "coordinates": [963230.6800761062, 1951147.4775310147]}, "properties": {"kind": "drone", "drone_id": 7, "frame": 86, "time_s": 86.0, "timestamp": "2025-01-01T00:01:26", "mode": "MIN_MAX", "is_static": false, "battery": 37.01342281879165}}, {"type": "Feature", "geometry": {"type": "Point", "coordinates": [965581.0347769394, 1949613.404841748]}, "properties": {"kind": "drone", "drone_id": 8, "frame": 86, "time_s": 86.0, "timestamp": "2025-01-01T00:01:26", "mode": "MIN_MAX", "is_static": false, "battery": 37.01342281879165}}, {"type": "Feature", "geometry": {"type": "Point", "coordinates": [962956.2260293976, 1951312.2565190694]}, "properties": {"kind": "drone", "drone_id": 9, "frame": 86, "time_s": 86.0, "timestamp": "2025-01-01T00:01:26", "mode": "MIN_MAX", "is_static": false, "battery": 47.00000000000062}}, {"type": "Feature", "geometry": {"type": "Point", "coordinates": [965944.0136724538, 1949437.2565190694]}, "properties": {"kind": "drone", "drone_id": 10, "frame": 86, "time_s": 86.0, "timestamp": "2025-01-01T00:01:26", "mode": "MIN_MAX", "is_static": false, "battery": 48.49999999999981}}, {"type": "Feature", "geometry": {"type": "Point", "coordinates": [964619.8513262079, 1949658.4653177278]}, "properties": {"kind": "drone", "drone_id": 11, "frame": 86, "time_s": 86.0, "timestamp": "2025-01-01T00:01:26", "mode": "MIN_MAX", "is_static": false, "battery": 37.01342281879165}}, {"type": "Feature", "geometry": {"type": "Point", "coordinates": [963921.225765043, 1949755.7526496304]}, "properties": {"kind": "drone", "drone_id": 12, "frame": 86, "time_s": 86.0, "timestamp": "2025-01-01T00:01:26", "mode": "MIN_MAX", "is_static": false, "battery": 37.01342281879165}}, {"type": "Feature", "geometry": {"type": "Point", "coordinates": [963921.225765043, 1950262.2565190694]}, "properties": {"kind": "drone", "drone_id": 13, "frame": 86, "time_s": 86.0, "timestamp": "2025-01-01T00:01:26", "mode": "MIN_MAX", "is_static": false, "battery": 39.5}}, {"type": "Feature", "geometry": {"type": "Point", "coordinates": [963791.3219544754, 1950830.1136619265]}, "properties": {"kind": "drone", "drone_id": 14, "frame": 86, "time_s": 86.0, "timestamp": "2025-01-01T00:01:26", "mode": "MIN_MAX", "is_static": false, "battery": 44.00000000000082}}, {"type": "Feature", "geometry": {"type": "Point", "coordinates": [962399.4954126789, 1951526.542233355]}, "properties": {"kind": "drone", "drone_id": 15, "frame": 86, "time_s": 86.0, "timestamp": "2025-01-01T00:01:26", "mode": "MIN_MAX", "is_static": false, "battery": 39.500000000000625}}, {"type": "Feature", "geometry": {"type": "Point", "coordinates": [963531.5143333401, 1950980.1136619265]}, "properties": {"kind": "drone", "drone_id": 16, "frame": 86, "time_s": 86.0, "timestamp": "2025-01-01T00:01:26", "mode": "MIN_MAX", "is_static": false, "battery": 50.0}}, {"type": "Feature", "geometry": {"type": "Point", "coordinates": [965314.9534149241, 1949650.4446280906]}, "properties": {"kind": "drone", "drone_id": 17, "frame": 86, "time_s": 86.0, "timestamp": "2025-01-01T00:01:26", "mode": "MIN_MAX", "is_static": false, "battery": 37.01342281879165}}, {"type": "Feature", "geometry": {"type": "Point", "coordinates": [966241.0197261297, 1950144.4473298243]}, "properties": {"kind": "drone", "drone_id": 18, "frame": 86, "time_s": 86.0, "timestamp": "2025-01-01T00:01:26", "mode": "MIN_MAX", "is_static": false, "battery": 37.01342281879165}}, {"type": "Feature", "geometry": {"type": "Point", "coordinates": [962622.1876593664, 1951505.1136619265]}, "properties": {"kind": "drone", "drone_id": 19, "frame": 86, "time_s": 86.0, "timestamp": "2025-01-01T00:01:26", "mode": "MIN_MAX", "is_static": false, "battery": 50.0}}, {"type": "Feature", "geometry": {"type": "Point", "coordinates": [965047.8943793401, 1949804.6312341746]}, "properties": {"kind": "drone", "drone_id": 20, "frame": 86, "time_s": 86.0, "timestamp": "2025-01-01T00:01:26", "mode": "MIN_MAX", "is_static": false, "battery": 37.01342281879165}}, {"type": "Feature", "geometry": {"type": "Point", "coordinates": [961972.6686065281, 1951730.1136619265]}, "properties": {"kind": "base_A", "drone_id": 0, "frame": 86, "time_s": 86.0, "timestamp": "2025-01-01T00:01:26", "mode": "MIN_MAX", "is_static": true, "battery": 50.0}}, {"type": "Feature", "geometry": {"type": "Point", "coordinates": [966389.3981658287, 1948730.1136619265]}, "properties": {"kind": "base_B", "drone_id": 0, "frame": 86, "time_s": 86.0, "timestamp": "2025-01-01T00:01:26", "mode": "MIN_MAX", "is_static": true, "battery": 50.0}}, {"type": "Feature", "geometry": {"type": "Point", "coordinates": [965440.8135522613, 1949577.7792439186]}, "properties": {"kind": "drone", "drone_id": 1, "frame": 87, "time_s": 87.0, "timestamp": "2025-01-01T00:01:27", "mode": "MIN_MAX", "is_static": false, "battery": 36.86241610738225}}, {"type": "Feature", "geometry": {"type": "Point", "coordinates": [966222.3789808131, 1949276.542233355]}, "properties": {"kind": "drone", "drone_id": 2, "frame": 87, "time_s": 87.0, "timestamp": "2025-01-01T00:01:27", "mode": "MIN_MAX", "is_static": false, "battery": 43.99999999999942}}, {"type": "Feature", "geometry": {"type": "Point", "coordinates": [963809.8796416994, 1950519.3993762122]}, "properties": {"kind": "drone", "drone_id": 3, "frame": 87, "time_s": 87.0, "timestamp": "2025-01-01T00:01:27", "mode": "MIN_MAX", "is_static": false, "battery": 45.49999999999981}}, {"type": "Feature", "geometry": {"type": "Point", "coordinates": [962121.1301043197, 1951494.3993762122]}, "properties": {"kind": "drone", "drone_id": 4, "frame": 87, "time_s": 87.0, "timestamp": "2025-01-01T00:01:27", "mode": "MIN_MAX", "is_static": false, "battery": 43.99999999999981}}, {"type": "Feature", "geometry": {"type": "Point", "coordinates": [966389.3981658287, 1949069.7221431076]}, "properties": {"kind": "drone", "drone_id": 5, "frame": 87, "time_s": 87.0, "timestamp": "2025-01-01T00:01:27", "mode": "MIN_MAX", "is_static": false, "battery": 36.86241610738225}}, {"type": "Feature", "geometry": {"type": "Point", "coordinates": [965676.9628614897, 1949668.7889471862]}, "properties": {"kind": "drone", "drone_id": 6, "frame": 87, "time_s": 87.0, "timestamp": "2025-01-01T00:01:27", "mode": "MIN_MAX", "is_static": false, "battery": 36.86241610738225}}, {"type": "Feature", "geometry": {"type": "Point", "coordinates": [963232.627562849, 1951149.5014186061]}, "properties": {"kind": "drone", "drone_id": 7, "frame": 87, "time_s": 87.0, "timestamp": "2025-01-01T00:01:27", "mode": "MIN_MAX", "is_static": false, "battery": 36.86241610738225}}, {"type": "Feature", "geometry": {"type": "Point", "coordinates": [965561.9276659922, 1949602.3733460994]}, "properties": {"kind": "drone", "drone_id": 8, "frame": 87, "time_s": 87.0, "timestamp": "2025-01-01T00:01:27", "mode": "MIN_MAX", "is_static": false, "battery": 36.86241610738225}}, {"type": "Feature", "geometry": {"type": "Point", "coordinates": [962956.2260293976, 1951312.2565190694]}, "properties": {"kind": "drone", "drone_id": 9, "frame": 87, "time_s": 87.0, "timestamp": "2025-01-01T00:01:27", "mode": "MIN_MAX", "is_static": false, "battery": 47.00000000000062}}, {"type": "Feature", "geometry": {"type": "Point", "coordinates": [965944.0136724538, 1949437.2565190694]}, "properties": {"kind": "drone", "drone_id": 10, "frame": 87, "time_s": 87.0, "timestamp": "2025-01-01T00:01:27", "mode": "MIN_MAX", "is_static": false, "battery": 48.49999999999981}}, {"type": "Feature", "geometry": {"type": "Point", "coordinates": [964601.047825293, 1949647.609111413]}, "properties": {"kind": "drone", "drone_id": 11, "frame": 87, "time_s": 87.0, "timestamp": "2025-01-01T00:01:27", "mode": "MIN_MAX", "is_static": false, "battery": 36.86241610738225}}, {"type": "Feature", "geometry": {"type": "Point", "coordinates": [963921.225765043, 1949770.1144962441]}, "properties": {"kind": "drone", "drone_id": 12, "frame": 87, "time_s": 87.0, "timestamp": "2025-01-01T00:01:27", "mode": "MIN_MAX", "is_static": false, "battery": 36.86241610738225}}, {"type": "Feature", "geometry": {"type": "Point", "coordinates": [963921.225765043, 1950262.2565190694]}, "properties": {"kind": "drone", "drone_id": 13, "frame": 87, "time_s": 87.0, "timestamp": "2025-01-01T00:01:27", "mode": "MIN_MAX", "is_static": false, "battery": 39.5}}, {"type": "Feature", "geometry": {"type": "Point", "coordinates": [963791.3219544754, 1950830.1136619265]}, "properties": {"kind": "drone", "drone_id": 14, "frame": 87, "time_s": 87.0, "timestamp": "2025-01-01T00:01:27", "mode": "MIN_MAX", "is_static": false, "battery": 44.00000000000082}}, {"type": "Feature", "geometry": {"type": "Point", "coordinates": [962399.4954126789, 1951526.542233355]}, "properties": {"kind": "drone", "drone_id": 15, "frame": 87, "time_s": 87.0, "timestamp": "2025-01-01T00:01:27", "mode": "MIN_MAX", "is_static": false, "battery": 39.500000000000625}}, {"type": "Feature", "geometry": {"type": "Point", "coordinates": [963531.5143333401, 1950980.1136619265]}, "properties": {"kind": "drone", "drone_id": 16, "frame": 87, "time_s": 87.0, "timestamp": "2025-01-01T00:01:27", "mode": "MIN_MAX", "is_static": false, "battery": 50.0}}, {"type": "Feature", "geometry": {"type": "Point", "coordinates": [965295.7462492383, 1949661.5338903698]}, "properties": {"kind": "drone", "drone_id": 17, "frame": 87, "time_s": 87.0, "timestamp": "2025-01-01T00:01:27", "mode": "MIN_MAX", "is_static": false, "battery": 36.86241610738225}}, {"type": "Feature", "geometry": {"type": "Point", "coordinates": [966222.0795271643, 1950133.512200853]}, "properties": {"kind": "drone", "drone_id": 18, "frame": 87, "time_s": 87.0, "timestamp": "2025-01-01T00:01:27", "mode": "MIN_MAX", "is_static": false, "battery": 36.86241610738225}}, {"type": "Feature", "geometry": {"type": "Point", "coordinates": [962622.1876593664, 1951505.1136619265]}, "properties": {"kind": "drone", "drone_id": 19, "frame": 87, "time_s": 87.0, "timestamp": "2025-01-01T00:01:27", "mode": "MIN_MAX", "is_static": false, "battery": 50.0}}, {"type": "Feature", "geometry": {"type": "Point", "coordinates": [965028.5715668031, 1949815.7872651943]}, "properties": {"kind": "drone", "drone_id": 20, "frame": 87, "time_s": 87.0, "timestamp": "2025-01-01T00:01:27", "mode": "MIN_MAX", "is_static": false, "battery": 36.86241610738226}}, {"type": "Feature", "geometry": {"type": "Point", "coordinates": [961972.6686065281, 1951730.1136619265]}, "properties": {"kind": "base_A", "drone_id": 0, "frame": 87, "time_s": 87.0, "timestamp": "2025-01-01T00:01:27", "mode": "MIN_MAX", "is_static": true, "battery": 50.0}}, {"type": "Feature", "geometry": {"type": "Point", "coordinates": [966389.3981658287, 1948730.1136619265]}, "properties": {"kind": "base_B", "drone_id": 0, "frame": 87, "time_s": 87.0, "timestamp": "2025-01-01T00:01:27", "mode": "MIN_MAX", "is_static": true, "battery": 50.0}}, {"type": "Feature", "geometry": {"type": "Point", "coordinates": [965432.8155930964, 1949582.3968677956]}, "properties": {"kind": "drone", "drone_id": 1, "frame": 88, "time_s": 88.0, "timestamp": "2025-01-01T00:01:28", "mode": "MIN_MAX", "is_static": false, "battery": 36.71140939597285}}, {"type": "Feature", "geometry": {"type": "Point", "coordinates": [966222.3789808131, 1949276.542233355]}, "properties": {"kind": "drone", "drone_id": 2, "frame": 88, "time_s": 88.0, "timestamp": "2025-01-01T00:01:28", "mode": "MIN_MAX", "is_static": false, "battery": 43.99999999999942}}, {"type": "Feature", "geometry": {"type": "Point", "coordinates": [963809.8796416994, 1950519.3993762122]}, "properties": {"kind": "drone", "drone_id": 3, "frame": 88, "time_s": 88.0, "timestamp": "2025-01-01T00:01:28", "mode": "MIN_MAX", "is_static": false, "battery": 45.49999999999981}}, {"type": "Feature", "geometry": {"type": "Point", "coordinates": [962121.1301043197, 1951494.3993762122]}, "properties": {"kind": "drone", "drone_id": 4, "frame": 88, "time_s": 88.0, "timestamp": "2025-01-01T00:01:28", "mode": "MIN_MAX", "is_static": false, "battery": 43.99999999999981}}, {"type": "Feature", "geometry": {"type": "Point", "coordinates": [966389.3981658287, 1949067.0058937683]}, "properties": {"kind": "drone", "drone_id": 5, "frame": 88, "time_s": 88.0, "timestamp": "2025-01-01T00:01:28", "mode": "MIN_MAX", "is_static": false, "battery": 36.71140939597285}}, {"type": "Feature", "geometry": {"type": "Point", "coordinates": [965658.8433372107, 1949658.327634966]}, "properties": {"kind": "drone", "drone_id": 6, "frame": 88, "time_s": 88.0, "timestamp": "2025-01-01T00:01:28", "mode": "MIN_MAX", "is_static": false, "battery": 36.71140939597285}}, {"type": "Feature", "geometry": {"type": "Point", "coordinates": [963233.918034923, 1951150.842516525]}, "properties": {"kind": "drone", "drone_id": 7, "frame": 88, "time_s": 88.0, "timestamp": "2025-01-01T00:01:28", "mode": "MIN_MAX", "is_static": false, "battery": 36.71140939597285}}, {"type": "Feature", "geometry": {"type": "Point", "coordinates": [965542.9089129893, 1949591.3928639335]}, "properties": {"kind": "drone", "drone_id": 8, "frame": 88, "time_s": 88.0, "timestamp": "2025-01-01T00:01:28", "mode": "MIN_MAX", "is_static": false, "battery": 36.71140939597285}}, {"type": "Feature", "geometry": {"type": "Point", "coordinates": [962956.2260293976, 1951312.2565190694]}, "properties": {"kind": "drone", "drone_id": 9, "frame": 88, "time_s": 88.0, "timestamp": "2025-01-01T00:01:28", "mode": "MIN_MAX", "is_static": false, "battery": 47.00000000000062}}, {"type": "Feature", "geometry": {"type": "Point", "coordinates": [965944.0136724538, 1949437.2565190694]}, "properties": {"kind": "drone", "drone_id": 10, "frame": 88, "time_s": 88.0, "timestamp": "2025-01-01T00:01:28", "mode": "MIN_MAX", "is_static": false, "battery": 48.49999999999981}}, {"type": "Feature", "geometry": {"type": "Point", "coordinates": [964582.3887885516, 1949636.8363115273]}, "properties": {"kind": "drone", "drone_id": 11, "frame": 88, "time_s": 88.0, "timestamp": "2025-01-01T00:01:28", "mode": "MIN_MAX", "is_static": false, "battery": 36.71140939597285}}, {"type": "Feature", "geometry": {"type": "Point", "coordinates": [963921.225765043, 1949784.0042351661]}, "properties": {"kind": "drone", "drone_id": 12, "frame": 88, "time_s": 88.0, "timestamp": "2025-01-01T00:01:28", "mode": "MIN_MAX", "is_static": false, "battery": 36.71140939597285}}, {"type": "Feature", "geometry": {"type": "Point", "coordinates": [963921.225765043, 1950262.2565190694]}, "properties": {"kind": "drone", "drone_id": 13, "frame": 88, "time_s": 88.0, "timestamp": "2025-01-01T00:01:28", "mode": "MIN_MAX", "is_static": false, "battery": 39.5}}, {"type": "Feature", "geometry": {"type": "Point", "coordinates": [963791.3219544754, 1950830.1136619265]}, "properties": {"kind": "drone", "drone_id": 14, "frame": 88, "time_s": 88.0, "timestamp": "2025-01-01T00:01:28", "mode": "MIN_MAX", "is_static": false, "battery": 44.00000000000082}}, {"type": "Feature", "geometry": {"type": "Point", "coordinates": [962399.4954126789, 1951526.542233355]}, "properties": {"kind": "drone", "drone_id": 15, "frame": 88, "time_s": 88.0, "timestamp": "2025-01-01T00:01:28", "mode": "MIN_MAX", "is_static": false, "battery": 39.500000000000625}}, {"type": "Feature", "geometry": {"type": "Point", "coordinates": [963531.5143333401, 1950980.1136619265]}, "properties": {"kind": "drone", "drone_id": 16, "frame": 88, "time_s": 88.0, "timestamp": "2025-01-01T00:01:28", "mode": "MIN_MAX", "is_static": false, "battery": 50.0}}, {"type": "Feature", "geometry": {"type": "Point", "coordinates": [965276.6279041847, 1949672.5718720327]}, "properties": {"kind": "drone", "drone_id": 17, "frame": 88, "time_s": 88.0, "timestamp": "2025-01-01T00:01:28", "mode": "MIN_MAX", "is_static": false, "battery": 36.71140939597285}}, {"type": "Feature", "geometry": {"type": "Point", "coordinates": [966203.2269142842, 1950122.6276397319]}, "properties": {"kind": "drone", "drone_id": 18, "frame": 88, "time_s": 88.0, "timestamp": "2025-01-01T00:01:28", "mode": "MIN_MAX", "is_static": false, "battery": 36.71140939597285}}, {"type": "Feature", "geometry": {"type": "Point", "coordinates": [962622.1876593664, 1951505.1136619265]}, "properties": {"kind": "drone", "drone_id": 19, "frame": 88, "time_s": 88.0, "timestamp": "2025-01-01T00:01:28", "mode": "MIN_MAX", "is_static": false, "battery": 50.0}}, {"type": "Feature", "geometry": {"type": "Point", "coordinates": [965009.33810969, 1949826.891706836]}, "properties": {"kind": "drone", "drone_id": 20, "frame": 88, "time_s": 88.0, "timestamp": "2025-01-01T00:01:28", "mode": "MIN_MAX", "is_static": false, "battery": 36.71140939597285}}, {"type": "Feature", "geometry": {"type": "Point", "coordinates": [961972.6686065281, 1951730.1136619265]}, "properties": {"kind": "base_A", "drone_id": 0, "frame": 88, "time_s": 88.0, "timestamp": "2025-01-01T00:01:28", "mode": "MIN_MAX", "is_static": true, "battery": 50.0}}, {"type": "Feature", "geometry": {"type": "Point", "coordinates": [966389.3981658287, 1948730.1136619265]}, "properties": {"kind": "base_B", "drone_id": 0, "frame": 88, "time_s": 88.0, "timestamp": "2025-01-01T00:01:28", "mode": "MIN_MAX", "is_static": true, "battery": 50.0}}, {"type": "Feature", "geometry": {"type": "Point", "coordinates": [965425.4098846102, 1949586.6725555835]}, "properties": {"kind": "drone", "drone_id": 1, "frame": 89, "time_s": 89.0, "timestamp": "2025-01-01T00:01:29", "mode": "MIN_MAX", "is_static": false, "battery": 36.560402684563456}}, {"type": "Feature", "geometry": {"type": "Point", "coordinates": [966222.3789808131, 1949276.542233355]}, "properties": {"kind": "drone", "drone_id": 2, "frame": 89, "time_s": 89.0, "timestamp": "2025-01-01T00:01:29", "mode": "MIN_MAX", "is_static": false, "battery": 43.99999999999942}}, {"type": "Feature", "geometry": {"type": "Point", "coordinates": [963809.8796416994, 1950519.3993762122]}, "properties": {"kind": "drone", "drone_id": 3, "frame": 89, "time_s": 89.0, "timestamp": "2025-01-01T00:01:29", "mode": "MIN_MAX", "is_static": false, "battery": 45.49999999999981}}, {"type": "Feature", "geometry": {"type": "Point", "coordinates": [962121.1301043197, 1951494.3993762122]}, "properties": {"kind": "drone", "drone_id": 4, "frame": 89, "time_s": 89.0, "timestamp": "2025-01-01T00:01:29", "mode": "MIN_MAX", "is_static": false, "battery": 43.99999999999981}}, {"type": "Feature", "geometry": {"type": "Point", "coordinates": [966389.3981658287, 1949064.4907833047]}, "properties": {"kind": "drone", "drone_id": 5, "frame": 89, "time_s": 89.0, "timestamp": "2025-01-01T00:01:29", "mode": "MIN_MAX", "is_static": false, "battery": 36.560402684563456}}, {"type": "Feature", "geometry": {"type": "Point", "coordinates": [965640.8721317328, 1949647.9519546458]}, "properties": {"kind": "drone", "drone_id": 6, "frame": 89, "time_s": 89.0, "timestamp": "2025-01-01T00:01:29", "mode": "MIN_MAX", "is_static": false, "battery": 36.560402684563456}}, {"type": "Feature", "geometry": {"type": "Point", "coordinates": [963234.5359600666, 1951151.4846831711]}, "properties": {"kind": "drone", "drone_id": 7, "frame": 89, "time_s": 89.0, "timestamp": "2025-01-01T00:01:29", "mode": "MIN_MAX", "is_static": false, "battery": 36.560402684563456}}, {"type": "Feature", "geometry": {"type": "Point", "coordinates": [965523.9855865664, 1949580.4674763293]}, "properties": {"kind": "drone", "drone_id": 8, "frame": 89, "time_s": 89.0, "timestamp": "2025-01-01T00:01:29", "mode": "MIN_MAX", "is_static": false, "battery": 36.560402684563456}}, {"type": "Feature", "geometry": {"type": "Point", "coordinates": [962956.2260293976, 1951312.2565190694]}, "properties": {"kind": "drone", "drone_id": 9, "frame": 89, "time_s": 89.0, "timestamp": "2025-01-01T00:01:29", "mode": "MIN_MAX", "is_static": false, "battery": 47.00000000000062}}, {"type": "Feature", "geometry": {"type": "Point", "coordinates": [965944.0136724538, 1949437.2565190694]}, "properties": {"kind": "drone", "drone_id": 10, "frame": 89, "time_s": 89.0, "timestamp": "2025-01-01T00:01:29", "mode": "MIN_MAX", "is_static": false, "battery": 48.49999999999981}}, {"type": "Feature", "geometry": {"type": "Point", "coordinates": [964563.882486833, 1949634.0756306045]}, "properties": {"kind": "drone", "drone_id": 11, "frame": 89, "time_s": 89.0, "timestamp": "2025-01-01T00:01:29", "mode": "MIN_MAX", "is_static": false, "battery": 36.560402684563456}}, {"type": "Feature", "geometry": {"type": "Point", "coordinates": [963921.225765043, 1949797.4072801643]}, "properties": {"kind": "drone", "drone_id": 12, "frame": 89, "time_s": 89.0, "timestamp": "2025-01-01T00:01:29", "mode": "MIN_MAX", "is_static": false, "battery": 36.560402684563456}}, {"type": "Feature", "geometry": {"type": "Point", "coordinates": [963921.225765043, 1950262.2565190694]}, "properties": {"kind": "drone", "drone_id": 13, "frame": 89, "time_s": 89.0, "timestamp": "2025-01-01T00:01:29", "mode": "MIN_MAX", "is_static": false, "battery": 39.5}}, {"type": "Feature", "geometry": {"type": "Point", "coordinates": [963791.3219544754, 1950830.1136619265]}, "properties": {"kind": "drone", "drone_id": 14, "frame": 89, "time_s": 89.0, "timestamp": "2025-01-01T00:01:29", "mode": "MIN_MAX", "is_static": false, "battery": 44.00000000000082}}, {"type": "Feature", "geometry": {"type": "Point", "coordinates": [962399.4954126789, 1951526.542233355]}, "properties": {"kind": "drone", "drone_id": 15, "frame": 89, "time_s": 89.0, "timestamp": "2025-01-01T00:01:29", "mode": "MIN_MAX", "is_static": false, "battery": 39.500000000000625}}, {"type": "Feature", "geometry": {"type": "Point", "coordinates": [963531.5143333401, 1950980.1136619265]}, "properties": {"kind": "drone", "drone_id": 16, "frame": 89, "time_s": 89.0, "timestamp": "2025-01-01T00:01:29", "mode": "MIN_MAX", "is_static": false, "battery": 50.0}}, {"type": "Feature", "geometry": {"type": "Point", "coordinates": [965257.6054854143, 1949683.5544706306]}, "properties": {"kind": "drone", "drone_id": 17, "frame": 89, "time_s": 89.0, "timestamp": "2025-01-01T00:01:29", "mode": "MIN_MAX", "is_static": false, "battery": 36.560402684563456}}, {"type": "Feature", "geometry": {"type": "Point", "coordinates": [966184.468894376, 1950111.7976918884]}, "properties": {"kind": "drone", "drone_id": 18, "frame": 89, "time_s": 89.0, "timestamp": "2025-01-01T00:01:29", "mode": "MIN_MAX", "is_static": false, "battery": 36.560402684563456}}, {"type": "Feature", "geometry": {"type": "Point", "coordinates": [962622.1876593664, 1951505.1136619265]}, "properties": {"kind": "drone", "drone_id": 19, "frame": 89, "time_s": 89.0, "timestamp": "2025-01-01T00:01:29", "mode": "MIN_MAX", "is_static": false, "battery": 50.0}}, {"type": "Feature", "geometry": {"type": "Point", "coordinates": [964990.2011564344, 1949837.9404319497]}, "properties": {"kind": "drone", "drone_id": 20, "frame": 89, "time_s": 89.0, "timestamp": "2025-01-01T00:01:29", "mode": "MIN_MAX", "is_static": false, "battery": 36.560402684563456}}, {"type": "Feature", "geometry": {"type": "Point", "coordinates": [961972.6686065281, 1951730.1136619265]}, "properties": {"kind": "base_A", "drone_id": 0, "frame": 89, "time_s": 89.0, "timestamp": "2025-01-01T00:01:29", "mode": "MIN_MAX", "is_static": true, "battery": 50.0}}, {"type": "Feature", "geometry": {"type": "Point", "coordinates": [966389.3981658287, 1948730.1136619265]}, "properties": {"kind": "base_B", "drone_id": 0, "frame": 89, "time_s": 89.0, "timestamp": "2025-01-01T00:01:29", "mode": "MIN_MAX", "is_static": true, "battery": 50.0}}, {"type": "Feature", "geometry": {"type": "Point", "coordinates": [965418.6118768203, 1949590.597387211]}, "properties": {"kind": "drone", "drone_id": 1, "frame": 90, "time_s": 90.0, "timestamp": "2025-01-01T00:01:30", "mode": "MIN_MAX", "is_static": false, "battery": 36.409395973154055}}, {"type": "Feature", "geometry": {"type": "Point", "coordinates": [966222.3789808131, 1949276.542233355]}, "properties": {"kind": "drone", "drone_id": 2, "frame": 90, "time_s": 90.0, "timestamp": "2025-01-01T00:01:30", "mode": "MIN_MAX", "is_static": false, "battery": 43.99999999999942}}, {"type": "Feature", "geometry": {"type": "Point", "coordinates": [963809.8796416994, 1950519.3993762122]}, "properties": {"kind": "drone", "drone_id": 3, "frame": 90, "time_s": 90.0, "timestamp": "2025-01-01T00:01:30", "mode": "MIN_MAX", "is_static": false, "battery": 45.49999999999981}}, {"type": "Feature", "geometry": {"type": "Point", "coordinates": [962121.1301043197, 1951494.3993762122]}, "properties": {"kind": "drone", "drone_id": 4, "frame": 90, "time_s": 90.0, "timestamp": "2025-01-01T00:01:30", "mode": "MIN_MAX", "is_static": false, "battery": 43.99999999999981}}, {"type": "Feature", "geometry": {"type": "Point", "coordinates": [966389.3981658287, 1949062.182058818]}, "properties": {"kind": "drone", "drone_id": 5, "frame": 90, "time_s": 90.0, "timestamp": "2025-01-01T00:01:30", "mode": "MIN_MAX", "is_static": false, "battery": 36.409395973154055}}, {"type": "Feature", "geometry": {"type": "Point", "coordinates": [965623.0572767599, 1949637.6665433315]}, "properties": {"kind": "drone", "drone_id": 6, "frame": 90, "time_s": 90.0, "timestamp": "2025-01-01T00:01:30", "mode": "MIN_MAX", "is_static": false, "battery": 36.409395973154055}}, {"type": "Feature", "geometry": {"type": "Point", "coordinates": [963234.5913377568, 1951151.542233355]}, "properties": {"kind": "drone", "drone_id": 7, "frame": 90, "time_s": 90.0, "timestamp": "2025-01-01T00:01:30", "mode": "MIN_MAX", "is_static": false, "battery": 36.50000000000047}}, {"type": "Feature", "geometry": {"type": "Point", "coordinates": [965505.1647553591, 1949569.6012643653]}, "properties": {"kind": "drone", "drone_id": 8, "frame": 90, "time_s": 90.0, "timestamp": "2025-01-01T00:01:30", "mode": "MIN_MAX", "is_static": false, "battery": 36.409395973154055}}, {"type": "Feature", "geometry": {"type": "Point", "coordinates": [962956.2260293976, 1951312.2565190694]}, "properties": {"kind": "drone", "drone_id": 9, "frame": 90, "time_s": 90.0, "timestamp": "2025-01-01T00:01:30", "mode": "MIN_MAX", "is_static": false, "battery": 47.00000000000062}}, {"type": "Feature", "geometry": {"type": "Point", "coordinates": [965944.0136724538, 1949437.2565190694]}, "properties": {"kind": "drone", "drone_id": 10, "frame": 90, "time_s": 90.0, "timestamp": "2025-01-01T00:01:30", "mode": "MIN_MAX", "is_static": false, "battery": 48.49999999999981}}, {"type": "Feature", "geometry": {"type": "Point", "coordinates": [964545.537190987, 1949644.6672920994]}, "properties": {"kind": "drone", "drone_id": 11, "frame": 90, "time_s": 90.0, "timestamp": "2025-01-01T00:01:30", "mode": "MIN_MAX", "is_static": false, "battery": 36.409395973154055}}, {"type": "Feature", "geometry": {"type": "Point", "coordinates": [963921.225765043, 1949810.3090450077]}, "properties": {"kind": "drone", "drone_id": 12, "frame": 90, "time_s": 90.0, "timestamp": "2025-01-01T00:01:30", "mode": "MIN_MAX", "is_static": false, "battery": 36.409395973154055}}, {"type": "Feature", "geometry": {"type": "Point", "coordinates": [963921.225765043, 1950262.2565190694]}, "properties": {"kind": "drone", "drone_id": 13, "frame": 90, "time_s": 90.0, "timestamp": "2025-01-01T00:01:30", "mode": "MIN_MAX", "is_static": false, "battery": 39.5}}, {"type": "Feature", "geometry": {"type": "Point", "coordinates": [963791.3219544754, 1950830.1136619265]}, "properties": {"kind": "drone", "drone_id": 14, "frame": 90, "time_s": 90.0, "timestamp": "2025-01-01T00:01:30", "mode": "MIN_MAX", "is_static": false, "battery": 44.00000000000082}}, {"type": "Feature", "geometry": {"type": "Point", "coordinates": [962399.4954126789, 1951526.542233355]}, "properties": {"kind": "drone", "drone_id": 15, "frame": 90, "time_s": 90.0, "timestamp": "2025-01-01T00:01:30", "mode": "MIN_MAX", "is_static": false, "battery": 39.500000000000625}}, {"type": "Feature", "geometry": {"type": "Point", "coordinates": [963531.5143333401, 1950980.1136619265]}, "properties": {"kind": "drone", "drone_id": 16, "frame": 90, "time_s": 90.0, "timestamp": "2025-01-01T00:01:30", "mode": "MIN_MAX", "is_static": false, "battery": 50.0}}, {"type": "Feature", "geometry": {"type": "Point", "coordinates": [965238.6860985773, 1949694.4775837138]}, "properties": {"kind": "drone", "drone_id": 17, "frame": 90, "time_s": 90.0, "timestamp": "2025-01-01T00:01:30", "mode": "MIN_MAX", "is_static": false, "battery": 36.409395973154055}}, {"type": "Feature", "geometry": {"type": "Point", "coordinates": [966165.8124743266, 1950101.0264027508]}, "properties": {"kind": "drone", "drone_id": 18, "frame": 90, "time_s": 90.0, "timestamp": "2025-01-01T00:01:30", "mode": "MIN_MAX", "is_static": false, "battery": 36.409395973154055}}, {"type": "Feature", "geometry": {"type": "Point", "coordinates": [962622.1876593664, 1951505.1136619265]}, "properties": {"kind": "drone", "drone_id": 19, "frame": 90, "time_s": 90.0, "timestamp": "2025-01-01T00:01:30", "mode": "MIN_MAX", "is_static": false, "battery": 50.0}}, {"type": "Feature", "geometry": {"type": "Point", "coordinates": [964971.1678554704, 1949848.9293133847]}, "properties": {"kind": "drone", "drone_id": 20, "frame": 90, "time_s": 90.0, "timestamp": "2025-01-01T00:01:30", "mode": "MIN_MAX", "is_static": false, "battery": 36.409395973154055}}, {"type": "Feature", "geometry": {"type": "Point", "coordinates": [961972.6686065281, 1951730.1136619265]}, "properties": {"kind": "base_A", "drone_id": 0, "frame": 90, "time_s": 90.0, "timestamp": "2025-01-01T00:01:30", "mode": "MIN_MAX", "is_static": true, "battery": 50.0}}, {"type": "Feature", "geometry": {"type": "Point", "coordinates": [966389.3981658287, 1948730.1136619265]}, "properties": {"kind": "base_B", "drone_id": 0, "frame": 90, "time_s": 90.0, "timestamp": "2025-01-01T00:01:30", "mode": "MIN_MAX", "is_static": true, "battery": 50.0}}, {"type": "Feature", "geometry": {"type": "Point", "coordinates": [965412.4370197445, 1949594.162442606]}, "properties": {"kind": "drone", "drone_id": 1, "frame": 91, "time_s": 91.0, "timestamp": "2025-01-01T00:01:31", "mode": "MIN_MAX", "is_static": false, "battery": 36.258389261744654}}, {"type": "Feature", "geometry": {"type": "Point", "coordinates": [966222.3789808131, 1949276.542233355]}, "properties": {"kind": "drone", "drone_id": 2, "frame": 91, "time_s": 91.0, "timestamp": "2025-01-01T00:01:31", "mode": "MIN_MAX", "is_static": false, "battery": 43.99999999999942}}, {"type": "Feature", "geometry": {"type": "Point", "coordinates": [963809.8796416994, 1950519.3993762122]}, "properties": {"kind": "drone", "drone_id": 3, "frame": 91, "time_s": 91.0, "timestamp": "2025-01-01T00:01:31", "mode": "MIN_MAX", "is_static": false, "battery": 45.49999999999981}}, {"type": "Feature", "geometry": {"type": "Point", "coordinates": [962121.1301043197, 1951494.3993762122]}, "properties": {"kind": "drone", "drone_id": 4, "frame": 91, "time_s": 91.0, "timestamp": "2025-01-01T00:01:31", "mode": "MIN_MAX", "is_static": false, "battery": 43.99999999999981}}, {"type": "Feature", "geometry": {"type": "Point", "coordinates": [966389.3981658287, 1949060.0849674093]}, "properties": {"kind": "drone", "drone_id": 5, "frame": 91, "time_s": 91.0, "timestamp": "2025-01-01T00:01:31", "mode": "MIN_MAX", "is_static": false, "battery": 36.258389261744654}}, {"type": "Feature", "geometry": {"type": "Point", "coordinates": [965605.406803996, 1949627.47603813]}, "properties": {"kind": "drone", "drone_id": 6, "frame": 91, "time_s": 91.0, "timestamp": "2025-01-01T00:01:31", "mode": "MIN_MAX", "is_static": false, "battery": 36.258389261744654}}, {"type": "Feature", "geometry": {"type": "Point", "coordinates": [963234.5913377568, 1951151.542233355]}, "properties": {"kind": "drone", "drone_id": 7, "frame": 91, "time_s": 91.0, "timestamp": "2025-01-01T00:01:31", "mode": "MIN_MAX", "is_static": false, "battery": 36.50000000000047}}, {"type": "Feature", "geometry": {"type": "Point", "coordinates": [965486.4534880026, 1949558.7983091203]}, "properties": {"kind": "drone", "drone_id": 8, "frame": 91, "time_s": 91.0, "timestamp": "2025-01-01T00:01:31", "mode": "MIN_MAX", "is_static": false, "battery": 36.258389261744654}}, {"type": "Feature", "geometry": {"type": "Point", "coordinates": [962956.2260293976, 1951312.2565190694]}, "properties": {"kind": "drone", "drone_id": 9, "frame": 91, "time_s": 91.0, "timestamp": "2025-01-01T00:01:31", "mode": "MIN_MAX", "is_static": false, "battery": 47.00000000000062}}, {"type": "Feature", "geometry": {"type": "Point", "coordinates": [965944.0136724538, 1949437.2565190694]}, "properties": {"kind": "drone", "drone_id": 10, "frame": 91, "time_s": 91.0, "timestamp": "2025-01-01T00:01:31", "mode": "MIN_MAX", "is_static": false, "battery": 48.49999999999981}}, {"type": "Feature", "geometry": {"type": "Point", "coordinates": [964527.3611718634, 1949655.1612216334]}, "properties": {"kind": "drone", "drone_id": 11, "frame": 91, "time_s": 91.0, "timestamp": "2025-01-01T00:01:31", "mode": "MIN_MAX", "is_static": false, "battery": 36.258389261744654}}, {"type": "Feature", "geometry": {"type": "Point", "coordinates": [963921.225765043, 1949822.6949434646]}, "properties": {"kind": "drone", "drone_id": 12, "frame": 91, "time_s": 91.0, "timestamp": "2025-01-01T00:01:31", "mode": "MIN_MAX", "is_static": false, "battery": 36.258389261744654}}, {"type": "Feature", "geometry": {"type": "Point", "coordinates": [963921.225765043, 1950262.2565190694]}, "properties": {"kind": "drone", "drone_id": 13, "frame": 91, "time_s": 91.0, "timestamp": "2025-01-01T00:01:31", "mode": "MIN_MAX", "is_static": false, "battery": 39.5}}, {"type": "Feature", "geometry": {"type": "Point", "coordinates": [963791.3219544754, 1950830.1136619265]}, "properties": {"kind": "drone", "drone_id": 14, "frame": 91, "time_s": 91.0, "timestamp": "2025-01-01T00:01:31", "mode": "MIN_MAX", "is_static": false, "battery": 44.00000000000082}}, {"type": "Feature", "geometry": {"type": "Point", "coordinates": [962399.4954126789, 1951526.542233355]}, "properties": {"kind": "drone", "drone_id": 15, "frame": 91, "time_s": 91.0, "timestamp": "2025-01-01T00:01:31", "mode": "MIN_MAX", "is_static": false, "battery": 39.500000000000625}}, {"type": "Feature", "geometry": {"type": "Point", "coordinates": [963531.5143333401, 1950980.1136619265]}, "properties": {"kind": "drone", "drone_id": 16, "frame": 91, "time_s": 91.0, "timestamp": "2025-01-01T00:01:31", "mode": "MIN_MAX", "is_static": false, "battery": 50.0}}, {"type": "Feature", "geometry": {"type": "Point", "coordinates": [965219.8768493246, 1949705.337108833]}, "properties": {"kind": "drone", "drone_id": 17, "frame": 91, "time_s": 91.0, "timestamp": "2025-01-01T00:01:31", "mode": "MIN_MAX", "is_static": false, "battery": 36.258389261744654}}, {"type": "Feature", "geometry": {"type": "Point", "coordinates": [966147.2646610229, 1950090.317817747]}, "properties": {"kind": "drone", "drone_id": 18, "frame": 91, "time_s": 91.0, "timestamp": "2025-01-01T00:01:31", "mode": "MIN_MAX", "is_static": false, "battery": 36.258389261744654}}, {"type": "Feature", "geometry": {"type": "Point", "coordinates": [962622.1876593664, 1951505.1136619265]}, "properties": {"kind": "drone", "drone_id": 19, "frame": 91, "time_s": 91.0, "timestamp": "2025-01-01T00:01:31", "mode": "MIN_MAX", "is_static": false, "battery": 50.0}}, {"type": "Feature", "geometry": {"type": "Point", "coordinates": [964952.2453552319, 1949850.3730998617]}, "properties": {"kind": "drone", "drone_id": 20, "frame": 91, "time_s": 91.0, "timestamp": "2025-01-01T00:01:31", "mode": "MIN_MAX", "is_static": false, "battery": 36.25838926174466}}, {"type": "Feature", "geometry": {"type": "Point", "coordinates": [961972.6686065281, 1951730.1136619265]}, "properties": {"kind": "base_A", "drone_id": 0, "frame": 91, "time_s": 91.0, "timestamp": "2025-01-01T00:01:31", "mode": "MIN_MAX", "is_static": true, "battery": 50.0}}, {"type": "Feature", "geometry": {"type": "Point", "coordinates": [966389.3981658287, 1948730.1136619265]}, "properties": {"kind": "base_B", "drone_id": 0, "frame": 91, "time_s": 91.0, "timestamp": "2025-01-01T00:01:31", "mode": "MIN_MAX", "is_static": true, "battery": 50.0}}, {"type": "Feature", "geometry": {"type": "Point", "coordinates": [965406.9007634005, 1949597.3588016964]}, "properties": {"kind": "drone", "drone_id": 1, "frame": 92, "time_s": 92.0, "timestamp": "2025-01-01T00:01:32", "mode": "MIN_MAX", "is_static": false, "battery": 36.10738255033526}}, {"type": "Feature", "geometry": {"type": "Point", "coordinates": [966222.3789808131, 1949276.542233355]}, "properties": {"kind": "drone", "drone_id": 2, "frame": 92, "time_s": 92.0, "timestamp": "2025-01-01T00:01:32", "mode": "MIN_MAX", "is_static": false, "battery": 43.99999999999942}}, {"type": "Feature", "geometry": {"type": "Point", "coordinates": [963809.8796416994, 1950519.3993762122]}, "properties": {"kind": "drone", "drone_id": 3, "frame": 92, "time_s": 92.0, "timestamp": "2025-01-01T00:01:32", "mode": "MIN_MAX", "is_static": false, "battery": 45.49999999999981}}, {"type": "Feature", "geometry": {"type": "Point", "coordinates": [962121.1301043197, 1951494.3993762122]}, "properties": {"kind": "drone", "drone_id": 4, "frame": 92, "time_s": 92.0, "timestamp": "2025-01-01T00:01:32", "mode": "MIN_MAX", "is_static": false, "battery": 43.99999999999981}}, {"type": "Feature", "geometry": {"type": "Point", "coordinates": [966389.3981658287, 1949058.2047561794]}, "properties": {"kind": "drone", "drone_id": 5, "frame": 92, "time_s": 92.0, "timestamp": "2025-01-01T00:01:32", "mode": "MIN_MAX", "is_static": false, "battery": 36.10738255033526}}, {"type": "Feature", "geometry": {"type": "Point", "coordinates": [965587.9287451451, 1949617.3850761475]}, "properties": {"kind": "drone", "drone_id": 6, "frame": 92, "time_s": 92.0, "timestamp": "2025-01-01T00:01:32", "mode": "MIN_MAX", "is_static": false, "battery": 36.10738255033526}}, {"type": "Feature", "geometry": {"type": "Point", "coordinates": [963234.5913377568, 1951151.542233355]}, "properties": {"kind": "drone", "drone_id": 7, "frame": 92, "time_s": 92.0, "timestamp": "2025-01-01T00:01:32", "mode": "MIN_MAX", "is_static": false, "battery": 36.50000000000047}}, {"type": "Feature", "geometry": {"type": "Point", "coordinates": [965467.8588531328, 1949562.1646321802]}, "properties": {"kind": "drone", "drone_id": 8, "frame": 92, "time_s": 92.0, "timestamp": "2025-01-01T00:01:32", "mode": "MIN_MAX", "is_static": false, "battery": 36.10738255033526}}, {"type": "Feature", "geometry": {"type": "Point", "coordinates": [962956.2260293976, 1951312.2565190694]}, "properties": {"kind": "drone", "drone_id": 9, "frame": 92, "time_s": 92.0, "timestamp": "2025-01-01T00:01:32", "mode": "MIN_MAX", "is_static": false, "battery": 47.00000000000062}}, {"type": "Feature", "geometry": {"type": "Point", "coordinates": [965944.0136724538, 1949437.2565190694]}, "properties": {"kind": "drone", "drone_id": 10, "frame": 92, "time_s": 92.0, "timestamp": "2025-01-01T00:01:32", "mode": "MIN_MAX", "is_static": false, "battery": 48.49999999999981}}, {"type": "Feature", "geometry": {"type": "Point", "coordinates": [964509.3627003115, 1949665.5526440288]}, "properties": {"kind": "drone", "drone_id": 11, "frame": 92, "time_s": 92.0, "timestamp": "2025-01-01T00:01:32", "mode": "MIN_MAX", "is_static": false, "battery": 36.10738255033526}}, {"type": "Feature", "geometry": {"type": "Point", "coordinates": [963921.225765043, 1949834.5503893034]}, "properties": {"kind": "drone", "drone_id": 12, "frame": 92, "time_s": 92.0, "timestamp": "2025-01-01T00:01:32", "mode": "MIN_MAX", "is_static": false, "battery": 36.10738255033526}}, {"type": "Feature", "geometry": {"type": "Point", "coordinates": [963921.225765043, 1950262.2565190694]}, "properties": {"kind": "drone", "drone_id": 13, "frame": 92, "time_s": 92.0, "timestamp": "2025-01-01T00:01:32", "mode": "MIN_MAX", "is_static": false, "battery": 39.5}}, {"type": "Feature", "geometry": {"type": "Point", "coordinates": [963791.3219544754, 1950830.1136619265]}, "properties": {"kind": "drone", "drone_id": 14, "frame": 92, "time_s": 92.0, "timestamp": "2025-01-01T00:01:32", "mode": "MIN_MAX", "is_static": false, "battery": 44.00000000000082}}, {"type": "Feature", "geometry": {"type": "Point", "coordinates": [962399.4954126789, 1951526.542233355]}, "properties": {"kind": "drone", "drone_id": 15, "frame": 92, "time_s": 92.0, "timestamp": "2025-01-01T00:01:32", "mode": "MIN_MAX", "is_static": false, "battery": 39.500000000000625}}, {"type": "Feature", "geometry": {"type": "Point", "coordinates": [963531.5143333401, 1950980.1136619265]}, "properties": {"kind": "drone", "drone_id": 16, "frame": 92, "time_s": 92.0, "timestamp": "2025-01-01T00:01:32", "mode": "MIN_MAX", "is_static": false, "battery": 50.0}}, {"type": "Feature", "geometry": {"type": "Point", "coordinates": [965201.1848433065, 1949716.1289435392]}, "properties": {"kind": "drone", "drone_id": 17, "frame": 92, "time_s": 92.0, "timestamp": "2025-01-01T00:01:32", "mode": "MIN_MAX", "is_static": false, "battery": 36.10738255033526}}, {"type": "Feature", "geometry": {"type": "Point", "coordinates": [966129.5905446934, 1950079.2383026835]}, "properties": {"kind": "drone", "drone_id": 18, "frame": 92, "time_s": 92.0, "timestamp": "2025-01-01T00:01:32", "mode": "MIN_MAX", "is_static": false, "battery": 36.10738255033525}}, {"type": "Feature", "geometry": {"type": "Point", "coordinates": [962622.1876593664, 1951505.1136619265]}, "properties": {"kind": "drone", "drone_id": 19, "frame": 92, "time_s": 92.0, "timestamp": "2025-01-01T00:01:32", "mode": "MIN_MAX", "is_static": false, "battery": 50.0}}, {"type": "Feature", "geometry": {"type": "Point", "coordinates": [964933.4408041527, 1949839.5162872341]}, "properties": {"kind": "drone", "drone_id": 20, "frame": 92, "time_s": 92.0, "timestamp": "2025-01-01T00:01:32", "mode": "MIN_MAX", "is_static": false, "battery": 36.10738255033526}}, {"type": "Feature", "geometry": {"type": "Point", "coordinates": [961972.6686065281, 1951730.1136619265]}, "properties": {"kind": "base_A", "drone_id": 0, "frame": 92, "time_s": 92.0, "timestamp": "2025-01-01T00:01:32", "mode": "MIN_MAX", "is_static": true, "battery": 50.0}}, {"type": "Feature", "geometry": {"type": "Point", "coordinates": [966389.3981658287, 1948730.1136619265]}, "properties": {"kind": "base_B", "drone_id": 0, "frame": 92, "time_s": 92.0, "timestamp": "2025-01-01T00:01:32", "mode": "MIN_MAX", "is_static": true, "battery": 50.0}}, {"type": "Feature", "geometry": {"type": "Point", "coordinates": [965402.0185578059, 1949600.1775444108]}, "properties": {"kind": "drone", "drone_id": 1, "frame": 93, "time_s": 93.0, "timestamp": "2025-01-01T00:01:33", "mode": "MIN_MAX", "is_static": false, "battery": 35.95637583892586}}, {"type": "Feature", "geometry": {"type": "Point", "coordinates": [966222.3789808131, 1949276.542233355]}, "properties": {"kind": "drone", "drone_id": 2, "frame": 93, "time_s": 93.0, "timestamp": "2025-01-01T00:01:33", "mode": "MIN_MAX", "is_static": false, "battery": 43.99999999999942}}, {"type": "Feature", "geometry": {"type": "Point", "coordinates": [963809.8796416994, 1950519.3993762122]}, "properties": {"kind": "drone", "drone_id": 3, "frame": 93, "time_s": 93.0, "timestamp": "2025-01-01T00:01:33", "mode": "MIN_MAX", "is_static": false, "battery": 45.49999999999981}}, {"type": "Feature", "geometry": {"type": "Point", "coordinates": [962121.1301043197, 1951494.3993762122]}, "properties": {"kind": "drone", "drone_id": 4, "frame": 93, "time_s": 93.0, "timestamp": "2025-01-01T00:01:33", "mode": "MIN_MAX", "is_static": false, "battery": 43.99999999999981}}, {"type": "Feature", "geometry": {"type": "Point", "coordinates": [966389.3981658287, 1949056.54667223]}, "properties": {"kind": "drone", "drone_id": 5, "frame": 93, "time_s": 93.0, "timestamp": "2025-01-01T00:01:33", "mode": "MIN_MAX", "is_static": false, "battery": 35.95637583892586}}, {"type": "Feature", "geometry": {"type": "Point", "coordinates": [965570.6311319113, 1949607.3982944905]}, "properties": {"kind": "drone", "drone_id": 6, "frame": 93, "time_s": 93.0, "timestamp": "2025-01-01T00:01:33", "mode": "MIN_MAX", "is_static": false, "battery": 35.95637583892586}}, {"type": "Feature", "geometry": {"type": "Point", "coordinates": [963234.5913377568, 1951151.542233355]}, "properties": {"kind": "drone", "drone_id": 7, "frame": 93, "time_s": 93.0, "timestamp": "2025-01-01T00:01:33", "mode": "MIN_MAX", "is_static": false, "battery": 36.50000000000047}}, {"type": "Feature", "geometry": {"type": "Point", "coordinates": [965449.3879193852, 1949572.8288307516]}, "properties": {"kind": "drone", "drone_id": 8, "frame": 93, "time_s": 93.0, "timestamp": "2025-01-01T00:01:33", "mode": "MIN_MAX", "is_static": false, "battery": 35.95637583892586}}, {"type": "Feature", "geometry": {"type": "Point", "coordinates": [962956.2260293976, 1951312.2565190694]}, "properties": {"kind": "drone", "drone_id": 9, "frame": 93, "time_s": 93.0, "timestamp": "2025-01-01T00:01:33", "mode": "MIN_MAX", "is_static": false, "battery": 47.00000000000062}}, {"type": "Feature", "geometry": {"type": "Point", "coordinates": [965944.0136724538, 1949437.2565190694]}, "properties": {"kind": "drone", "drone_id": 10, "frame": 93, "time_s": 93.0, "timestamp": "2025-01-01T00:01:33", "mode": "MIN_MAX", "is_static": false, "battery": 48.49999999999981}}, {"type": "Feature", "geometry": {"type": "Point", "coordinates": [964491.5500471811, 1949675.8367841088]}, "properties": {"kind": "drone", "drone_id": 11, "frame": 93, "time_s": 93.0, "timestamp": "2025-01-01T00:01:33", "mode": "MIN_MAX", "is_static": false, "battery": 35.95637583892586}}, {"type": "Feature", "geometry": {"type": "Point", "coordinates": [963921.225765043, 1949845.8607962928]}, "properties": {"kind": "drone", "drone_id": 12, "frame": 93, "time_s": 93.0, "timestamp": "2025-01-01T00:01:33", "mode": "MIN_MAX", "is_static": false, "battery": 35.95637583892586}}, {"type": "Feature", "geometry": {"type": "Point", "coordinates": [963921.225765043, 1950262.2565190694]}, "properties": {"kind": "drone", "drone_id": 13, "frame": 93, "time_s": 93.0, "timestamp": "2025-01-01T00:01:33", "mode": "MIN_MAX", "is_static": false, "battery": 39.5}}, {"type": "Feature", "geometry": {"type": "Point", "coordinates": [963791.3219544754, 1950830.1136619265]}, "properties": {"kind": "drone", "drone_id": 14, "frame": 93, "time_s": 93.0, "timestamp": "2025-01-01T00:01:33", "mode": "MIN_MAX", "is_static": false, "battery": 44.00000000000082}}, {"type": "Feature", "geometry": {"type": "Point", "coordinates": [962399.4954126789, 1951526.542233355]}, "properties": {"kind": "drone", "drone_id": 15, "frame": 93, "time_s": 93.0, "timestamp": "2025-01-01T00:01:33", "mode": "MIN_MAX", "is_static": false, "battery": 39.500000000000625}}, {"type": "Feature", "geometry": {"type": "Point", "coordinates": [963531.5143333401, 1950980.1136619265]}, "properties": {"kind": "drone", "drone_id": 16, "frame": 93, "time_s": 93.0, "timestamp": "2025-01-01T00:01:33", "mode": "MIN_MAX", "is_static": false, "battery": 50.0}}, {"type": "Feature", "geometry": {"type": "Point", "coordinates": [965182.6171861739, 1949726.848985383]}, "properties": {"kind": "drone", "drone_id": 17, "frame": 93, "time_s": 93.0, "timestamp": "2025-01-01T00:01:33", "mode": "MIN_MAX", "is_static": false, "battery": 35.95637583892586}}, {"type": "Feature", "geometry": {"type": "Point", "coordinates": [966129.5905446934, 1950058.096221779]}, "properties": {"kind": "drone", "drone_id": 18, "frame": 93, "time_s": 93.0, "timestamp": "2025-01-01T00:01:33", "mode": "MIN_MAX", "is_static": false, "battery": 35.95637583892586}}, {"type": "Feature", "geometry": {"type": "Point", "coordinates": [962622.1876593664, 1951505.1136619265]}, "properties": {"kind": "drone", "drone_id": 19, "frame": 93, "time_s": 93.0, "timestamp": "2025-01-01T00:01:33", "mode": "MIN_MAX", "is_static": false, "battery": 50.0}}, {"type": "Feature", "geometry": {"type": "Point", "coordinates": [964914.7613506669, 1949828.7316997359]}, "properties": {"kind": "drone", "drone_id": 20, "frame": 93, "time_s": 93.0, "timestamp": "2025-01-01T00:01:33", "mode": "MIN_MAX", "is_static": false, "battery": 35.95637583892586}}, {"type": "Feature", "geometry": {"type": "Point", "coordinates": [961972.6686065281, 1951730.1136619265]}, "properties": {"kind": "base_A", "drone_id": 0, "frame": 93, "time_s": 93.0, "timestamp": "2025-01-01T00:01:33", "mode": "MIN_MAX", "is_static": true, "battery": 50.0}}, {"type": "Feature", "geometry": {"type": "Point", "coordinates": [966389.3981658287, 1948730.1136619265]}, "properties": {"kind": "base_B", "drone_id": 0, "frame": 93, "time_s": 93.0, "timestamp": "2025-01-01T00:01:33", "mode": "MIN_MAX", "is_static": true, "battery": 50.0}}, {"type": "Feature", "geometry": {"type": "Point", "coordinates": [965397.8058529786, 1949602.609750677]}, "properties": {"kind": "drone", "drone_id": 1, "frame": 94, "time_s": 94.0, "timestamp": "2025-01-01T00:01:34", "mode": "MIN_MAX", "is_static": false, "battery": 35.80536912751646}}, {"type": "Feature", "geometry": {"type": "Point", "coordinates": [966222.3789808131, 1949276.542233355]}, "properties": {"kind": "drone", "drone_id": 2, "frame": 94, "time_s": 94.0, "timestamp": "2025-01-01T00:01:34", "mode": "MIN_MAX", "is_static": false, "battery": 43.99999999999942}}, {"type": "Feature", "geometry": {"type": "Point", "coordinates": [963809.8796416994, 1950519.3993762122]}, "properties": {"kind": "drone", "drone_id": 3, "frame": 94, "time_s": 94.0, "timestamp": "2025-01-01T00:01:34", "mode": "MIN_MAX", "is_static": false, "battery": 45.49999999999981}}, {"type": "Feature", "geometry": {"type": "Point", "coordinates": [962121.1301043197, 1951494.3993762122]}, "properties": {"kind": "drone", "drone_id": 4, "frame": 94, "time_s": 94.0, "timestamp": "2025-01-01T00:01:34", "mode": "MIN_MAX", "is_static": false, "battery": 43.99999999999981}}, {"type": "Feature", "geometry": {"type": "Point", "coordinates": [966389.3981658287, 1949055.1159626616]}, "properties": {"kind": "drone", "drone_id": 5, "frame": 94, "time_s": 94.0, "timestamp": "2025-01-01T00:01:34", "mode": "MIN_MAX", "is_static": false, "battery": 35.80536912751646}}, {"type": "Feature", "geometry": {"type": "Point", "coordinates": [965553.5219959986, 1949597.5203302659]}, "properties": {"kind": "drone", "drone_id": 6, "frame": 94, "time_s": 94.0, "timestamp": "2025-01-01T00:01:34", "mode": "MIN_MAX", "is_static": false, "battery": 35.80536912751646}}, {"type": "Feature", "geometry": {"type": "Point", "coordinates": [963234.5913377568, 1951151.542233355]}, "properties": {"kind": "drone", "drone_id": 7, "frame": 94, "time_s": 94.0, "timestamp": "2025-01-01T00:01:34", "mode": "MIN_MAX", "is_static": false, "battery": 36.50000000000047}}, {"type": "Feature", "geometry": {"type": "Point", "coordinates": [965431.0477553953, 1949583.4175293683]}, "properties": {"kind": "drone", "drone_id": 8, "frame": 94, "time_s": 94.0, "timestamp": "2025-01-01T00:01:34", "mode": "MIN_MAX", "is_static": false, "battery": 35.80536912751646}}, {"type": "Feature", "geometry": {"type": "Point", "coordinates": [962956.2260293976, 1951312.2565190694]}, "properties": {"kind": "drone", "drone_id": 9, "frame": 94, "time_s": 94.0, "timestamp": "2025-01-01T00:01:34", "mode": "MIN_MAX", "is_static": false, "battery": 47.00000000000062}}, {"type": "Feature", "geometry": {"type": "Point", "coordinates": [965944.0136724538, 1949437.2565190694]}, "properties": {"kind": "drone", "drone_id": 10, "frame": 94, "time_s": 94.0, "timestamp": "2025-01-01T00:01:34", "mode": "MIN_MAX", "is_static": false, "battery": 48.49999999999981}}, {"type": "Feature", "geometry": {"type": "Point", "coordinates": [964473.9314833217, 1949686.0088666957]}, "properties": {"kind": "drone", "drone_id": 11, "frame": 94, "time_s": 94.0, "timestamp": "2025-01-01T00:01:34", "mode": "MIN_MAX", "is_static": false, "battery": 35.80536912751646}}, {"type": "Feature", "geometry": {"type": "Point", "coordinates": [963921.225765043, 1949856.6115782012]}, "properties": {"kind": "drone", "drone_id": 12, "frame": 94, "time_s": 94.0, "timestamp": "2025-01-01T00:01:34", "mode": "MIN_MAX", "is_static": false, "battery": 35.80536912751646}}, {"type": "Feature", "geometry": {"type": "Point", "coordinates": [963921.225765043, 1950262.2565190694]}, "properties": {"kind": "drone", "drone_id": 13, "frame": 94, "time_s": 94.0, "timestamp": "2025-01-01T00:01:34", "mode": "MIN_MAX", "is_static": false, "battery": 39.5}}, {"type": "Feature", "geometry": {"type": "Point", "coordinates": [963791.3219544754, 1950830.1136619265]}, "properties": {"kind": "drone", "drone_id": 14, "frame": 94, "time_s": 94.0, "timestamp": "2025-01-01T00:01:34", "mode": "MIN_MAX", "is_static": false, "battery": 44.00000000000082}}, {"type": "Feature", "geometry": {"type": "Point", "coordinates": [962399.4954126789, 1951526.542233355]}, "properties": {"kind": "drone", "drone_id": 15, "frame": 94, "time_s": 94.0, "timestamp": "2025-01-01T00:01:34", "mode": "MIN_MAX", "is_static": false, "battery": 39.500000000000625}}, {"type": "Feature", "geometry": {"type": "Point", "coordinates": [963531.5143333401, 1950980.1136619265]}, "properties": {"kind": "drone", "drone_id": 16, "frame": 94, "time_s": 94.0, "timestamp": "2025-01-01T00:01:34", "mode": "MIN_MAX", "is_static": false, "battery": 50.0}}, {"type": "Feature", "geometry": {"type": "Point", "coordinates": [965164.1809835773, 1949737.493131915]}, "properties": {"kind": "drone", "drone_id": 17, "frame": 94, "time_s": 94.0, "timestamp": "2025-01-01T00:01:34", "mode": "MIN_MAX", "is_static": false, "battery": 35.80536912751646}}, {"type": "Feature", "geometry": {"type": "Point", "coordinates": [966129.5905446934, 1950037.1038217102]}, "properties": {"kind": "drone", "drone_id": 18, "frame": 94, "time_s": 94.0, "timestamp": "2025-01-01T00:01:34", "mode": "MIN_MAX", "is_static": false, "battery": 35.80536912751646}}, {"type": "Feature", "geometry": {"type": "Point", "coordinates": [962622.1876593664, 1951505.1136619265]}, "properties": {"kind": "drone", "drone_id": 19, "frame": 94, "time_s": 94.0, "timestamp": "2025-01-01T00:01:34", "mode": "MIN_MAX", "is_static": false, "battery": 50.0}}, {"type": "Feature", "geometry": {"type": "Point", "coordinates": [964896.2141432081, 1949818.0234645167]}, "properties": {"kind": "drone", "drone_id": 20, "frame": 94, "time_s": 94.0, "timestamp": "2025-01-01T00:01:34", "mode": "MIN_MAX", "is_static": false, "battery": 35.80536912751646}}, {"type": "Feature", "geometry": {"type": "Point", "coordinates": [961972.6686065281, 1951730.1136619265]}, "properties": {"kind": "base_A", "drone_id": 0, "frame": 94, "time_s": 94.0, "timestamp": "2025-01-01T00:01:34", "mode": "MIN_MAX", "is_static": true, "battery": 50.0}}, {"type": "Feature", "geometry": {"type": "Point", "coordinates": [966389.3981658287, 1948730.1136619265]}, "properties": {"kind": "base_B", "drone_id": 0, "frame": 94, "time_s": 94.0, "timestamp": "2025-01-01T00:01:34", "mode": "MIN_MAX", "is_static": true, "battery": 50.0}}, {"type": "Feature", "geometry": {"type": "Point", "coordinates": [965394.2780989361, 1949604.6465004229]}, "properties": {"kind": "drone", "drone_id": 1, "frame": 95, "time_s": 95.0, "timestamp": "2025-01-01T00:01:35", "mode": "MIN_MAX", "is_static": false, "battery": 35.65436241610706}}, {"type": "Feature", "geometry": {"type": "Point", "coordinates": [966222.3789808131, 1949276.542233355]}, "properties": {"kind": "drone", "drone_id": 2, "frame": 95, "time_s": 95.0, "timestamp": "2025-01-01T00:01:35", "mode": "MIN_MAX", "is_static": false, "battery": 43.99999999999942}}, {"type": "Feature", "geometry": {"type": "Point", "coordinates": [963809.8796416994, 1950519.3993762122]}, "properties": {"kind": "drone", "drone_id": 3, "frame": 95, "time_s": 95.0, "timestamp": "2025-01-01T00:01:35", "mode": "MIN_MAX", "is_static": false, "battery": 45.49999999999981}}, {"type": "Feature", "geometry": {"type": "Point", "coordinates": [962121.1301043197, 1951494.3993762122]}, "properties": {"kind": "drone", "drone_id": 4, "frame": 95, "time_s": 95.0, "timestamp": "2025-01-01T00:01:35", "mode": "MIN_MAX", "is_static": false, "battery": 43.99999999999981}}, {"type": "Feature", "geometry": {"type": "Point", "coordinates": [966389.3981658287, 1949053.9178745756]}, "properties": {"kind": "drone", "drone_id": 5, "frame": 95, "time_s": 95.0, "timestamp": "2025-01-01T00:01:35", "mode": "MIN_MAX", "is_static": false, "battery": 35.65436241610706}}, {"type": "Feature", "geometry": {"type": "Point", "coordinates": [965536.609369111, 1949587.7558205796]}, "properties": {"kind": "drone", "drone_id": 6, "frame": 95, "time_s": 95.0, "timestamp": "2025-01-01T00:01:35", "mode": "MIN_MAX", "is_static": false, "battery": 35.65436241610706}}, {"type": "Feature", "geometry": {"type": "Point", "coordinates": [963234.5913377568, 1951151.542233355]}, "properties": {"kind": "drone", "drone_id": 7, "frame": 95, "time_s": 95.0, "timestamp": "2025-01-01T00:01:35", "mode": "MIN_MAX", "is_static": false, "battery": 36.50000000000047}}, {"type": "Feature", "geometry": {"type": "Point", "coordinates": [965412.8454297986, 1949593.9266469514]}, "properties": {"kind": "drone", "drone_id": 8, "frame": 95, "time_s": 95.0, "timestamp": "2025-01-01T00:01:35", "mode": "MIN_MAX", "is_static": false, "battery": 35.65436241610706}}, {"type": "Feature", "geometry": {"type": "Point", "coordinates": [962956.2260293976, 1951312.2565190694]}, "properties": {"kind": "drone", "drone_id": 9, "frame": 95, "time_s": 95.0, "timestamp": "2025-01-01T00:01:35", "mode": "MIN_MAX", "is_static": false, "battery": 47.00000000000062}}, {"type": "Feature", "geometry": {"type": "Point", "coordinates": [965944.0136724538, 1949437.2565190694]}, "properties": {"kind": "drone", "drone_id": 10, "frame": 95, "time_s": 95.0, "timestamp": "2025-01-01T00:01:35", "mode": "MIN_MAX", "is_static": false, "battery": 48.49999999999981}}, {"type": "Feature", "geometry": {"type": "Point", "coordinates": [964456.515279583, 1949696.0641166125]}, "properties": {"kind": "drone", "drone_id": 11, "frame": 95, "time_s": 95.0, "timestamp": "2025-01-01T00:01:35", "mode": "MIN_MAX", "is_static": false, "battery": 35.65436241610706}}, {"type": "Feature", "geometry": {"type": "Point", "coordinates": [963921.225765043, 1949866.7881487974]}, "properties": {"kind": "drone", "drone_id": 12, "frame": 95, "time_s": 95.0, "timestamp": "2025-01-01T00:01:35", "mode": "MIN_MAX", "is_static": false, "battery": 35.65436241610706}}, {"type": "Feature", "geometry": {"type": "Point", "coordinates": [963921.225765043, 1950262.2565190694]}, "properties": {"kind": "drone", "drone_id": 13, "frame": 95, "time_s": 95.0, "timestamp": "2025-01-01T00:01:35", "mode": "MIN_MAX", "is_static": false, "battery": 39.5}}, {"type": "Feature", "geometry": {"type": "Point", "coordinates": [963791.3219544754, 1950830.1136619265]}, "properties": {"kind": "drone", "drone_id": 14, "frame": 95, "time_s": 95.0, "timestamp": "2025-01-01T00:01:35", "mode": "MIN_MAX", "is_static": false, "battery": 44.00000000000082}}, {"type": "Feature", "geometry": {"type": "Point", "coordinates": [962399.4954126789, 1951526.542233355]}, "properties": {"kind": "drone", "drone_id": 15, "frame": 95, "time_s": 95.0, "timestamp": "2025-01-01T00:01:35", "mode": "MIN_MAX", "is_static": false, "battery": 39.500000000000625}}, {"type": "Feature", "geometry": {"type": "Point", "coordinates": [963531.5143333401, 1950980.1136619265]}, "properties": {"kind": "drone", "drone_id": 16, "frame": 95, "time_s": 95.0, "timestamp": "2025-01-01T00:01:35", "mode": "MIN_MAX", "is_static": false, "battery": 50.0}}, {"type": "Feature", "geometry": {"type": "Point", "coordinates": [965145.8833411671, 1949748.0572806862]}, "properties": {"kind": "drone", "drone_id": 17, "frame": 95, "time_s": 95.0, "timestamp": "2025-01-01T00:01:35", "mode": "MIN_MAX", "is_static": false, "battery": 35.65436241610706}}, {"type": "Feature", "geometry": {"type": "Point", "coordinates": [966129.5905446934, 1950016.2691933329]}, "properties": {"kind": "drone", "drone_id": 18, "frame": 95, "time_s": 95.0, "timestamp": "2025-01-01T00:01:35", "mode": "MIN_MAX", "is_static": false, "battery": 35.65436241610706}}, {"type": "Feature", "geometry": {"type": "Point", "coordinates": [962622.1876593664, 1951505.1136619265]}, "properties": {"kind": "drone", "drone_id": 19, "frame": 95, "time_s": 95.0, "timestamp": "2025-01-01T00:01:35", "mode": "MIN_MAX", "is_static": false, "battery": 50.0}}, {"type": "Feature", "geometry": {"type": "Point", "coordinates": [964877.8063302105, 1949807.3957087274]}, "properties": {"kind": "drone", "drone_id": 20, "frame": 95, "time_s": 95.0, "timestamp": "2025-01-01T00:01:35", "mode": "MIN_MAX", "is_static": false, "battery": 35.65436241610706}}, {"type": "Feature", "geometry": {"type": "Point", "coordinates": [961972.6686065281, 1951730.1136619265]}, "properties": {"kind": "base_A", "drone_id": 0, "frame": 95, "time_s": 95.0, "timestamp": "2025-01-01T00:01:35", "mode": "MIN_MAX", "is_static": true, "battery": 50.0}}, {"type": "Feature", "geometry": {"type": "Point", "coordinates": [966389.3981658287, 1948730.1136619265]}, "properties": {"kind": "base_B", "drone_id": 0, "frame": 95, "time_s": 95.0, "timestamp": "2025-01-01T00:01:35", "mode": "MIN_MAX", "is_static": true, "battery": 50.0}}, {"type": "Feature", "geometry": {"type": "Point", "coordinates": [965391.4507456962, 1949606.278873577]}, "properties": {"kind": "drone", "drone_id": 1, "frame": 96, "time_s": 96.0, "timestamp": "2025-01-01T00:01:36", "mode": "MIN_MAX", "is_static": false, "battery": 35.50335570469766}}, {"type": "Feature", "geometry": {"type": "Point", "coordinates": [966222.3789808131, 1949276.542233355]}, "properties": {"kind": "drone", "drone_id": 2, "frame": 96, "time_s": 96.0, "timestamp": "2025-01-01T00:01:36", "mode": "MIN_MAX", "is_static": false, "battery": 43.99999999999942}}, {"type": "Feature", "geometry": {"type": "Point", "coordinates": [963809.8796416994, 1950519.3993762122]}, "properties": {"kind": "drone", "drone_id": 3, "frame": 96, "time_s": 96.0, "timestamp": "2025-01-01T00:01:36", "mode": "MIN_MAX", "is_static": false, "battery": 45.49999999999981}}, {"type": "Feature", "geometry": {"type": "Point", "coordinates": [962121.1301043197, 1951494.3993762122]}, "properties": {"kind": "drone", "drone_id": 4, "frame": 96, "time_s": 96.0, "timestamp": "2025-01-01T00:01:36", "mode": "MIN_MAX", "is_static": false, "battery": 43.99999999999981}}, {"type": "Feature", "geometry": {"type": "Point", "coordinates": [966389.3981658287, 1949052.9576550731]}, "properties": {"kind": "drone", "drone_id": 5, "frame": 96, "time_s": 96.0, "timestamp": "2025-01-01T00:01:36", "mode": "MIN_MAX", "is_static": false, "battery": 35.50335570469766}}, {"type": "Feature", "geometry": {"type": "Point", "coordinates": [965519.9012829526, 1949578.1094025385]}, "properties": {"kind": "drone", "drone_id": 6, "frame": 96, "time_s": 96.0, "timestamp": "2025-01-01T00:01:36", "mode": "MIN_MAX", "is_static": false, "battery": 35.50335570469766}}, {"type": "Feature", "geometry": {"type": "Point", "coordinates": [963234.5913377568, 1951151.542233355]}, "properties": {"kind": "drone", "drone_id": 7, "frame": 96, "time_s": 96.0, "timestamp": "2025-01-01T00:01:36", "mode": "MIN_MAX", "is_static": false, "battery": 36.50000000000047}}, {"type": "Feature", "geometry": {"type": "Point", "coordinates": [965394.7880112306, 1949604.3521024224]}, "properties": {"kind": "drone", "drone_id": 8, "frame": 96, "time_s": 96.0, "timestamp": "2025-01-01T00:01:36", "mode": "MIN_MAX", "is_static": false, "battery": 35.503355704697654}}, {"type": "Feature", "geometry": {"type": "Point", "coordinates": [962956.2260293976, 1951312.2565190694]}, "properties": {"kind": "drone", "drone_id": 9, "frame": 96, "time_s": 96.0, "timestamp": "2025-01-01T00:01:36", "mode": "MIN_MAX", "is_static": false, "battery": 47.00000000000062}}, {"type": "Feature", "geometry": {"type": "Point", "coordinates": [965944.0136724538, 1949437.2565190694]}, "properties": {"kind": "drone", "drone_id": 10, "frame": 96, "time_s": 96.0, "timestamp": "2025-01-01T00:01:36", "mode": "MIN_MAX", "is_static": false, "battery": 48.49999999999981}}, {"type": "Feature", "geometry": {"type": "Point", "coordinates": [964439.3097068146, 1949704.229565171]}, "properties": {"kind": "drone", "drone_id": 11, "frame": 96, "time_s": 96.0, "timestamp": "2025-01-01T00:01:36", "mode": "MIN_MAX", "is_static": false, "battery": 35.50335570469766}}, {"type": "Feature", "geometry": {"type": "Point", "coordinates": [963921.225765043, 1949876.3759218496]}, "properties": {"kind": "drone", "drone_id": 12, "frame": 96, "time_s": 96.0, "timestamp": "2025-01-01T00:01:36", "mode": "MIN_MAX", "is_static": false, "battery": 35.50335570469766}}, {"type": "Feature", "geometry": {"type": "Point", "coordinates": [963921.225765043, 1950262.2565190694]}, "properties": {"kind": "drone", "drone_id": 13, "frame": 96, "time_s": 96.0, "timestamp": "2025-01-01T00:01:36", "mode": "MIN_MAX", "is_static": false, "battery": 39.5}}, {"type": "Feature", "geometry": {"type": "Point", "coordinates": [963791.3219544754, 1950830.1136619265]}, "properties": {"kind": "drone", "drone_id": 14, "frame": 96, "time_s": 96.0, "timestamp": "2025-01-01T00:01:36", "mode": "MIN_MAX", "is_static": false, "battery": 44.00000000000082}}, {"type": "Feature", "geometry": {"type": "Point", "coordinates": [962399.4954126789, 1951526.542233355]}, "properties": {"kind": "drone", "drone_id": 15, "frame": 96, "time_s": 96.0, "timestamp": "2025-01-01T00:01:36", "mode": "MIN_MAX", "is_static": false, "battery": 39.500000000000625}}, {"type": "Feature", "geometry": {"type": "Point", "coordinates": [963531.5143333401, 1950980.1136619265]}, "properties": {"kind": "drone", "drone_id": 16, "frame": 96, "time_s": 96.0, "timestamp": "2025-01-01T00:01:36", "mode": "MIN_MAX", "is_static": false, "battery": 50.0}}, {"type": "Feature", "geometry": {"type": "Point", "coordinates": [965127.7313645941, 1949758.537329247]}, "properties": {"kind": "drone", "drone_id": 17, "frame": 96, "time_s": 96.0, "timestamp": "2025-01-01T00:01:36", "mode": "MIN_MAX", "is_static": false, "battery": 35.50335570469766}}, {"type": "Feature", "geometry": {"type": "Point", "coordinates": [966129.5905446934, 1949995.6004275032]}, "properties": {"kind": "drone", "drone_id": 18, "frame": 96, "time_s": 96.0, "timestamp": "2025-01-01T00:01:36", "mode": "MIN_MAX", "is_static": false, "battery": 35.503355704697654}}, {"type": "Feature", "geometry": {"type": "Point", "coordinates": [962622.1876593664, 1951505.1136619265]}, "properties": {"kind": "drone", "drone_id": 19, "frame": 96, "time_s": 96.0, "timestamp": "2025-01-01T00:01:36", "mode": "MIN_MAX", "is_static": false, "battery": 50.0}}, {"type": "Feature", "geometry": {"type": "Point", "coordinates": [964859.5450601078, 1949796.8525595178]}, "properties": {"kind": "drone", "drone_id": 20, "frame": 96, "time_s": 96.0, "timestamp": "2025-01-01T00:01:36", "mode": "MIN_MAX", "is_static": false, "battery": 35.50335570469766}}, {"type": "Feature", "geometry": {"type": "Point", "coordinates": [961972.6686065281, 1951730.1136619265]}, "properties": {"kind": "base_A", "drone_id": 0, "frame": 96, "time_s": 96.0, "timestamp": "2025-01-01T00:01:36", "mode": "MIN_MAX", "is_static": true, "battery": 50.0}}, {"type": "Feature", "geometry": {"type": "Point", "coordinates": [966389.3981658287, 1948730.1136619265]}, "properties": {"kind": "base_B", "drone_id": 0, "frame": 96, "time_s": 96.0, "timestamp": "2025-01-01T00:01:36", "mode": "MIN_MAX", "is_static": true, "battery": 50.0}}, {"type": "Feature", "geometry": {"type": "Point", "coordinates": [965389.3392432766, 1949607.4979500673]}, "properties": {"kind": "drone", "drone_id": 1, "frame": 97, "time_s": 97.0, "timestamp": "2025-01-01T00:01:37", "mode": "MIN_MAX", "is_static": false, "battery": 35.35234899328826}}, {"type": "Feature", "geometry": {"type": "Point", "coordinates": [966222.3789808131, 1949276.542233355]}, "properties": {"kind": "drone", "drone_id": 2, "frame": 97, "time_s": 97.0, "timestamp": "2025-01-01T00:01:37", "mode": "MIN_MAX", "is_static": false, "battery": 43.99999999999942}}, {"type": "Feature", "geometry": {"type": "Point", "coordinates": [963809.8796416994, 1950519.3993762122]}, "properties": {"kind": "drone", "drone_id": 3, "frame": 97, "time_s": 97.0, "timestamp": "2025-01-01T00:01:37", "mode": "MIN_MAX", "is_static": false, "battery": 45.49999999999981}}, {"type": "Feature", "geometry": {"type": "Point", "coordinates": [962121.1301043197, 1951494.3993762122]}, "properties": {"kind": "drone", "drone_id": 4, "frame": 97, "time_s": 97.0, "timestamp": "2025-01-01T00:01:37", "mode": "MIN_MAX", "is_static": false, "battery": 43.99999999999981}}, {"type": "Feature", "geometry": {"type": "Point", "coordinates": [966389.3981658287, 1949052.2405512554]}, "properties": {"kind": "drone", "drone_id": 5, "frame": 97, "time_s": 97.0, "timestamp": "2025-01-01T00:01:37", "mode": "MIN_MAX", "is_static": false, "battery": 35.35234899328826}}, {"type": "Feature", "geometry": {"type": "Point", "coordinates": [965503.4057692274, 1949568.5857132487]}, "properties": {"kind": "drone", "drone_id": 6, "frame": 97, "time_s": 97.0, "timestamp": "2025-01-01T00:01:37", "mode": "MIN_MAX", "is_static": false, "battery": 35.35234899328826}}, {"type": "Feature", "geometry": {"type": "Point", "coordinates": [963234.5913377568, 1951151.542233355]}, "properties": {"kind": "drone", "drone_id": 7, "frame": 97, "time_s": 97.0, "timestamp": "2025-01-01T00:01:37", "mode": "MIN_MAX", "is_static": false, "battery": 36.50000000000047}}, {"type": "Feature", "geometry": {"type": "Point", "coordinates": [965376.8825683271, 1949614.6898147026]}, "properties": {"kind": "drone", "drone_id": 8, "frame": 97, "time_s": 97.0, "timestamp": "2025-01-01T00:01:37", "mode": "MIN_MAX", "is_static": false, "battery": 35.35234899328826}}, {"type": "Feature", "geometry": {"type": "Point", "coordinates": [962956.2260293976, 1951312.2565190694]}, "properties": {"kind": "drone", "drone_id": 9, "frame": 97, "time_s": 97.0, "timestamp": "2025-01-01T00:01:37", "mode": "MIN_MAX", "is_static": false, "battery": 47.00000000000062}}, {"type": "Feature", "geometry": {"type": "Point", "coordinates": [965944.0136724538, 1949437.2565190694]}, "properties": {"kind": "drone", "drone_id": 10, "frame": 97, "time_s": 97.0, "timestamp": "2025-01-01T00:01:37", "mode": "MIN_MAX", "is_static": false, "battery": 48.49999999999981}}, {"type": "Feature", "geometry": {"type": "Point", "coordinates": [964422.3230358663, 1949694.4223061264]}, "properties": {"kind": "drone", "drone_id": 11, "frame": 97, "time_s": 97.0, "timestamp": "2025-01-01T00:01:37", "mode": "MIN_MAX", "is_static": false, "battery": 35.35234899328826}}, {"type": "Feature", "geometry": {"type": "Point", "coordinates": [963921.225765043, 1949885.3603111263]}, "properties": {"kind": "drone", "drone_id": 12, "frame": 97, "time_s": 97.0, "timestamp": "2025-01-01T00:01:37", "mode": "MIN_MAX", "is_static": false, "battery": 35.35234899328826}}, {"type": "Feature", "geometry": {"type": "Point", "coordinates": [963921.225765043, 1950262.2565190694]}, "properties": {"kind": "drone", "drone_id": 13, "frame": 97, "time_s": 97.0, "timestamp": "2025-01-01T00:01:37", "mode": "MIN_MAX", "is_static": false, "battery": 39.5}}, {"type": "Feature", "geometry": {"type": "Point", "coordinates": [963791.3219544754, 1950830.1136619265]}, "properties": {"kind": "drone", "drone_id": 14, "frame": 97, "time_s": 97.0, "timestamp": "2025-01-01T00:01:37", "mode": "MIN_MAX", "is_static": false, "battery": 44.00000000000082}}, {"type": "Feature", "geometry": {"type": "Point", "coordinates": [962399.4954126789, 1951526.542233355]}, "properties": {"kind": "drone", "drone_id": 15, "frame": 97, "time_s": 97.0, "timestamp": "2025-01-01T00:01:37", "mode": "MIN_MAX", "is_static": false, "battery": 39.500000000000625}}, {"type": "Feature", "geometry": {"type": "Point", "coordinates": [963531.5143333401, 1950980.1136619265]}, "properties": {"kind": "drone", "drone_id": 16, "frame": 97, "time_s": 97.0, "timestamp": "2025-01-01T00:01:37", "mode": "MIN_MAX", "is_static": false, "battery": 50.0}}, {"type": "Feature", "geometry": {"type": "Point", "coordinates": [965109.7321595086, 1949768.9291751483]}, "properties": {"kind": "drone", "drone_id": 17, "frame": 97, "time_s": 97.0, "timestamp": "2025-01-01T00:01:37", "mode": "MIN_MAX", "is_static": false, "battery": 35.35234899328826}}, {"type": "Feature", "geometry": {"type": "Point", "coordinates": [966129.5905446934, 1949975.1056150768]}, "properties": {"kind": "drone", "drone_id": 18, "frame": 97, "time_s": 97.0, "timestamp": "2025-01-01T00:01:37", "mode": "MIN_MAX", "is_static": false, "battery": 35.35234899328826}}, {"type": "Feature", "geometry": {"type": "Point", "coordinates": [962622.1876593664, 1951505.1136619265]}, "properties": {"kind": "drone", "drone_id": 19, "frame": 97, "time_s": 97.0, "timestamp": "2025-01-01T00:01:37", "mode": "MIN_MAX", "is_static": false, "battery": 50.0}}, {"type": "Feature", "geometry": {"type": "Point", "coordinates": [964841.437481334, 1949786.3981440384]}, "properties": {"kind": "drone", "drone_id": 20, "frame": 97, "time_s": 97.0, "timestamp": "2025-01-01T00:01:37", "mode": "MIN_MAX", "is_static": false, "battery": 35.35234899328826}}, {"type": "Feature", "geometry": {"type": "Point", "coordinates": [961972.6686065281, 1951730.1136619265]}, "properties": {"kind": "base_A", "drone_id": 0, "frame": 97, "time_s": 97.0, "timestamp": "2025-01-01T00:01:37", "mode": "MIN_MAX", "is_static": true, "battery": 50.0}}, {"type": "Feature", "geometry": {"type": "Point", "coordinates": [966389.3981658287, 1948730.1136619265]}, "properties": {"kind": "base_B", "drone_id": 0, "frame": 97, "time_s": 97.0, "timestamp": "2025-01-01T00:01:37", "mode": "MIN_MAX", "is_static": true, "battery": 50.0}}, {"type": "Feature", "geometry": {"type": "Point", "coordinates": [965387.9590416951, 1949608.294809822]}, "properties": {"kind": "drone", "drone_id": 1, "frame": 98, "time_s": 98.0, "timestamp": "2025-01-01T00:01:38", "mode": "MIN_MAX", "is_static": false, "battery": 35.20134228187886}}, {"type": "Feature", "geometry": {"type": "Point", "coordinates": [966222.3789808131, 1949276.542233355]}, "properties": {"kind": "drone", "drone_id": 2, "frame": 98, "time_s": 98.0, "timestamp": "2025-01-01T00:01:38", "mode": "MIN_MAX", "is_static": false, "battery": 43.99999999999942}}, {"type": "Feature", "geometry": {"type": "Point", "coordinates": [963809.8796416994, 1950519.3993762122]}, "properties": {"kind": "drone", "drone_id": 3, "frame": 98, "time_s": 98.0, "timestamp": "2025-01-01T00:01:38", "mode": "MIN_MAX", "is_static": false, "battery": 45.49999999999981}}, {"type": "Feature", "geometry": {"type": "Point", "coordinates": [962121.1301043197, 1951494.3993762122]}, "properties": {"kind": "drone", "drone_id": 4, "frame": 98, "time_s": 98.0, "timestamp": "2025-01-01T00:01:38", "mode": "MIN_MAX", "is_static": false, "battery": 43.99999999999981}}, {"type": "Feature", "geometry": {"type": "Point", "coordinates": [966389.3981658287, 1949051.7718102233]}, "properties": {"kind": "drone", "drone_id": 5, "frame": 98, "time_s": 98.0, "timestamp": "2025-01-01T00:01:38", "mode": "MIN_MAX", "is_static": false, "battery": 35.20134228187886}}, {"type": "Feature", "geometry": {"type": "Point", "coordinates": [965487.1308596394, 1949559.189389817]}, "properties": {"kind": "drone", "drone_id": 6, "frame": 98, "time_s": 98.0, "timestamp": "2025-01-01T00:01:38", "mode": "MIN_MAX", "is_static": false, "battery": 35.20134228187886}}, {"type": "Feature", "geometry": {"type": "Point", "coordinates": [963234.5913377568, 1951151.542233355]}, "properties": {"kind": "drone", "drone_id": 7, "frame": 98, "time_s": 98.0, "timestamp": "2025-01-01T00:01:38", "mode": "MIN_MAX", "is_static": false, "battery": 36.50000000000047}}, {"type": "Feature", "geometry": {"type": "Point", "coordinates": [965359.1361697235, 1949624.9357027137]}, "properties": {"kind": "drone", "drone_id": 8, "frame": 98, "time_s": 98.0, "timestamp": "2025-01-01T00:01:38", "mode": "MIN_MAX", "is_static": false, "battery": 35.20134228187886}}, {"type": "Feature", "geometry": {"type": "Point", "coordinates": [962956.2260293976, 1951312.2565190694]}, "properties": {"kind": "drone", "drone_id": 9, "frame": 98, "time_s": 98.0, "timestamp": "2025-01-01T00:01:38", "mode": "MIN_MAX", "is_static": false, "battery": 47.00000000000062}}, {"type": "Feature", "geometry": {"type": "Point", "coordinates": [965944.0136724538, 1949437.2565190694]}, "properties": {"kind": "drone", "drone_id": 10, "frame": 98, "time_s": 98.0, "timestamp": "2025-01-01T00:01:38", "mode": "MIN_MAX", "is_static": false, "battery": 48.49999999999981}}, {"type": "Feature", "geometry": {"type": "Point", "coordinates": [964405.5635375873, 1949684.7462052836]}, "properties": {"kind": "drone", "drone_id": 11, "frame": 98, "time_s": 98.0, "timestamp": "2025-01-01T00:01:38", "mode": "MIN_MAX", "is_static": false, "battery": 35.20134228187886}}, {"type": "Feature", "geometry": {"type": "Point", "coordinates": [963921.225765043, 1949893.7267303965]}, "properties": {"kind": "drone", "drone_id": 12, "frame": 98, "time_s": 98.0, "timestamp": "2025-01-01T00:01:38", "mode": "MIN_MAX", "is_static": false, "battery": 35.20134228187886}}, {"type": "Feature", "geometry": {"type": "Point", "coordinates": [963921.225765043, 1950262.2565190694]}, "properties": {"kind": "drone", "drone_id": 13, "frame": 98, "time_s": 98.0, "timestamp": "2025-01-01T00:01:38", "mode": "MIN_MAX", "is_static": false, "battery": 39.5}}, {"type": "Feature", "geometry": {"type": "Point", "coordinates": [963791.3219544754, 1950830.1136619265]}, "properties": {"kind": "drone", "drone_id": 14, "frame": 98, "time_s": 98.0, "timestamp": "2025-01-01T00:01:38", "mode": "MIN_MAX", "is_static": false, "battery": 44.00000000000082}}, {"type": "Feature", "geometry": {"type": "Point", "coordinates": [962399.4954126789, 1951526.542233355]}, "properties": {"kind": "drone", "drone_id": 15, "frame": 98, "time_s": 98.0, "timestamp": "2025-01-01T00:01:38", "mode": "MIN_MAX", "is_static": false, "battery": 39.500000000000625}}, {"type": "Feature", "geometry": {"type": "Point", "coordinates": [963531.5143333401, 1950980.1136619265]}, "properties": {"kind": "drone", "drone_id": 16, "frame": 98, "time_s": 98.0, "timestamp": "2025-01-01T00:01:38", "mode": "MIN_MAX", "is_static": false, "battery": 50.0}}, {"type": "Feature", "geometry": {"type": "Point", "coordinates": [965091.8928315616, 1949779.2287159406]}, "properties": {"kind": "drone", "drone_id": 17, "frame": 98, "time_s": 98.0, "timestamp": "2025-01-01T00:01:38", "mode": "MIN_MAX", "is_static": false, "battery": 35.20134228187886}}, {"type": "Feature", "geometry": {"type": "Point", "coordinates": [966129.5905446934, 1949954.7928469102]}, "properties": {"kind": "drone", "drone_id": 18, "frame": 98, "time_s": 98.0, "timestamp": "2025-01-01T00:01:38", "mode": "MIN_MAX", "is_static": false, "battery": 35.20134228187886}}, {"type": "Feature", "geometry": {"type": "Point", "coordinates": [962622.1876593664, 1951505.1136619265]}, "properties": {"kind": "drone", "drone_id": 19, "frame": 98, "time_s": 98.0, "timestamp": "2025-01-01T00:01:38", "mode": "MIN_MAX", "is_static": false, "battery": 50.0}}, {"type": "Feature", "geometry": {"type": "Point", "coordinates": [964823.4907423229, 1949776.0365894393]}, "properties": {"kind": "drone", "drone_id": 20, "frame": 98, "time_s": 98.0, "timestamp": "2025-01-01T00:01:38", "mode": "MIN_MAX", "is_static": false, "battery": 35.20134228187886}}, {"type": "Feature", "geometry": {"type": "Point", "coordinates": [961972.6686065281, 1951730.1136619265]}, "properties": {"kind": "base_A", "drone_id": 0, "frame": 98, "time_s": 98.0, "timestamp": "2025-01-01T00:01:38", "mode": "MIN_MAX", "is_static": true, "battery": 50.0}}, {"type": "Feature", "geometry": {"type": "Point", "coordinates": [966389.3981658287, 1948730.1136619265]}, "properties": {"kind": "base_B", "drone_id": 0, "frame": 98, "time_s": 98.0, "timestamp": "2025-01-01T00:01:38", "mode": "MIN_MAX", "is_static": true, "battery": 50.0}}, {"type": "Feature", "geometry": {"type": "Point", "coordinates": [965387.3255909692, 1949608.660532769]}, "properties": {"kind": "drone", "drone_id": 1, "frame": 99, "time_s": 99.0, "timestamp": "2025-01-01T00:01:39", "mode": "MIN_MAX", "is_static": false, "battery": 35.05033557046946}}, {"type": "Feature", "geometry": {"type": "Point", "coordinates": [966222.3789808131, 1949276.542233355]}, "properties": {"kind": "drone", "drone_id": 2, "frame": 99, "time_s": 99.0, "timestamp": "2025-01-01T00:01:39", "mode": "MIN_MAX", "is_static": false, "battery": 43.99999999999942}}, {"type": "Feature", "geometry": {"type": "Point", "coordinates": [963809.8796416994, 1950519.3993762122]}, "properties": {"kind": "drone", "drone_id": 3, "frame": 99, "time_s": 99.0, "timestamp": "2025-01-01T00:01:39", "mode": "MIN_MAX", "is_static": false, "battery": 45.49999999999981}}, {"type": "Feature", "geometry": {"type": "Point", "coordinates": [962121.1301043197, 1951494.3993762122]}, "properties": {"kind": "drone", "drone_id": 4, "frame": 99, "time_s": 99.0, "timestamp": "2025-01-01T00:01:39", "mode": "MIN_MAX", "is_static": false, "battery": 43.99999999999981}}, {"type": "Feature", "geometry": {"type": "Point", "coordinates": [966389.3981658287, 1949051.556679078]}, "properties": {"kind": "drone", "drone_id": 5, "frame": 99, "time_s": 99.0, "timestamp": "2025-01-01T00:01:39", "mode": "MIN_MAX", "is_static": false, "battery": 35.05033557046946}}, {"type": "Feature", "geometry": {"type": "Point", "coordinates": [965471.0845858926, 1949560.3022545031]}, "properties": {"kind": "drone", "drone_id": 6, "frame": 99, "time_s": 99.0, "timestamp": "2025-01-01T00:01:39", "mode": "MIN_MAX", "is_static": false, "battery": 35.050335570469464}}, {"type": "Feature", "geometry": {"type": "Point", "coordinates": [963234.5913377568, 1951151.542233355]}, "properties": {"kind": "drone", "drone_id": 7, "frame": 99, "time_s": 99.0, "timestamp": "2025-01-01T00:01:39", "mode": "MIN_MAX", "is_static": false, "battery": 36.50000000000047}}, {"type": "Feature", "geometry": {"type": "Point", "coordinates": [965341.5558840552, 1949635.0856853765]}, "properties": {"kind": "drone", "drone_id": 8, "frame": 99, "time_s": 99.0, "timestamp": "2025-01-01T00:01:39", "mode": "MIN_MAX", "is_static": false, "battery": 35.05033557046946}}, {"type": "Feature", "geometry": {"type": "Point", "coordinates": [962956.2260293976, 1951312.2565190694]}, "properties": {"kind": "drone", "drone_id": 9, "frame": 99, "time_s": 99.0, "timestamp": "2025-01-01T00:01:39", "mode": "MIN_MAX", "is_static": false, "battery": 47.00000000000062}}, {"type": "Feature", "geometry": {"type": "Point", "coordinates": [965944.0136724538, 1949437.2565190694]}, "properties": {"kind": "drone", "drone_id": 10, "frame": 99, "time_s": 99.0, "timestamp": "2025-01-01T00:01:39", "mode": "MIN_MAX", "is_static": false, "battery": 48.49999999999981}}, {"type": "Feature", "geometry": {"type": "Point", "coordinates": [964389.0394828276, 1949675.20603782]}, "properties": {"kind": "drone", "drone_id": 11, "frame": 99, "time_s": 99.0, "timestamp": "2025-01-01T00:01:39", "mode": "MIN_MAX", "is_static": false, "battery": 35.05033557046946}}, {"type": "Feature", "geometry": {"type": "Point", "coordinates": [963921.225765043, 1949901.4605934282]}, "properties": {"kind": "drone", "drone_id": 12, "frame": 99, "time_s": 99.0, "timestamp": "2025-01-01T00:01:39", "mode": "MIN_MAX", "is_static": false, "battery": 35.05033557046946}}, {"type": "Feature", "geometry": {"type": "Point", "coordinates": [963921.225765043, 1950262.2565190694]}, "properties": {"kind": "drone", "drone_id": 13, "frame": 99, "time_s": 99.0, "timestamp": "2025-01-01T00:01:39", "mode": "MIN_MAX", "is_static": false, "battery": 39.5}}, {"type": "Feature", "geometry": {"type": "Point", "coordinates": [963791.3219544754, 1950830.1136619265]}, "properties": {"kind": "drone", "drone_id": 14, "frame": 99, "time_s": 99.0, "timestamp": "2025-01-01T00:01:39", "mode": "MIN_MAX", "is_static": false, "battery": 44.00000000000082}}, {"type": "Feature", "geometry": {"type": "Point", "coordinates": [962399.4954126789, 1951526.542233355]}, "properties": {"kind": "drone", "drone_id": 15, "frame": 99, "time_s": 99.0, "timestamp": "2025-01-01T00:01:39", "mode": "MIN_MAX", "is_static": false, "battery": 39.500000000000625}}, {"type": "Feature", "geometry": {"type": "Point", "coordinates": [963531.5143333401, 1950980.1136619265]}, "properties": {"kind": "drone", "drone_id": 16, "frame": 99, "time_s": 99.0, "timestamp": "2025-01-01T00:01:39", "mode": "MIN_MAX", "is_static": false, "battery": 50.0}}, {"type": "Feature", "geometry": {"type": "Point", "coordinates": [965074.2204864036, 1949789.431849175]}, "properties": {"kind": "drone", "drone_id": 17, "frame": 99, "time_s": 99.0, "timestamp": "2025-01-01T00:01:39", "mode": "MIN_MAX", "is_static": false, "battery": 35.05033557046946}}, {"type": "Feature", "geometry": {"type": "Point", "coordinates": [966129.5905446934, 1949934.6702138588]}, "properties": {"kind": "drone", "drone_id": 18, "frame": 99, "time_s": 99.0, "timestamp": "2025-01-01T00:01:39", "mode": "MIN_MAX", "is_static": false, "battery": 35.05033557046946}}, {"type": "Feature", "geometry": {"type": "Point", "coordinates": [962622.1876593664, 1951505.1136619265]}, "properties": {"kind": "drone", "drone_id": 19, "frame": 99, "time_s": 99.0, "timestamp": "2025-01-01T00:01:39", "mode": "MIN_MAX", "is_static": false, "battery": 50.0}}, {"type": "Feature", "geometry": {"type": "Point", "coordinates": [964805.7119915085, 1949765.7720228708]}, "properties": {"kind": "drone", "drone_id": 20, "frame": 99, "time_s": 99.0, "timestamp": "2025-01-01T00:01:39", "mode": "MIN_MAX", "is_static": false, "battery": 35.050335570469464}}, {"type": "Feature", "geometry": {"type": "Point", "coordinates": [961972.6686065281, 1951730.1136619265]}, "properties": {"kind": "base_A", "drone_id": 0, "frame": 99, "time_s": 99.0, "timestamp": "2025-01-01T00:01:39", "mode": "MIN_MAX", "is_static": true, "battery": 50.0}}, {"type": "Feature", "geometry": {"type": "Point", "coordinates": [966389.3981658287, 1948730.1136619265]}, "properties": {"kind": "base_B", "drone_id": 0, "frame": 99, "time_s": 99.0, "timestamp": "2025-01-01T00:01:39", "mode": "MIN_MAX", "is_static": true, "battery": 50.0}}, {"type": "Feature", "geometry": {"type": "Point", "coordinates": [965387.2830557353, 1949608.6850904978]}, "properties": {"kind": "drone", "drone_id": 1, "frame": 100, "time_s": 100.0, "timestamp": "2025-01-01T00:01:40", "mode": "MIN_MAX", "is_static": false, "battery": 34.99999999999965}}, {"type": "Feature", "geometry": {"type": "Point", "coordinates": [966222.3789808131, 1949276.542233355]}, "properties": {"kind": "drone", "drone_id": 2, "frame": 100, "time_s": 100.0, "timestamp": "2025-01-01T00:01:40", "mode": "MIN_MAX", "is_static": false, "battery": 43.99999999999942}}, {"type": "Feature", "geometry": {"type": "Point", "coordinates": [963809.8796416994, 1950519.3993762122]}, "properties": {"kind": "drone", "drone_id": 3, "frame": 100, "time_s": 100.0, "timestamp": "2025-01-01T00:01:40", "mode": "MIN_MAX", "is_static": false, "battery": 45.49999999999981}}, {"type": "Feature", "geometry": {"type": "Point", "coordinates": [962121.1301043197, 1951494.3993762122]}, "properties": {"kind": "drone", "drone_id": 4, "frame": 100, "time_s": 100.0, "timestamp": "2025-01-01T00:01:40", "mode": "MIN_MAX", "is_static": false, "battery": 43.99999999999981}}, {"type": "Feature", "geometry": {"type": "Point", "coordinates": [966389.3981658287, 1949051.542233355]}, "properties": {"kind": "drone", "drone_id": 5, "frame": 100, "time_s": 100.0, "timestamp": "2025-01-01T00:01:40", "mode": "MIN_MAX", "is_static": false, "battery": 35.00000000000081}}, {"type": "Feature", "geometry": {"type": "Point", "coordinates": [965455.274979691, 1949569.4299348993]}, "properties": {"kind": "drone", "drone_id": 6, "frame": 100, "time_s": 100.0, "timestamp": "2025-01-01T00:01:40", "mode": "MIN_MAX", "is_static": false, "battery": 34.89932885906006}}, {"type": "Feature", "geometry": {"type": "Point", "coordinates": [963234.5913377568, 1951151.542233355]}, "properties": {"kind": "drone", "drone_id": 7, "frame": 100, "time_s": 100.0, "timestamp": "2025-01-01T00:01:40", "mode": "MIN_MAX", "is_static": false, "battery": 36.50000000000047}}, {"type": "Feature", "geometry": {"type": "Point", "coordinates": [965324.148779958, 1949645.1356816129]}, "properties": {"kind": "drone", "drone_id": 8, "frame": 100, "time_s": 100.0, "timestamp": "2025-01-01T00:01:40", "mode": "MIN_MAX", "is_static": false, "battery": 34.89932885906006}}, {"type": "Feature", "geometry": {"type": "Point", "coordinates": [962956.2260293976, 1951312.2565190694]}, "properties": {"kind": "drone", "drone_id": 9, "frame": 100, "time_s": 100.0, "timestamp": "2025-01-01T00:01:40", "mode": "MIN_MAX", "is_static": false, "battery": 47.00000000000062}}, {"type": "Feature", "geometry": {"type": "Point", "coordinates": [965944.0136724538, 1949437.2565190694]}, "properties": {"kind": "drone", "drone_id": 10, "frame": 100, "time_s": 100.0, "timestamp": "2025-01-01T00:01:40", "mode": "MIN_MAX", "is_static": false, "battery": 48.49999999999981}}, {"type": "Feature", "geometry": {"type": "Point", "coordinates": [964372.7591424367, 1949665.8065789128]}, "properties": {"kind": "drone", "drone_id": 11, "frame": 100, "time_s": 100.0, "timestamp": "2025-01-01T00:01:40", "mode": "MIN_MAX", "is_static": false, "battery": 34.89932885906006}}, {"type": "Feature", "geometry": {"type": "Point", "coordinates": [963921.225765043, 1949908.5473139903]}, "properties": {"kind": "drone", "drone_id": 12, "frame": 100, "time_s": 100.0, "timestamp": "2025-01-01T00:01:40", "mode": "MIN_MAX", "is_static": false, "battery": 34.89932885906006}}, {"type": "Feature", "geometry": {"type": "Point", "coordinates": [963921.225765043, 1950262.2565190694]}, "properties": {"kind": "drone", "drone_id": 13, "frame": 100, "time_s": 100.0, "timestamp": "2025-01-01T00:01:40", "mode": "MIN_MAX", "is_static": false, "battery": 39.5}}, {"type": "Feature", "geometry": {"type": "Point", "coordinates": [963791.3219544754, 1950830.1136619265]}, "properties": {"kind": "drone", "drone_id": 14, "frame": 100, "time_s": 100.0, "timestamp": "2025-01-01T00:01:40", "mode": "MIN_MAX", "is_static": false, "battery": 44.00000000000082}}, {"type": "Feature", "geometry": {"type": "Point", "coordinates": [962399.4954126789, 1951526.542233355]}, "properties": {"kind": "drone", "drone_id": 15, "frame": 100, "time_s": 100.0, "timestamp": "2025-01-01T00:01:40", "mode": "MIN_MAX", "is_static": false, "battery": 39.500000000000625}}, {"type": "Feature", "geometry": {"type": "Point", "coordinates": [963531.5143333401, 1950980.1136619265]}, "properties": {"kind": "drone", "drone_id": 16, "frame": 100, "time_s": 100.0, "timestamp": "2025-01-01T00:01:40", "mode": "MIN_MAX", "is_static": false, "battery": 50.0}}, {"type": "Feature", "geometry": {"type": "Point", "coordinates": [965056.7222296848, 1949799.5344724017]}, "properties": {"kind": "drone", "drone_id": 17, "frame": 100, "time_s": 100.0, "timestamp": "2025-01-01T00:01:40", "mode": "MIN_MAX", "is_static": false, "battery": 34.89932885906006}}, {"type": "Feature", "geometry": {"type": "Point", "coordinates": [966116.2815917338, 1949922.4297343527]}, "properties": {"kind": "drone", "drone_id": 18, "frame": 100, "time_s": 100.0, "timestamp": "2025-01-01T00:01:40", "mode": "MIN_MAX", "is_static": false, "battery": 34.89932885906006}}, {"type": "Feature", "geometry": {"type": "Point", "coordinates": [962622.1876593664, 1951505.1136619265]}, "properties": {"kind": "drone", "drone_id": 19, "frame": 100, "time_s": 100.0, "timestamp": "2025-01-01T00:01:40", "mode": "MIN_MAX", "is_static": false, "battery": 50.0}}, {"type": "Feature", "geometry": {"type": "Point", "coordinates": [964788.1083773248, 1949755.608571483]}, "properties": {"kind": "drone", "drone_id": 20, "frame": 100, "time_s": 100.0, "timestamp": "2025-01-01T00:01:40", "mode": "MIN_MAX", "is_static": false, "battery": 34.89932885906006}}, {"type": "Feature", "geometry": {"type": "Point", "coordinates": [961972.6686065281, 1951730.1136619265]}, "properties": {"kind": "base_A", "drone_id": 0, "frame": 100, "time_s": 100.0, "timestamp": "2025-01-01T00:01:40", "mode": "MIN_MAX", "is_static": true, "battery": 50.0}}, {"type": "Feature", "geometry": {"type": "Point", "coordinates": [966389.3981658287, 1948730.1136619265]}, "properties": {"kind": "base_B", "drone_id": 0, "frame": 100, "time_s": 100.0, "timestamp": "2025-01-01T00:01:40", "mode": "MIN_MAX", "is_static": true, "battery": 50.0}}, {"type": "Feature", "geometry": {"type": "Point", "coordinates": [965387.2830557353, 1949608.6850904978]}, "properties": {"kind": "drone", "drone_id": 1, "frame": 101, "time_s": 101.0, "timestamp": "2025-01-01T00:01:41", "mode": "MIN_MAX", "is_static": false, "battery": 34.99999999999965}}, {"type": "Feature", "geometry": {"type": "Point", "coordinates": [966222.3789808131, 1949276.542233355]}, "properties": {"kind": "drone", "drone_id": 2, "frame": 101, "time_s": 101.0, "timestamp": "2025-01-01T00:01:41", "mode": "MIN_MAX", "is_static": false, "battery": 43.99999999999942}}, {"type": "Feature", "geometry": {"type": "Point", "coordinates": [963809.8796416994, 1950519.3993762122]}, "properties": {"kind": "drone", "drone_id": 3, "frame": 101, "time_s": 101.0, "timestamp": "2025-01-01T00:01:41", "mode": "MIN_MAX", "is_static": false, "battery": 45.49999999999981}}, {"type": "Feature", "geometry": {"type": "Point", "coordinates": [962121.1301043197, 1951494.3993762122]}, "properties": {"kind": "drone", "drone_id": 4, "frame": 101, "time_s": 101.0, "timestamp": "2025-01-01T00:01:41", "mode": "MIN_MAX", "is_static": false, "battery": 43.99999999999981}}, {"type": "Feature", "geometry": {"type": "Point", "coordinates": [966389.3981658287, 1949051.542233355]}, "properties": {"kind": "drone", "drone_id": 5, "frame": 101, "time_s": 101.0, "timestamp": "2025-01-01T00:01:41", "mode": "MIN_MAX", "is_static": false, "battery": 35.00000000000081}}, {"type": "Feature", "geometry": {"type": "Point", "coordinates": [965439.7100727388, 1949578.416338118]}, "properties": {"kind": "drone", "drone_id": 6, "frame": 101, "time_s": 101.0, "timestamp": "2025-01-01T00:01:41", "mode": "MIN_MAX", "is_static": false, "battery": 34.74832214765066}}, {"type": "Feature", "geometry": {"type": "Point", "coordinates": [963234.5913377568, 1951151.542233355]}, "properties": {"kind": "drone", "drone_id": 7, "frame": 101, "time_s": 101.0, "timestamp": "2025-01-01T00:01:41", "mode": "MIN_MAX", "is_static": false, "battery": 36.50000000000047}}, {"type": "Feature", "geometry": {"type": "Point", "coordinates": [965306.9219260673, 1949655.0816103441]}, "properties": {"kind": "drone", "drone_id": 8, "frame": 101, "time_s": 101.0, "timestamp": "2025-01-01T00:01:41", "mode": "MIN_MAX", "is_static": false, "battery": 34.74832214765066}}, {"type": "Feature", "geometry": {"type": "Point", "coordinates": [962956.2260293976, 1951312.2565190694]}, "properties": {"kind": "drone", "drone_id": 9, "frame": 101, "time_s": 101.0, "timestamp": "2025-01-01T00:01:41", "mode": "MIN_MAX", "is_static": false, "battery": 47.00000000000062}}, {"type": "Feature", "geometry": {"type": "Point", "coordinates": [965944.0136724538, 1949437.2565190694]}, "properties": {"kind": "drone", "drone_id": 10, "frame": 101, "time_s": 101.0, "timestamp": "2025-01-01T00:01:41", "mode": "MIN_MAX", "is_static": false, "battery": 48.49999999999981}}, {"type": "Feature", "geometry": {"type": "Point", "coordinates": [964356.7307872642, 1949656.5526037393]}, "properties": {"kind": "drone", "drone_id": 11, "frame": 101, "time_s": 101.0, "timestamp": "2025-01-01T00:01:41", "mode": "MIN_MAX", "is_static": false, "battery": 34.74832214765066}}, {"type": "Feature", "geometry": {"type": "Point", "coordinates": [963921.225765043, 1949914.972305851]}, "properties": {"kind": "drone", "drone_id": 12, "frame": 101, "time_s": 101.0, "timestamp": "2025-01-01T00:01:41", "mode": "MIN_MAX", "is_static": false, "battery": 34.74832214765066}}, {"type": "Feature", "geometry": {"type": "Point", "coordinates": [963921.225765043, 1950262.2565190694]}, "properties": {"kind": "drone", "drone_id": 13, "frame": 101, "time_s": 101.0, "timestamp": "2025-01-01T00:01:41", "mode": "MIN_MAX", "is_static": false, "battery": 39.5}}, {"type": "Feature", "geometry": {"type": "Point", "coordinates": [963791.3219544754, 1950830.1136619265]}, "properties": {"kind": "drone", "drone_id": 14, "frame": 101, "time_s": 101.0, "timestamp": "2025-01-01T00:01:41", "mode": "MIN_MAX", "is_static": false, "battery": 44.00000000000082}}, {"type": "Feature", "geometry": {"type": "Point", "coordinates": [962399.4954126789, 1951526.542233355]}, "properties": {"kind": "drone", "drone_id": 15, "frame": 101, "time_s": 101.0, "timestamp": "2025-01-01T00:01:41", "mode": "MIN_MAX", "is_static": false, "battery": 39.500000000000625}}, {"type": "Feature", "geometry": {"type": "Point", "coordinates": [963531.5143333401, 1950980.1136619265]}, "properties": {"kind": "drone", "drone_id": 16, "frame": 101, "time_s": 101.0, "timestamp": "2025-01-01T00:01:41", "mode": "MIN_MAX", "is_static": false, "battery": 50.0}}, {"type": "Feature", "geometry": {"type": "Point", "coordinates": [965039.4051670562, 1949809.532483172]}, "properties": {"kind": "drone", "drone_id": 17, "frame": 101, "time_s": 101.0, "timestamp": "2025-01-01T00:01:41", "mode": "MIN_MAX", "is_static": false, "battery": 34.74832214765066}}, {"type": "Feature", "geometry": {"type": "Point", "coordinates": [966099.205224661, 1949912.5706892263]}, "properties": {"kind": "drone", "drone_id": 18, "frame": 101, "time_s": 101.0, "timestamp": "2025-01-01T00:01:41", "mode": "MIN_MAX", "is_static": false, "battery": 34.74832214765066}}, {"type": "Feature", "geometry": {"type": "Point", "coordinates": [962622.1876593664, 1951505.1136619265]}, "properties": {"kind": "drone", "drone_id": 19, "frame": 101, "time_s": 101.0, "timestamp": "2025-01-01T00:01:41", "mode": "MIN_MAX", "is_static": false, "battery": 50.0}}, {"type": "Feature", "geometry": {"type": "Point", "coordinates": [964770.6870482054, 1949745.5503624263]}, "properties": {"kind": "drone", "drone_id": 20, "frame": 101, "time_s": 101.0, "timestamp": "2025-01-01T00:01:41", "mode": "MIN_MAX", "is_static": false, "battery": 34.74832214765066}}, {"type": "Feature", "geometry": {"type": "Point", "coordinates": [961972.6686065281, 1951730.1136619265]}, "properties": {"kind": "base_A", "drone_id": 0, "frame": 101, "time_s": 101.0, "timestamp": "2025-01-01T00:01:41", "mode": "MIN_MAX", "is_static": true, "battery": 50.0}}, {"type": "Feature", "geometry": {"type": "Point", "coordinates": [966389.3981658287, 1948730.1136619265]}, "properties": {"kind": "base_B", "drone_id": 0, "frame": 101, "time_s": 101.0, "timestamp": "2025-01-01T00:01:41", "mode": "MIN_MAX", "is_static": true, "battery": 50.0}}, {"type": "Feature", "geometry": {"type": "Point", "coordinates": [965387.2830557353, 1949608.6850904978]}, "properties": {"kind": "drone", "drone_id": 1, "frame": 102, "time_s": 102.0, "timestamp": "2025-01-01T00:01:42", "mode": "MIN_MAX", "is_static": false, "battery": 34.99999999999965}}, {"type": "Feature", "geometry": {"type": "Point", "coordinates": [966222.3789808131, 1949276.542233355]}, "properties": {"kind": "drone", "drone_id": 2, "frame": 102, "time_s": 102.0, "timestamp": "2025-01-01T00:01:42", "mode": "MIN_MAX", "is_static": false, "battery": 43.99999999999942}}, {"type": "Feature", "geometry": {"type": "Point", "coordinates": [963809.8796416994, 1950519.3993762122]}, "properties": {"kind": "drone", "drone_id": 3, "frame": 102, "time_s": 102.0, "timestamp": "2025-01-01T00:01:42", "mode": "MIN_MAX", "is_static": false, "battery": 45.49999999999981}}, {"type": "Feature", "geometry": {"type": "Point", "coordinates": [962121.1301043197, 1951494.3993762122]}, "properties": {"kind": "drone", "drone_id": 4, "frame": 102, "time_s": 102.0, "timestamp": "2025-01-01T00:01:42", "mode": "MIN_MAX", "is_static": false, "battery": 43.99999999999981}}, {"type": "Feature", "geometry": {"type": "Point", "coordinates": [966389.3981658287, 1949051.542233355]}, "properties": {"kind": "drone", "drone_id": 5, "frame": 102, "time_s": 102.0, "timestamp": "2025-01-01T00:01:42", "mode": "MIN_MAX", "is_static": false, "battery": 35.00000000000081}}, {"type": "Feature", "geometry": {"type": "Point", "coordinates": [965424.3978967398, 1949587.256827053]}, "properties": {"kind": "drone", "drone_id": 6, "frame": 102, "time_s": 102.0, "timestamp": "2025-01-01T00:01:42", "mode": "MIN_MAX", "is_static": false, "battery": 34.59731543624127}}, {"type": "Feature", "geometry": {"type": "Point", "coordinates": [963234.5913377568, 1951151.542233355]}, "properties": {"kind": "drone", "drone_id": 7, "frame": 102, "time_s": 102.0, "timestamp": "2025-01-01T00:01:42", "mode": "MIN_MAX", "is_static": false, "battery": 36.50000000000047}}, {"type": "Feature", "geometry": {"type": "Point", "coordinates": [965289.8823910188, 1949664.9193904912]}, "properties": {"kind": "drone", "drone_id": 8, "frame": 102, "time_s": 102.0, "timestamp": "2025-01-01T00:01:42", "mode": "MIN_MAX", "is_static": false, "battery": 34.59731543624126}}, {"type": "Feature", "geometry": {"type": "Point", "coordinates": [962956.2260293976, 1951312.2565190694]}, "properties": {"kind": "drone", "drone_id": 9, "frame": 102, "time_s": 102.0, "timestamp": "2025-01-01T00:01:42", "mode": "MIN_MAX", "is_static": false, "battery": 47.00000000000062}}, {"type": "Feature", "geometry": {"type": "Point", "coordinates": [965944.0136724538, 1949437.2565190694]}, "properties": {"kind": "drone", "drone_id": 10, "frame": 102, "time_s": 102.0, "timestamp": "2025-01-01T00:01:42", "mode": "MIN_MAX", "is_static": false, "battery": 48.49999999999981}}, {"type": "Feature", "geometry": {"type": "Point", "coordinates": [964340.9626881597, 1949647.4488874767]}, "properties": {"kind": "drone", "drone_id": 11, "frame": 102, "time_s": 102.0, "timestamp": "2025-01-01T00:01:42", "mode": "MIN_MAX", "is_static": false, "battery": 34.59731543624126}}, {"type": "Feature", "geometry": {"type": "Point", "coordinates": [963921.225765043, 1949920.720982779]}, "properties": {"kind": "drone", "drone_id": 12, "frame": 102, "time_s": 102.0, "timestamp": "2025-01-01T00:01:42", "mode": "MIN_MAX", "is_static": false, "battery": 34.59731543624126}}, {"type": "Feature", "geometry": {"type": "Point", "coordinates": [963921.225765043, 1950262.2565190694]}, "properties": {"kind": "drone", "drone_id": 13, "frame": 102, "time_s": 102.0, "timestamp": "2025-01-01T00:01:42", "mode": "MIN_MAX", "is_static": false, "battery": 39.5}}, {"type": "Feature", "geometry": {"type": "Point", "coordinates": [963791.3219544754, 1950830.1136619265]}, "properties": {"kind": "drone", "drone_id": 14, "frame": 102, "time_s": 102.0, "timestamp": "2025-01-01T00:01:42", "mode": "MIN_MAX", "is_static": false, "battery": 44.00000000000082}}, {"type": "Feature", "geometry": {"type": "Point", "coordinates": [962399.4954126789, 1951526.542233355]}, "properties": {"kind": "drone", "drone_id": 15, "frame": 102, "time_s": 102.0, "timestamp": "2025-01-01T00:01:42", "mode": "MIN_MAX", "is_static": false, "battery": 39.500000000000625}}, {"type": "Feature", "geometry": {"type": "Point", "coordinates": [963531.5143333401, 1950980.1136619265]}, "properties": {"kind": "drone", "drone_id": 16, "frame": 102, "time_s": 102.0, "timestamp": "2025-01-01T00:01:42", "mode": "MIN_MAX", "is_static": false, "battery": 50.0}}, {"type": "Feature", "geometry": {"type": "Point", "coordinates": [965022.2764041683, 1949819.421779036]}, "properties": {"kind": "drone", "drone_id": 17, "frame": 102, "time_s": 102.0, "timestamp": "2025-01-01T00:01:42", "mode": "MIN_MAX", "is_static": false, "battery": 34.59731543624126}}, {"type": "Feature", "geometry": {"type": "Point", "coordinates": [966082.3145400888, 1949902.8188479417]}, "properties": {"kind": "drone", "drone_id": 18, "frame": 102, "time_s": 102.0, "timestamp": "2025-01-01T00:01:42", "mode": "MIN_MAX", "is_static": false, "battery": 34.59731543624126}}, {"type": "Feature", "geometry": {"type": "Point", "coordinates": [962622.1876593664, 1951505.1136619265]}, "properties": {"kind": "drone", "drone_id": 19, "frame": 102, "time_s": 102.0, "timestamp": "2025-01-01T00:01:42", "mode": "MIN_MAX", "is_static": false, "battery": 50.0}}, {"type": "Feature", "geometry": {"type": "Point", "coordinates": [964753.4551525845, 1949735.601522851]}, "properties": {"kind": "drone", "drone_id": 20, "frame": 102, "time_s": 102.0, "timestamp": "2025-01-01T00:01:42", "mode": "MIN_MAX", "is_static": false, "battery": 34.59731543624126}}, {"type": "Feature", "geometry": {"type": "Point", "coordinates": [961972.6686065281, 1951730.1136619265]}, "properties": {"kind": "base_A", "drone_id": 0, "frame": 102, "time_s": 102.0, "timestamp": "2025-01-01T00:01:42", "mode": "MIN_MAX", "is_static": true, "battery": 50.0}}, {"type": "Feature", "geometry": {"type": "Point", "coordinates": [966389.3981658287, 1948730.1136619265]}, "properties": {"kind": "base_B", "drone_id": 0, "frame": 102, "time_s": 102.0, "timestamp": "2025-01-01T00:01:42", "mode": "MIN_MAX", "is_static": true, "battery": 50.0}}, {"type": "Feature", "geometry": {"type": "Point", "coordinates": [965387.2830557353, 1949608.6850904978]}, "properties": {"kind": "drone", "drone_id": 1, "frame": 103, "time_s": 103.0, "timestamp": "2025-01-01T00:01:43", "mode": "MIN_MAX", "is_static": false, "battery": 34.99999999999965}}, {"type": "Feature", "geometry": {"type": "Point", "coordinates": [966222.3789808131, 1949276.542233355]}, "properties": {"kind": "drone", "drone_id": 2, "frame": 103, "time_s": 103.0, "timestamp": "2025-01-01T00:01:43", "mode": "MIN_MAX", "is_static": false, "battery": 43.99999999999942}}, {"type": "Feature", "geometry": {"type": "Point", "coordinates": [963809.8796416994, 1950519.3993762122]}, "properties": {"kind": "drone", "drone_id": 3, "frame": 103, "time_s": 103.0, "timestamp": "2025-01-01T00:01:43", "mode": "MIN_MAX", "is_static": false, "battery": 45.49999999999981}}, {"type": "Feature", "geometry": {"type": "Point", "coordinates": [962121.1301043197, 1951494.3993762122]}, "properties": {"kind": "drone", "drone_id": 4, "frame": 103, "time_s": 103.0, "timestamp": "2025-01-01T00:01:43", "mode": "MIN_MAX", "is_static": false, "battery": 43.99999999999981}}, {"type": "Feature", "geometry": {"type": "Point", "coordinates": [966389.3981658287, 1949051.542233355]}, "properties": {"kind": "drone", "drone_id": 5, "frame": 103, "time_s": 103.0, "timestamp": "2025-01-01T00:01:43", "mode": "MIN_MAX", "is_static": false, "battery": 35.00000000000081}}, {"type": "Feature", "geometry": {"type": "Point", "coordinates": [965409.3464833982, 1949595.9467645974]}, "properties": {"kind": "drone", "drone_id": 6, "frame": 103, "time_s": 103.0, "timestamp": "2025-01-01T00:01:43", "mode": "MIN_MAX", "is_static": false, "battery": 34.446308724831866}}, {"type": "Feature", "geometry": {"type": "Point", "coordinates": [963234.5913377568, 1951151.542233355]}, "properties": {"kind": "drone", "drone_id": 7, "frame": 103, "time_s": 103.0, "timestamp": "2025-01-01T00:01:43", "mode": "MIN_MAX", "is_static": false, "battery": 36.50000000000047}}, {"type": "Feature", "geometry": {"type": "Point", "coordinates": [965273.0372434478, 1949674.6449409758]}, "properties": {"kind": "drone", "drone_id": 8, "frame": 103, "time_s": 103.0, "timestamp": "2025-01-01T00:01:43", "mode": "MIN_MAX", "is_static": false, "battery": 34.446308724831866}}, {"type": "Feature", "geometry": {"type": "Point", "coordinates": [962956.2260293976, 1951312.2565190694]}, "properties": {"kind": "drone", "drone_id": 9, "frame": 103, "time_s": 103.0, "timestamp": "2025-01-01T00:01:43", "mode": "MIN_MAX", "is_static": false, "battery": 47.00000000000062}}, {"type": "Feature", "geometry": {"type": "Point", "coordinates": [965944.0136724538, 1949437.2565190694]}, "properties": {"kind": "drone", "drone_id": 10, "frame": 103, "time_s": 103.0, "timestamp": "2025-01-01T00:01:43", "mode": "MIN_MAX", "is_static": false, "battery": 48.49999999999981}}, {"type": "Feature", "geometry": {"type": "Point", "coordinates": [964325.4631159728, 1949638.5002053021]}, "properties": {"kind": "drone", "drone_id": 11, "frame": 103, "time_s": 103.0, "timestamp": "2025-01-01T00:01:43", "mode": "MIN_MAX", "is_static": false, "battery": 34.446308724831866}}, {"type": "Feature", "geometry": {"type": "Point", "coordinates": [963921.225765043, 1949925.778758543]}, "properties": {"kind": "drone", "drone_id": 12, "frame": 103, "time_s": 103.0, "timestamp": "2025-01-01T00:01:43", "mode": "MIN_MAX", "is_static": false, "battery": 34.446308724831866}}, {"type": "Feature", "geometry": {"type": "Point", "coordinates": [963921.225765043, 1950262.2565190694]}, "properties": {"kind": "drone", "drone_id": 13, "frame": 103, "time_s": 103.0, "timestamp": "2025-01-01T00:01:43", "mode": "MIN_MAX", "is_static": false, "battery": 39.5}}, {"type": "Feature", "geometry": {"type": "Point", "coordinates": [963791.3219544754, 1950830.1136619265]}, "properties": {"kind": "drone", "drone_id": 14, "frame": 103, "time_s": 103.0, "timestamp": "2025-01-01T00:01:43", "mode": "MIN_MAX", "is_static": false, "battery": 44.00000000000082}}, {"type": "Feature", "geometry": {"type": "Point", "coordinates": [962399.4954126789, 1951526.542233355]}, "properties": {"kind": "drone", "drone_id": 15, "frame": 103, "time_s": 103.0, "timestamp": "2025-01-01T00:01:43", "mode": "MIN_MAX", "is_static": false, "battery": 39.500000000000625}}, {"type": "Feature", "geometry": {"type": "Point", "coordinates": [963531.5143333401, 1950980.1136619265]}, "properties": {"kind": "drone", "drone_id": 16, "frame": 103, "time_s": 103.0, "timestamp": "2025-01-01T00:01:43", "mode": "MIN_MAX", "is_static": false, "battery": 50.0}}, {"type": "Feature", "geometry": {"type": "Point", "coordinates": [965005.3430466717, 1949829.198257545]}, "properties": {"kind": "drone", "drone_id": 17, "frame": 103, "time_s": 103.0, "timestamp": "2025-01-01T00:01:43", "mode": "MIN_MAX", "is_static": false, "battery": 34.446308724831866}}, {"type": "Feature", "geometry": {"type": "Point", "coordinates": [966065.6165449038, 1949893.1782559268]}, "properties": {"kind": "drone", "drone_id": 18, "frame": 103, "time_s": 103.0, "timestamp": "2025-01-01T00:01:43", "mode": "MIN_MAX", "is_static": false, "battery": 34.446308724831866}}, {"type": "Feature", "geometry": {"type": "Point", "coordinates": [962622.1876593664, 1951505.1136619265]}, "properties": {"kind": "drone", "drone_id": 19, "frame": 103, "time_s": 103.0, "timestamp": "2025-01-01T00:01:43", "mode": "MIN_MAX", "is_static": false, "battery": 50.0}}, {"type": "Feature", "geometry": {"type": "Point", "coordinates": [964736.4198388958, 1949725.7661799071]}, "properties": {"kind": "drone", "drone_id": 20, "frame": 103, "time_s": 103.0, "timestamp": "2025-01-01T00:01:43", "mode": "MIN_MAX", "is_static": false, "battery": 34.446308724831866}}, {"type": "Feature", "geometry": {"type": "Point", "coordinates": [961972.6686065281, 1951730.1136619265]}, "properties": {"kind": "base_A", "drone_id": 0, "frame": 103, "time_s": 103.0, "timestamp": "2025-01-01T00:01:43", "mode": "MIN_MAX", "is_static": true, "battery": 50.0}}, {"type": "Feature", "geometry": {"type": "Point", "coordinates": [966389.3981658287, 1948730.1136619265]}, "properties": {"kind": "base_B", "drone_id": 0, "frame": 103, "time_s": 103.0, "timestamp": "2025-01-01T00:01:43", "mode": "MIN_MAX", "is_static": true, "battery": 50.0}}, {"type": "Feature", "geometry": {"type": "Point", "coordinates": [965387.2830557353, 1949608.6850904978]}, "properties": {"kind": "drone", "drone_id": 1, "frame": 104, "time_s": 104.0, "timestamp": "2025-01-01T00:01:44", "mode": "MIN_MAX", "is_static": false, "battery": 34.99999999999965}}, {"type": "Feature", "geometry": {"type": "Point", "coordinates": [966222.3789808131, 1949276.542233355]}, "properties": {"kind": "drone", "drone_id": 2, "frame": 104, "time_s": 104.0, "timestamp": "2025-01-01T00:01:44", "mode": "MIN_MAX", "is_static": false, "battery": 43.99999999999942}}, {"type": "Feature", "geometry": {"type": "Point", "coordinates": [963809.8796416994, 1950519.3993762122]}, "properties": {"kind": "drone", "drone_id": 3, "frame": 104, "time_s": 104.0, "timestamp": "2025-01-01T00:01:44", "mode": "MIN_MAX", "is_static": false, "battery": 45.49999999999981}}, {"type": "Feature", "geometry": {"type": "Point", "coordinates": [962121.1301043197, 1951494.3993762122]}, "properties": {"kind": "drone", "drone_id": 4, "frame": 104, "time_s": 104.0, "timestamp": "2025-01-01T00:01:44", "mode": "MIN_MAX", "is_static": false, "battery": 43.99999999999981}}, {"type": "Feature", "geometry": {"type": "Point", "coordinates": [966389.3981658287, 1949051.542233355]}, "properties": {"kind": "drone", "drone_id": 5, "frame": 104, "time_s": 104.0, "timestamp": "2025-01-01T00:01:44", "mode": "MIN_MAX", "is_static": false, "battery": 35.00000000000081}}, {"type": "Feature", "geometry": {"type": "Point", "coordinates": [965394.5638644178, 1949604.481513645]}, "properties": {"kind": "drone", "drone_id": 6, "frame": 104, "time_s": 104.0, "timestamp": "2025-01-01T00:01:44", "mode": "MIN_MAX", "is_static": false, "battery": 34.295302013422464}}, {"type": "Feature", "geometry": {"type": "Point", "coordinates": [963234.5913377568, 1951151.542233355]}, "properties": {"kind": "drone", "drone_id": 7, "frame": 104, "time_s": 104.0, "timestamp": "2025-01-01T00:01:44", "mode": "MIN_MAX", "is_static": false, "battery": 36.50000000000047}}, {"type": "Feature", "geometry": {"type": "Point", "coordinates": [965256.3935519902, 1949684.2541807191]}, "properties": {"kind": "drone", "drone_id": 8, "frame": 104, "time_s": 104.0, "timestamp": "2025-01-01T00:01:44", "mode": "MIN_MAX", "is_static": false, "battery": 34.295302013422464}}, {"type": "Feature", "geometry": {"type": "Point", "coordinates": [962956.2260293976, 1951312.2565190694]}, "properties": {"kind": "drone", "drone_id": 9, "frame": 104, "time_s": 104.0, "timestamp": "2025-01-01T00:01:44", "mode": "MIN_MAX", "is_static": false, "battery": 47.00000000000062}}, {"type": "Feature", "geometry": {"type": "Point", "coordinates": [965944.0136724538, 1949437.2565190694]}, "properties": {"kind": "drone", "drone_id": 10, "frame": 104, "time_s": 104.0, "timestamp": "2025-01-01T00:01:44", "mode": "MIN_MAX", "is_static": false, "battery": 48.49999999999981}}, {"type": "Feature", "geometry": {"type": "Point", "coordinates": [964310.2403415532, 1949630.5159914596]}, "properties": {"kind": "drone", "drone_id": 11, "frame": 104, "time_s": 104.0, "timestamp": "2025-01-01T00:01:44", "mode": "MIN_MAX", "is_static": false, "battery": 34.295302013422464}}, {"type": "Feature", "geometry": {"type": "Point", "coordinates": [963921.225765043, 1949930.1310469112]}, "properties": {"kind": "drone", "drone_id": 12, "frame": 104, "time_s": 104.0, "timestamp": "2025-01-01T00:01:44", "mode": "MIN_MAX", "is_static": false, "battery": 34.295302013422464}}, {"type": "Feature", "geometry": {"type": "Point", "coordinates": [963921.225765043, 1950262.2565190694]}, "properties": {"kind": "drone", "drone_id": 13, "frame": 104, "time_s": 104.0, "timestamp": "2025-01-01T00:01:44", "mode": "MIN_MAX", "is_static": false, "battery": 39.5}}, {"type": "Feature", "geometry": {"type": "Point", "coordinates": [963791.3219544754, 1950830.1136619265]}, "properties": {"kind": "drone", "drone_id": 14, "frame": 104, "time_s": 104.0, "timestamp": "2025-01-01T00:01:44", "mode": "MIN_MAX", "is_static": false, "battery": 44.00000000000082}}, {"type": "Feature", "geometry": {"type": "Point", "coordinates": [962399.4954126789, 1951526.542233355]}, "properties": {"kind": "drone", "drone_id": 15, "frame": 104, "time_s": 104.0, "timestamp": "2025-01-01T00:01:44", "mode": "MIN_MAX", "is_static": false, "battery": 39.500000000000625}}, {"type": "Feature", "geometry": {"type": "Point", "coordinates": [963531.5143333401, 1950980.1136619265]}, "properties": {"kind": "drone", "drone_id": 16, "frame": 104, "time_s": 104.0, "timestamp": "2025-01-01T00:01:44", "mode": "MIN_MAX", "is_static": false, "battery": 50.0}}, {"type": "Feature", "geometry": {"type": "Point", "coordinates": [964988.612200217, 1949838.8578162496]}, "properties": {"kind": "drone", "drone_id": 17, "frame": 104, "time_s": 104.0, "timestamp": "2025-01-01T00:01:44", "mode": "MIN_MAX", "is_static": false, "battery": 34.295302013422464}}, {"type": "Feature", "geometry": {"type": "Point", "coordinates": [966049.1182459933, 1949883.6529586096]}, "properties": {"kind": "drone", "drone_id": 18, "frame": 104, "time_s": 104.0, "timestamp": "2025-01-01T00:01:44", "mode": "MIN_MAX", "is_static": false, "battery": 34.29530201342246}}, {"type": "Feature", "geometry": {"type": "Point", "coordinates": [962622.1876593664, 1951505.1136619265]}, "properties": {"kind": "drone", "drone_id": 19, "frame": 104, "time_s": 104.0, "timestamp": "2025-01-01T00:01:44", "mode": "MIN_MAX", "is_static": false, "battery": 50.0}}, {"type": "Feature", "geometry": {"type": "Point", "coordinates": [964719.5882555733, 1949716.048460745]}, "properties": {"kind": "drone", "drone_id": 20, "frame": 104, "time_s": 104.0, "timestamp": "2025-01-01T00:01:44", "mode": "MIN_MAX", "is_static": false, "battery": 34.295302013422464}}, {"type": "Feature", "geometry": {"type": "Point", "coordinates": [961972.6686065281, 1951730.1136619265]}, "properties": {"kind": "base_A", "drone_id": 0, "frame": 104, "time_s": 104.0, "timestamp": "2025-01-01T00:01:44", "mode": "MIN_MAX", "is_static": true, "battery": 50.0}}, {"type": "Feature", "geometry": {"type": "Point", "coordinates": [966389.3981658287, 1948730.1136619265]}, "properties": {"kind": "base_B", "drone_id": 0, "frame": 104, "time_s": 104.0, "timestamp": "2025-01-01T00:01:44", "mode": "MIN_MAX", "is_static": true, "battery": 50.0}}, {"type": "Feature", "geometry": {"type": "Point", "coordinates": [965387.2830557353, 1949608.6850904978]}, "properties": {"kind": "drone", "drone_id": 1, "frame": 105, "time_s": 105.0, "timestamp": "2025-01-01T00:01:45", "mode": "MIN_MAX", "is_static": false, "battery": 34.99999999999965}}, {"type": "Feature", "geometry": {"type": "Point", "coordinates": [966222.3789808131, 1949276.542233355]}, "properties": {"kind": "drone", "drone_id": 2, "frame": 105, "time_s": 105.0, "timestamp": "2025-01-01T00:01:45", "mode": "MIN_MAX", "is_static": false, "battery": 43.99999999999942}}, {"type": "Feature", "geometry": {"type": "Point", "coordinates": [963809.8796416994, 1950519.3993762122]}, "properties": {"kind": "drone", "drone_id": 3, "frame": 105, "time_s": 105.0, "timestamp": "2025-01-01T00:01:45", "mode": "MIN_MAX", "is_static": false, "battery": 45.49999999999981}}, {"type": "Feature", "geometry": {"type": "Point", "coordinates": [962121.1301043197, 1951494.3993762122]}, "properties": {"kind": "drone", "drone_id": 4, "frame": 105, "time_s": 105.0, "timestamp": "2025-01-01T00:01:45", "mode": "MIN_MAX", "is_static": false, "battery": 43.99999999999981}}, {"type": "Feature", "geometry": {"type": "Point", "coordinates": [966389.3981658287, 1949051.542233355]}, "properties": {"kind": "drone", "drone_id": 5, "frame": 105, "time_s": 105.0, "timestamp": "2025-01-01T00:01:45", "mode": "MIN_MAX", "is_static": false, "battery": 35.00000000000081}}, {"type": "Feature", "geometry": {"type": "Point", "coordinates": [965380.058071503, 1949612.8564370894]}, "properties": {"kind": "drone", "drone_id": 6, "frame": 105, "time_s": 105.0, "timestamp": "2025-01-01T00:01:45", "mode": "MIN_MAX", "is_static": false, "battery": 34.14429530201306}}, {"type": "Feature", "geometry": {"type": "Point", "coordinates": [963234.5913377568, 1951151.542233355]}, "properties": {"kind": "drone", "drone_id": 7, "frame": 105, "time_s": 105.0, "timestamp": "2025-01-01T00:01:45", "mode": "MIN_MAX", "is_static": false, "battery": 36.50000000000047}}, {"type": "Feature", "geometry": {"type": "Point", "coordinates": [965239.9583852813, 1949693.7430286428]}, "properties": {"kind": "drone", "drone_id": 8, "frame": 105, "time_s": 105.0, "timestamp": "2025-01-01T00:01:45", "mode": "MIN_MAX", "is_static": false, "battery": 34.14429530201306}}, {"type": "Feature", "geometry": {"type": "Point", "coordinates": [962956.2260293976, 1951312.2565190694]}, "properties": {"kind": "drone", "drone_id": 9, "frame": 105, "time_s": 105.0, "timestamp": "2025-01-01T00:01:45", "mode": "MIN_MAX", "is_static": false, "battery": 47.00000000000062}}, {"type": "Feature", "geometry": {"type": "Point", "coordinates": [965944.0136724538, 1949437.2565190694]}, "properties": {"kind": "drone", "drone_id": 10, "frame": 105, "time_s": 105.0, "timestamp": "2025-01-01T00:01:45", "mode": "MIN_MAX", "is_static": false, "battery": 48.49999999999981}}, {"type": "Feature", "geometry": {"type": "Point", "coordinates": [964295.3026357505, 1949639.140279926]}, "properties": {"kind": "drone", "drone_id": 11, "frame": 105, "time_s": 105.0, "timestamp": "2025-01-01T00:01:45", "mode": "MIN_MAX", "is_static": false, "battery": 34.14429530201306}}, {"type": "Feature", "geometry": {"type": "Point", "coordinates": [963921.225765043, 1949933.7632616523]}, "properties": {"kind": "drone", "drone_id": 12, "frame": 105, "time_s": 105.0, "timestamp": "2025-01-01T00:01:45", "mode": "MIN_MAX", "is_static": false, "battery": 34.14429530201306}}, {"type": "Feature", "geometry": {"type": "Point", "coordinates": [963921.225765043, 1950262.2565190694]}, "properties": {"kind": "drone", "drone_id": 13, "frame": 105, "time_s": 105.0, "timestamp": "2025-01-01T00:01:45", "mode": "MIN_MAX", "is_static": false, "battery": 39.5}}, {"type": "Feature", "geometry": {"type": "Point", "coordinates": [963791.3219544754, 1950830.1136619265]}, "properties": {"kind": "drone", "drone_id": 14, "frame": 105, "time_s": 105.0, "timestamp": "2025-01-01T00:01:45", "mode": "MIN_MAX", "is_static": false, "battery": 44.00000000000082}}, {"type": "Feature", "geometry": {"type": "Point", "coordinates": [962399.4954126789, 1951526.542233355]}, "properties": {"kind": "drone", "drone_id": 15, "frame": 105, "time_s": 105.0, "timestamp": "2025-01-01T00:01:45", "mode": "MIN_MAX", "is_static": false, "battery": 39.500000000000625}}, {"type": "Feature", "geometry": {"type": "Point", "coordinates": [963531.5143333401, 1950980.1136619265]}, "properties": {"kind": "drone", "drone_id": 16, "frame": 105, "time_s": 105.0, "timestamp": "2025-01-01T00:01:45", "mode": "MIN_MAX", "is_static": false, "battery": 50.0}}, {"type": "Feature", "geometry": {"type": "Point", "coordinates": [964972.0909704546, 1949848.3963527002]}, "properties": {"kind": "drone", "drone_id": 17, "frame": 105, "time_s": 105.0, "timestamp": "2025-01-01T00:01:45", "mode": "MIN_MAX", "is_static": false, "battery": 34.14429530201306}}, {"type": "Feature", "geometry": {"type": "Point", "coordinates": [966032.8266502436, 1949874.247001418]}, "properties": {"kind": "drone", "drone_id": 18, "frame": 105, "time_s": 105.0, "timestamp": "2025-01-01T00:01:45", "mode": "MIN_MAX", "is_static": false, "battery": 34.14429530201306}}, {"type": "Feature", "geometry": {"type": "Point", "coordinates": [962622.1876593664, 1951505.1136619265]}, "properties": {"kind": "drone", "drone_id": 19, "frame": 105, "time_s": 105.0, "timestamp": "2025-01-01T00:01:45", "mode": "MIN_MAX", "is_static": false, "battery": 50.0}}, {"type": "Feature", "geometry": {"type": "Point", "coordinates": [964702.9675510508, 1949706.4524925149]}, "properties": {"kind": "drone", "drone_id": 20, "frame": 105, "time_s": 105.0, "timestamp": "2025-01-01T00:01:45", "mode": "MIN_MAX", "is_static": false, "battery": 34.14429530201306}}, {"type": "Feature", "geometry": {"type": "Point", "coordinates": [961972.6686065281, 1951730.1136619265]}, "properties": {"kind": "base_A", "drone_id": 0, "frame": 105, "time_s": 105.0, "timestamp": "2025-01-01T00:01:45", "mode": "MIN_MAX", "is_static": true, "battery": 50.0}}, {"type": "Feature", "geometry": {"type": "Point", "coordinates": [966389.3981658287, 1948730.1136619265]}, "properties": {"kind": "base_B", "drone_id": 0, "frame": 105, "time_s": 105.0, "timestamp": "2025-01-01T00:01:45", "mode": "MIN_MAX", "is_static": true, "battery": 50.0}}, {"type": "Feature", "geometry": {"type": "Point", "coordinates": [965387.2830557353, 1949608.6850904978]}, "properties": {"kind": "drone", "drone_id": 1, "frame": 106, "time_s": 106.0, "timestamp": "2025-01-01T00:01:46", "mode": "MIN_MAX", "is_static": false, "battery": 34.99999999999965}}, {"type": "Feature", "geometry": {"type": "Point", "coordinates": [966222.3789808131, 1949276.542233355]}, "properties": {"kind": "drone", "drone_id": 2, "frame": 106, "time_s": 106.0, "timestamp": "2025-01-01T00:01:46", "mode": "MIN_MAX", "is_static": false, "battery": 43.99999999999942}}, {"type": "Feature", "geometry": {"type": "Point", "coordinates": [963809.8796416994, 1950519.3993762122]}, "properties": {"kind": "drone", "drone_id": 3, "frame": 106, "time_s": 106.0, "timestamp": "2025-01-01T00:01:46", "mode": "MIN_MAX", "is_static": false, "battery": 45.49999999999981}}, {"type": "Feature", "geometry": {"type": "Point", "coordinates": [962121.1301043197, 1951494.3993762122]}, "properties": {"kind": "drone", "drone_id": 4, "frame": 106, "time_s": 106.0, "timestamp": "2025-01-01T00:01:46", "mode": "MIN_MAX", "is_static": false, "battery": 43.99999999999981}}, {"type": "Feature", "geometry": {"type": "Point", "coordinates": [966389.3981658287, 1949051.542233355]}, "properties": {"kind": "drone", "drone_id": 5, "frame": 106, "time_s": 106.0, "timestamp": "2025-01-01T00:01:46", "mode": "MIN_MAX", "is_static": false, "battery": 35.00000000000081}}, {"type": "Feature", "geometry": {"type": "Point", "coordinates": [965365.8371363574, 1949621.0668978237]}, "properties": {"kind": "drone", "drone_id": 6, "frame": 106, "time_s": 106.0, "timestamp": "2025-01-01T00:01:46", "mode": "MIN_MAX", "is_static": false, "battery": 33.99328859060367}}, {"type": "Feature", "geometry": {"type": "Point", "coordinates": [963234.5913377568, 1951151.542233355]}, "properties": {"kind": "drone", "drone_id": 7, "frame": 106, "time_s": 106.0, "timestamp": "2025-01-01T00:01:46", "mode": "MIN_MAX", "is_static": false, "battery": 36.50000000000047}}, {"type": "Feature", "geometry": {"type": "Point", "coordinates": [965223.7388119566, 1949703.1074036679]}, "properties": {"kind": "drone", "drone_id": 8, "frame": 106, "time_s": 106.0, "timestamp": "2025-01-01T00:01:46", "mode": "MIN_MAX", "is_static": false, "battery": 33.99328859060367}}, {"type": "Feature", "geometry": {"type": "Point", "coordinates": [962956.2260293976, 1951312.2565190694]}, "properties": {"kind": "drone", "drone_id": 9, "frame": 106, "time_s": 106.0, "timestamp": "2025-01-01T00:01:46", "mode": "MIN_MAX", "is_static": false, "battery": 47.00000000000062}}, {"type": "Feature", "geometry": {"type": "Point", "coordinates": [965944.0136724538, 1949437.2565190694]}, "properties": {"kind": "drone", "drone_id": 10, "frame": 106, "time_s": 106.0, "timestamp": "2025-01-01T00:01:46", "mode": "MIN_MAX", "is_static": false, "battery": 48.49999999999981}}, {"type": "Feature", "geometry": {"type": "Point", "coordinates": [964280.6582694143, 1949647.5952087722]}, "properties": {"kind": "drone", "drone_id": 11, "frame": 106, "time_s": 106.0, "timestamp": "2025-01-01T00:01:46", "mode": "MIN_MAX", "is_static": false, "battery": 33.99328859060367}}, {"type": "Feature", "geometry": {"type": "Point", "coordinates": [963921.225765043, 1949936.660816535]}, "properties": {"kind": "drone", "drone_id": 12, "frame": 106, "time_s": 106.0, "timestamp": "2025-01-01T00:01:46", "mode": "MIN_MAX", "is_static": false, "battery": 33.99328859060367}}, {"type": "Feature", "geometry": {"type": "Point", "coordinates": [963921.225765043, 1950262.2565190694]}, "properties": {"kind": "drone", "drone_id": 13, "frame": 106, "time_s": 106.0, "timestamp": "2025-01-01T00:01:46", "mode": "MIN_MAX", "is_static": false, "battery": 39.5}}, {"type": "Feature", "geometry": {"type": "Point", "coordinates": [963791.3219544754, 1950830.1136619265]}, "properties": {"kind": "drone", "drone_id": 14, "frame": 106, "time_s": 106.0, "timestamp": "2025-01-01T00:01:46", "mode": "MIN_MAX", "is_static": false, "battery": 44.00000000000082}}, {"type": "Feature", "geometry": {"type": "Point", "coordinates": [962399.4954126789, 1951526.542233355]}, "properties": {"kind": "drone", "drone_id": 15, "frame": 106, "time_s": 106.0, "timestamp": "2025-01-01T00:01:46", "mode": "MIN_MAX", "is_static": false, "battery": 39.500000000000625}}, {"type": "Feature", "geometry": {"type": "Point", "coordinates": [963531.5143333401, 1950980.1136619265]}, "properties": {"kind": "drone", "drone_id": 16, "frame": 106, "time_s": 106.0, "timestamp": "2025-01-01T00:01:46", "mode": "MIN_MAX", "is_static": false, "battery": 50.0}}, {"type": "Feature", "geometry": {"type": "Point", "coordinates": [964955.7864630353, 1949852.4175594053]}, "properties": {"kind": "drone", "drone_id": 17, "frame": 106, "time_s": 106.0, "timestamp": "2025-01-01T00:01:46", "mode": "MIN_MAX", "is_static": false, "battery": 33.99328859060367}}, {"type": "Feature", "geometry": {"type": "Point", "coordinates": [966016.7487645417, 1949864.9644297801]}, "properties": {"kind": "drone", "drone_id": 18, "frame": 106, "time_s": 106.0, "timestamp": "2025-01-01T00:01:46", "mode": "MIN_MAX", "is_static": false, "battery": 33.99328859060366}}, {"type": "Feature", "geometry": {"type": "Point", "coordinates": [962622.1876593664, 1951505.1136619265]}, "properties": {"kind": "drone", "drone_id": 19, "frame": 106, "time_s": 106.0, "timestamp": "2025-01-01T00:01:46", "mode": "MIN_MAX", "is_static": false, "battery": 50.0}}, {"type": "Feature", "geometry": {"type": "Point", "coordinates": [964686.5648737623, 1949696.9824023668]}, "properties": {"kind": "drone", "drone_id": 20, "frame": 106, "time_s": 106.0, "timestamp": "2025-01-01T00:01:46", "mode": "MIN_MAX", "is_static": false, "battery": 33.99328859060367}}, {"type": "Feature", "geometry": {"type": "Point", "coordinates": [961972.6686065281, 1951730.1136619265]}, "properties": {"kind": "base_A", "drone_id": 0, "frame": 106, "time_s": 106.0, "timestamp": "2025-01-01T00:01:46", "mode": "MIN_MAX", "is_static": true, "battery": 50.0}}, {"type": "Feature", "geometry": {"type": "Point", "coordinates": [966389.3981658287, 1948730.1136619265]}, "properties": {"kind": "base_B", "drone_id": 0, "frame": 106, "time_s": 106.0, "timestamp": "2025-01-01T00:01:46", "mode": "MIN_MAX", "is_static": true, "battery": 50.0}}, {"type": "Feature", "geometry": {"type": "Point", "coordinates": [965387.2830557353, 1949608.6850904978]}, "properties": {"kind": "drone", "drone_id": 1, "frame": 107, "time_s": 107.0, "timestamp": "2025-01-01T00:01:47", "mode": "MIN_MAX", "is_static": false, "battery": 34.99999999999965}}, {"type": "Feature", "geometry": {"type": "Point", "coordinates": [966222.3789808131, 1949276.542233355]}, "properties": {"kind": "drone", "drone_id": 2, "frame": 107, "time_s": 107.0, "timestamp": "2025-01-01T00:01:47", "mode": "MIN_MAX", "is_static": false, "battery": 43.99999999999942}}, {"type": "Feature", "geometry": {"type": "Point", "coordinates": [963809.8796416994, 1950519.3993762122]}, "properties": {"kind": "drone", "drone_id": 3, "frame": 107, "time_s": 107.0, "timestamp": "2025-01-01T00:01:47", "mode": "MIN_MAX", "is_static": false, "battery": 45.49999999999981}}, {"type": "Feature", "geometry": {"type": "Point", "coordinates": [962121.1301043197, 1951494.3993762122]}, "properties": {"kind": "drone", "drone_id": 4, "frame": 107, "time_s": 107.0, "timestamp": "2025-01-01T00:01:47", "mode": "MIN_MAX", "is_static": false, "battery": 43.99999999999981}}, {"type": "Feature", "geometry": {"type": "Point", "coordinates": [966389.3981658287, 1949051.542233355]}, "properties": {"kind": "drone", "drone_id": 5, "frame": 107, "time_s": 107.0, "timestamp": "2025-01-01T00:01:47", "mode": "MIN_MAX", "is_static": false, "battery": 35.00000000000081}}, {"type": "Feature", "geometry": {"type": "Point", "coordinates": [965351.9090906853, 1949629.108258742]}, "properties": {"kind": "drone", "drone_id": 6, "frame": 107, "time_s": 107.0, "timestamp": "2025-01-01T00:01:47", "mode": "MIN_MAX", "is_static": false, "battery": 33.84228187919427}}, {"type": "Feature", "geometry": {"type": "Point", "coordinates": [963234.5913377568, 1951151.542233355]}, "properties": {"kind": "drone", "drone_id": 7, "frame": 107, "time_s": 107.0, "timestamp": "2025-01-01T00:01:47", "mode": "MIN_MAX", "is_static": false, "battery": 36.50000000000047}}, {"type": "Feature", "geometry": {"type": "Point", "coordinates": [965207.7419006517, 1949712.343224716]}, "properties": {"kind": "drone", "drone_id": 8, "frame": 107, "time_s": 107.0, "timestamp": "2025-01-01T00:01:47", "mode": "MIN_MAX", "is_static": false, "battery": 33.84228187919426}}, {"type": "Feature", "geometry": {"type": "Point", "coordinates": [962956.2260293976, 1951312.2565190694]}, "properties": {"kind": "drone", "drone_id": 9, "frame": 107, "time_s": 107.0, "timestamp": "2025-01-01T00:01:47", "mode": "MIN_MAX", "is_static": false, "battery": 47.00000000000062}}, {"type": "Feature", "geometry": {"type": "Point", "coordinates": [965944.0136724538, 1949437.2565190694]}, "properties": {"kind": "drone", "drone_id": 10, "frame": 107, "time_s": 107.0, "timestamp": "2025-01-01T00:01:47", "mode": "MIN_MAX", "is_static": false, "battery": 48.49999999999981}}, {"type": "Feature", "geometry": {"type": "Point", "coordinates": [964266.3155133942, 1949655.8760028214]}, "properties": {"kind": "drone", "drone_id": 11, "frame": 107, "time_s": 107.0, "timestamp": "2025-01-01T00:01:47", "mode": "MIN_MAX", "is_static": false, "battery": 33.84228187919427}}, {"type": "Feature", "geometry": {"type": "Point", "coordinates": [963921.225765043, 1949938.809125327]}, "properties": {"kind": "drone", "drone_id": 12, "frame": 107, "time_s": 107.0, "timestamp": "2025-01-01T00:01:47", "mode": "MIN_MAX", "is_static": false, "battery": 33.84228187919427}}, {"type": "Feature", "geometry": {"type": "Point", "coordinates": [963921.225765043, 1950262.2565190694]}, "properties": {"kind": "drone", "drone_id": 13, "frame": 107, "time_s": 107.0, "timestamp": "2025-01-01T00:01:47", "mode": "MIN_MAX", "is_static": false, "battery": 39.5}}, {"type": "Feature", "geometry": {"type": "Point", "coordinates": [963791.3219544754, 1950830.1136619265]}, "properties": {"kind": "drone", "drone_id": 14, "frame": 107, "time_s": 107.0, "timestamp": "2025-01-01T00:01:47", "mode": "MIN_MAX", "is_static": false, "battery": 44.00000000000082}}, {"type": "Feature", "geometry": {"type": "Point", "coordinates": [962399.4954126789, 1951526.542233355]}, "properties": {"kind": "drone", "drone_id": 15, "frame": 107, "time_s": 107.0, "timestamp": "2025-01-01T00:01:47", "mode": "MIN_MAX", "is_static": false, "battery": 39.500000000000625}}, {"type": "Feature", "geometry": {"type": "Point", "coordinates": [963531.5143333401, 1950980.1136619265]}, "properties": {"kind": "drone", "drone_id": 16, "frame": 107, "time_s": 107.0, "timestamp": "2025-01-01T00:01:47", "mode": "MIN_MAX", "is_static": false, "battery": 50.0}}, {"type": "Feature", "geometry": {"type": "Point", "coordinates": [964939.7057836097, 1949843.13337481]}, "properties": {"kind": "drone", "drone_id": 17, "frame": 107, "time_s": 107.0, "timestamp": "2025-01-01T00:01:47", "mode": "MIN_MAX", "is_static": false, "battery": 33.84228187919427}}, {"type": "Feature", "geometry": {"type": "Point", "coordinates": [966000.8915957746, 1949855.8092891239]}, "properties": {"kind": "drone", "drone_id": 18, "frame": 107, "time_s": 107.0, "timestamp": "2025-01-01T00:01:47", "mode": "MIN_MAX", "is_static": false, "battery": 33.84228187919426}}, {"type": "Feature", "geometry": {"type": "Point", "coordinates": [962622.1876593664, 1951505.1136619265]}, "properties": {"kind": "drone", "drone_id": 19, "frame": 107, "time_s": 107.0, "timestamp": "2025-01-01T00:01:47", "mode": "MIN_MAX", "is_static": false, "battery": 50.0}}, {"type": "Feature", "geometry": {"type": "Point", "coordinates": [964670.3873721418, 1949687.6423174515]}, "properties": {"kind": "drone", "drone_id": 20, "frame": 107, "time_s": 107.0, "timestamp": "2025-01-01T00:01:47", "mode": "MIN_MAX", "is_static": false, "battery": 33.84228187919427}}, {"type": "Feature", "geometry": {"type": "Point", "coordinates": [961972.6686065281, 1951730.1136619265]}, "properties": {"kind": "base_A", "drone_id": 0, "frame": 107, "time_s": 107.0, "timestamp": "2025-01-01T00:01:47", "mode": "MIN_MAX", "is_static": true, "battery": 50.0}}, {"type": "Feature", "geometry": {"type": "Point", "coordinates": [966389.3981658287, 1948730.1136619265]}, "properties": {"kind": "base_B", "drone_id": 0, "frame": 107, "time_s": 107.0, "timestamp": "2025-01-01T00:01:47", "mode": "MIN_MAX", "is_static": true, "battery": 50.0}}, {"type": "Feature", "geometry": {"type": "Point", "coordinates": [965387.2830557353, 1949608.6850904978]}, "properties": {"kind": "drone", "drone_id": 1, "frame": 108, "time_s": 108.0, "timestamp": "2025-01-01T00:01:48", "mode": "MIN_MAX", "is_static": false, "battery": 34.99999999999965}}, {"type": "Feature", "geometry": {"type": "Point", "coordinates": [966222.3789808131, 1949276.542233355]}, "properties": {"kind": "drone", "drone_id": 2, "frame": 108, "time_s": 108.0, "timestamp": "2025-01-01T00:01:48", "mode": "MIN_MAX", "is_static": false, "battery": 43.99999999999942}}, {"type": "Feature", "geometry": {"type": "Point", "coordinates": [963809.8796416994, 1950519.3993762122]}, "properties": {"kind": "drone", "drone_id": 3, "frame": 108, "time_s": 108.0, "timestamp": "2025-01-01T00:01:48", "mode": "MIN_MAX", "is_static": false, "battery": 45.49999999999981}}, {"type": "Feature", "geometry": {"type": "Point", "coordinates": [962121.1301043197, 1951494.3993762122]}, "properties": {"kind": "drone", "drone_id": 4, "frame": 108, "time_s": 108.0, "timestamp": "2025-01-01T00:01:48", "mode": "MIN_MAX", "is_static": false, "battery": 43.99999999999981}}, {"type": "Feature", "geometry": {"type": "Point", "coordinates": [966389.3981658287, 1949051.542233355]}, "properties": {"kind": "drone", "drone_id": 5, "frame": 108, "time_s": 108.0, "timestamp": "2025-01-01T00:01:48", "mode": "MIN_MAX", "is_static": false, "battery": 35.00000000000081}}, {"type": "Feature", "geometry": {"type": "Point", "coordinates": [965338.2819661907, 1949636.975882737]}, "properties": {"kind": "drone", "drone_id": 6, "frame": 108, "time_s": 108.0, "timestamp": "2025-01-01T00:01:48", "mode": "MIN_MAX", "is_static": false, "battery": 33.691275167784866}}, {"type": "Feature", "geometry": {"type": "Point", "coordinates": [963234.5913377568, 1951151.542233355]}, "properties": {"kind": "drone", "drone_id": 7, "frame": 108, "time_s": 108.0, "timestamp": "2025-01-01T00:01:48", "mode": "MIN_MAX", "is_static": false, "battery": 36.50000000000047}}, {"type": "Feature", "geometry": {"type": "Point", "coordinates": [965191.9747200024, 1949721.4464107084]}, "properties": {"kind": "drone", "drone_id": 8, "frame": 108, "time_s": 108.0, "timestamp": "2025-01-01T00:01:48", "mode": "MIN_MAX", "is_static": false, "battery": 33.691275167784866}}, {"type": "Feature", "geometry": {"type": "Point", "coordinates": [962956.2260293976, 1951312.2565190694]}, "properties": {"kind": "drone", "drone_id": 9, "frame": 108, "time_s": 108.0, "timestamp": "2025-01-01T00:01:48", "mode": "MIN_MAX", "is_static": false, "battery": 47.00000000000062}}, {"type": "Feature", "geometry": {"type": "Point", "coordinates": [965944.0136724538, 1949437.2565190694]}, "properties": {"kind": "drone", "drone_id": 10, "frame": 108, "time_s": 108.0, "timestamp": "2025-01-01T00:01:48", "mode": "MIN_MAX", "is_static": false, "battery": 48.49999999999981}}, {"type": "Feature", "geometry": {"type": "Point", "coordinates": [964252.2826385398, 1949663.977886896]}, "properties": {"kind": "drone", "drone_id": 11, "frame": 108, "time_s": 108.0, "timestamp": "2025-01-01T00:01:48", "mode": "MIN_MAX", "is_static": false, "battery": 33.691275167784866}}, {"type": "Feature", "geometry": {"type": "Point", "coordinates": [963921.225765043, 1949940.193601798]}, "properties": {"kind": "drone", "drone_id": 12, "frame": 108, "time_s": 108.0, "timestamp": "2025-01-01T00:01:48", "mode": "MIN_MAX", "is_static": false, "battery": 33.691275167784866}}, {"type": "Feature", "geometry": {"type": "Point", "coordinates": [963921.225765043, 1950262.2565190694]}, "properties": {"kind": "drone", "drone_id": 13, "frame": 108, "time_s": 108.0, "timestamp": "2025-01-01T00:01:48", "mode": "MIN_MAX", "is_static": false, "battery": 39.5}}, {"type": "Feature", "geometry": {"type": "Point", "coordinates": [963791.3219544754, 1950830.1136619265]}, "properties": {"kind": "drone", "drone_id": 14, "frame": 108, "time_s": 108.0, "timestamp": "2025-01-01T00:01:48", "mode": "MIN_MAX", "is_static": false, "battery": 44.00000000000082}}, {"type": "Feature", "geometry": {"type": "Point", "coordinates": [962399.4954126789, 1951526.542233355]}, "properties": {"kind": "drone", "drone_id": 15, "frame": 108, "time_s": 108.0, "timestamp": "2025-01-01T00:01:48", "mode": "MIN_MAX", "is_static": false, "battery": 39.500000000000625}}, {"type": "Feature", "geometry": {"type": "Point", "coordinates": [963531.5143333401, 1950980.1136619265]}, "properties": {"kind": "drone", "drone_id": 16, "frame": 108, "time_s": 108.0, "timestamp": "2025-01-01T00:01:48", "mode": "MIN_MAX", "is_static": false, "battery": 50.0}}, {"type": "Feature", "geometry": {"type": "Point", "coordinates": [964923.8560378281, 1949833.9825198166]}, "properties": {"kind": "drone", "drone_id": 17, "frame": 108, "time_s": 108.0, "timestamp": "2025-01-01T00:01:48", "mode": "MIN_MAX", "is_static": false, "battery": 33.691275167784866}}, {"type": "Feature", "geometry": {"type": "Point", "coordinates": [965985.2621508288, 1949846.785624877]}, "properties": {"kind": "drone", "drone_id": 18, "frame": 108, "time_s": 108.0, "timestamp": "2025-01-01T00:01:48", "mode": "MIN_MAX", "is_static": false, "battery": 33.691275167784866}}, {"type": "Feature", "geometry": {"type": "Point", "coordinates": [962622.1876593664, 1951505.1136619265]}, "properties": {"kind": "drone", "drone_id": 19, "frame": 108, "time_s": 108.0, "timestamp": "2025-01-01T00:01:48", "mode": "MIN_MAX", "is_static": false, "battery": 50.0}}, {"type": "Feature", "geometry": {"type": "Point", "coordinates": [964654.4421946229, 1949678.4363649187]}, "properties": {"kind": "drone", "drone_id": 20, "frame": 108, "time_s": 108.0, "timestamp": "2025-01-01T00:01:48", "mode": "MIN_MAX", "is_static": false, "battery": 33.691275167784866}}, {"type": "Feature", "geometry": {"type": "Point", "coordinates": [961972.6686065281, 1951730.1136619265]}, "properties": {"kind": "base_A", "drone_id": 0, "frame": 108, "time_s": 108.0, "timestamp": "2025-01-01T00:01:48", "mode": "MIN_MAX", "is_static": true, "battery": 50.0}}, {"type": "Feature", "geometry": {"type": "Point", "coordinates": [966389.3981658287, 1948730.1136619265]}, "properties": {"kind": "base_B", "drone_id": 0, "frame": 108, "time_s": 108.0, "timestamp": "2025-01-01T00:01:48", "mode": "MIN_MAX", "is_static": true, "battery": 50.0}}, {"type": "Feature", "geometry": {"type": "Point", "coordinates": [965387.2830557353, 1949608.6850904978]}, "properties": {"kind": "drone", "drone_id": 1, "frame": 109, "time_s": 109.0, "timestamp": "2025-01-01T00:01:49", "mode": "MIN_MAX", "is_static": false, "battery": 34.99999999999965}}, {"type": "Feature", "geometry": {"type": "Point", "coordinates": [966222.3789808131, 1949276.542233355]}, "properties": {"kind": "drone", "drone_id": 2, "frame": 109, "time_s": 109.0, "timestamp": "2025-01-01T00:01:49", "mode": "MIN_MAX", "is_static": false, "battery": 43.99999999999942}}, {"type": "Feature", "geometry": {"type": "Point", "coordinates": [963809.8796416994, 1950519.3993762122]}, "properties": {"kind": "drone", "drone_id": 3, "frame": 109, "time_s": 109.0, "timestamp": "2025-01-01T00:01:49", "mode": "MIN_MAX", "is_static": false, "battery": 45.49999999999981}}, {"type": "Feature", "geometry": {"type": "Point", "coordinates": [962121.1301043197, 1951494.3993762122]}, "properties": {"kind": "drone", "drone_id": 4, "frame": 109, "time_s": 109.0, "timestamp": "2025-01-01T00:01:49", "mode": "MIN_MAX", "is_static": false, "battery": 43.99999999999981}}, {"type": "Feature", "geometry": {"type": "Point", "coordinates": [966389.3981658287, 1949051.542233355]}, "properties": {"kind": "drone", "drone_id": 5, "frame": 109, "time_s": 109.0, "timestamp": "2025-01-01T00:01:49", "mode": "MIN_MAX", "is_static": false, "battery": 35.00000000000081}}, {"type": "Feature", "geometry": {"type": "Point", "coordinates": [965324.9637945775, 1949644.665132703]}, "properties": {"kind": "drone", "drone_id": 6, "frame": 109, "time_s": 109.0, "timestamp": "2025-01-01T00:01:49", "mode": "MIN_MAX", "is_static": false, "battery": 33.54026845637547}}, {"type": "Feature", "geometry": {"type": "Point", "coordinates": [963234.5913377568, 1951151.542233355]}, "properties": {"kind": "drone", "drone_id": 7, "frame": 109, "time_s": 109.0, "timestamp": "2025-01-01T00:01:49", "mode": "MIN_MAX", "is_static": false, "battery": 36.50000000000047}}, {"type": "Feature", "geometry": {"type": "Point", "coordinates": [965176.4443386439, 1949730.4128805662]}, "properties": {"kind": "drone", "drone_id": 8, "frame": 109, "time_s": 109.0, "timestamp": "2025-01-01T00:01:49", "mode": "MIN_MAX", "is_static": false, "battery": 33.540268456375465}}, {"type": "Feature", "geometry": {"type": "Point", "coordinates": [962956.2260293976, 1951312.2565190694]}, "properties": {"kind": "drone", "drone_id": 9, "frame": 109, "time_s": 109.0, "timestamp": "2025-01-01T00:01:49", "mode": "MIN_MAX", "is_static": false, "battery": 47.00000000000062}}, {"type": "Feature", "geometry": {"type": "Point", "coordinates": [965944.0136724538, 1949437.2565190694]}, "properties": {"kind": "drone", "drone_id": 10, "frame": 109, "time_s": 109.0, "timestamp": "2025-01-01T00:01:49", "mode": "MIN_MAX", "is_static": false, "battery": 48.49999999999981}}, {"type": "Feature", "geometry": {"type": "Point", "coordinates": [964238.5679157008, 1949671.896085819]}, "properties": {"kind": "drone", "drone_id": 11, "frame": 109, "time_s": 109.0, "timestamp": "2025-01-01T00:01:49", "mode": "MIN_MAX", "is_static": false, "battery": 33.54026845637547}}, {"type": "Feature", "geometry": {"type": "Point", "coordinates": [963921.225765043, 1949940.7996597157]}, "properties": {"kind": "drone", "drone_id": 12, "frame": 109, "time_s": 109.0, "timestamp": "2025-01-01T00:01:49", "mode": "MIN_MAX", "is_static": false, "battery": 33.54026845637547}}, {"type": "Feature", "geometry": {"type": "Point", "coordinates": [963921.225765043, 1950262.2565190694]}, "properties": {"kind": "drone", "drone_id": 13, "frame": 109, "time_s": 109.0, "timestamp": "2025-01-01T00:01:49", "mode": "MIN_MAX", "is_static": false, "battery": 39.5}}, {"type": "Feature", "geometry": {"type": "Point", "coordinates": [963791.3219544754, 1950830.1136619265]}, "properties": {"kind": "drone", "drone_id": 14, "frame": 109, "time_s": 109.0, "timestamp": "2025-01-01T00:01:49", "mode": "MIN_MAX", "is_static": false, "battery": 44.00000000000082}}, {"type": "Feature", "geometry": {"type": "Point", "coordinates": [962399.4954126789, 1951526.542233355]}, "properties": {"kind": "drone", "drone_id": 15, "frame": 109, "time_s": 109.0, "timestamp": "2025-01-01T00:01:49", "mode": "MIN_MAX", "is_static": false, "battery": 39.500000000000625}}, {"type": "Feature", "geometry": {"type": "Point", "coordinates": [963531.5143333401, 1950980.1136619265]}, "properties": {"kind": "drone", "drone_id": 16, "frame": 109, "time_s": 109.0, "timestamp": "2025-01-01T00:01:49", "mode": "MIN_MAX", "is_static": false, "battery": 50.0}}, {"type": "Feature", "geometry": {"type": "Point", "coordinates": [964908.2443313415, 1949824.969096874]}, "properties": {"kind": "drone", "drone_id": 17, "frame": 109, "time_s": 109.0, "timestamp": "2025-01-01T00:01:49", "mode": "MIN_MAX", "is_static": false, "battery": 33.540268456375465}}, {"type": "Feature", "geometry": {"type": "Point", "coordinates": [965969.8674365913, 1949837.897482468]}, "properties": {"kind": "drone", "drone_id": 18, "frame": 109, "time_s": 109.0, "timestamp": "2025-01-01T00:01:49", "mode": "MIN_MAX", "is_static": false, "battery": 33.540268456375465}}, {"type": "Feature", "geometry": {"type": "Point", "coordinates": [962622.1876593664, 1951505.1136619265]}, "properties": {"kind": "drone", "drone_id": 19, "frame": 109, "time_s": 109.0, "timestamp": "2025-01-01T00:01:49", "mode": "MIN_MAX", "is_static": false, "battery": 50.0}}, {"type": "Feature", "geometry": {"type": "Point", "coordinates": [964638.7364896399, 1949669.368671919]}, "properties": {"kind": "drone", "drone_id": 20, "frame": 109, "time_s": 109.0, "timestamp": "2025-01-01T00:01:49", "mode": "MIN_MAX", "is_static": false, "battery": 33.54026845637547}}, {"type": "Feature", "geometry": {"type": "Point", "coordinates": [961972.6686065281, 1951730.1136619265]}, "properties": {"kind": "base_A", "drone_id": 0, "frame": 109, "time_s": 109.0, "timestamp": "2025-01-01T00:01:49", "mode": "MIN_MAX", "is_static": true, "battery": 50.0}}, {"type": "Feature", "geometry": {"type": "Point", "coordinates": [966389.3981658287, 1948730.1136619265]}, "properties": {"kind": "base_B", "drone_id": 0, "frame": 109, "time_s": 109.0, "timestamp": "2025-01-01T00:01:49", "mode": "MIN_MAX", "is_static": true, "battery": 50.0}}, {"type": "Feature", "geometry": {"type": "Point", "coordinates": [965387.2830557353, 1949608.6850904978]}, "properties": {"kind": "drone", "drone_id": 1, "frame": 110, "time_s": 110.0, "timestamp": "2025-01-01T00:01:50", "mode": "MIN_MAX", "is_static": false, "battery": 34.99999999999965}}, {"type": "Feature", "geometry": {"type": "Point", "coordinates": [966222.3789808131, 1949276.542233355]}, "properties": {"kind": "drone", "drone_id": 2, "frame": 110, "time_s": 110.0, "timestamp": "2025-01-01T00:01:50", "mode": "MIN_MAX", "is_static": false, "battery": 43.99999999999942}}, {"type": "Feature", "geometry": {"type": "Point", "coordinates": [963809.8796416994, 1950519.3993762122]}, "properties": {"kind": "drone", "drone_id": 3, "frame": 110, "time_s": 110.0, "timestamp": "2025-01-01T00:01:50", "mode": "MIN_MAX", "is_static": false, "battery": 45.49999999999981}}, {"type": "Feature", "geometry": {"type": "Point", "coordinates": [962121.1301043197, 1951494.3993762122]}, "properties": {"kind": "drone", "drone_id": 4, "frame": 110, "time_s": 110.0, "timestamp": "2025-01-01T00:01:50", "mode": "MIN_MAX", "is_static": false, "battery": 43.99999999999981}}, {"type": "Feature", "geometry": {"type": "Point", "coordinates": [966389.3981658287, 1949051.542233355]}, "properties": {"kind": "drone", "drone_id": 5, "frame": 110, "time_s": 110.0, "timestamp": "2025-01-01T00:01:50", "mode": "MIN_MAX", "is_static": false, "battery": 35.00000000000081}}, {"type": "Feature", "geometry": {"type": "Point", "coordinates": [965311.9626075499, 1949652.1713715333]}, "properties": {"kind": "drone", "drone_id": 6, "frame": 110, "time_s": 110.0, "timestamp": "2025-01-01T00:01:50", "mode": "MIN_MAX", "is_static": false, "battery": 33.38926174496607}}, {"type": "Feature", "geometry": {"type": "Point", "coordinates": [963234.5913377568, 1951151.542233355]}, "properties": {"kind": "drone", "drone_id": 7, "frame": 110, "time_s": 110.0, "timestamp": "2025-01-01T00:01:50", "mode": "MIN_MAX", "is_static": false, "battery": 36.50000000000047}}, {"type": "Feature", "geometry": {"type": "Point", "coordinates": [965161.157825212, 1949739.238553211]}, "properties": {"kind": "drone", "drone_id": 8, "frame": 110, "time_s": 110.0, "timestamp": "2025-01-01T00:01:50", "mode": "MIN_MAX", "is_static": false, "battery": 33.38926174496606}}, {"type": "Feature", "geometry": {"type": "Point", "coordinates": [962956.2260293976, 1951312.2565190694]}, "properties": {"kind": "drone", "drone_id": 9, "frame": 110, "time_s": 110.0, "timestamp": "2025-01-01T00:01:50", "mode": "MIN_MAX", "is_static": false, "battery": 47.00000000000062}}, {"type": "Feature", "geometry": {"type": "Point", "coordinates": [965944.0136724538, 1949437.2565190694]}, "properties": {"kind": "drone", "drone_id": 10, "frame": 110, "time_s": 110.0, "timestamp": "2025-01-01T00:01:50", "mode": "MIN_MAX", "is_static": false, "battery": 48.49999999999981}}, {"type": "Feature", "geometry": {"type": "Point", "coordinates": [964225.1796157268, 1949679.625824413]}, "properties": {"kind": "drone", "drone_id": 11, "frame": 110, "time_s": 110.0, "timestamp": "2025-01-01T00:01:50", "mode": "MIN_MAX", "is_static": false, "battery": 33.38926174496606}}, {"type": "Feature", "geometry": {"type": "Point", "coordinates": [963921.225765043, 1949940.8279476408]}, "properties": {"kind": "drone", "drone_id": 12, "frame": 110, "time_s": 110.0, "timestamp": "2025-01-01T00:01:50", "mode": "MIN_MAX", "is_static": false, "battery": 33.500000000000234}}, {"type": "Feature", "geometry": {"type": "Point", "coordinates": [963921.225765043, 1950262.2565190694]}, "properties": {"kind": "drone", "drone_id": 13, "frame": 110, "time_s": 110.0, "timestamp": "2025-01-01T00:01:50", "mode": "MIN_MAX", "is_static": false, "battery": 39.5}}, {"type": "Feature", "geometry": {"type": "Point", "coordinates": [963791.3219544754, 1950830.1136619265]}, "properties": {"kind": "drone", "drone_id": 14, "frame": 110, "time_s": 110.0, "timestamp": "2025-01-01T00:01:50", "mode": "MIN_MAX", "is_static": false, "battery": 44.00000000000082}}, {"type": "Feature", "geometry": {"type": "Point", "coordinates": [962399.4954126789, 1951526.542233355]}, "properties": {"kind": "drone", "drone_id": 15, "frame": 110, "time_s": 110.0, "timestamp": "2025-01-01T00:01:50", "mode": "MIN_MAX", "is_static": false, "battery": 39.500000000000625}}, {"type": "Feature", "geometry": {"type": "Point", "coordinates": [963531.5143333401, 1950980.1136619265]}, "properties": {"kind": "drone", "drone_id": 16, "frame": 110, "time_s": 110.0, "timestamp": "2025-01-01T00:01:50", "mode": "MIN_MAX", "is_static": false, "battery": 50.0}}, {"type": "Feature", "geometry": {"type": "Point", "coordinates": [964892.8777698003, 1949816.0972084317]}, "properties": {"kind": "drone", "drone_id": 17, "frame": 110, "time_s": 110.0, "timestamp": "2025-01-01T00:01:50", "mode": "MIN_MAX", "is_static": false, "battery": 33.38926174496606}}, {"type": "Feature", "geometry": {"type": "Point", "coordinates": [965954.7144599489, 1949829.1489073245]}, "properties": {"kind": "drone", "drone_id": 18, "frame": 110, "time_s": 110.0, "timestamp": "2025-01-01T00:01:50", "mode": "MIN_MAX", "is_static": false, "battery": 33.38926174496606}}, {"type": "Feature", "geometry": {"type": "Point", "coordinates": [962622.1876593664, 1951505.1136619265]}, "properties": {"kind": "drone", "drone_id": 19, "frame": 110, "time_s": 110.0, "timestamp": "2025-01-01T00:01:50", "mode": "MIN_MAX", "is_static": false, "battery": 50.0}}, {"type": "Feature", "geometry": {"type": "Point", "coordinates": [964623.2774056264, 1949660.4433656023]}, "properties": {"kind": "drone", "drone_id": 20, "frame": 110, "time_s": 110.0, "timestamp": "2025-01-01T00:01:50", "mode": "MIN_MAX", "is_static": false, "battery": 33.38926174496606}}, {"type": "Feature", "geometry": {"type": "Point", "coordinates": [961972.6686065281, 1951730.1136619265]}, "properties": {"kind": "base_A", "drone_id": 0, "frame": 110, "time_s": 110.0, "timestamp": "2025-01-01T00:01:50", "mode": "MIN_MAX", "is_static": true, "battery": 50.0}}, {"type": "Feature", "geometry": {"type": "Point", "coordinates": [966389.3981658287, 1948730.1136619265]}, "properties": {"kind": "base_B", "drone_id": 0, "frame": 110, "time_s": 110.0, "timestamp": "2025-01-01T00:01:50", "mode": "MIN_MAX", "is_static": true, "battery": 50.0}}, {"type": "Feature", "geometry": {"type": "Point", "coordinates": [965387.2830557353, 1949608.6850904978]}, "properties": {"kind": "drone", "drone_id": 1, "frame": 111, "time_s": 111.0, "timestamp": "2025-01-01T00:01:51", "mode": "MIN_MAX", "is_static": false, "battery": 34.99999999999965}}, {"type": "Feature", "geometry": {"type": "Point", "coordinates": [966222.3789808131, 1949276.542233355]}, "properties": {"kind": "drone", "drone_id": 2, "frame": 111, "time_s": 111.0, "timestamp": "2025-01-01T00:01:51", "mode": "MIN_MAX", "is_static": false, "battery": 43.99999999999942}}, {"type": "Feature", "geometry": {"type": "Point", "coordinates": [963809.8796416994, 1950519.3993762122]}, "properties": {"kind": "drone", "drone_id": 3, "frame": 111, "time_s": 111.0, "timestamp": "2025-01-01T00:01:51", "mode": "MIN_MAX", "is_static": false, "battery": 45.49999999999981}}, {"type": "Feature", "geometry": {"type": "Point", "coordinates": [962121.1301043197, 1951494.3993762122]}, "properties": {"kind": "drone", "drone_id": 4, "frame": 111, "time_s": 111.0, "timestamp": "2025-01-01T00:01:51", "mode": "MIN_MAX", "is_static": false, "battery": 43.99999999999981}}, {"type": "Feature", "geometry": {"type": "Point", "coordinates": [966389.3981658287, 1949051.542233355]}, "properties": {"kind": "drone", "drone_id": 5, "frame": 111, "time_s": 111.0, "timestamp": "2025-01-01T00:01:51", "mode": "MIN_MAX", "is_static": false, "battery": 35.00000000000081}}, {"type": "Feature", "geometry": {"type": "Point", "coordinates": [965299.2864368117, 1949659.4899621212]}, "properties": {"kind": "drone", "drone_id": 6, "frame": 111, "time_s": 111.0, "timestamp": "2025-01-01T00:01:51", "mode": "MIN_MAX", "is_static": false, "battery": 33.23825503355667}}, {"type": "Feature", "geometry": {"type": "Point", "coordinates": [963234.5913377568, 1951151.542233355]}, "properties": {"kind": "drone", "drone_id": 7, "frame": 111, "time_s": 111.0, "timestamp": "2025-01-01T00:01:51", "mode": "MIN_MAX", "is_static": false, "battery": 36.50000000000047}}, {"type": "Feature", "geometry": {"type": "Point", "coordinates": [965146.1222483421, 1949747.9193475642]}, "properties": {"kind": "drone", "drone_id": 8, "frame": 111, "time_s": 111.0, "timestamp": "2025-01-01T00:01:51", "mode": "MIN_MAX", "is_static": false, "battery": 33.23825503355667}}, {"type": "Feature", "geometry": {"type": "Point", "coordinates": [962956.2260293976, 1951312.2565190694]}, "properties": {"kind": "drone", "drone_id": 9, "frame": 111, "time_s": 111.0, "timestamp": "2025-01-01T00:01:51", "mode": "MIN_MAX", "is_static": false, "battery": 47.00000000000062}}, {"type": "Feature", "geometry": {"type": "Point", "coordinates": [965944.0136724538, 1949437.2565190694]}, "properties": {"kind": "drone", "drone_id": 10, "frame": 111, "time_s": 111.0, "timestamp": "2025-01-01T00:01:51", "mode": "MIN_MAX", "is_static": false, "battery": 48.49999999999981}}, {"type": "Feature", "geometry": {"type": "Point", "coordinates": [964212.1260094675, 1949687.1623275008]}, "properties": {"kind": "drone", "drone_id": 11, "frame": 111, "time_s": 111.0, "timestamp": "2025-01-01T00:01:51", "mode": "MIN_MAX", "is_static": false, "battery": 33.23825503355667}}, {"type": "Feature", "geometry": {"type": "Point", "coordinates": [963921.225765043, 1949940.8279476408]}, "properties": {"kind": "drone", "drone_id": 12, "frame": 111, "time_s": 111.0, "timestamp": "2025-01-01T00:01:51", "mode": "MIN_MAX", "is_static": false, "battery": 33.500000000000234}}, {"type": "Feature", "geometry": {"type": "Point", "coordinates": [963921.225765043, 1950262.2565190694]}, "properties": {"kind": "drone", "drone_id": 13, "frame": 111, "time_s": 111.0, "timestamp": "2025-01-01T00:01:51", "mode": "MIN_MAX", "is_static": false, "battery": 39.5}}, {"type": "Feature", "geometry": {"type": "Point", "coordinates": [963791.3219544754, 1950830.1136619265]}, "properties": {"kind": "drone", "drone_id": 14, "frame": 111, "time_s": 111.0, "timestamp": "2025-01-01T00:01:51", "mode": "MIN_MAX", "is_static": false, "battery": 44.00000000000082}}, {"type": "Feature", "geometry": {"type": "Point", "coordinates": [962399.4954126789, 1951526.542233355]}, "properties": {"kind": "drone", "drone_id": 15, "frame": 111, "time_s": 111.0, "timestamp": "2025-01-01T00:01:51", "mode": "MIN_MAX", "is_static": false, "battery": 39.500000000000625}}, {"type": "Feature", "geometry": {"type": "Point", "coordinates": [963531.5143333401, 1950980.1136619265]}, "properties": {"kind": "drone", "drone_id": 16, "frame": 111, "time_s": 111.0, "timestamp": "2025-01-01T00:01:51", "mode": "MIN_MAX", "is_static": false, "battery": 50.0}}, {"type": "Feature", "geometry": {"type": "Point", "coordinates": [964877.763458855, 1949807.3709569387]}, "properties": {"kind": "drone", "drone_id": 17, "frame": 111, "time_s": 111.0, "timestamp": "2025-01-01T00:01:51", "mode": "MIN_MAX", "is_static": false, "battery": 33.23825503355667}}, {"type": "Feature", "geometry": {"type": "Point", "coordinates": [965939.8102277884, 1949820.5439448745]}, "properties": {"kind": "drone", "drone_id": 18, "frame": 111, "time_s": 111.0, "timestamp": "2025-01-01T00:01:51", "mode": "MIN_MAX", "is_static": false, "battery": 33.23825503355667}}, {"type": "Feature", "geometry": {"type": "Point", "coordinates": [962622.1876593664, 1951505.1136619265]}, "properties": {"kind": "drone", "drone_id": 19, "frame": 111, "time_s": 111.0, "timestamp": "2025-01-01T00:01:51", "mode": "MIN_MAX", "is_static": false, "battery": 50.0}}, {"type": "Feature", "geometry": {"type": "Point", "coordinates": [964608.0720910163, 1949651.664573119]}, "properties": {"kind": "drone", "drone_id": 20, "frame": 111, "time_s": 111.0, "timestamp": "2025-01-01T00:01:51", "mode": "MIN_MAX", "is_static": false, "battery": 33.23825503355667}}, {"type": "Feature", "geometry": {"type": "Point", "coordinates": [961972.6686065281, 1951730.1136619265]}, "properties": {"kind": "base_A", "drone_id": 0, "frame": 111, "time_s": 111.0, "timestamp": "2025-01-01T00:01:51", "mode": "MIN_MAX", "is_static": true, "battery": 50.0}}, {"type": "Feature", "geometry": {"type": "Point", "coordinates": [966389.3981658287, 1948730.1136619265]}, "properties": {"kind": "base_B", "drone_id": 0, "frame": 111, "time_s": 111.0, "timestamp": "2025-01-01T00:01:51", "mode": "MIN_MAX", "is_static": true, "battery": 50.0}}, {"type": "Feature", "geometry": {"type": "Point", "coordinates": [965387.2830557353, 1949608.6850904978]}, "properties": {"kind": "drone", "drone_id": 1, "frame": 112, "time_s": 112.0, "timestamp": "2025-01-01T00:01:52", "mode": "MIN_MAX", "is_static": false, "battery": 34.99999999999965}}, {"type": "Feature", "geometry": {"type": "Point", "coordinates": [966222.3789808131, 1949276.542233355]}, "properties": {"kind": "drone", "drone_id": 2, "frame": 112, "time_s": 112.0, "timestamp": "2025-01-01T00:01:52", "mode": "MIN_MAX", "is_static": false, "battery": 43.99999999999942}}, {"type": "Feature", "geometry": {"type": "Point", "coordinates": [963809.8796416994, 1950519.3993762122]}, "properties": {"kind": "drone", "drone_id": 3, "frame": 112, "time_s": 112.0, "timestamp": "2025-01-01T00:01:52", "mode": "MIN_MAX", "is_static": false, "battery": 45.49999999999981}}, {"type": "Feature", "geometry": {"type": "Point", "coordinates": [962121.1301043197, 1951494.3993762122]}, "properties": {"kind": "drone", "drone_id": 4, "frame": 112, "time_s": 112.0, "timestamp": "2025-01-01T00:01:52", "mode": "MIN_MAX", "is_static": false, "battery": 43.99999999999981}}, {"type": "Feature", "geometry": {"type": "Point", "coordinates": [966389.3981658287, 1949051.542233355]}, "properties": {"kind": "drone", "drone_id": 5, "frame": 112, "time_s": 112.0, "timestamp": "2025-01-01T00:01:52", "mode": "MIN_MAX", "is_static": false, "battery": 35.00000000000081}}, {"type": "Feature", "geometry": {"type": "Point", "coordinates": [965286.943314067, 1949666.6162673605]}, "properties": {"kind": "drone", "drone_id": 6, "frame": 112, "time_s": 112.0, "timestamp": "2025-01-01T00:01:52", "mode": "MIN_MAX", "is_static": false, "battery": 33.087248322147275}}, {"type": "Feature", "geometry": {"type": "Point", "coordinates": [963234.5913377568, 1951151.542233355]}, "properties": {"kind": "drone", "drone_id": 7, "frame": 112, "time_s": 112.0, "timestamp": "2025-01-01T00:01:52", "mode": "MIN_MAX", "is_static": false, "battery": 36.50000000000047}}, {"type": "Feature", "geometry": {"type": "Point", "coordinates": [965131.3446766699, 1949756.4511825473]}, "properties": {"kind": "drone", "drone_id": 8, "frame": 112, "time_s": 112.0, "timestamp": "2025-01-01T00:01:52", "mode": "MIN_MAX", "is_static": false, "battery": 33.08724832214727}}, {"type": "Feature", "geometry": {"type": "Point", "coordinates": [962956.2260293976, 1951312.2565190694]}, "properties": {"kind": "drone", "drone_id": 9, "frame": 112, "time_s": 112.0, "timestamp": "2025-01-01T00:01:52", "mode": "MIN_MAX", "is_static": false, "battery": 47.00000000000062}}, {"type": "Feature", "geometry": {"type": "Point", "coordinates": [965944.0136724538, 1949437.2565190694]}, "properties": {"kind": "drone", "drone_id": 10, "frame": 112, "time_s": 112.0, "timestamp": "2025-01-01T00:01:52", "mode": "MIN_MAX", "is_static": false, "battery": 48.49999999999981}}, {"type": "Feature", "geometry": {"type": "Point", "coordinates": [964199.4153677723, 1949694.500819905]}, "properties": {"kind": "drone", "drone_id": 11, "frame": 112, "time_s": 112.0, "timestamp": "2025-01-01T00:01:52", "mode": "MIN_MAX", "is_static": false, "battery": 33.087248322147275}}, {"type": "Feature", "geometry": {"type": "Point", "coordinates": [963921.225765043, 1949940.8279476408]}, "properties": {"kind": "drone", "drone_id": 12, "frame": 112, "time_s": 112.0, "timestamp": "2025-01-01T00:01:52", "mode": "MIN_MAX", "is_static": false, "battery": 33.500000000000234}}, {"type": "Feature", "geometry": {"type": "Point", "coordinates": [963921.225765043, 1950262.2565190694]}, "properties": {"kind": "drone", "drone_id": 13, "frame": 112, "time_s": 112.0, "timestamp": "2025-01-01T00:01:52", "mode": "MIN_MAX", "is_static": false, "battery": 39.5}}, {"type": "Feature", "geometry": {"type": "Point", "coordinates": [963791.3219544754, 1950830.1136619265]}, "properties": {"kind": "drone", "drone_id": 14, "frame": 112, "time_s": 112.0, "timestamp": "2025-01-01T00:01:52", "mode": "MIN_MAX", "is_static": false, "battery": 44.00000000000082}}, {"type": "Feature", "geometry": {"type": "Point", "coordinates": [962399.4954126789, 1951526.542233355]}, "properties": {"kind": "drone", "drone_id": 15, "frame": 112, "time_s": 112.0, "timestamp": "2025-01-01T00:01:52", "mode": "MIN_MAX", "is_static": false, "battery": 39.500000000000625}}, {"type": "Feature", "geometry": {"type": "Point", "coordinates": [963531.5143333401, 1950980.1136619265]}, "properties": {"kind": "drone", "drone_id": 16, "frame": 112, "time_s": 112.0, "timestamp": "2025-01-01T00:01:52", "mode": "MIN_MAX", "is_static": false, "battery": 50.0}}, {"type": "Feature", "geometry": {"type": "Point", "coordinates": [964862.9085041563, 1949798.7944448446]}, "properties": {"kind": "drone", "drone_id": 17, "frame": 112, "time_s": 112.0, "timestamp": "2025-01-01T00:01:52", "mode": "MIN_MAX", "is_static": false, "battery": 33.08724832214727}}, {"type": "Feature", "geometry": {"type": "Point", "coordinates": [965925.1617469967, 1949812.086640546]}, "properties": {"kind": "drone", "drone_id": 18, "frame": 112, "time_s": 112.0, "timestamp": "2025-01-01T00:01:52", "mode": "MIN_MAX", "is_static": false, "battery": 33.08724832214727}}, {"type": "Feature", "geometry": {"type": "Point", "coordinates": [962622.1876593664, 1951505.1136619265]}, "properties": {"kind": "drone", "drone_id": 19, "frame": 112, "time_s": 112.0, "timestamp": "2025-01-01T00:01:52", "mode": "MIN_MAX", "is_static": false, "battery": 50.0}}, {"type": "Feature", "geometry": {"type": "Point", "coordinates": [964593.1276942437, 1949643.0364216194]}, "properties": {"kind": "drone", "drone_id": 20, "frame": 112, "time_s": 112.0, "timestamp": "2025-01-01T00:01:52", "mode": "MIN_MAX", "is_static": false, "battery": 33.087248322147275}}, {"type": "Feature", "geometry": {"type": "Point", "coordinates": [961972.6686065281, 1951730.1136619265]}, "properties": {"kind": "base_A", "drone_id": 0, "frame": 112, "time_s": 112.0, "timestamp": "2025-01-01T00:01:52", "mode": "MIN_MAX", "is_static": true, "battery": 50.0}}, {"type": "Feature", "geometry": {"type": "Point", "coordinates": [966389.3981658287, 1948730.1136619265]}, "properties": {"kind": "base_B", "drone_id": 0, "frame": 112, "time_s": 112.0, "timestamp": "2025-01-01T00:01:52", "mode": "MIN_MAX", "is_static": true, "battery": 50.0}}, {"type": "Feature", "geometry": {"type": "Point", "coordinates": [965387.2830557353, 1949608.6850904978]}, "properties": {"kind": "drone", "drone_id": 1, "frame": 113, "time_s": 113.0, "timestamp": "2025-01-01T00:01:53", "mode": "MIN_MAX", "is_static": false, "battery": 34.99999999999965}}, {"type": "Feature", "geometry": {"type": "Point", "coordinates": [966222.3789808131, 1949276.542233355]}, "properties": {"kind": "drone", "drone_id": 2, "frame": 113, "time_s": 113.0, "timestamp": "2025-01-01T00:01:53", "mode": "MIN_MAX", "is_static": false, "battery": 43.99999999999942}}, {"type": "Feature", "geometry": {"type": "Point", "coordinates": [963809.8796416994, 1950519.3993762122]}, "properties": {"kind": "drone", "drone_id": 3, "frame": 113, "time_s": 113.0, "timestamp": "2025-01-01T00:01:53", "mode": "MIN_MAX", "is_static": false, "battery": 45.49999999999981}}, {"type": "Feature", "geometry": {"type": "Point", "coordinates": [962121.1301043197, 1951494.3993762122]}, "properties": {"kind": "drone", "drone_id": 4, "frame": 113, "time_s": 113.0, "timestamp": "2025-01-01T00:01:53", "mode": "MIN_MAX", "is_static": false, "battery": 43.99999999999981}}, {"type": "Feature", "geometry": {"type": "Point", "coordinates": [966389.3981658287, 1949051.542233355]}, "properties": {"kind": "drone", "drone_id": 5, "frame": 113, "time_s": 113.0, "timestamp": "2025-01-01T00:01:53", "mode": "MIN_MAX", "is_static": false, "battery": 35.00000000000081}}, {"type": "Feature", "geometry": {"type": "Point", "coordinates": [965274.94127102, 1949673.5456501446]}, "properties": {"kind": "drone", "drone_id": 6, "frame": 113, "time_s": 113.0, "timestamp": "2025-01-01T00:01:53", "mode": "MIN_MAX", "is_static": false, "battery": 32.936241610737866}}, {"type": "Feature", "geometry": {"type": "Point", "coordinates": [963234.5913377568, 1951151.542233355]}, "properties": {"kind": "drone", "drone_id": 7, "frame": 113, "time_s": 113.0, "timestamp": "2025-01-01T00:01:53", "mode": "MIN_MAX", "is_static": false, "battery": 36.50000000000047}}, {"type": "Feature", "geometry": {"type": "Point", "coordinates": [965116.8321788308, 1949764.8299770812]}, "properties": {"kind": "drone", "drone_id": 8, "frame": 113, "time_s": 113.0, "timestamp": "2025-01-01T00:01:53", "mode": "MIN_MAX", "is_static": false, "battery": 32.936241610737866}}, {"type": "Feature", "geometry": {"type": "Point", "coordinates": [962956.2260293976, 1951312.2565190694]}, "properties": {"kind": "drone", "drone_id": 9, "frame": 113, "time_s": 113.0, "timestamp": "2025-01-01T00:01:53", "mode": "MIN_MAX", "is_static": false, "battery": 47.00000000000062}}, {"type": "Feature", "geometry": {"type": "Point", "coordinates": [965944.0136724538, 1949437.2565190694]}, "properties": {"kind": "drone", "drone_id": 10, "frame": 113, "time_s": 113.0, "timestamp": "2025-01-01T00:01:53", "mode": "MIN_MAX", "is_static": false, "battery": 48.49999999999981}}, {"type": "Feature", "geometry": {"type": "Point", "coordinates": [964187.055961491, 1949701.6365264487]}, "properties": {"kind": "drone", "drone_id": 11, "frame": 113, "time_s": 113.0, "timestamp": "2025-01-01T00:01:53", "mode": "MIN_MAX", "is_static": false, "battery": 32.936241610737866}}, {"type": "Feature", "geometry": {"type": "Point", "coordinates": [963921.225765043, 1949940.8279476408]}, "properties": {"kind": "drone", "drone_id": 12, "frame": 113, "time_s": 113.0, "timestamp": "2025-01-01T00:01:53", "mode": "MIN_MAX", "is_static": false, "battery": 33.500000000000234}}, {"type": "Feature", "geometry": {"type": "Point", "coordinates": [963921.225765043, 1950262.2565190694]}, "properties": {"kind": "drone", "drone_id": 13, "frame": 113, "time_s": 113.0, "timestamp": "2025-01-01T00:01:53", "mode": "MIN_MAX", "is_static": false, "battery": 39.5}}, {"type": "Feature", "geometry": {"type": "Point", "coordinates": [963791.3219544754, 1950830.1136619265]}, "properties": {"kind": "drone", "drone_id": 14, "frame": 113, "time_s": 113.0, "timestamp": "2025-01-01T00:01:53", "mode": "MIN_MAX", "is_static": false, "battery": 44.00000000000082}}, {"type": "Feature", "geometry": {"type": "Point", "coordinates": [962399.4954126789, 1951526.542233355]}, "properties": {"kind": "drone", "drone_id": 15, "frame": 113, "time_s": 113.0, "timestamp": "2025-01-01T00:01:53", "mode": "MIN_MAX", "is_static": false, "battery": 39.500000000000625}}, {"type": "Feature", "geometry": {"type": "Point", "coordinates": [963531.5143333401, 1950980.1136619265]}, "properties": {"kind": "drone", "drone_id": 16, "frame": 113, "time_s": 113.0, "timestamp": "2025-01-01T00:01:53", "mode": "MIN_MAX", "is_static": false, "battery": 50.0}}, {"type": "Feature", "geometry": {"type": "Point", "coordinates": [964848.3200113548, 1949790.3717745987]}, "properties": {"kind": "drone", "drone_id": 17, "frame": 113, "time_s": 113.0, "timestamp": "2025-01-01T00:01:53", "mode": "MIN_MAX", "is_static": false, "battery": 32.936241610737866}}, {"type": "Feature", "geometry": {"type": "Point", "coordinates": [965910.7760244603, 1949803.7810397674]}, "properties": {"kind": "drone", "drone_id": 18, "frame": 113, "time_s": 113.0, "timestamp": "2025-01-01T00:01:53", "mode": "MIN_MAX", "is_static": false, "battery": 32.936241610737866}}, {"type": "Feature", "geometry": {"type": "Point", "coordinates": [962622.1876593664, 1951505.1136619265]}, "properties": {"kind": "drone", "drone_id": 19, "frame": 113, "time_s": 113.0, "timestamp": "2025-01-01T00:01:53", "mode": "MIN_MAX", "is_static": false, "battery": 50.0}}, {"type": "Feature", "geometry": {"type": "Point", "coordinates": [964578.4513637422, 1949634.5630382537]}, "properties": {"kind": "drone", "drone_id": 20, "frame": 113, "time_s": 113.0, "timestamp": "2025-01-01T00:01:53", "mode": "MIN_MAX", "is_static": false, "battery": 32.936241610737866}}, {"type": "Feature", "geometry": {"type": "Point", "coordinates": [961972.6686065281, 1951730.1136619265]}, "properties": {"kind": "base_A", "drone_id": 0, "frame": 113, "time_s": 113.0, "timestamp": "2025-01-01T00:01:53", "mode": "MIN_MAX", "is_static": true, "battery": 50.0}}, {"type": "Feature", "geometry": {"type": "Point", "coordinates": [966389.3981658287, 1948730.1136619265]}, "properties": {"kind": "base_B", "drone_id": 0, "frame": 113, "time_s": 113.0, "timestamp": "2025-01-01T00:01:53", "mode": "MIN_MAX", "is_static": true, "battery": 50.0}}, {"type": "Feature", "geometry": {"type": "Point", "coordinates": [965387.2830557353, 1949608.6850904978]}, "properties": {"kind": "drone", "drone_id": 1, "frame": 114, "time_s": 114.0, "timestamp": "2025-01-01T00:01:54", "mode": "MIN_MAX", "is_static": false, "battery": 34.99999999999965}}, {"type": "Feature", "geometry": {"type": "Point", "coordinates": [966222.3789808131, 1949276.542233355]}, "properties": {"kind": "drone", "drone_id": 2, "frame": 114, "time_s": 114.0, "timestamp": "2025-01-01T00:01:54", "mode": "MIN_MAX", "is_static": false, "battery": 43.99999999999942}}, {"type": "Feature", "geometry": {"type": "Point", "coordinates": [963809.8796416994, 1950519.3993762122]}, "properties": {"kind": "drone", "drone_id": 3, "frame": 114, "time_s": 114.0, "timestamp": "2025-01-01T00:01:54", "mode": "MIN_MAX", "is_static": false, "battery": 45.49999999999981}}, {"type": "Feature", "geometry": {"type": "Point", "coordinates": [962121.1301043197, 1951494.3993762122]}, "properties": {"kind": "drone", "drone_id": 4, "frame": 114, "time_s": 114.0, "timestamp": "2025-01-01T00:01:54", "mode": "MIN_MAX", "is_static": false, "battery": 43.99999999999981}}, {"type": "Feature", "geometry": {"type": "Point", "coordinates": [966389.3981658287, 1949051.542233355]}, "properties": {"kind": "drone", "drone_id": 5, "frame": 114, "time_s": 114.0, "timestamp": "2025-01-01T00:01:54", "mode": "MIN_MAX", "is_static": false, "battery": 35.00000000000081}}, {"type": "Feature", "geometry": {"type": "Point", "coordinates": [965263.2883393745, 1949680.2734733669]}, "properties": {"kind": "drone", "drone_id": 6, "frame": 114, "time_s": 114.0, "timestamp": "2025-01-01T00:01:54", "mode": "MIN_MAX", "is_static": false, "battery": 32.78523489932847}}, {"type": "Feature", "geometry": {"type": "Point", "coordinates": [963234.5913377568, 1951151.542233355]}, "properties": {"kind": "drone", "drone_id": 7, "frame": 114, "time_s": 114.0, "timestamp": "2025-01-01T00:01:54", "mode": "MIN_MAX", "is_static": false, "battery": 36.50000000000047}}, {"type": "Feature", "geometry": {"type": "Point", "coordinates": [965102.5918234604, 1949773.0516500878]}, "properties": {"kind": "drone", "drone_id": 8, "frame": 114, "time_s": 114.0, "timestamp": "2025-01-01T00:01:54", "mode": "MIN_MAX", "is_static": false, "battery": 32.78523489932847}}, {"type": "Feature", "geometry": {"type": "Point", "coordinates": [962956.2260293976, 1951312.2565190694]}, "properties": {"kind": "drone", "drone_id": 9, "frame": 114, "time_s": 114.0, "timestamp": "2025-01-01T00:01:54", "mode": "MIN_MAX", "is_static": false, "battery": 47.00000000000062}}, {"type": "Feature", "geometry": {"type": "Point", "coordinates": [965944.0136724538, 1949437.2565190694]}, "properties": {"kind": "drone", "drone_id": 10, "frame": 114, "time_s": 114.0, "timestamp": "2025-01-01T00:01:54", "mode": "MIN_MAX", "is_static": false, "battery": 48.49999999999981}}, {"type": "Feature", "geometry": {"type": "Point", "coordinates": [964174.3083704725, 1949703.5605860753]}, "properties": {"kind": "drone", "drone_id": 11, "frame": 114, "time_s": 114.0, "timestamp": "2025-01-01T00:01:54", "mode": "MIN_MAX", "is_static": false, "battery": 32.78523489932847}}, {"type": "Feature", "geometry": {"type": "Point", "coordinates": [963921.225765043, 1949940.8279476408]}, "properties": {"kind": "drone", "drone_id": 12, "frame": 114, "time_s": 114.0, "timestamp": "2025-01-01T00:01:54", "mode": "MIN_MAX", "is_static": false, "battery": 33.500000000000234}}, {"type": "Feature", "geometry": {"type": "Point", "coordinates": [963921.225765043, 1950262.2565190694]}, "properties": {"kind": "drone", "drone_id": 13, "frame": 114, "time_s": 114.0, "timestamp": "2025-01-01T00:01:54", "mode": "MIN_MAX", "is_static": false, "battery": 39.5}}, {"type": "Feature", "geometry": {"type": "Point", "coordinates": [963791.3219544754, 1950830.1136619265]}, "properties": {"kind": "drone", "drone_id": 14, "frame": 114, "time_s": 114.0, "timestamp": "2025-01-01T00:01:54", "mode": "MIN_MAX", "is_static": false, "battery": 44.00000000000082}}, {"type": "Feature", "geometry": {"type": "Point", "coordinates": [962399.4954126789, 1951526.542233355]}, "properties": {"kind": "drone", "drone_id": 15, "frame": 114, "time_s": 114.0, "timestamp": "2025-01-01T00:01:54", "mode": "MIN_MAX", "is_static": false, "battery": 39.500000000000625}}, {"type": "Feature", "geometry": {"type": "Point", "coordinates": [963531.5143333401, 1950980.1136619265]}, "properties": {"kind": "drone", "drone_id": 16, "frame": 114, "time_s": 114.0, "timestamp": "2025-01-01T00:01:54", "mode": "MIN_MAX", "is_static": false, "battery": 50.0}}, {"type": "Feature", "geometry": {"type": "Point", "coordinates": [964834.005086101, 1949782.10704865]}, "properties": {"kind": "drone", "drone_id": 17, "frame": 114, "time_s": 114.0, "timestamp": "2025-01-01T00:01:54", "mode": "MIN_MAX", "is_static": false, "battery": 32.78523489932847}}, {"type": "Feature", "geometry": {"type": "Point", "coordinates": [965896.6600670664, 1949795.631187966]}, "properties": {"kind": "drone", "drone_id": 18, "frame": 114, "time_s": 114.0, "timestamp": "2025-01-01T00:01:54", "mode": "MIN_MAX", "is_static": false, "battery": 32.78523489932847}}, {"type": "Feature", "geometry": {"type": "Point", "coordinates": [962622.1876593664, 1951505.1136619265]}, "properties": {"kind": "drone", "drone_id": 19, "frame": 114, "time_s": 114.0, "timestamp": "2025-01-01T00:01:54", "mode": "MIN_MAX", "is_static": false, "battery": 50.0}}, {"type": "Feature", "geometry": {"type": "Point", "coordinates": [964564.050247946, 1949633.9787736807]}, "properties": {"kind": "drone", "drone_id": 20, "frame": 114, "time_s": 114.0, "timestamp": "2025-01-01T00:01:54", "mode": "MIN_MAX", "is_static": false, "battery": 32.78523489932847}}, {"type": "Feature", "geometry": {"type": "Point", "coordinates": [961972.6686065281, 1951730.1136619265]}, "properties": {"kind": "base_A", "drone_id": 0, "frame": 114, "time_s": 114.0, "timestamp": "2025-01-01T00:01:54", "mode": "MIN_MAX", "is_static": true, "battery": 50.0}}, {"type": "Feature", "geometry": {"type": "Point", "coordinates": [966389.3981658287, 1948730.1136619265]}, "properties": {"kind": "base_B", "drone_id": 0, "frame": 114, "time_s": 114.0, "timestamp": "2025-01-01T00:01:54", "mode": "MIN_MAX", "is_static": true, "battery": 50.0}}, {"type": "Feature", "geometry": {"type": "Point", "coordinates": [965387.2830557353, 1949608.6850904978]}, "properties": {"kind": "drone", "drone_id": 1, "frame": 115, "time_s": 115.0, "timestamp": "2025-01-01T00:01:55", "mode": "MIN_MAX", "is_static": false, "battery": 34.99999999999965}}, {"type": "Feature", "geometry": {"type": "Point", "coordinates": [966222.3789808131, 1949276.542233355]}, "properties": {"kind": "drone", "drone_id": 2, "frame": 115, "time_s": 115.0, "timestamp": "2025-01-01T00:01:55", "mode": "MIN_MAX", "is_static": false, "battery": 43.99999999999942}}, {"type": "Feature", "geometry": {"type": "Point", "coordinates": [963809.8796416994, 1950519.3993762122]}, "properties": {"kind": "drone", "drone_id": 3, "frame": 115, "time_s": 115.0, "timestamp": "2025-01-01T00:01:55", "mode": "MIN_MAX", "is_static": false, "battery": 45.49999999999981}}, {"type": "Feature", "geometry": {"type": "Point", "coordinates": [962121.1301043197, 1951494.3993762122]}, "properties": {"kind": "drone", "drone_id": 4, "frame": 115, "time_s": 115.0, "timestamp": "2025-01-01T00:01:55", "mode": "MIN_MAX", "is_static": false, "battery": 43.99999999999981}}, {"type": "Feature", "geometry": {"type": "Point", "coordinates": [966389.3981658287, 1949051.542233355]}, "properties": {"kind": "drone", "drone_id": 5, "frame": 115, "time_s": 115.0, "timestamp": "2025-01-01T00:01:55", "mode": "MIN_MAX", "is_static": false, "battery": 35.00000000000081}}, {"type": "Feature", "geometry": {"type": "Point", "coordinates": [965251.9925508347, 1949686.795099921]}, "properties": {"kind": "drone", "drone_id": 6, "frame": 115, "time_s": 115.0, "timestamp": "2025-01-01T00:01:55", "mode": "MIN_MAX", "is_static": false, "battery": 32.63422818791908}}, {"type": "Feature", "geometry": {"type": "Point", "coordinates": [963234.5913377568, 1951151.542233355]}, "properties": {"kind": "drone", "drone_id": 7, "frame": 115, "time_s": 115.0, "timestamp": "2025-01-01T00:01:55", "mode": "MIN_MAX", "is_static": false, "battery": 36.50000000000047}}, {"type": "Feature", "geometry": {"type": "Point", "coordinates": [965088.6306791943, 1949781.112120488]}, "properties": {"kind": "drone", "drone_id": 8, "frame": 115, "time_s": 115.0, "timestamp": "2025-01-01T00:01:55", "mode": "MIN_MAX", "is_static": false, "battery": 32.63422818791907}}, {"type": "Feature", "geometry": {"type": "Point", "coordinates": [962956.2260293976, 1951312.2565190694]}, "properties": {"kind": "drone", "drone_id": 9, "frame": 115, "time_s": 115.0, "timestamp": "2025-01-01T00:01:55", "mode": "MIN_MAX", "is_static": false, "battery": 47.00000000000062}}, {"type": "Feature", "geometry": {"type": "Point", "coordinates": [965944.0136724538, 1949437.2565190694]}, "properties": {"kind": "drone", "drone_id": 10, "frame": 115, "time_s": 115.0, "timestamp": "2025-01-01T00:01:55", "mode": "MIN_MAX", "is_static": false, "battery": 48.49999999999981}}, {"type": "Feature", "geometry": {"type": "Point", "coordinates": [964161.2212097303, 1949700.5382357643]}, "properties": {"kind": "drone", "drone_id": 11, "frame": 115, "time_s": 115.0, "timestamp": "2025-01-01T00:01:55", "mode": "MIN_MAX", "is_static": false, "battery": 32.63422818791908}}, {"type": "Feature", "geometry": {"type": "Point", "coordinates": [963921.225765043, 1949940.8279476408]}, "properties": {"kind": "drone", "drone_id": 12, "frame": 115, "time_s": 115.0, "timestamp": "2025-01-01T00:01:55", "mode": "MIN_MAX", "is_static": false, "battery": 33.500000000000234}}, {"type": "Feature", "geometry": {"type": "Point", "coordinates": [963921.225765043, 1950262.2565190694]}, "properties": {"kind": "drone", "drone_id": 13, "frame": 115, "time_s": 115.0, "timestamp": "2025-01-01T00:01:55", "mode": "MIN_MAX", "is_static": false, "battery": 39.5}}, {"type": "Feature", "geometry": {"type": "Point", "coordinates": [963791.3219544754, 1950830.1136619265]}, "properties": {"kind": "drone", "drone_id": 14, "frame": 115, "time_s": 115.0, "timestamp": "2025-01-01T00:01:55", "mode": "MIN_MAX", "is_static": false, "battery": 44.00000000000082}}, {"type": "Feature", "geometry": {"type": "Point", "coordinates": [962399.4954126789, 1951526.542233355]}, "properties": {"kind": "drone", "drone_id": 15, "frame": 115, "time_s": 115.0, "timestamp": "2025-01-01T00:01:55", "mode": "MIN_MAX", "is_static": false, "battery": 39.500000000000625}}, {"type": "Feature", "geometry": {"type": "Point", "coordinates": [963531.5143333401, 1950980.1136619265]}, "properties": {"kind": "drone", "drone_id": 16, "frame": 115, "time_s": 115.0, "timestamp": "2025-01-01T00:01:55", "mode": "MIN_MAX", "is_static": false, "battery": 50.0}}, {"type": "Feature", "geometry": {"type": "Point", "coordinates": [964819.9708340457, 1949774.004369448]}, "properties": {"kind": "drone", "drone_id": 17, "frame": 115, "time_s": 115.0, "timestamp": "2025-01-01T00:01:55", "mode": "MIN_MAX", "is_static": false, "battery": 32.63422818791907}}, {"type": "Feature", "geometry": {"type": "Point", "coordinates": [965882.8208817017, 1949787.6411305703]}, "properties": {"kind": "drone", "drone_id": 18, "frame": 115, "time_s": 115.0, "timestamp": "2025-01-01T00:01:55", "mode": "MIN_MAX", "is_static": false, "battery": 32.634228187919064}}, {"type": "Feature", "geometry": {"type": "Point", "coordinates": [962622.1876593664, 1951505.1136619265]}, "properties": {"kind": "drone", "drone_id": 19, "frame": 115, "time_s": 115.0, "timestamp": "2025-01-01T00:01:55", "mode": "MIN_MAX", "is_static": false, "battery": 50.0}}, {"type": "Feature", "geometry": {"type": "Point", "coordinates": [964549.931495289, 1949642.130239328]}, "properties": {"kind": "drone", "drone_id": 20, "frame": 115, "time_s": 115.0, "timestamp": "2025-01-01T00:01:55", "mode": "MIN_MAX", "is_static": false, "battery": 32.63422818791907}}, {"type": "Feature", "geometry": {"type": "Point", "coordinates": [961972.6686065281, 1951730.1136619265]}, "properties": {"kind": "base_A", "drone_id": 0, "frame": 115, "time_s": 115.0, "timestamp": "2025-01-01T00:01:55", "mode": "MIN_MAX", "is_static": true, "battery": 50.0}}, {"type": "Feature", "geometry": {"type": "Point", "coordinates": [966389.3981658287, 1948730.1136619265]}, "properties": {"kind": "base_B", "drone_id": 0, "frame": 115, "time_s": 115.0, "timestamp": "2025-01-01T00:01:55", "mode": "MIN_MAX", "is_static": true, "battery": 50.0}}, {"type": "Feature", "geometry": {"type": "Point", "coordinates": [965387.2830557353, 1949608.6850904978]}, "properties": {"kind": "drone", "drone_id": 1, "frame": 116, "time_s": 116.0, "timestamp": "2025-01-01T00:01:56", "mode": "MIN_MAX", "is_static": false, "battery": 34.99999999999965}}, {"type": "Feature", "geometry": {"type": "Point", "coordinates": [966222.3789808131, 1949276.542233355]}, "properties": {"kind": "drone", "drone_id": 2, "frame": 116, "time_s": 116.0, "timestamp": "2025-01-01T00:01:56", "mode": "MIN_MAX", "is_static": false, "battery": 43.99999999999942}}, {"type": "Feature", "geometry": {"type": "Point", "coordinates": [963809.8796416994, 1950519.3993762122]}, "properties": {"kind": "drone", "drone_id": 3, "frame": 116, "time_s": 116.0, "timestamp": "2025-01-01T00:01:56", "mode": "MIN_MAX", "is_static": false, "battery": 45.49999999999981}}, {"type": "Feature", "geometry": {"type": "Point", "coordinates": [962121.1301043197, 1951494.3993762122]}, "properties": {"kind": "drone", "drone_id": 4, "frame": 116, "time_s": 116.0, "timestamp": "2025-01-01T00:01:56", "mode": "MIN_MAX", "is_static": false, "battery": 43.99999999999981}}, {"type": "Feature", "geometry": {"type": "Point", "coordinates": [966389.3981658287, 1949051.542233355]}, "properties": {"kind": "drone", "drone_id": 5, "frame": 116, "time_s": 116.0, "timestamp": "2025-01-01T00:01:56", "mode": "MIN_MAX", "is_static": false, "battery": 35.00000000000081}}, {"type": "Feature", "geometry": {"type": "Point", "coordinates": [965241.0619371044, 1949693.1058927006]}, "properties": {"kind": "drone", "drone_id": 6, "frame": 116, "time_s": 116.0, "timestamp": "2025-01-01T00:01:56", "mode": "MIN_MAX", "is_static": false, "battery": 32.48322147650967}}, {"type": "Feature", "geometry": {"type": "Point", "coordinates": [963234.5913377568, 1951151.542233355]}, "properties": {"kind": "drone", "drone_id": 7, "frame": 116, "time_s": 116.0, "timestamp": "2025-01-01T00:01:56", "mode": "MIN_MAX", "is_static": false, "battery": 36.50000000000047}}, {"type": "Feature", "geometry": {"type": "Point", "coordinates": [965074.955814668, 1949789.0073072033]}, "properties": {"kind": "drone", "drone_id": 8, "frame": 116, "time_s": 116.0, "timestamp": "2025-01-01T00:01:56", "mode": "MIN_MAX", "is_static": false, "battery": 32.48322147650967}}, {"type": "Feature", "geometry": {"type": "Point", "coordinates": [962956.2260293976, 1951312.2565190694]}, "properties": {"kind": "drone", "drone_id": 9, "frame": 116, "time_s": 116.0, "timestamp": "2025-01-01T00:01:56", "mode": "MIN_MAX", "is_static": false, "battery": 47.00000000000062}}, {"type": "Feature", "geometry": {"type": "Point", "coordinates": [965944.0136724538, 1949437.2565190694]}, "properties": {"kind": "drone", "drone_id": 10, "frame": 116, "time_s": 116.0, "timestamp": "2025-01-01T00:01:56", "mode": "MIN_MAX", "is_static": false, "battery": 48.49999999999981}}, {"type": "Feature", "geometry": {"type": "Point", "coordinates": [964148.557136001, 1949697.6135932135]}, "properties": {"kind": "drone", "drone_id": 11, "frame": 116, "time_s": 116.0, "timestamp": "2025-01-01T00:01:56", "mode": "MIN_MAX", "is_static": false, "battery": 32.48322147650967}}, {"type": "Feature", "geometry": {"type": "Point", "coordinates": [963921.225765043, 1949940.8279476408]}, "properties": {"kind": "drone", "drone_id": 12, "frame": 116, "time_s": 116.0, "timestamp": "2025-01-01T00:01:56", "mode": "MIN_MAX", "is_static": false, "battery": 33.500000000000234}}, {"type": "Feature", "geometry": {"type": "Point", "coordinates": [963921.225765043, 1950262.2565190694]}, "properties": {"kind": "drone", "drone_id": 13, "frame": 116, "time_s": 116.0, "timestamp": "2025-01-01T00:01:56", "mode": "MIN_MAX", "is_static": false, "battery": 39.5}}, {"type": "Feature", "geometry": {"type": "Point", "coordinates": [963791.3219544754, 1950830.1136619265]}, "properties": {"kind": "drone", "drone_id": 14, "frame": 116, "time_s": 116.0, "timestamp": "2025-01-01T00:01:56", "mode": "MIN_MAX", "is_static": false, "battery": 44.00000000000082}}, {"type": "Feature", "geometry": {"type": "Point", "coordinates": [962399.4954126789, 1951526.542233355]}, "properties": {"kind": "drone", "drone_id": 15, "frame": 116, "time_s": 116.0, "timestamp": "2025-01-01T00:01:56", "mode": "MIN_MAX", "is_static": false, "battery": 39.500000000000625}}, {"type": "Feature", "geometry": {"type": "Point", "coordinates": [963531.5143333401, 1950980.1136619265]}, "properties": {"kind": "drone", "drone_id": 16, "frame": 116, "time_s": 116.0, "timestamp": "2025-01-01T00:01:56", "mode": "MIN_MAX", "is_static": false, "battery": 50.0}}, {"type": "Feature", "geometry": {"type": "Point", "coordinates": [964806.2243608392, 1949766.0678394418]}, "properties": {"kind": "drone", "drone_id": 17, "frame": 116, "time_s": 116.0, "timestamp": "2025-01-01T00:01:56", "mode": "MIN_MAX", "is_static": false, "battery": 32.48322147650967}}, {"type": "Feature", "geometry": {"type": "Point", "coordinates": [965869.2654752529, 1949779.8149130081]}, "properties": {"kind": "drone", "drone_id": 18, "frame": 116, "time_s": 116.0, "timestamp": "2025-01-01T00:01:56", "mode": "MIN_MAX", "is_static": false, "battery": 32.48322147650967}}, {"type": "Feature", "geometry": {"type": "Point", "coordinates": [962622.1876593664, 1951505.1136619265]}, "properties": {"kind": "drone", "drone_id": 19, "frame": 116, "time_s": 116.0, "timestamp": "2025-01-01T00:01:56", "mode": "MIN_MAX", "is_static": false, "battery": 50.0}}, {"type": "Feature", "geometry": {"type": "Point", "coordinates": [964536.1022542048, 1949650.1145553906]}, "properties": {"kind": "drone", "drone_id": 20, "frame": 116, "time_s": 116.0, "timestamp": "2025-01-01T00:01:56", "mode": "MIN_MAX", "is_static": false, "battery": 32.48322147650967}}, {"type": "Feature", "geometry": {"type": "Point", "coordinates": [961972.6686065281, 1951730.1136619265]}, "properties": {"kind": "base_A", "drone_id": 0, "frame": 116, "time_s": 116.0, "timestamp": "2025-01-01T00:01:56", "mode": "MIN_MAX", "is_static": true, "battery": 50.0}}, {"type": "Feature", "geometry": {"type": "Point", "coordinates": [966389.3981658287, 1948730.1136619265]}, "properties": {"kind": "base_B", "drone_id": 0, "frame": 116, "time_s": 116.0, "timestamp": "2025-01-01T00:01:56", "mode": "MIN_MAX", "is_static": true, "battery": 50.0}}, {"type": "Feature", "geometry": {"type": "Point", "coordinates": [965387.2830557353, 1949608.6850904978]}, "properties": {"kind": "drone", "drone_id": 1, "frame": 117, "time_s": 117.0, "timestamp": "2025-01-01T00:01:57", "mode": "MIN_MAX", "is_static": false, "battery": 34.99999999999965}}, {"type": "Feature", "geometry": {"type": "Point", "coordinates": [966222.3789808131, 1949276.542233355]}, "properties": {"kind": "drone", "drone_id": 2, "frame": 117, "time_s": 117.0, "timestamp": "2025-01-01T00:01:57", "mode": "MIN_MAX", "is_static": false, "battery": 43.99999999999942}}, {"type": "Feature", "geometry": {"type": "Point", "coordinates": [963809.8796416994, 1950519.3993762122]}, "properties": {"kind": "drone", "drone_id": 3, "frame": 117, "time_s": 117.0, "timestamp": "2025-01-01T00:01:57", "mode": "MIN_MAX", "is_static": false, "battery": 45.49999999999981}}, {"type": "Feature", "geometry": {"type": "Point", "coordinates": [962121.1301043197, 1951494.3993762122]}, "properties": {"kind": "drone", "drone_id": 4, "frame": 117, "time_s": 117.0, "timestamp": "2025-01-01T00:01:57", "mode": "MIN_MAX", "is_static": false, "battery": 43.99999999999981}}, {"type": "Feature", "geometry": {"type": "Point", "coordinates": [966389.3981658287, 1949051.542233355]}, "properties": {"kind": "drone", "drone_id": 5, "frame": 117, "time_s": 117.0, "timestamp": "2025-01-01T00:01:57", "mode": "MIN_MAX", "is_static": false, "battery": 35.00000000000081}}, {"type": "Feature", "geometry": {"type": "Point", "coordinates": [965230.5045298878, 1949699.201214599]}, "properties": {"kind": "drone", "drone_id": 6, "frame": 117, "time_s": 117.0, "timestamp": "2025-01-01T00:01:57", "mode": "MIN_MAX", "is_static": false, "battery": 32.332214765100275}}, {"type": "Feature", "geometry": {"type": "Point", "coordinates": [963234.5913377568, 1951151.542233355]}, "properties": {"kind": "drone", "drone_id": 7, "frame": 117, "time_s": 117.0, "timestamp": "2025-01-01T00:01:57", "mode": "MIN_MAX", "is_static": false, "battery": 36.50000000000047}}, {"type": "Feature", "geometry": {"type": "Point", "coordinates": [965061.5742985171, 1949796.7331291554]}, "properties": {"kind": "drone", "drone_id": 8, "frame": 117, "time_s": 117.0, "timestamp": "2025-01-01T00:01:57", "mode": "MIN_MAX", "is_static": false, "battery": 32.332214765100275}}, {"type": "Feature", "geometry": {"type": "Point", "coordinates": [962956.2260293976, 1951312.2565190694]}, "properties": {"kind": "drone", "drone_id": 9, "frame": 117, "time_s": 117.0, "timestamp": "2025-01-01T00:01:57", "mode": "MIN_MAX", "is_static": false, "battery": 47.00000000000062}}, {"type": "Feature", "geometry": {"type": "Point", "coordinates": [965944.0136724538, 1949437.2565190694]}, "properties": {"kind": "drone", "drone_id": 10, "frame": 117, "time_s": 117.0, "timestamp": "2025-01-01T00:01:57", "mode": "MIN_MAX", "is_static": false, "battery": 48.49999999999981}}, {"type": "Feature", "geometry": {"type": "Point", "coordinates": [964136.3254547175, 1949694.788807421]}, "properties": {"kind": "drone", "drone_id": 11, "frame": 117, "time_s": 117.0, "timestamp": "2025-01-01T00:01:57", "mode": "MIN_MAX", "is_static": false, "battery": 32.332214765100275}}, {"type": "Feature", "geometry": {"type": "Point", "coordinates": [963921.225765043, 1949940.8279476408]}, "properties": {"kind": "drone", "drone_id": 12, "frame": 117, "time_s": 117.0, "timestamp": "2025-01-01T00:01:57", "mode": "MIN_MAX", "is_static": false, "battery": 33.500000000000234}}, {"type": "Feature", "geometry": {"type": "Point", "coordinates": [963921.225765043, 1950262.2565190694]}, "properties": {"kind": "drone", "drone_id": 13, "frame": 117, "time_s": 117.0, "timestamp": "2025-01-01T00:01:57", "mode": "MIN_MAX", "is_static": false, "battery": 39.5}}, {"type": "Feature", "geometry": {"type": "Point", "coordinates": [963791.3219544754, 1950830.1136619265]}, "properties": {"kind": "drone", "drone_id": 14, "frame": 117, "time_s": 117.0, "timestamp": "2025-01-01T00:01:57", "mode": "MIN_MAX", "is_static": false, "battery": 44.00000000000082}}, {"type": "Feature", "geometry": {"type": "Point", "coordinates": [962399.4954126789, 1951526.542233355]}, "properties": {"kind": "drone", "drone_id": 15, "frame": 117, "time_s": 117.0, "timestamp": "2025-01-01T00:01:57", "mode": "MIN_MAX", "is_static": false, "battery": 39.500000000000625}}, {"type": "Feature", "geometry": {"type": "Point", "coordinates": [963531.5143333401, 1950980.1136619265]}, "properties": {"kind": "drone", "drone_id": 16, "frame": 117, "time_s": 117.0, "timestamp": "2025-01-01T00:01:57", "mode": "MIN_MAX", "is_static": false, "battery": 50.0}}, {"type": "Feature", "geometry": {"type": "Point", "coordinates": [964792.7727721323, 1949758.3015610809]}, "properties": {"kind": "drone", "drone_id": 17, "frame": 117, "time_s": 117.0, "timestamp": "2025-01-01T00:01:57", "mode": "MIN_MAX", "is_static": false, "battery": 32.332214765100275}}, {"type": "Feature", "geometry": {"type": "Point", "coordinates": [965856.0008546069, 1949772.1565807075]}, "properties": {"kind": "drone", "drone_id": 18, "frame": 117, "time_s": 117.0, "timestamp": "2025-01-01T00:01:57", "mode": "MIN_MAX", "is_static": false, "battery": 32.332214765100275}}, {"type": "Feature", "geometry": {"type": "Point", "coordinates": [962622.1876593664, 1951505.1136619265]}, "properties": {"kind": "drone", "drone_id": 19, "frame": 117, "time_s": 117.0, "timestamp": "2025-01-01T00:01:57", "mode": "MIN_MAX", "is_static": false, "battery": 50.0}}, {"type": "Feature", "geometry": {"type": "Point", "coordinates": [964522.5696731276, 1949657.9275947183]}, "properties": {"kind": "drone", "drone_id": 20, "frame": 117, "time_s": 117.0, "timestamp": "2025-01-01T00:01:57", "mode": "MIN_MAX", "is_static": false, "battery": 32.332214765100275}}, {"type": "Feature", "geometry": {"type": "Point", "coordinates": [961972.6686065281, 1951730.1136619265]}, "properties": {"kind": "base_A", "drone_id": 0, "frame": 117, "time_s": 117.0, "timestamp": "2025-01-01T00:01:57", "mode": "MIN_MAX", "is_static": true, "battery": 50.0}}, {"type": "Feature", "geometry": {"type": "Point", "coordinates": [966389.3981658287, 1948730.1136619265]}, "properties": {"kind": "base_B", "drone_id": 0, "frame": 117, "time_s": 117.0, "timestamp": "2025-01-01T00:01:57", "mode": "MIN_MAX", "is_static": true, "battery": 50.0}}, {"type": "Feature", "geometry": {"type": "Point", "coordinates": [965387.2830557353, 1949608.6850904978]}, "properties": {"kind": "drone", "drone_id": 1, "frame": 118, "time_s": 118.0, "timestamp": "2025-01-01T00:01:58", "mode": "MIN_MAX", "is_static": false, "battery": 34.99999999999965}}, {"type": "Feature", "geometry": {"type": "Point", "coordinates": [966222.3789808131, 1949276.542233355]}, "properties": {"kind": "drone", "drone_id": 2, "frame": 118, "time_s": 118.0, "timestamp": "2025-01-01T00:01:58", "mode": "MIN_MAX", "is_static": false, "battery": 43.99999999999942}}, {"type": "Feature", "geometry": {"type": "Point", "coordinates": [963809.8796416994, 1950519.3993762122]}, "properties": {"kind": "drone", "drone_id": 3, "frame": 118, "time_s": 118.0, "timestamp": "2025-01-01T00:01:58", "mode": "MIN_MAX", "is_static": false, "battery": 45.49999999999981}}, {"type": "Feature", "geometry": {"type": "Point", "coordinates": [962121.1301043197, 1951494.3993762122]}, "properties": {"kind": "drone", "drone_id": 4, "frame": 118, "time_s": 118.0, "timestamp": "2025-01-01T00:01:58", "mode": "MIN_MAX", "is_static": false, "battery": 43.99999999999981}}, {"type": "Feature", "geometry": {"type": "Point", "coordinates": [966389.3981658287, 1949051.542233355]}, "properties": {"kind": "drone", "drone_id": 5, "frame": 118, "time_s": 118.0, "timestamp": "2025-01-01T00:01:58", "mode": "MIN_MAX", "is_static": false, "battery": 35.00000000000081}}, {"type": "Feature", "geometry": {"type": "Point", "coordinates": [965220.328360889, 1949705.0764285098]}, "properties": {"kind": "drone", "drone_id": 6, "frame": 118, "time_s": 118.0, "timestamp": "2025-01-01T00:01:58", "mode": "MIN_MAX", "is_static": false, "battery": 32.181208053690874}}, {"type": "Feature", "geometry": {"type": "Point", "coordinates": [963234.5913377568, 1951151.542233355]}, "properties": {"kind": "drone", "drone_id": 7, "frame": 118, "time_s": 118.0, "timestamp": "2025-01-01T00:01:58", "mode": "MIN_MAX", "is_static": false, "battery": 36.50000000000047}}, {"type": "Feature", "geometry": {"type": "Point", "coordinates": [965048.4931993771, 1949804.285505265]}, "properties": {"kind": "drone", "drone_id": 8, "frame": 118, "time_s": 118.0, "timestamp": "2025-01-01T00:01:58", "mode": "MIN_MAX", "is_static": false, "battery": 32.18120805369087}}, {"type": "Feature", "geometry": {"type": "Point", "coordinates": [962956.2260293976, 1951312.2565190694]}, "properties": {"kind": "drone", "drone_id": 9, "frame": 118, "time_s": 118.0, "timestamp": "2025-01-01T00:01:58", "mode": "MIN_MAX", "is_static": false, "battery": 47.00000000000062}}, {"type": "Feature", "geometry": {"type": "Point", "coordinates": [965944.0136724538, 1949437.2565190694]}, "properties": {"kind": "drone", "drone_id": 10, "frame": 118, "time_s": 118.0, "timestamp": "2025-01-01T00:01:58", "mode": "MIN_MAX", "is_static": false, "battery": 48.49999999999981}}, {"type": "Feature", "geometry": {"type": "Point", "coordinates": [964124.5354713127, 1949692.066027384]}, "properties": {"kind": "drone", "drone_id": 11, "frame": 118, "time_s": 118.0, "timestamp": "2025-01-01T00:01:58", "mode": "MIN_MAX", "is_static": false, "battery": 32.18120805369088}}, {"type": "Feature", "geometry": {"type": "Point", "coordinates": [963921.225765043, 1949940.8279476408]}, "properties": {"kind": "drone", "drone_id": 12, "frame": 118, "time_s": 118.0, "timestamp": "2025-01-01T00:01:58", "mode": "MIN_MAX", "is_static": false, "battery": 33.500000000000234}}, {"type": "Feature", "geometry": {"type": "Point", "coordinates": [963921.225765043, 1950262.2565190694]}, "properties": {"kind": "drone", "drone_id": 13, "frame": 118, "time_s": 118.0, "timestamp": "2025-01-01T00:01:58", "mode": "MIN_MAX", "is_static": false, "battery": 39.5}}, {"type": "Feature", "geometry": {"type": "Point", "coordinates": [963791.3219544754, 1950830.1136619265]}, "properties": {"kind": "drone", "drone_id": 14, "frame": 118, "time_s": 118.0, "timestamp": "2025-01-01T00:01:58", "mode": "MIN_MAX", "is_static": false, "battery": 44.00000000000082}}, {"type": "Feature", "geometry": {"type": "Point", "coordinates": [962399.4954126789, 1951526.542233355]}, "properties": {"kind": "drone", "drone_id": 15, "frame": 118, "time_s": 118.0, "timestamp": "2025-01-01T00:01:58", "mode": "MIN_MAX", "is_static": false, "battery": 39.500000000000625}}, {"type": "Feature", "geometry": {"type": "Point", "coordinates": [963531.5143333401, 1950980.1136619265]}, "properties": {"kind": "drone", "drone_id": 16, "frame": 118, "time_s": 118.0, "timestamp": "2025-01-01T00:01:58", "mode": "MIN_MAX", "is_static": false, "battery": 50.0}}, {"type": "Feature", "geometry": {"type": "Point", "coordinates": [964779.6231735755, 1949750.7096368144]}, "properties": {"kind": "drone", "drone_id": 17, "frame": 118, "time_s": 118.0, "timestamp": "2025-01-01T00:01:58", "mode": "MIN_MAX", "is_static": false, "battery": 32.181208053690874}}, {"type": "Feature", "geometry": {"type": "Point", "coordinates": [965843.0340266504, 1949764.6701790963]}, "properties": {"kind": "drone", "drone_id": 18, "frame": 118, "time_s": 118.0, "timestamp": "2025-01-01T00:01:58", "mode": "MIN_MAX", "is_static": false, "battery": 32.181208053690874}}, {"type": "Feature", "geometry": {"type": "Point", "coordinates": [962622.1876593664, 1951505.1136619265]}, "properties": {"kind": "drone", "drone_id": 19, "frame": 118, "time_s": 118.0, "timestamp": "2025-01-01T00:01:58", "mode": "MIN_MAX", "is_static": false, "battery": 50.0}}, {"type": "Feature", "geometry": {"type": "Point", "coordinates": [964509.3409004911, 1949665.565230161]}, "properties": {"kind": "drone", "drone_id": 20, "frame": 118, "time_s": 118.0, "timestamp": "2025-01-01T00:01:58", "mode": "MIN_MAX", "is_static": false, "battery": 32.18120805369088}}, {"type": "Feature", "geometry": {"type": "Point", "coordinates": [961972.6686065281, 1951730.1136619265]}, "properties": {"kind": "base_A", "drone_id": 0, "frame": 118, "time_s": 118.0, "timestamp": "2025-01-01T00:01:58", "mode": "MIN_MAX", "is_static": true, "battery": 50.0}}, {"type": "Feature", "geometry": {"type": "Point", "coordinates": [966389.3981658287, 1948730.1136619265]}, "properties": {"kind": "base_B", "drone_id": 0, "frame": 118, "time_s": 118.0, "timestamp": "2025-01-01T00:01:58", "mode": "MIN_MAX", "is_static": true, "battery": 50.0}}, {"type": "Feature", "geometry": {"type": "Point", "coordinates": [965387.2830557353, 1949608.6850904978]}, "properties": {"kind": "drone", "drone_id": 1, "frame": 119, "time_s": 119.0, "timestamp": "2025-01-01T00:01:59", "mode": "MIN_MAX", "is_static": false, "battery": 34.99999999999965}}, {"type": "Feature", "geometry": {"type": "Point", "coordinates": [966222.3789808131, 1949276.542233355]}, "properties": {"kind": "drone", "drone_id": 2, "frame": 119, "time_s": 119.0, "timestamp": "2025-01-01T00:01:59", "mode": "MIN_MAX", "is_static": false, "battery": 43.99999999999942}}, {"type": "Feature", "geometry": {"type": "Point", "coordinates": [963809.8796416994, 1950519.3993762122]}, "properties": {"kind": "drone", "drone_id": 3, "frame": 119, "time_s": 119.0, "timestamp": "2025-01-01T00:01:59", "mode": "MIN_MAX", "is_static": false, "battery": 45.49999999999981}}, {"type": "Feature", "geometry": {"type": "Point", "coordinates": [962121.1301043197, 1951494.3993762122]}, "properties": {"kind": "drone", "drone_id": 4, "frame": 119, "time_s": 119.0, "timestamp": "2025-01-01T00:01:59", "mode": "MIN_MAX", "is_static": false, "battery": 43.99999999999981}}, {"type": "Feature", "geometry": {"type": "Point", "coordinates": [966389.3981658287, 1949051.542233355]}, "properties": {"kind": "drone", "drone_id": 5, "frame": 119, "time_s": 119.0, "timestamp": "2025-01-01T00:01:59", "mode": "MIN_MAX", "is_static": false, "battery": 35.00000000000081}}, {"type": "Feature", "geometry": {"type": "Point", "coordinates": [965210.5414618119, 1949710.7268973265]}, "properties": {"kind": "drone", "drone_id": 6, "frame": 119, "time_s": 119.0, "timestamp": "2025-01-01T00:01:59", "mode": "MIN_MAX", "is_static": false, "battery": 32.03020134228147}}, {"type": "Feature", "geometry": {"type": "Point", "coordinates": [963234.5913377568, 1951151.542233355]}, "properties": {"kind": "drone", "drone_id": 7, "frame": 119, "time_s": 119.0, "timestamp": "2025-01-01T00:01:59", "mode": "MIN_MAX", "is_static": false, "battery": 36.50000000000047}}, {"type": "Feature", "geometry": {"type": "Point", "coordinates": [965035.7195858834, 1949811.660354454]}, "properties": {"kind": "drone", "drone_id": 8, "frame": 119, "time_s": 119.0, "timestamp": "2025-01-01T00:01:59", "mode": "MIN_MAX", "is_static": false, "battery": 32.03020134228147}}, {"type": "Feature", "geometry": {"type": "Point", "coordinates": [962956.2260293976, 1951312.2565190694]}, "properties": {"kind": "drone", "drone_id": 9, "frame": 119, "time_s": 119.0, "timestamp": "2025-01-01T00:01:59", "mode": "MIN_MAX", "is_static": false, "battery": 47.00000000000062}}, {"type": "Feature", "geometry": {"type": "Point", "coordinates": [965944.0136724538, 1949437.2565190694]}, "properties": {"kind": "drone", "drone_id": 10, "frame": 119, "time_s": 119.0, "timestamp": "2025-01-01T00:01:59", "mode": "MIN_MAX", "is_static": false, "battery": 48.49999999999981}}, {"type": "Feature", "geometry": {"type": "Point", "coordinates": [964113.1964912195, 1949689.4474021003]}, "properties": {"kind": "drone", "drone_id": 11, "frame": 119, "time_s": 119.0, "timestamp": "2025-01-01T00:01:59", "mode": "MIN_MAX", "is_static": false, "battery": 32.03020134228147}}, {"type": "Feature", "geometry": {"type": "Point", "coordinates": [963921.225765043, 1949940.8279476408]}, "properties": {"kind": "drone", "drone_id": 12, "frame": 119, "time_s": 119.0, "timestamp": "2025-01-01T00:01:59", "mode": "MIN_MAX", "is_static": false, "battery": 33.500000000000234}}, {"type": "Feature", "geometry": {"type": "Point", "coordinates": [963921.225765043, 1950262.2565190694]}, "properties": {"kind": "drone", "drone_id": 13, "frame": 119, "time_s": 119.0, "timestamp": "2025-01-01T00:01:59", "mode": "MIN_MAX", "is_static": false, "battery": 39.5}}, {"type": "Feature", "geometry": {"type": "Point", "coordinates": [963791.3219544754, 1950830.1136619265]}, "properties": {"kind": "drone", "drone_id": 14, "frame": 119, "time_s": 119.0, "timestamp": "2025-01-01T00:01:59", "mode": "MIN_MAX", "is_static": false, "battery": 44.00000000000082}}, {"type": "Feature", "geometry": {"type": "Point", "coordinates": [962399.4954126789, 1951526.542233355]}, "properties": {"kind": "drone", "drone_id": 15, "frame": 119, "time_s": 119.0, "timestamp": "2025-01-01T00:01:59", "mode": "MIN_MAX", "is_static": false, "battery": 39.500000000000625}}, {"type": "Feature", "geometry": {"type": "Point", "coordinates": [963531.5143333401, 1950980.1136619265]}, "properties": {"kind": "drone", "drone_id": 16, "frame": 119, "time_s": 119.0, "timestamp": "2025-01-01T00:01:59", "mode": "MIN_MAX", "is_static": false, "battery": 50.0}}, {"type": "Feature", "geometry": {"type": "Point", "coordinates": [964766.7826708194, 1949743.2961690917]}, "properties": {"kind": "drone", "drone_id": 17, "frame": 119, "time_s": 119.0, "timestamp": "2025-01-01T00:01:59", "mode": "MIN_MAX", "is_static": false, "battery": 32.03020134228147}}, {"type": "Feature", "geometry": {"type": "Point", "coordinates": [965830.3719982704, 1949757.3597536027]}, "properties": {"kind": "drone", "drone_id": 18, "frame": 119, "time_s": 119.0, "timestamp": "2025-01-01T00:01:59", "mode": "MIN_MAX", "is_static": false, "battery": 32.03020134228147}}, {"type": "Feature", "geometry": {"type": "Point", "coordinates": [962622.1876593664, 1951505.1136619265]}, "properties": {"kind": "drone", "drone_id": 19, "frame": 119, "time_s": 119.0, "timestamp": "2025-01-01T00:01:59", "mode": "MIN_MAX", "is_static": false, "battery": 50.0}}, {"type": "Feature", "geometry": {"type": "Point", "coordinates": [964496.4230847294, 1949673.0233345684]}, "properties": {"kind": "drone", "drone_id": 20, "frame": 119, "time_s": 119.0, "timestamp": "2025-01-01T00:01:59", "mode": "MIN_MAX", "is_static": false, "battery": 32.03020134228147}}, {"type": "Feature", "geometry": {"type": "Point", "coordinates": [961972.6686065281, 1951730.1136619265]}, "properties": {"kind": "base_A", "drone_id": 0, "frame": 119, "time_s": 119.0, "timestamp": "2025-01-01T00:01:59", "mode": "MIN_MAX", "is_static": true, "battery": 50.0}}, {"type": "Feature", "geometry": {"type": "Point", "coordinates": [966389.3981658287, 1948730.1136619265]}, "properties": {"kind": "base_B", "drone_id": 0, "frame": 119, "time_s": 119.0, "timestamp": "2025-01-01T00:01:59", "mode": "MIN_MAX", "is_static": true, "battery": 50.0}}, {"type": "Feature", "geometry": {"type": "Point", "coordinates": [965387.2830557353, 1949608.6850904978]}, "properties": {"kind": "drone", "drone_id": 1, "frame": 120, "time_s": 120.0, "timestamp": "2025-01-01T00:02:00", "mode": "MIN_MAX", "is_static": false, "battery": 34.99999999999965}}, {"type": "Feature", "geometry": {"type": "Point", "coordinates": [966222.3789808131, 1949276.542233355]}, "properties": {"kind": "drone", "drone_id": 2, "frame": 120, "time_s": 120.0, "timestamp": "2025-01-01T00:02:00", "mode": "MIN_MAX", "is_static": false, "battery": 43.99999999999942}}, {"type": "Feature", "geometry": {"type": "Point", "coordinates": [963809.8796416994, 1950519.3993762122]}, "properties": {"kind": "drone", "drone_id": 3, "frame": 120, "time_s": 120.0, "timestamp": "2025-01-01T00:02:00", "mode": "MIN_MAX", "is_static": false, "battery": 45.49999999999981}}, {"type": "Feature", "geometry": {"type": "Point", "coordinates": [962121.1301043197, 1951494.3993762122]}, "properties": {"kind": "drone", "drone_id": 4, "frame": 120, "time_s": 120.0, "timestamp": "2025-01-01T00:02:00", "mode": "MIN_MAX", "is_static": false, "battery": 43.99999999999981}}, {"type": "Feature", "geometry": {"type": "Point", "coordinates": [966389.3981658287, 1949051.542233355]}, "properties": {"kind": "drone", "drone_id": 5, "frame": 120, "time_s": 120.0, "timestamp": "2025-01-01T00:02:00", "mode": "MIN_MAX", "is_static": false, "battery": 35.00000000000081}}, {"type": "Feature", "geometry": {"type": "Point", "coordinates": [965201.1518643604, 1949716.1479839426]}, "properties": {"kind": "drone", "drone_id": 6, "frame": 120, "time_s": 120.0, "timestamp": "2025-01-01T00:02:00", "mode": "MIN_MAX", "is_static": false, "battery": 31.879194630872078}}, {"type": "Feature", "geometry": {"type": "Point", "coordinates": [963234.5913377568, 1951151.542233355]}, "properties": {"kind": "drone", "drone_id": 7, "frame": 120, "time_s": 120.0, "timestamp": "2025-01-01T00:02:00", "mode": "MIN_MAX", "is_static": false, "battery": 36.50000000000047}}, {"type": "Feature", "geometry": {"type": "Point", "coordinates": [965023.260526672, 1949818.8535956438]}, "properties": {"kind": "drone", "drone_id": 8, "frame": 120, "time_s": 120.0, "timestamp": "2025-01-01T00:02:00", "mode": "MIN_MAX", "is_static": false, "battery": 31.87919463087207}}, {"type": "Feature", "geometry": {"type": "Point", "coordinates": [962956.2260293976, 1951312.2565190694]}, "properties": {"kind": "drone", "drone_id": 9, "frame": 120, "time_s": 120.0, "timestamp": "2025-01-01T00:02:00", "mode": "MIN_MAX", "is_static": false, "battery": 47.00000000000062}}, {"type": "Feature", "geometry": {"type": "Point", "coordinates": [965944.0136724538, 1949437.2565190694]}, "properties": {"kind": "drone", "drone_id": 10, "frame": 120, "time_s": 120.0, "timestamp": "2025-01-01T00:02:00", "mode": "MIN_MAX", "is_static": false, "battery": 48.49999999999981}}, {"type": "Feature", "geometry": {"type": "Point", "coordinates": [964102.3178198705, 1949686.9350805676]}, "properties": {"kind": "drone", "drone_id": 11, "frame": 120, "time_s": 120.0, "timestamp": "2025-01-01T00:02:00", "mode": "MIN_MAX", "is_static": false, "battery": 31.879194630872078}}, {"type": "Feature", "geometry": {"type": "Point", "coordinates": [963921.225765043, 1949940.8279476408]}, "properties": {"kind": "drone", "drone_id": 12, "frame": 120, "time_s": 120.0, "timestamp": "2025-01-01T00:02:00", "mode": "MIN_MAX", "is_static": false, "battery": 33.500000000000234}}, {"type": "Feature", "geometry": {"type": "Point", "coordinates": [963921.225765043, 1950262.2565190694]}, "properties": {"kind": "drone", "drone_id": 13, "frame": 120, "time_s": 120.0, "timestamp": "2025-01-01T00:02:00", "mode": "MIN_MAX", "is_static": false, "battery": 39.5}}, {"type": "Feature", "geometry": {"type": "Point", "coordinates": [963791.3219544754, 1950830.1136619265]}, "properties": {"kind": "drone", "drone_id": 14, "frame": 120, "time_s": 120.0, "timestamp": "2025-01-01T00:02:00", "mode": "MIN_MAX", "is_static": false, "battery": 44.00000000000082}}, {"type": "Feature", "geometry": {"type": "Point", "coordinates": [962399.4954126789, 1951526.542233355]}, "properties": {"kind": "drone", "drone_id": 15, "frame": 120, "time_s": 120.0, "timestamp": "2025-01-01T00:02:00", "mode": "MIN_MAX", "is_static": false, "battery": 39.500000000000625}}, {"type": "Feature", "geometry": {"type": "Point", "coordinates": [963531.5143333401, 1950980.1136619265]}, "properties": {"kind": "drone", "drone_id": 16, "frame": 120, "time_s": 120.0, "timestamp": "2025-01-01T00:02:00", "mode": "MIN_MAX", "is_static": false, "battery": 50.0}}, {"type": "Feature", "geometry": {"type": "Point", "coordinates": [964754.2583695147, 1949736.0652603619]}, "properties": {"kind": "drone", "drone_id": 17, "frame": 120, "time_s": 120.0, "timestamp": "2025-01-01T00:02:00", "mode": "MIN_MAX", "is_static": false, "battery": 31.879194630872075}}, {"type": "Feature", "geometry": {"type": "Point", "coordinates": [965818.0217763535, 1949750.2293496544]}, "properties": {"kind": "drone", "drone_id": 18, "frame": 120, "time_s": 120.0, "timestamp": "2025-01-01T00:02:00", "mode": "MIN_MAX", "is_static": false, "battery": 31.879194630872075}}, {"type": "Feature", "geometry": {"type": "Point", "coordinates": [962622.1876593664, 1951505.1136619265]}, "properties": {"kind": "drone", "drone_id": 19, "frame": 120, "time_s": 120.0, "timestamp": "2025-01-01T00:02:00", "mode": "MIN_MAX", "is_static": false, "battery": 50.0}}, {"type": "Feature", "geometry": {"type": "Point", "coordinates": [964483.8233742762, 1949680.2977807904]}, "properties": {"kind": "drone", "drone_id": 20, "frame": 120, "time_s": 120.0, "timestamp": "2025-01-01T00:02:00", "mode": "MIN_MAX", "is_static": false, "battery": 31.879194630872078}}, {"type": "Feature", "geometry": {"type": "Point", "coordinates": [961972.6686065281, 1951730.1136619265]}, "properties": {"kind": "base_A", "drone_id": 0, "frame": 120, "time_s": 120.0, "timestamp": "2025-01-01T00:02:00", "mode": "MIN_MAX", "is_static": true, "battery": 50.0}}, {"type": "Feature", "geometry": {"type": "Point", "coordinates": [966389.3981658287, 1948730.1136619265]}, "properties": {"kind": "base_B", "drone_id": 0, "frame": 120, "time_s": 120.0, "timestamp": "2025-01-01T00:02:00", "mode": "MIN_MAX", "is_static": true, "battery": 50.0}}, {"type": "Feature", "geometry": {"type": "Point", "coordinates": [965387.2830557353, 1949608.6850904978]}, "properties": {"kind": "drone", "drone_id": 1, "frame": 121, "time_s": 121.0, "timestamp": "2025-01-01T00:02:01", "mode": "MIN_MAX", "is_static": false, "battery": 34.99999999999965}}, {"type": "Feature", "geometry": {"type": "Point", "coordinates": [966222.3789808131, 1949276.542233355]}, "properties": {"kind": "drone", "drone_id": 2, "frame": 121, "time_s": 121.0, "timestamp": "2025-01-01T00:02:01", "mode": "MIN_MAX", "is_static": false, "battery": 43.99999999999942}}, {"type": "Feature", "geometry": {"type": "Point", "coordinates": [963809.8796416994, 1950519.3993762122]}, "properties": {"kind": "drone", "drone_id": 3, "frame": 121, "time_s": 121.0, "timestamp": "2025-01-01T00:02:01", "mode": "MIN_MAX", "is_static": false, "battery": 45.49999999999981}}, {"type": "Feature", "geometry": {"type": "Point", "coordinates": [962121.1301043197, 1951494.3993762122]}, "properties": {"kind": "drone", "drone_id": 4, "frame": 121, "time_s": 121.0, "timestamp": "2025-01-01T00:02:01", "mode": "MIN_MAX", "is_static": false, "battery": 43.99999999999981}}, {"type": "Feature", "geometry": {"type": "Point", "coordinates": [966389.3981658287, 1949051.542233355]}, "properties": {"kind": "drone", "drone_id": 5, "frame": 121, "time_s": 121.0, "timestamp": "2025-01-01T00:02:01", "mode": "MIN_MAX", "is_static": false, "battery": 35.00000000000081}}, {"type": "Feature", "geometry": {"type": "Point", "coordinates": [965192.1676002388, 1949721.3350512518]}, "properties": {"kind": "drone", "drone_id": 6, "frame": 121, "time_s": 121.0, "timestamp": "2025-01-01T00:02:01", "mode": "MIN_MAX", "is_static": false, "battery": 31.728187919462673}}, {"type": "Feature", "geometry": {"type": "Point", "coordinates": [963234.5913377568, 1951151.542233355]}, "properties": {"kind": "drone", "drone_id": 7, "frame": 121, "time_s": 121.0, "timestamp": "2025-01-01T00:02:01", "mode": "MIN_MAX", "is_static": false, "battery": 36.50000000000047}}, {"type": "Feature", "geometry": {"type": "Point", "coordinates": [965011.123090378, 1949825.8611477553]}, "properties": {"kind": "drone", "drone_id": 8, "frame": 121, "time_s": 121.0, "timestamp": "2025-01-01T00:02:01", "mode": "MIN_MAX", "is_static": false, "battery": 31.72818791946267}}, {"type": "Feature", "geometry": {"type": "Point", "coordinates": [962956.2260293976, 1951312.2565190694]}, "properties": {"kind": "drone", "drone_id": 9, "frame": 121, "time_s": 121.0, "timestamp": "2025-01-01T00:02:01", "mode": "MIN_MAX", "is_static": false, "battery": 47.00000000000062}}, {"type": "Feature", "geometry": {"type": "Point", "coordinates": [965944.0136724538, 1949437.2565190694]}, "properties": {"kind": "drone", "drone_id": 10, "frame": 121, "time_s": 121.0, "timestamp": "2025-01-01T00:02:01", "mode": "MIN_MAX", "is_static": false, "battery": 48.49999999999981}}, {"type": "Feature", "geometry": {"type": "Point", "coordinates": [964091.9087626989, 1949684.5312117836]}, "properties": {"kind": "drone", "drone_id": 11, "frame": 121, "time_s": 121.0, "timestamp": "2025-01-01T00:02:01", "mode": "MIN_MAX", "is_static": false, "battery": 31.728187919462677}}, {"type": "Feature", "geometry": {"type": "Point", "coordinates": [963921.225765043, 1949940.8279476408]}, "properties": {"kind": "drone", "drone_id": 12, "frame": 121, "time_s": 121.0, "timestamp": "2025-01-01T00:02:01", "mode": "MIN_MAX", "is_static": false, "battery": 33.500000000000234}}, {"type": "Feature", "geometry": {"type": "Point", "coordinates": [963921.225765043, 1950262.2565190694]}, "properties": {"kind": "drone", "drone_id": 13, "frame": 121, "time_s": 121.0, "timestamp": "2025-01-01T00:02:01", "mode": "MIN_MAX", "is_static": false, "battery": 39.5}}, {"type": "Feature", "geometry": {"type": "Point", "coordinates": [963791.3219544754, 1950830.1136619265]}, "properties": {"kind": "drone", "drone_id": 14, "frame": 121, "time_s": 121.0, "timestamp": "2025-01-01T00:02:01", "mode": "MIN_MAX", "is_static": false, "battery": 44.00000000000082}}, {"type": "Feature", "geometry": {"type": "Point", "coordinates": [962399.4954126789, 1951526.542233355]}, "properties": {"kind": "drone", "drone_id": 15, "frame": 121, "time_s": 121.0, "timestamp": "2025-01-01T00:02:01", "mode": "MIN_MAX", "is_static": false, "battery": 39.500000000000625}}, {"type": "Feature", "geometry": {"type": "Point", "coordinates": [963531.5143333401, 1950980.1136619265]}, "properties": {"kind": "drone", "drone_id": 16, "frame": 121, "time_s": 121.0, "timestamp": "2025-01-01T00:02:01", "mode": "MIN_MAX", "is_static": false, "battery": 50.0}}, {"type": "Feature", "geometry": {"type": "Point", "coordinates": [964742.0573753119, 1949729.0210130746]}, "properties": {"kind": "drone", "drone_id": 17, "frame": 121, "time_s": 121.0, "timestamp": "2025-01-01T00:02:01", "mode": "MIN_MAX", "is_static": false, "battery": 31.728187919462673}}, {"type": "Feature", "geometry": {"type": "Point", "coordinates": [965805.9903677867, 1949743.2830126795]}, "properties": {"kind": "drone", "drone_id": 18, "frame": 121, "time_s": 121.0, "timestamp": "2025-01-01T00:02:01", "mode": "MIN_MAX", "is_static": false, "battery": 31.72818791946267}}, {"type": "Feature", "geometry": {"type": "Point", "coordinates": [962622.1876593664, 1951505.1136619265]}, "properties": {"kind": "drone", "drone_id": 19, "frame": 121, "time_s": 121.0, "timestamp": "2025-01-01T00:02:01", "mode": "MIN_MAX", "is_static": false, "battery": 50.0}}, {"type": "Feature", "geometry": {"type": "Point", "coordinates": [964471.5489175655, 1949687.3844416763]}, "properties": {"kind": "drone", "drone_id": 20, "frame": 121, "time_s": 121.0, "timestamp": "2025-01-01T00:02:01", "mode": "MIN_MAX", "is_static": false, "battery": 31.728187919462673}}, {"type": "Feature", "geometry": {"type": "Point", "coordinates": [961972.6686065281, 1951730.1136619265]}, "properties": {"kind": "base_A", "drone_id": 0, "frame": 121, "time_s": 121.0, "timestamp": "2025-01-01T00:02:01", "mode": "MIN_MAX", "is_static": true, "battery": 50.0}}, {"type": "Feature", "geometry": {"type": "Point", "coordinates": [966389.3981658287, 1948730.1136619265]}, "properties": {"kind": "base_B", "drone_id": 0, "frame": 121, "time_s": 121.0, "timestamp": "2025-01-01T00:02:01", "mode": "MIN_MAX", "is_static": true, "battery": 50.0}}, {"type": "Feature", "geometry": {"type": "Point", "coordinates": [965387.2830557353, 1949608.6850904978]}, "properties": {"kind": "drone", "drone_id": 1, "frame": 122, "time_s": 122.0, "timestamp": "2025-01-01T00:02:02", "mode": "MIN_MAX", "is_static": false, "battery": 34.99999999999965}}, {"type": "Feature", "geometry": {"type": "Point", "coordinates": [966222.3789808131, 1949276.542233355]}, "properties": {"kind": "drone", "drone_id": 2, "frame": 122, "time_s": 122.0, "timestamp": "2025-01-01T00:02:02", "mode": "MIN_MAX", "is_static": false, "battery": 43.99999999999942}}, {"type": "Feature", "geometry": {"type": "Point", "coordinates": [963809.8796416994, 1950519.3993762122]}, "properties": {"kind": "drone", "drone_id": 3, "frame": 122, "time_s": 122.0, "timestamp": "2025-01-01T00:02:02", "mode": "MIN_MAX", "is_static": false, "battery": 45.49999999999981}}, {"type": "Feature", "geometry": {"type": "Point", "coordinates": [962121.1301043197, 1951494.3993762122]}, "properties": {"kind": "drone", "drone_id": 4, "frame": 122, "time_s": 122.0, "timestamp": "2025-01-01T00:02:02", "mode": "MIN_MAX", "is_static": false, "battery": 43.99999999999981}}, {"type": "Feature", "geometry": {"type": "Point", "coordinates": [966389.3981658287, 1949051.542233355]}, "properties": {"kind": "drone", "drone_id": 5, "frame": 122, "time_s": 122.0, "timestamp": "2025-01-01T00:02:02", "mode": "MIN_MAX", "is_static": false, "battery": 35.00000000000081}}, {"type": "Feature", "geometry": {"type": "Point", "coordinates": [965183.596701151, 1949726.2834621475]}, "properties": {"kind": "drone", "drone_id": 6, "frame": 122, "time_s": 122.0, "timestamp": "2025-01-01T00:02:02", "mode": "MIN_MAX", "is_static": false, "battery": 31.577181208053275}}, {"type": "Feature", "geometry": {"type": "Point", "coordinates": [963234.5913377568, 1951151.542233355]}, "properties": {"kind": "drone", "drone_id": 7, "frame": 122, "time_s": 122.0, "timestamp": "2025-01-01T00:02:02", "mode": "MIN_MAX", "is_static": false, "battery": 36.50000000000047}}, {"type": "Feature", "geometry": {"type": "Point", "coordinates": [964999.3143456371, 1949832.6789297103]}, "properties": {"kind": "drone", "drone_id": 8, "frame": 122, "time_s": 122.0, "timestamp": "2025-01-01T00:02:02", "mode": "MIN_MAX", "is_static": false, "battery": 31.577181208053272}}, {"type": "Feature", "geometry": {"type": "Point", "coordinates": [962956.2260293976, 1951312.2565190694]}, "properties": {"kind": "drone", "drone_id": 9, "frame": 122, "time_s": 122.0, "timestamp": "2025-01-01T00:02:02", "mode": "MIN_MAX", "is_static": false, "battery": 47.00000000000062}}, {"type": "Feature", "geometry": {"type": "Point", "coordinates": [965944.0136724538, 1949437.2565190694]}, "properties": {"kind": "drone", "drone_id": 10, "frame": 122, "time_s": 122.0, "timestamp": "2025-01-01T00:02:02", "mode": "MIN_MAX", "is_static": false, "battery": 48.49999999999981}}, {"type": "Feature", "geometry": {"type": "Point", "coordinates": [964081.9786251371, 1949682.237944746]}, "properties": {"kind": "drone", "drone_id": 11, "frame": 122, "time_s": 122.0, "timestamp": "2025-01-01T00:02:02", "mode": "MIN_MAX", "is_static": false, "battery": 31.577181208053275}}, {"type": "Feature", "geometry": {"type": "Point", "coordinates": [963921.225765043, 1949940.8279476408]}, "properties": {"kind": "drone", "drone_id": 12, "frame": 122, "time_s": 122.0, "timestamp": "2025-01-01T00:02:02", "mode": "MIN_MAX", "is_static": false, "battery": 33.500000000000234}}, {"type": "Feature", "geometry": {"type": "Point", "coordinates": [963921.225765043, 1950262.2565190694]}, "properties": {"kind": "drone", "drone_id": 13, "frame": 122, "time_s": 122.0, "timestamp": "2025-01-01T00:02:02", "mode": "MIN_MAX", "is_static": false, "battery": 39.5}}, {"type": "Feature", "geometry": {"type": "Point", "coordinates": [963791.3219544754, 1950830.1136619265]}, "properties": {"kind": "drone", "drone_id": 14, "frame": 122, "time_s": 122.0, "timestamp": "2025-01-01T00:02:02", "mode": "MIN_MAX", "is_static": false, "battery": 44.00000000000082}}, {"type": "Feature", "geometry": {"type": "Point", "coordinates": [962399.4954126789, 1951526.542233355]}, "properties": {"kind": "drone", "drone_id": 15, "frame": 122, "time_s": 122.0, "timestamp": "2025-01-01T00:02:02", "mode": "MIN_MAX", "is_static": false, "battery": 39.500000000000625}}, {"type": "Feature", "geometry": {"type": "Point", "coordinates": [963531.5143333401, 1950980.1136619265]}, "properties": {"kind": "drone", "drone_id": 16, "frame": 122, "time_s": 122.0, "timestamp": "2025-01-01T00:02:02", "mode": "MIN_MAX", "is_static": false, "battery": 50.0}}, {"type": "Feature", "geometry": {"type": "Point", "coordinates": [964730.1867938616, 1949722.1675296787]}, "properties": {"kind": "drone", "drone_id": 17, "frame": 122, "time_s": 122.0, "timestamp": "2025-01-01T00:02:02", "mode": "MIN_MAX", "is_static": false, "battery": 31.577181208053275}}, {"type": "Feature", "geometry": {"type": "Point", "coordinates": [965794.2847794568, 1949736.5247881063]}, "properties": {"kind": "drone", "drone_id": 18, "frame": 122, "time_s": 122.0, "timestamp": "2025-01-01T00:02:02", "mode": "MIN_MAX", "is_static": false, "battery": 31.577181208053272}}, {"type": "Feature", "geometry": {"type": "Point", "coordinates": [962622.1876593664, 1951505.1136619265]}, "properties": {"kind": "drone", "drone_id": 19, "frame": 122, "time_s": 122.0, "timestamp": "2025-01-01T00:02:02", "mode": "MIN_MAX", "is_static": false, "battery": 50.0}}, {"type": "Feature", "geometry": {"type": "Point", "coordinates": [964459.6068630312, 1949694.2791900763]}, "properties": {"kind": "drone", "drone_id": 20, "frame": 122, "time_s": 122.0, "timestamp": "2025-01-01T00:02:02", "mode": "MIN_MAX", "is_static": false, "battery": 31.577181208053275}}, {"type": "Feature", "geometry": {"type": "Point", "coordinates": [961972.6686065281, 1951730.1136619265]}, "properties": {"kind": "base_A", "drone_id": 0, "frame": 122, "time_s": 122.0, "timestamp": "2025-01-01T00:02:02", "mode": "MIN_MAX", "is_static": true, "battery": 50.0}}, {"type": "Feature", "geometry": {"type": "Point", "coordinates": [966389.3981658287, 1948730.1136619265]}, "properties": {"kind": "base_B", "drone_id": 0, "frame": 122, "time_s": 122.0, "timestamp": "2025-01-01T00:02:02", "mode": "MIN_MAX", "is_static": true, "battery": 50.0}}, {"type": "Feature", "geometry": {"type": "Point", "coordinates": [965387.2830557353, 1949608.6850904978]}, "properties": {"kind": "drone", "drone_id": 1, "frame": 123, "time_s": 123.0, "timestamp": "2025-01-01T00:02:03", "mode": "MIN_MAX", "is_static": false, "battery": 34.99999999999965}}, {"type": "Feature", "geometry": {"type": "Point", "coordinates": [966222.3789808131, 1949276.542233355]}, "properties": {"kind": "drone", "drone_id": 2, "frame": 123, "time_s": 123.0, "timestamp": "2025-01-01T00:02:03", "mode": "MIN_MAX", "is_static": false, "battery": 43.99999999999942}}, {"type": "Feature", "geometry": {"type": "Point", "coordinates": [963809.8796416994, 1950519.3993762122]}, "properties": {"kind": "drone", "drone_id": 3, "frame": 123, "time_s": 123.0, "timestamp": "2025-01-01T00:02:03", "mode": "MIN_MAX", "is_static": false, "battery": 45.49999999999981}}, {"type": "Feature", "geometry": {"type": "Point", "coordinates": [962121.1301043197, 1951494.3993762122]}, "properties": {"kind": "drone", "drone_id": 4, "frame": 123, "time_s": 123.0, "timestamp": "2025-01-01T00:02:03", "mode": "MIN_MAX", "is_static": false, "battery": 43.99999999999981}}, {"type": "Feature", "geometry": {"type": "Point", "coordinates": [966389.3981658287, 1949051.542233355]}, "properties": {"kind": "drone", "drone_id": 5, "frame": 123, "time_s": 123.0, "timestamp": "2025-01-01T00:02:03", "mode": "MIN_MAX", "is_static": false, "battery": 35.00000000000081}}, {"type": "Feature", "geometry": {"type": "Point", "coordinates": [965175.4471988009, 1949730.988579523]}, "properties": {"kind": "drone", "drone_id": 6, "frame": 123, "time_s": 123.0, "timestamp": "2025-01-01T00:02:03", "mode": "MIN_MAX", "is_static": false, "battery": 31.426174496643878}}, {"type": "Feature", "geometry": {"type": "Point", "coordinates": [963234.5913377568, 1951151.542233355]}, "properties": {"kind": "drone", "drone_id": 7, "frame": 123, "time_s": 123.0, "timestamp": "2025-01-01T00:02:03", "mode": "MIN_MAX", "is_static": false, "battery": 36.50000000000047}}, {"type": "Feature", "geometry": {"type": "Point", "coordinates": [964987.841361085, 1949839.3028604297]}, "properties": {"kind": "drone", "drone_id": 8, "frame": 123, "time_s": 123.0, "timestamp": "2025-01-01T00:02:03", "mode": "MIN_MAX", "is_static": false, "battery": 31.426174496643874}}, {"type": "Feature", "geometry": {"type": "Point", "coordinates": [962956.2260293976, 1951312.2565190694]}, "properties": {"kind": "drone", "drone_id": 9, "frame": 123, "time_s": 123.0, "timestamp": "2025-01-01T00:02:03", "mode": "MIN_MAX", "is_static": false, "battery": 47.00000000000062}}, {"type": "Feature", "geometry": {"type": "Point", "coordinates": [965944.0136724538, 1949437.2565190694]}, "properties": {"kind": "drone", "drone_id": 10, "frame": 123, "time_s": 123.0, "timestamp": "2025-01-01T00:02:03", "mode": "MIN_MAX", "is_static": false, "battery": 48.49999999999981}}, {"type": "Feature", "geometry": {"type": "Point", "coordinates": [964072.5367126183, 1949680.0574284522]}, "properties": {"kind": "drone", "drone_id": 11, "frame": 123, "time_s": 123.0, "timestamp": "2025-01-01T00:02:03", "mode": "MIN_MAX", "is_static": false, "battery": 31.426174496643878}}, {"type": "Feature", "geometry": {"type": "Point", "coordinates": [963921.225765043, 1949940.8279476408]}, "properties": {"kind": "drone", "drone_id": 12, "frame": 123, "time_s": 123.0, "timestamp": "2025-01-01T00:02:03", "mode": "MIN_MAX", "is_static": false, "battery": 33.500000000000234}}, {"type": "Feature", "geometry": {"type": "Point", "coordinates": [963921.225765043, 1950262.2565190694]}, "properties": {"kind": "drone", "drone_id": 13, "frame": 123, "time_s": 123.0, "timestamp": "2025-01-01T00:02:03", "mode": "MIN_MAX", "is_static": false, "battery": 39.5}}, {"type": "Feature", "geometry": {"type": "Point", "coordinates": [963791.3219544754, 1950830.1136619265]}, "properties": {"kind": "drone", "drone_id": 14, "frame": 123, "time_s": 123.0, "timestamp": "2025-01-01T00:02:03", "mode": "MIN_MAX", "is_static": false, "battery": 44.00000000000082}}, {"type": "Feature", "geometry": {"type": "Point", "coordinates": [962399.4954126789, 1951526.542233355]}, "properties": {"kind": "drone", "drone_id": 15, "frame": 123, "time_s": 123.0, "timestamp": "2025-01-01T00:02:03", "mode": "MIN_MAX", "is_static": false, "battery": 39.500000000000625}}, {"type": "Feature", "geometry": {"type": "Point", "coordinates": [963531.5143333401, 1950980.1136619265]}, "properties": {"kind": "drone", "drone_id": 16, "frame": 123, "time_s": 123.0, "timestamp": "2025-01-01T00:02:03", "mode": "MIN_MAX", "is_static": false, "battery": 50.0}}, {"type": "Feature", "geometry": {"type": "Point", "coordinates": [964718.6537308143, 1949715.5089126239]}, "properties": {"kind": "drone", "drone_id": 17, "frame": 123, "time_s": 123.0, "timestamp": "2025-01-01T00:02:03", "mode": "MIN_MAX", "is_static": false, "battery": 31.426174496643874}}, {"type": "Feature", "geometry": {"type": "Point", "coordinates": [965782.9120182506, 1949729.9587213625]}, "properties": {"kind": "drone", "drone_id": 18, "frame": 123, "time_s": 123.0, "timestamp": "2025-01-01T00:02:03", "mode": "MIN_MAX", "is_static": false, "battery": 31.42617449664387}}, {"type": "Feature", "geometry": {"type": "Point", "coordinates": [962622.1876593664, 1951505.1136619265]}, "properties": {"kind": "drone", "drone_id": 19, "frame": 123, "time_s": 123.0, "timestamp": "2025-01-01T00:02:03", "mode": "MIN_MAX", "is_static": false, "battery": 50.0}}, {"type": "Feature", "geometry": {"type": "Point", "coordinates": [964448.0043591072, 1949700.97789884]}, "properties": {"kind": "drone", "drone_id": 20, "frame": 123, "time_s": 123.0, "timestamp": "2025-01-01T00:02:03", "mode": "MIN_MAX", "is_static": false, "battery": 31.426174496643878}}, {"type": "Feature", "geometry": {"type": "Point", "coordinates": [961972.6686065281, 1951730.1136619265]}, "properties": {"kind": "base_A", "drone_id": 0, "frame": 123, "time_s": 123.0, "timestamp": "2025-01-01T00:02:03", "mode": "MIN_MAX", "is_static": true, "battery": 50.0}}, {"type": "Feature", "geometry": {"type": "Point", "coordinates": [966389.3981658287, 1948730.1136619265]}, "properties": {"kind": "base_B", "drone_id": 0, "frame": 123, "time_s": 123.0, "timestamp": "2025-01-01T00:02:03", "mode": "MIN_MAX", "is_static": true, "battery": 50.0}}, {"type": "Feature", "geometry": {"type": "Point", "coordinates": [965387.2830557353, 1949608.6850904978]}, "properties": {"kind": "drone", "drone_id": 1, "frame": 124, "time_s": 124.0, "timestamp": "2025-01-01T00:02:04", "mode": "MIN_MAX", "is_static": false, "battery": 34.99999999999965}}, {"type": "Feature", "geometry": {"type": "Point", "coordinates": [966222.3789808131, 1949276.542233355]}, "properties": {"kind": "drone", "drone_id": 2, "frame": 124, "time_s": 124.0, "timestamp": "2025-01-01T00:02:04", "mode": "MIN_MAX", "is_static": false, "battery": 43.99999999999942}}, {"type": "Feature", "geometry": {"type": "Point", "coordinates": [963809.8796416994, 1950519.3993762122]}, "properties": {"kind": "drone", "drone_id": 3, "frame": 124, "time_s": 124.0, "timestamp": "2025-01-01T00:02:04", "mode": "MIN_MAX", "is_static": false, "battery": 45.49999999999981}}, {"type": "Feature", "geometry": {"type": "Point", "coordinates": [962121.1301043197, 1951494.3993762122]}, "properties": {"kind": "drone", "drone_id": 4, "frame": 124, "time_s": 124.0, "timestamp": "2025-01-01T00:02:04", "mode": "MIN_MAX", "is_static": false, "battery": 43.99999999999981}}, {"type": "Feature", "geometry": {"type": "Point", "coordinates": [966389.3981658287, 1949051.542233355]}, "properties": {"kind": "drone", "drone_id": 5, "frame": 124, "time_s": 124.0, "timestamp": "2025-01-01T00:02:04", "mode": "MIN_MAX", "is_static": false, "battery": 35.00000000000081}}, {"type": "Feature", "geometry": {"type": "Point", "coordinates": [965167.7271248928, 1949735.445766272]}, "properties": {"kind": "drone", "drone_id": 6, "frame": 124, "time_s": 124.0, "timestamp": "2025-01-01T00:02:04", "mode": "MIN_MAX", "is_static": false, "battery": 31.275167785234476}}, {"type": "Feature", "geometry": {"type": "Point", "coordinates": [963234.5913377568, 1951151.542233355]}, "properties": {"kind": "drone", "drone_id": 7, "frame": 124, "time_s": 124.0, "timestamp": "2025-01-01T00:02:04", "mode": "MIN_MAX", "is_static": false, "battery": 36.50000000000047}}, {"type": "Feature", "geometry": {"type": "Point", "coordinates": [964976.711205357, 1949845.7288588355]}, "properties": {"kind": "drone", "drone_id": 8, "frame": 124, "time_s": 124.0, "timestamp": "2025-01-01T00:02:04", "mode": "MIN_MAX", "is_static": false, "battery": 31.275167785234473}}, {"type": "Feature", "geometry": {"type": "Point", "coordinates": [962956.2260293976, 1951312.2565190694]}, "properties": {"kind": "drone", "drone_id": 9, "frame": 124, "time_s": 124.0, "timestamp": "2025-01-01T00:02:04", "mode": "MIN_MAX", "is_static": false, "battery": 47.00000000000062}}, {"type": "Feature", "geometry": {"type": "Point", "coordinates": [965944.0136724538, 1949437.2565190694]}, "properties": {"kind": "drone", "drone_id": 10, "frame": 124, "time_s": 124.0, "timestamp": "2025-01-01T00:02:04", "mode": "MIN_MAX", "is_static": false, "battery": 48.49999999999981}}, {"type": "Feature", "geometry": {"type": "Point", "coordinates": [964063.5923305752, 1949677.9918119]}, "properties": {"kind": "drone", "drone_id": 11, "frame": 124, "time_s": 124.0, "timestamp": "2025-01-01T00:02:04", "mode": "MIN_MAX", "is_static": false, "battery": 31.275167785234476}}, {"type": "Feature", "geometry": {"type": "Point", "coordinates": [963921.225765043, 1949940.8279476408]}, "properties": {"kind": "drone", "drone_id": 12, "frame": 124, "time_s": 124.0, "timestamp": "2025-01-01T00:02:04", "mode": "MIN_MAX", "is_static": false, "battery": 33.500000000000234}}, {"type": "Feature", "geometry": {"type": "Point", "coordinates": [963921.225765043, 1950262.2565190694]}, "properties": {"kind": "drone", "drone_id": 13, "frame": 124, "time_s": 124.0, "timestamp": "2025-01-01T00:02:04", "mode": "MIN_MAX", "is_static": false, "battery": 39.5}}, {"type": "Feature", "geometry": {"type": "Point", "coordinates": [963791.3219544754, 1950830.1136619265]}, "properties": {"kind": "drone", "drone_id": 14, "frame": 124, "time_s": 124.0, "timestamp": "2025-01-01T00:02:04", "mode": "MIN_MAX", "is_static": false, "battery": 44.00000000000082}}, {"type": "Feature", "geometry": {"type": "Point", "coordinates": [962399.4954126789, 1951526.542233355]}, "properties": {"kind": "drone", "drone_id": 15, "frame": 124, "time_s": 124.0, "timestamp": "2025-01-01T00:02:04", "mode": "MIN_MAX", "is_static": false, "battery": 39.500000000000625}}, {"type": "Feature", "geometry": {"type": "Point", "coordinates": [963531.5143333401, 1950980.1136619265]}, "properties": {"kind": "drone", "drone_id": 16, "frame": 124, "time_s": 124.0, "timestamp": "2025-01-01T00:02:04", "mode": "MIN_MAX", "is_static": false, "battery": 50.0}}, {"type": "Feature", "geometry": {"type": "Point", "coordinates": [964707.4652918207, 1949709.049264359]}, "properties": {"kind": "drone", "drone_id": 17, "frame": 124, "time_s": 124.0, "timestamp": "2025-01-01T00:02:04", "mode": "MIN_MAX", "is_static": false, "battery": 31.275167785234476}}, {"type": "Feature", "geometry": {"type": "Point", "coordinates": [965771.8790910548, 1949723.5888578761]}, "properties": {"kind": "drone", "drone_id": 18, "frame": 124, "time_s": 124.0, "timestamp": "2025-01-01T00:02:04", "mode": "MIN_MAX", "is_static": false, "battery": 31.275167785234473}}, {"type": "Feature", "geometry": {"type": "Point", "coordinates": [962622.1876593664, 1951505.1136619265]}, "properties": {"kind": "drone", "drone_id": 19, "frame": 124, "time_s": 124.0, "timestamp": "2025-01-01T00:02:04", "mode": "MIN_MAX", "is_static": false, "battery": 50.0}}, {"type": "Feature", "geometry": {"type": "Point", "coordinates": [964436.3412528372, 1949703.6703650053]}, "properties": {"kind": "drone", "drone_id": 20, "frame": 124, "time_s": 124.0, "timestamp": "2025-01-01T00:02:04", "mode": "MIN_MAX", "is_static": false, "battery": 31.27516778523448}}, {"type": "Feature", "geometry": {"type": "Point", "coordinates": [961972.6686065281, 1951730.1136619265]}, "properties": {"kind": "base_A", "drone_id": 0, "frame": 124, "time_s": 124.0, "timestamp": "2025-01-01T00:02:04", "mode": "MIN_MAX", "is_static": true, "battery": 50.0}}, {"type": "Feature", "geometry": {"type": "Point", "coordinates": [966389.3981658287, 1948730.1136619265]}, "properties": {"kind": "base_B", "drone_id": 0, "frame": 124, "time_s": 124.0, "timestamp": "2025-01-01T00:02:04", "mode": "MIN_MAX", "is_static": true, "battery": 50.0}}, {"type": "Feature", "geometry": {"type": "Point", "coordinates": [965387.2830557353, 1949608.6850904978]}, "properties": {"kind": "drone", "drone_id": 1, "frame": 125, "time_s": 125.0, "timestamp": "2025-01-01T00:02:05", "mode": "MIN_MAX", "is_static": false, "battery": 34.99999999999965}}, {"type": "Feature", "geometry": {"type": "Point", "coordinates": [966222.3789808131, 1949276.542233355]}, "properties": {"kind": "drone", "drone_id": 2, "frame": 125, "time_s": 125.0, "timestamp": "2025-01-01T00:02:05", "mode": "MIN_MAX", "is_static": false, "battery": 43.99999999999942}}, {"type": "Feature", "geometry": {"type": "Point", "coordinates": [963809.8796416994, 1950519.3993762122]}, "properties": {"kind": "drone", "drone_id": 3, "frame": 125, "time_s": 125.0, "timestamp": "2025-01-01T00:02:05", "mode": "MIN_MAX", "is_static": false, "battery": 45.49999999999981}}, {"type": "Feature", "geometry": {"type": "Point", "coordinates": [962121.1301043197, 1951494.3993762122]}, "properties": {"kind": "drone", "drone_id": 4, "frame": 125, "time_s": 125.0, "timestamp": "2025-01-01T00:02:05", "mode": "MIN_MAX", "is_static": false, "battery": 43.99999999999981}}, {"type": "Feature", "geometry": {"type": "Point", "coordinates": [966389.3981658287, 1949051.542233355]}, "properties": {"kind": "drone", "drone_id": 5, "frame": 125, "time_s": 125.0, "timestamp": "2025-01-01T00:02:05", "mode": "MIN_MAX", "is_static": false, "battery": 35.00000000000081}}, {"type": "Feature", "geometry": {"type": "Point", "coordinates": [965160.4445111303, 1949739.650385288]}, "properties": {"kind": "drone", "drone_id": 6, "frame": 125, "time_s": 125.0, "timestamp": "2025-01-01T00:02:05", "mode": "MIN_MAX", "is_static": false, "battery": 31.12416107382508}}, {"type": "Feature", "geometry": {"type": "Point", "coordinates": [963234.5913377568, 1951151.542233355]}, "properties": {"kind": "drone", "drone_id": 7, "frame": 125, "time_s": 125.0, "timestamp": "2025-01-01T00:02:05", "mode": "MIN_MAX", "is_static": false, "battery": 36.50000000000047}}, {"type": "Feature", "geometry": {"type": "Point", "coordinates": [964965.9309470889, 1949851.9528438486]}, "properties": {"kind": "drone", "drone_id": 8, "frame": 125, "time_s": 125.0, "timestamp": "2025-01-01T00:02:05", "mode": "MIN_MAX", "is_static": false, "battery": 31.124161073825075}}, {"type": "Feature", "geometry": {"type": "Point", "coordinates": [962956.2260293976, 1951312.2565190694]}, "properties": {"kind": "drone", "drone_id": 9, "frame": 125, "time_s": 125.0, "timestamp": "2025-01-01T00:02:05", "mode": "MIN_MAX", "is_static": false, "battery": 47.00000000000062}}, {"type": "Feature", "geometry": {"type": "Point", "coordinates": [965944.0136724538, 1949437.2565190694]}, "properties": {"kind": "drone", "drone_id": 10, "frame": 125, "time_s": 125.0, "timestamp": "2025-01-01T00:02:05", "mode": "MIN_MAX", "is_static": false, "battery": 48.49999999999981}}, {"type": "Feature", "geometry": {"type": "Point", "coordinates": [964055.1547844405, 1949676.0432440871]}, "properties": {"kind": "drone", "drone_id": 11, "frame": 125, "time_s": 125.0, "timestamp": "2025-01-01T00:02:05", "mode": "MIN_MAX", "is_static": false, "battery": 31.12416107382508}}, {"type": "Feature", "geometry": {"type": "Point", "coordinates": [963921.225765043, 1949940.8279476408]}, "properties": {"kind": "drone", "drone_id": 12, "frame": 125, "time_s": 125.0, "timestamp": "2025-01-01T00:02:05", "mode": "MIN_MAX", "is_static": false, "battery": 33.500000000000234}}, {"type": "Feature", "geometry": {"type": "Point", "coordinates": [963921.225765043, 1950262.2565190694]}, "properties": {"kind": "drone", "drone_id": 13, "frame": 125, "time_s": 125.0, "timestamp": "2025-01-01T00:02:05", "mode": "MIN_MAX", "is_static": false, "battery": 39.5}}, {"type": "Feature", "geometry": {"type": "Point", "coordinates": [963791.3219544754, 1950830.1136619265]}, "properties": {"kind": "drone", "drone_id": 14, "frame": 125, "time_s": 125.0, "timestamp": "2025-01-01T00:02:05", "mode": "MIN_MAX", "is_static": false, "battery": 44.00000000000082}}, {"type": "Feature", "geometry": {"type": "Point", "coordinates": [962399.4954126789, 1951526.542233355]}, "properties": {"kind": "drone", "drone_id": 15, "frame": 125, "time_s": 125.0, "timestamp": "2025-01-01T00:02:05", "mode": "MIN_MAX", "is_static": false, "battery": 39.500000000000625}}, {"type": "Feature", "geometry": {"type": "Point", "coordinates": [963531.5143333401, 1950980.1136619265]}, "properties": {"kind": "drone", "drone_id": 16, "frame": 125, "time_s": 125.0, "timestamp": "2025-01-01T00:02:05", "mode": "MIN_MAX", "is_static": false, "battery": 50.0}}, {"type": "Feature", "geometry": {"type": "Point", "coordinates": [964696.3888837332, 1949703.2691383576]}, "properties": {"kind": "drone", "drone_id": 17, "frame": 125, "time_s": 125.0, "timestamp": "2025-01-01T00:02:05", "mode": "MIN_MAX", "is_static": false, "battery": 31.12416107382508}}, {"type": "Feature", "geometry": {"type": "Point", "coordinates": [965761.1930047562, 1949717.419243075]}, "properties": {"kind": "drone", "drone_id": 18, "frame": 125, "time_s": 125.0, "timestamp": "2025-01-01T00:02:05", "mode": "MIN_MAX", "is_static": false, "battery": 31.124161073825075}}, {"type": "Feature", "geometry": {"type": "Point", "coordinates": [962622.1876593664, 1951505.1136619265]}, "properties": {"kind": "drone", "drone_id": 19, "frame": 125, "time_s": 125.0, "timestamp": "2025-01-01T00:02:05", "mode": "MIN_MAX", "is_static": false, "battery": 50.0}}, {"type": "Feature", "geometry": {"type": "Point", "coordinates": [964424.3542781338, 1949699.8255410765]}, "properties": {"kind": "drone", "drone_id": 20, "frame": 125, "time_s": 125.0, "timestamp": "2025-01-01T00:02:05", "mode": "MIN_MAX", "is_static": false, "battery": 31.12416107382508}}, {"type": "Feature", "geometry": {"type": "Point", "coordinates": [961972.6686065281, 1951730.1136619265]}, "properties": {"kind": "base_A", "drone_id": 0, "frame": 125, "time_s": 125.0, "timestamp": "2025-01-01T00:02:05", "mode": "MIN_MAX", "is_static": true, "battery": 50.0}}, {"type": "Feature", "geometry": {"type": "Point", "coordinates": [966389.3981658287, 1948730.1136619265]}, "properties": {"kind": "base_B", "drone_id": 0, "frame": 125, "time_s": 125.0, "timestamp": "2025-01-01T00:02:05", "mode": "MIN_MAX", "is_static": true, "battery": 50.0}}, {"type": "Feature", "geometry": {"type": "Point", "coordinates": [965387.2830557353, 1949608.6850904978]}, "properties": {"kind": "drone", "drone_id": 1, "frame": 126, "time_s": 126.0, "timestamp": "2025-01-01T00:02:06", "mode": "MIN_MAX", "is_static": false, "battery": 34.99999999999965}}, {"type": "Feature", "geometry": {"type": "Point", "coordinates": [966222.3789808131, 1949276.542233355]}, "properties": {"kind": "drone", "drone_id": 2, "frame": 126, "time_s": 126.0, "timestamp": "2025-01-01T00:02:06", "mode": "MIN_MAX", "is_static": false, "battery": 43.99999999999942}}, {"type": "Feature", "geometry": {"type": "Point", "coordinates": [963809.8796416994, 1950519.3993762122]}, "properties": {"kind": "drone", "drone_id": 3, "frame": 126, "time_s": 126.0, "timestamp": "2025-01-01T00:02:06", "mode": "MIN_MAX", "is_static": false, "battery": 45.49999999999981}}, {"type": "Feature", "geometry": {"type": "Point", "coordinates": [962121.1301043197, 1951494.3993762122]}, "properties": {"kind": "drone", "drone_id": 4, "frame": 126, "time_s": 126.0, "timestamp": "2025-01-01T00:02:06", "mode": "MIN_MAX", "is_static": false, "battery": 43.99999999999981}}, {"type": "Feature", "geometry": {"type": "Point", "coordinates": [966389.3981658287, 1949051.542233355]}, "properties": {"kind": "drone", "drone_id": 5, "frame": 126, "time_s": 126.0, "timestamp": "2025-01-01T00:02:06", "mode": "MIN_MAX", "is_static": false, "battery": 35.00000000000081}}, {"type": "Feature", "geometry": {"type": "Point", "coordinates": [965153.6073892179, 1949743.5977994648]}, "properties": {"kind": "drone", "drone_id": 6, "frame": 126, "time_s": 126.0, "timestamp": "2025-01-01T00:02:06", "mode": "MIN_MAX", "is_static": false, "battery": 30.97315436241568}}, {"type": "Feature", "geometry": {"type": "Point", "coordinates": [963234.5913377568, 1951151.542233355]}, "properties": {"kind": "drone", "drone_id": 7, "frame": 126, "time_s": 126.0, "timestamp": "2025-01-01T00:02:06", "mode": "MIN_MAX", "is_static": false, "battery": 36.50000000000047}}, {"type": "Feature", "geometry": {"type": "Point", "coordinates": [964955.5076549159, 1949852.2565894625]}, "properties": {"kind": "drone", "drone_id": 8, "frame": 126, "time_s": 126.0, "timestamp": "2025-01-01T00:02:06", "mode": "MIN_MAX", "is_static": false, "battery": 30.973154362415677}}, {"type": "Feature", "geometry": {"type": "Point", "coordinates": [962956.2260293976, 1951312.2565190694]}, "properties": {"kind": "drone", "drone_id": 9, "frame": 126, "time_s": 126.0, "timestamp": "2025-01-01T00:02:06", "mode": "MIN_MAX", "is_static": false, "battery": 47.00000000000062}}, {"type": "Feature", "geometry": {"type": "Point", "coordinates": [965944.0136724538, 1949437.2565190694]}, "properties": {"kind": "drone", "drone_id": 10, "frame": 126, "time_s": 126.0, "timestamp": "2025-01-01T00:02:06", "mode": "MIN_MAX", "is_static": false, "battery": 48.49999999999981}}, {"type": "Feature", "geometry": {"type": "Point", "coordinates": [964047.2333796474, 1949674.2138740113]}, "properties": {"kind": "drone", "drone_id": 11, "frame": 126, "time_s": 126.0, "timestamp": "2025-01-01T00:02:06", "mode": "MIN_MAX", "is_static": false, "battery": 30.973154362415677}}, {"type": "Feature", "geometry": {"type": "Point", "coordinates": [963921.225765043, 1949940.8279476408]}, "properties": {"kind": "drone", "drone_id": 12, "frame": 126, "time_s": 126.0, "timestamp": "2025-01-01T00:02:06", "mode": "MIN_MAX", "is_static": false, "battery": 33.500000000000234}}, {"type": "Feature", "geometry": {"type": "Point", "coordinates": [963921.225765043, 1950262.2565190694]}, "properties": {"kind": "drone", "drone_id": 13, "frame": 126, "time_s": 126.0, "timestamp": "2025-01-01T00:02:06", "mode": "MIN_MAX", "is_static": false, "battery": 39.5}}, {"type": "Feature", "geometry": {"type": "Point", "coordinates": [963791.3219544754, 1950830.1136619265]}, "properties": {"kind": "drone", "drone_id": 14, "frame": 126, "time_s": 126.0, "timestamp": "2025-01-01T00:02:06", "mode": "MIN_MAX", "is_static": false, "battery": 44.00000000000082}}, {"type": "Feature", "geometry": {"type": "Point", "coordinates": [962399.4954126789, 1951526.542233355]}, "properties": {"kind": "drone", "drone_id": 15, "frame": 126, "time_s": 126.0, "timestamp": "2025-01-01T00:02:06", "mode": "MIN_MAX", "is_static": false, "battery": 39.500000000000625}}, {"type": "Feature", "geometry": {"type": "Point", "coordinates": [963531.5143333401, 1950980.1136619265]}, "properties": {"kind": "drone", "drone_id": 16, "frame": 126, "time_s": 126.0, "timestamp": "2025-01-01T00:02:06", "mode": "MIN_MAX", "is_static": false, "battery": 50.0}}, {"type": "Feature", "geometry": {"type": "Point", "coordinates": [964685.2862572857, 1949698.4615600815]}, "properties": {"kind": "drone", "drone_id": 17, "frame": 126, "time_s": 126.0, "timestamp": "2025-01-01T00:02:06", "mode": "MIN_MAX", "is_static": false, "battery": 30.973154362415677}}, {"type": "Feature", "geometry": {"type": "Point", "coordinates": [965750.8607662419, 1949711.4539223874]}, "properties": {"kind": "drone", "drone_id": 18, "frame": 126, "time_s": 126.0, "timestamp": "2025-01-01T00:02:06", "mode": "MIN_MAX", "is_static": false, "battery": 30.973154362415677}}, {"type": "Feature", "geometry": {"type": "Point", "coordinates": [962622.1876593664, 1951505.1136619265]}, "properties": {"kind": "drone", "drone_id": 19, "frame": 126, "time_s": 126.0, "timestamp": "2025-01-01T00:02:06", "mode": "MIN_MAX", "is_static": false, "battery": 50.0}}, {"type": "Feature", "geometry": {"type": "Point", "coordinates": [964412.7642274601, 1949696.1080305895]}, "properties": {"kind": "drone", "drone_id": 20, "frame": 126, "time_s": 126.0, "timestamp": "2025-01-01T00:02:06", "mode": "MIN_MAX", "is_static": false, "battery": 30.97315436241568}}, {"type": "Feature", "geometry": {"type": "Point", "coordinates": [961972.6686065281, 1951730.1136619265]}, "properties": {"kind": "base_A", "drone_id": 0, "frame": 126, "time_s": 126.0, "timestamp": "2025-01-01T00:02:06", "mode": "MIN_MAX", "is_static": true, "battery": 50.0}}, {"type": "Feature", "geometry": {"type": "Point", "coordinates": [966389.3981658287, 1948730.1136619265]}, "properties": {"kind": "base_B", "drone_id": 0, "frame": 126, "time_s": 126.0, "timestamp": "2025-01-01T00:02:06", "mode": "MIN_MAX", "is_static": true, "battery": 50.0}}, {"type": "Feature", "geometry": {"type": "Point", "coordinates": [965387.2830557353, 1949608.6850904978]}, "properties": {"kind": "drone", "drone_id": 1, "frame": 127, "time_s": 127.0, "timestamp": "2025-01-01T00:02:07", "mode": "MIN_MAX", "is_static": false, "battery": 34.99999999999965}}, {"type": "Feature", "geometry": {"type": "Point", "coordinates": [966222.3789808131, 1949276.542233355]}, "properties": {"kind": "drone", "drone_id": 2, "frame": 127, "time_s": 127.0, "timestamp": "2025-01-01T00:02:07", "mode": "MIN_MAX", "is_static": false, "battery": 43.99999999999942}}, {"type": "Feature", "geometry": {"type": "Point", "coordinates": [963809.8796416994, 1950519.3993762122]}, "properties": {"kind": "drone", "drone_id": 3, "frame": 127, "time_s": 127.0, "timestamp": "2025-01-01T00:02:07", "mode": "MIN_MAX", "is_static": false, "battery": 45.49999999999981}}, {"type": "Feature", "geometry": {"type": "Point", "coordinates": [962121.1301043197, 1951494.3993762122]}, "properties": {"kind": "drone", "drone_id": 4, "frame": 127, "time_s": 127.0, "timestamp": "2025-01-01T00:02:07", "mode": "MIN_MAX", "is_static": false, "battery": 43.99999999999981}}, {"type": "Feature", "geometry": {"type": "Point", "coordinates": [966389.3981658287, 1949051.542233355]}, "properties": {"kind": "drone", "drone_id": 5, "frame": 127, "time_s": 127.0, "timestamp": "2025-01-01T00:02:07", "mode": "MIN_MAX", "is_static": false, "battery": 35.00000000000081}}, {"type": "Feature", "geometry": {"type": "Point", "coordinates": [965147.2237908593, 1949747.2833716956]}, "properties": {"kind": "drone", "drone_id": 6, "frame": 127, "time_s": 127.0, "timestamp": "2025-01-01T00:02:07", "mode": "MIN_MAX", "is_static": false, "battery": 30.82214765100628}}, {"type": "Feature", "geometry": {"type": "Point", "coordinates": [963234.5913377568, 1951151.542233355]}, "properties": {"kind": "drone", "drone_id": 7, "frame": 127, "time_s": 127.0, "timestamp": "2025-01-01T00:02:07", "mode": "MIN_MAX", "is_static": false, "battery": 36.50000000000047}}, {"type": "Feature", "geometry": {"type": "Point", "coordinates": [964945.448397474, 1949846.4488744705]}, "properties": {"kind": "drone", "drone_id": 8, "frame": 127, "time_s": 127.0, "timestamp": "2025-01-01T00:02:07", "mode": "MIN_MAX", "is_static": false, "battery": 30.822147651006276}}, {"type": "Feature", "geometry": {"type": "Point", "coordinates": [962956.2260293976, 1951312.2565190694]}, "properties": {"kind": "drone", "drone_id": 9, "frame": 127, "time_s": 127.0, "timestamp": "2025-01-01T00:02:07", "mode": "MIN_MAX", "is_static": false, "battery": 47.00000000000062}}, {"type": "Feature", "geometry": {"type": "Point", "coordinates": [965944.0136724538, 1949437.2565190694]}, "properties": {"kind": "drone", "drone_id": 10, "frame": 127, "time_s": 127.0, "timestamp": "2025-01-01T00:02:07", "mode": "MIN_MAX", "is_static": false, "battery": 48.49999999999981}}, {"type": "Feature", "geometry": {"type": "Point", "coordinates": [964039.8374216283, 1949672.50585067]}, "properties": {"kind": "drone", "drone_id": 11, "frame": 127, "time_s": 127.0, "timestamp": "2025-01-01T00:02:07", "mode": "MIN_MAX", "is_static": false, "battery": 30.82214765100628}}, {"type": "Feature", "geometry": {"type": "Point", "coordinates": [963921.225765043, 1949940.8279476408]}, "properties": {"kind": "drone", "drone_id": 12, "frame": 127, "time_s": 127.0, "timestamp": "2025-01-01T00:02:07", "mode": "MIN_MAX", "is_static": false, "battery": 33.500000000000234}}, {"type": "Feature", "geometry": {"type": "Point", "coordinates": [963921.225765043, 1950262.2565190694]}, "properties": {"kind": "drone", "drone_id": 13, "frame": 127, "time_s": 127.0, "timestamp": "2025-01-01T00:02:07", "mode": "MIN_MAX", "is_static": false, "battery": 39.5}}, {"type": "Feature", "geometry": {"type": "Point", "coordinates": [963791.3219544754, 1950830.1136619265]}, "properties": {"kind": "drone", "drone_id": 14, "frame": 127, "time_s": 127.0, "timestamp": "2025-01-01T00:02:07", "mode": "MIN_MAX", "is_static": false, "battery": 44.00000000000082}}, {"type": "Feature", "geometry": {"type": "Point", "coordinates": [962399.4954126789, 1951526.542233355]}, "properties": {"kind": "drone", "drone_id": 15, "frame": 127, "time_s": 127.0, "timestamp": "2025-01-01T00:02:07", "mode": "MIN_MAX", "is_static": false, "battery": 39.500000000000625}}, {"type": "Feature", "geometry": {"type": "Point", "coordinates": [963531.5143333401, 1950980.1136619265]}, "properties": {"kind": "drone", "drone_id": 16, "frame": 127, "time_s": 127.0, "timestamp": "2025-01-01T00:02:07", "mode": "MIN_MAX", "is_static": false, "battery": 50.0}}, {"type": "Feature", "geometry": {"type": "Point", "coordinates": [964674.5713914002, 1949693.821887054]}, "properties": {"kind": "drone", "drone_id": 17, "frame": 127, "time_s": 127.0, "timestamp": "2025-01-01T00:02:07", "mode": "MIN_MAX", "is_static": false, "battery": 30.82214765100628}}, {"type": "Feature", "geometry": {"type": "Point", "coordinates": [965740.8893823983, 1949705.6969412412]}, "properties": {"kind": "drone", "drone_id": 18, "frame": 127, "time_s": 127.0, "timestamp": "2025-01-01T00:02:07", "mode": "MIN_MAX", "is_static": false, "battery": 30.822147651006276}}, {"type": "Feature", "geometry": {"type": "Point", "coordinates": [962622.1876593664, 1951505.1136619265]}, "properties": {"kind": "drone", "drone_id": 19, "frame": 127, "time_s": 127.0, "timestamp": "2025-01-01T00:02:07", "mode": "MIN_MAX", "is_static": false, "battery": 50.0}}, {"type": "Feature", "geometry": {"type": "Point", "coordinates": [964401.5789606982, 1949692.520354603]}, "properties": {"kind": "drone", "drone_id": 20, "frame": 127, "time_s": 127.0, "timestamp": "2025-01-01T00:02:07", "mode": "MIN_MAX", "is_static": false, "battery": 30.82214765100628}}, {"type": "Feature", "geometry": {"type": "Point", "coordinates": [961972.6686065281, 1951730.1136619265]}, "properties": {"kind": "base_A", "drone_id": 0, "frame": 127, "time_s": 127.0, "timestamp": "2025-01-01T00:02:07", "mode": "MIN_MAX", "is_static": true, "battery": 50.0}}, {"type": "Feature", "geometry": {"type": "Point", "coordinates": [966389.3981658287, 1948730.1136619265]}, "properties": {"kind": "base_B", "drone_id": 0, "frame": 127, "time_s": 127.0, "timestamp": "2025-01-01T00:02:07", "mode": "MIN_MAX", "is_static": true, "battery": 50.0}}, {"type": "Feature", "geometry": {"type": "Point", "coordinates": [965387.2830557353, 1949608.6850904978]}, "properties": {"kind": "drone", "drone_id": 1, "frame": 128, "time_s": 128.0, "timestamp": "2025-01-01T00:02:08", "mode": "MIN_MAX", "is_static": false, "battery": 34.99999999999965}}, {"type": "Feature", "geometry": {"type": "Point", "coordinates": [966222.3789808131, 1949276.542233355]}, "properties": {"kind": "drone", "drone_id": 2, "frame": 128, "time_s": 128.0, "timestamp": "2025-01-01T00:02:08", "mode": "MIN_MAX", "is_static": false, "battery": 43.99999999999942}}, {"type": "Feature", "geometry": {"type": "Point", "coordinates": [963809.8796416994, 1950519.3993762122]}, "properties": {"kind": "drone", "drone_id": 3, "frame": 128, "time_s": 128.0, "timestamp": "2025-01-01T00:02:08", "mode": "MIN_MAX", "is_static": false, "battery": 45.49999999999981}}, {"type": "Feature", "geometry": {"type": "Point", "coordinates": [962121.1301043197, 1951494.3993762122]}, "properties": {"kind": "drone", "drone_id": 4, "frame": 128, "time_s": 128.0, "timestamp": "2025-01-01T00:02:08", "mode": "MIN_MAX", "is_static": false, "battery": 43.99999999999981}}, {"type": "Feature", "geometry": {"type": "Point", "coordinates": [966389.3981658287, 1949051.542233355]}, "properties": {"kind": "drone", "drone_id": 5, "frame": 128, "time_s": 128.0, "timestamp": "2025-01-01T00:02:08", "mode": "MIN_MAX", "is_static": false, "battery": 35.00000000000081}}, {"type": "Feature", "geometry": {"type": "Point", "coordinates": [965141.3017477588, 1949750.7024648737]}, "properties": {"kind": "drone", "drone_id": 6, "frame": 128, "time_s": 128.0, "timestamp": "2025-01-01T00:02:08", "mode": "MIN_MAX", "is_static": false, "battery": 30.67114093959688}}, {"type": "Feature", "geometry": {"type": "Point", "coordinates": [963234.5913377568, 1951151.542233355]}, "properties": {"kind": "drone", "drone_id": 7, "frame": 128, "time_s": 128.0, "timestamp": "2025-01-01T00:02:08", "mode": "MIN_MAX", "is_static": false, "battery": 36.50000000000047}}, {"type": "Feature", "geometry": {"type": "Point", "coordinates": [964935.7602433984, 1949840.855416107]}, "properties": {"kind": "drone", "drone_id": 8, "frame": 128, "time_s": 128.0, "timestamp": "2025-01-01T00:02:08", "mode": "MIN_MAX", "is_static": false, "battery": 30.671140939596878}}, {"type": "Feature", "geometry": {"type": "Point", "coordinates": [962956.2260293976, 1951312.2565190694]}, "properties": {"kind": "drone", "drone_id": 9, "frame": 128, "time_s": 128.0, "timestamp": "2025-01-01T00:02:08", "mode": "MIN_MAX", "is_static": false, "battery": 47.00000000000062}}, {"type": "Feature", "geometry": {"type": "Point", "coordinates": [965944.0136724538, 1949437.2565190694]}, "properties": {"kind": "drone", "drone_id": 10, "frame": 128, "time_s": 128.0, "timestamp": "2025-01-01T00:02:08", "mode": "MIN_MAX", "is_static": false, "battery": 48.49999999999981}}, {"type": "Feature", "geometry": {"type": "Point", "coordinates": [964032.9762158163, 1949670.921323061]}, "properties": {"kind": "drone", "drone_id": 11, "frame": 128, "time_s": 128.0, "timestamp": "2025-01-01T00:02:08", "mode": "MIN_MAX", "is_static": false, "battery": 30.67114093959688}}, {"type": "Feature", "geometry": {"type": "Point", "coordinates": [963921.225765043, 1949940.8279476408]}, "properties": {"kind": "drone", "drone_id": 12, "frame": 128, "time_s": 128.0, "timestamp": "2025-01-01T00:02:08", "mode": "MIN_MAX", "is_static": false, "battery": 33.500000000000234}}, {"type": "Feature", "geometry": {"type": "Point", "coordinates": [963921.225765043, 1950262.2565190694]}, "properties": {"kind": "drone", "drone_id": 13, "frame": 128, "time_s": 128.0, "timestamp": "2025-01-01T00:02:08", "mode": "MIN_MAX", "is_static": false, "battery": 39.5}}, {"type": "Feature", "geometry": {"type": "Point", "coordinates": [963791.3219544754, 1950830.1136619265]}, "properties": {"kind": "drone", "drone_id": 14, "frame": 128, "time_s": 128.0, "timestamp": "2025-01-01T00:02:08", "mode": "MIN_MAX", "is_static": false, "battery": 44.00000000000082}}, {"type": "Feature", "geometry": {"type": "Point", "coordinates": [962399.4954126789, 1951526.542233355]}, "properties": {"kind": "drone", "drone_id": 15, "frame": 128, "time_s": 128.0, "timestamp": "2025-01-01T00:02:08", "mode": "MIN_MAX", "is_static": false, "battery": 39.500000000000625}}, {"type": "Feature", "geometry": {"type": "Point", "coordinates": [963531.5143333401, 1950980.1136619265]}, "properties": {"kind": "drone", "drone_id": 16, "frame": 128, "time_s": 128.0, "timestamp": "2025-01-01T00:02:08", "mode": "MIN_MAX", "is_static": false, "battery": 50.0}}, {"type": "Feature", "geometry": {"type": "Point", "coordinates": [964664.2518154079, 1949689.3533795713]}, "properties": {"kind": "drone", "drone_id": 17, "frame": 128, "time_s": 128.0, "timestamp": "2025-01-01T00:02:08", "mode": "MIN_MAX", "is_static": false, "battery": 30.671140939596878}}, {"type": "Feature", "geometry": {"type": "Point", "coordinates": [965734.2282247073, 1949696.9573072481]}, "properties": {"kind": "drone", "drone_id": 18, "frame": 128, "time_s": 128.0, "timestamp": "2025-01-01T00:02:08", "mode": "MIN_MAX", "is_static": false, "battery": 30.671140939596878}}, {"type": "Feature", "geometry": {"type": "Point", "coordinates": [962622.1876593664, 1951505.1136619265]}, "properties": {"kind": "drone", "drone_id": 19, "frame": 128, "time_s": 128.0, "timestamp": "2025-01-01T00:02:08", "mode": "MIN_MAX", "is_static": false, "battery": 50.0}}, {"type": "Feature", "geometry": {"type": "Point", "coordinates": [964390.8063377296, 1949689.0650341748]}, "properties": {"kind": "drone", "drone_id": 20, "frame": 128, "time_s": 128.0, "timestamp": "2025-01-01T00:02:08", "mode": "MIN_MAX", "is_static": false, "battery": 30.67114093959688}}, {"type": "Feature", "geometry": {"type": "Point", "coordinates": [961972.6686065281, 1951730.1136619265]}, "properties": {"kind": "base_A", "drone_id": 0, "frame": 128, "time_s": 128.0, "timestamp": "2025-01-01T00:02:08", "mode": "MIN_MAX", "is_static": true, "battery": 50.0}}, {"type": "Feature", "geometry": {"type": "Point", "coordinates": [966389.3981658287, 1948730.1136619265]}, "properties": {"kind": "base_B", "drone_id": 0, "frame": 128, "time_s": 128.0, "timestamp": "2025-01-01T00:02:08", "mode": "MIN_MAX", "is_static": true, "battery": 50.0}}, {"type": "Feature", "geometry": {"type": "Point", "coordinates": [965387.2830557353, 1949608.6850904978]}, "properties": {"kind": "drone", "drone_id": 1, "frame": 129, "time_s": 129.0, "timestamp": "2025-01-01T00:02:09", "mode": "MIN_MAX", "is_static": false, "battery": 34.99999999999965}}, {"type": "Feature", "geometry": {"type": "Point", "coordinates": [966222.3789808131, 1949276.542233355]}, "properties": {"kind": "drone", "drone_id": 2, "frame": 129, "time_s": 129.0, "timestamp": "2025-01-01T00:02:09", "mode": "MIN_MAX", "is_static": false, "battery": 43.99999999999942}}, {"type": "Feature", "geometry": {"type": "Point", "coordinates": [963809.8796416994, 1950519.3993762122]}, "properties": {"kind": "drone", "drone_id": 3, "frame": 129, "time_s": 129.0, "timestamp": "2025-01-01T00:02:09", "mode": "MIN_MAX", "is_static": false, "battery": 45.49999999999981}}, {"type": "Feature", "geometry": {"type": "Point", "coordinates": [962121.1301043197, 1951494.3993762122]}, "properties": {"kind": "drone", "drone_id": 4, "frame": 129, "time_s": 129.0, "timestamp": "2025-01-01T00:02:09", "mode": "MIN_MAX", "is_static": false, "battery": 43.99999999999981}}, {"type": "Feature", "geometry": {"type": "Point", "coordinates": [966389.3981658287, 1949051.542233355]}, "properties": {"kind": "drone", "drone_id": 5, "frame": 129, "time_s": 129.0, "timestamp": "2025-01-01T00:02:09", "mode": "MIN_MAX", "is_static": false, "battery": 35.00000000000081}}, {"type": "Feature", "geometry": {"type": "Point", "coordinates": [965135.8492916201, 1949753.850441893]}, "properties": {"kind": "drone", "drone_id": 6, "frame": 129, "time_s": 129.0, "timestamp": "2025-01-01T00:02:09", "mode": "MIN_MAX", "is_static": false, "battery": 30.52013422818748}}, {"type": "Feature", "geometry": {"type": "Point", "coordinates": [963234.5913377568, 1951151.542233355]}, "properties": {"kind": "drone", "drone_id": 7, "frame": 129, "time_s": 129.0, "timestamp": "2025-01-01T00:02:09", "mode": "MIN_MAX", "is_static": false, "battery": 36.50000000000047}}, {"type": "Feature", "geometry": {"type": "Point", "coordinates": [964926.4502613249, 1949835.4802954507]}, "properties": {"kind": "drone", "drone_id": 8, "frame": 129, "time_s": 129.0, "timestamp": "2025-01-01T00:02:09", "mode": "MIN_MAX", "is_static": false, "battery": 30.520134228187477}}, {"type": "Feature", "geometry": {"type": "Point", "coordinates": [962956.2260293976, 1951312.2565190694]}, "properties": {"kind": "drone", "drone_id": 9, "frame": 129, "time_s": 129.0, "timestamp": "2025-01-01T00:02:09", "mode": "MIN_MAX", "is_static": false, "battery": 47.00000000000062}}, {"type": "Feature", "geometry": {"type": "Point", "coordinates": [965944.0136724538, 1949437.2565190694]}, "properties": {"kind": "drone", "drone_id": 10, "frame": 129, "time_s": 129.0, "timestamp": "2025-01-01T00:02:09", "mode": "MIN_MAX", "is_static": false, "battery": 48.49999999999981}}, {"type": "Feature", "geometry": {"type": "Point", "coordinates": [964026.6590676443, 1949669.462440182]}, "properties": {"kind": "drone", "drone_id": 11, "frame": 129, "time_s": 129.0, "timestamp": "2025-01-01T00:02:09", "mode": "MIN_MAX", "is_static": false, "battery": 30.52013422818748}}, {"type": "Feature", "geometry": {"type": "Point", "coordinates": [963921.225765043, 1949940.8279476408]}, "properties": {"kind": "drone", "drone_id": 12, "frame": 129, "time_s": 129.0, "timestamp": "2025-01-01T00:02:09", "mode": "MIN_MAX", "is_static": false, "battery": 33.500000000000234}}, {"type": "Feature", "geometry": {"type": "Point", "coordinates": [963921.225765043, 1950262.2565190694]}, "properties": {"kind": "drone", "drone_id": 13, "frame": 129, "time_s": 129.0, "timestamp": "2025-01-01T00:02:09", "mode": "MIN_MAX", "is_static": false, "battery": 39.5}}, {"type": "Feature", "geometry": {"type": "Point", "coordinates": [963791.3219544754, 1950830.1136619265]}, "properties": {"kind": "drone", "drone_id": 14, "frame": 129, "time_s": 129.0, "timestamp": "2025-01-01T00:02:09", "mode": "MIN_MAX", "is_static": false, "battery": 44.00000000000082}}, {"type": "Feature", "geometry": {"type": "Point", "coordinates": [962399.4954126789, 1951526.542233355]}, "properties": {"kind": "drone", "drone_id": 15, "frame": 129, "time_s": 129.0, "timestamp": "2025-01-01T00:02:09", "mode": "MIN_MAX", "is_static": false, "battery": 39.500000000000625}}, {"type": "Feature", "geometry": {"type": "Point", "coordinates": [963531.5143333401, 1950980.1136619265]}, "properties": {"kind": "drone", "drone_id": 16, "frame": 129, "time_s": 129.0, "timestamp": "2025-01-01T00:02:09", "mode": "MIN_MAX", "is_static": false, "battery": 50.0}}, {"type": "Feature", "geometry": {"type": "Point", "coordinates": [964654.3350586403, 1949685.0592979293]}, "properties": {"kind": "drone", "drone_id": 17, "frame": 129, "time_s": 129.0, "timestamp": "2025-01-01T00:02:09", "mode": "MIN_MAX", "is_static": false, "battery": 30.52013422818748}}, {"type": "Feature", "geometry": {"type": "Point", "coordinates": [965728.1594993246, 1949688.1978566647]}, "properties": {"kind": "drone", "drone_id": 18, "frame": 129, "time_s": 129.0, "timestamp": "2025-01-01T00:02:09", "mode": "MIN_MAX", "is_static": false, "battery": 30.52013422818748}}, {"type": "Feature", "geometry": {"type": "Point", "coordinates": [962622.1876593664, 1951505.1136619265]}, "properties": {"kind": "drone", "drone_id": 19, "frame": 129, "time_s": 129.0, "timestamp": "2025-01-01T00:02:09", "mode": "MIN_MAX", "is_static": false, "battery": 50.0}}, {"type": "Feature", "geometry": {"type": "Point", "coordinates": [964380.4542184363, 1949685.7445903632]}, "properties": {"kind": "drone", "drone_id": 20, "frame": 129, "time_s": 129.0, "timestamp": "2025-01-01T00:02:09", "mode": "MIN_MAX", "is_static": false, "battery": 30.52013422818748}}, {"type": "Feature", "geometry": {"type": "Point", "coordinates": [961972.6686065281, 1951730.1136619265]}, "properties": {"kind": "base_A", "drone_id": 0, "frame": 129, "time_s": 129.0, "timestamp": "2025-01-01T00:02:09", "mode": "MIN_MAX", "is_static": true, "battery": 50.0}}, {"type": "Feature", "geometry": {"type": "Point", "coordinates": [966389.3981658287, 1948730.1136619265]}, "properties": {"kind": "base_B", "drone_id": 0, "frame": 129, "time_s": 129.0, "timestamp": "2025-01-01T00:02:09", "mode": "MIN_MAX", "is_static": true, "battery": 50.0}}, {"type": "Feature", "geometry": {"type": "Point", "coordinates": [965387.2830557353, 1949608.6850904978]}, "properties": {"kind": "drone", "drone_id": 1, "frame": 130, "time_s": 130.0, "timestamp": "2025-01-01T00:02:10", "mode": "MIN_MAX", "is_static": false, "battery": 34.99999999999965}}, {"type": "Feature", "geometry": {"type": "Point", "coordinates": [966222.3789808131, 1949276.542233355]}, "properties": {"kind": "drone", "drone_id": 2, "frame": 130, "time_s": 130.0, "timestamp": "2025-01-01T00:02:10", "mode": "MIN_MAX", "is_static": false, "battery": 43.99999999999942}}, {"type": "Feature", "geometry": {"type": "Point", "coordinates": [963809.8796416994, 1950519.3993762122]}, "properties": {"kind": "drone", "drone_id": 3, "frame": 130, "time_s": 130.0, "timestamp": "2025-01-01T00:02:10", "mode": "MIN_MAX", "is_static": false, "battery": 45.49999999999981}}, {"type": "Feature", "geometry": {"type": "Point", "coordinates": [962121.1301043197, 1951494.3993762122]}, "properties": {"kind": "drone", "drone_id": 4, "frame": 130, "time_s": 130.0, "timestamp": "2025-01-01T00:02:10", "mode": "MIN_MAX", "is_static": false, "battery": 43.99999999999981}}, {"type": "Feature", "geometry": {"type": "Point", "coordinates": [966389.3981658287, 1949051.542233355]}, "properties": {"kind": "drone", "drone_id": 5, "frame": 130, "time_s": 130.0, "timestamp": "2025-01-01T00:02:10", "mode": "MIN_MAX", "is_static": false, "battery": 35.00000000000081}}, {"type": "Feature", "geometry": {"type": "Point", "coordinates": [965130.8744541474, 1949756.7226656473]}, "properties": {"kind": "drone", "drone_id": 6, "frame": 130, "time_s": 130.0, "timestamp": "2025-01-01T00:02:10", "mode": "MIN_MAX", "is_static": false, "battery": 30.369127516778082}}, {"type": "Feature", "geometry": {"type": "Point", "coordinates": [963234.5913377568, 1951151.542233355]}, "properties": {"kind": "drone", "drone_id": 7, "frame": 130, "time_s": 130.0, "timestamp": "2025-01-01T00:02:10", "mode": "MIN_MAX", "is_static": false, "battery": 36.50000000000047}}, {"type": "Feature", "geometry": {"type": "Point", "coordinates": [964917.5255198887, 1949830.3275935801]}, "properties": {"kind": "drone", "drone_id": 8, "frame": 130, "time_s": 130.0, "timestamp": "2025-01-01T00:02:10", "mode": "MIN_MAX", "is_static": false, "battery": 30.36912751677808}}, {"type": "Feature", "geometry": {"type": "Point", "coordinates": [962956.2260293976, 1951312.2565190694]}, "properties": {"kind": "drone", "drone_id": 9, "frame": 130, "time_s": 130.0, "timestamp": "2025-01-01T00:02:10", "mode": "MIN_MAX", "is_static": false, "battery": 47.00000000000062}}, {"type": "Feature", "geometry": {"type": "Point", "coordinates": [965944.0136724538, 1949437.2565190694]}, "properties": {"kind": "drone", "drone_id": 10, "frame": 130, "time_s": 130.0, "timestamp": "2025-01-01T00:02:10", "mode": "MIN_MAX", "is_static": false, "battery": 48.49999999999981}}, {"type": "Feature", "geometry": {"type": "Point", "coordinates": [964020.8952825449, 1949668.1313510304]}, "properties": {"kind": "drone", "drone_id": 11, "frame": 130, "time_s": 130.0, "timestamp": "2025-01-01T00:02:10", "mode": "MIN_MAX", "is_static": false, "battery": 30.369127516778082}}, {"type": "Feature", "geometry": {"type": "Point", "coordinates": [963921.225765043, 1949940.8279476408]}, "properties": {"kind": "drone", "drone_id": 12, "frame": 130, "time_s": 130.0, "timestamp": "2025-01-01T00:02:10", "mode": "MIN_MAX", "is_static": false, "battery": 33.500000000000234}}, {"type": "Feature", "geometry": {"type": "Point", "coordinates": [963921.225765043, 1950262.2565190694]}, "properties": {"kind": "drone", "drone_id": 13, "frame": 130, "time_s": 130.0, "timestamp": "2025-01-01T00:02:10", "mode": "MIN_MAX", "is_static": false, "battery": 39.5}}, {"type": "Feature", "geometry": {"type": "Point", "coordinates": [963791.3219544754, 1950830.1136619265]}, "properties": {"kind": "drone", "drone_id": 14, "frame": 130, "time_s": 130.0, "timestamp": "2025-01-01T00:02:10", "mode": "MIN_MAX", "is_static": false, "battery": 44.00000000000082}}, {"type": "Feature", "geometry": {"type": "Point", "coordinates": [962399.4954126789, 1951526.542233355]}, "properties": {"kind": "drone", "drone_id": 15, "frame": 130, "time_s": 130.0, "timestamp": "2025-01-01T00:02:10", "mode": "MIN_MAX", "is_static": false, "battery": 39.500000000000625}}, {"type": "Feature", "geometry": {"type": "Point", "coordinates": [963531.5143333401, 1950980.1136619265]}, "properties": {"kind": "drone", "drone_id": 16, "frame": 130, "time_s": 130.0, "timestamp": "2025-01-01T00:02:10", "mode": "MIN_MAX", "is_static": false, "battery": 50.0}}, {"type": "Feature", "geometry": {"type": "Point", "coordinates": [964644.8286504286, 1949680.9429024244]}, "properties": {"kind": "drone", "drone_id": 17, "frame": 130, "time_s": 130.0, "timestamp": "2025-01-01T00:02:10", "mode": "MIN_MAX", "is_static": false, "battery": 30.369127516778082}}, {"type": "Feature", "geometry": {"type": "Point", "coordinates": [965722.3418936129, 1949679.8008661054]}, "properties": {"kind": "drone", "drone_id": 18, "frame": 130, "time_s": 130.0, "timestamp": "2025-01-01T00:02:10", "mode": "MIN_MAX", "is_static": false, "battery": 30.36912751677808}}, {"type": "Feature", "geometry": {"type": "Point", "coordinates": [962622.1876593664, 1951505.1136619265]}, "properties": {"kind": "drone", "drone_id": 19, "frame": 130, "time_s": 130.0, "timestamp": "2025-01-01T00:02:10", "mode": "MIN_MAX", "is_static": false, "battery": 50.0}}, {"type": "Feature", "geometry": {"type": "Point", "coordinates": [964370.5304626998, 1949682.5615442267]}, "properties": {"kind": "drone", "drone_id": 20, "frame": 130, "time_s": 130.0, "timestamp": "2025-01-01T00:02:10", "mode": "MIN_MAX", "is_static": false, "battery": 30.369127516778082}}, {"type": "Feature", "geometry": {"type": "Point", "coordinates": [961972.6686065281, 1951730.1136619265]}, "properties": {"kind": "base_A", "drone_id": 0, "frame": 130, "time_s": 130.0, "timestamp": "2025-01-01T00:02:10", "mode": "MIN_MAX", "is_static": true, "battery": 50.0}}, {"type": "Feature", "geometry": {"type": "Point", "coordinates": [966389.3981658287, 1948730.1136619265]}, "properties": {"kind": "base_B", "drone_id": 0, "frame": 130, "time_s": 130.0, "timestamp": "2025-01-01T00:02:10", "mode": "MIN_MAX", "is_static": true, "battery": 50.0}}, {"type": "Feature", "geometry": {"type": "Point", "coordinates": [965387.2830557353, 1949608.6850904978]}, "properties": {"kind": "drone", "drone_id": 1, "frame": 131, "time_s": 131.0, "timestamp": "2025-01-01T00:02:11", "mode": "MIN_MAX", "is_static": false, "battery": 34.99999999999965}}, {"type": "Feature", "geometry": {"type": "Point", "coordinates": [966222.3789808131, 1949276.542233355]}, "properties": {"kind": "drone", "drone_id": 2, "frame": 131, "time_s": 131.0, "timestamp": "2025-01-01T00:02:11", "mode": "MIN_MAX", "is_static": false, "battery": 43.99999999999942}}, {"type": "Feature", "geometry": {"type": "Point", "coordinates": [963809.8796416994, 1950519.3993762122]}, "properties": {"kind": "drone", "drone_id": 3, "frame": 131, "time_s": 131.0, "timestamp": "2025-01-01T00:02:11", "mode": "MIN_MAX", "is_static": false, "battery": 45.49999999999981}}, {"type": "Feature", "geometry": {"type": "Point", "coordinates": [962121.1301043197, 1951494.3993762122]}, "properties": {"kind": "drone", "drone_id": 4, "frame": 131, "time_s": 131.0, "timestamp": "2025-01-01T00:02:11", "mode": "MIN_MAX", "is_static": false, "battery": 43.99999999999981}}, {"type": "Feature", "geometry": {"type": "Point", "coordinates": [966389.3981658287, 1949051.542233355]}, "properties": {"kind": "drone", "drone_id": 5, "frame": 131, "time_s": 131.0, "timestamp": "2025-01-01T00:02:11", "mode": "MIN_MAX", "is_static": false, "battery": 35.00000000000081}}, {"type": "Feature", "geometry": {"type": "Point", "coordinates": [965126.3852670447, 1949759.3144990294]}, "properties": {"kind": "drone", "drone_id": 6, "frame": 131, "time_s": 131.0, "timestamp": "2025-01-01T00:02:11", "mode": "MIN_MAX", "is_static": false, "battery": 30.218120805368685}}, {"type": "Feature", "geometry": {"type": "Point", "coordinates": [963234.5913377568, 1951151.542233355]}, "properties": {"kind": "drone", "drone_id": 7, "frame": 131, "time_s": 131.0, "timestamp": "2025-01-01T00:02:11", "mode": "MIN_MAX", "is_static": false, "battery": 36.50000000000047}}, {"type": "Feature", "geometry": {"type": "Point", "coordinates": [964908.9930877258, 1949825.401391574]}, "properties": {"kind": "drone", "drone_id": 8, "frame": 131, "time_s": 131.0, "timestamp": "2025-01-01T00:02:11", "mode": "MIN_MAX", "is_static": false, "battery": 30.21812080536868}}, {"type": "Feature", "geometry": {"type": "Point", "coordinates": [962956.2260293976, 1951312.2565190694]}, "properties": {"kind": "drone", "drone_id": 9, "frame": 131, "time_s": 131.0, "timestamp": "2025-01-01T00:02:11", "mode": "MIN_MAX", "is_static": false, "battery": 47.00000000000062}}, {"type": "Feature", "geometry": {"type": "Point", "coordinates": [965944.0136724538, 1949437.2565190694]}, "properties": {"kind": "drone", "drone_id": 10, "frame": 131, "time_s": 131.0, "timestamp": "2025-01-01T00:02:11", "mode": "MIN_MAX", "is_static": false, "battery": 48.49999999999981}}, {"type": "Feature", "geometry": {"type": "Point", "coordinates": [964015.694165951, 1949666.9302046043]}, "properties": {"kind": "drone", "drone_id": 11, "frame": 131, "time_s": 131.0, "timestamp": "2025-01-01T00:02:11", "mode": "MIN_MAX", "is_static": false, "battery": 30.21812080536868}}, {"type": "Feature", "geometry": {"type": "Point", "coordinates": [963921.225765043, 1949940.8279476408]}, "properties": {"kind": "drone", "drone_id": 12, "frame": 131, "time_s": 131.0, "timestamp": "2025-01-01T00:02:11", "mode": "MIN_MAX", "is_static": false, "battery": 33.500000000000234}}, {"type": "Feature", "geometry": {"type": "Point", "coordinates": [963921.225765043, 1950262.2565190694]}, "properties": {"kind": "drone", "drone_id": 13, "frame": 131, "time_s": 131.0, "timestamp": "2025-01-01T00:02:11", "mode": "MIN_MAX", "is_static": false, "battery": 39.5}}, {"type": "Feature", "geometry": {"type": "Point", "coordinates": [963791.3219544754, 1950830.1136619265]}, "properties": {"kind": "drone", "drone_id": 14, "frame": 131, "time_s": 131.0, "timestamp": "2025-01-01T00:02:11", "mode": "MIN_MAX", "is_static": false, "battery": 44.00000000000082}}, {"type": "Feature", "geometry": {"type": "Point", "coordinates": [962399.4954126789, 1951526.542233355]}, "properties": {"kind": "drone", "drone_id": 15, "frame": 131, "time_s": 131.0, "timestamp": "2025-01-01T00:02:11", "mode": "MIN_MAX", "is_static": false, "battery": 39.500000000000625}}, {"type": "Feature", "geometry": {"type": "Point", "coordinates": [963531.5143333401, 1950980.1136619265]}, "properties": {"kind": "drone", "drone_id": 16, "frame": 131, "time_s": 131.0, "timestamp": "2025-01-01T00:02:11", "mode": "MIN_MAX", "is_static": false, "battery": 50.0}}, {"type": "Feature", "geometry": {"type": "Point", "coordinates": [964635.740120104, 1949677.0074533522]}, "properties": {"kind": "drone", "drone_id": 17, "frame": 131, "time_s": 131.0, "timestamp": "2025-01-01T00:02:11", "mode": "MIN_MAX", "is_static": false, "battery": 30.21812080536868}}, {"type": "Feature", "geometry": {"type": "Point", "coordinates": [965716.7800152726, 1949671.772986213]}, "properties": {"kind": "drone", "drone_id": 18, "frame": 131, "time_s": 131.0, "timestamp": "2025-01-01T00:02:11", "mode": "MIN_MAX", "is_static": false, "battery": 30.21812080536868}}, {"type": "Feature", "geometry": {"type": "Point", "coordinates": [962622.1876593664, 1951505.1136619265]}, "properties": {"kind": "drone", "drone_id": 19, "frame": 131, "time_s": 131.0, "timestamp": "2025-01-01T00:02:11", "mode": "MIN_MAX", "is_static": false, "battery": 50.0}}, {"type": "Feature", "geometry": {"type": "Point", "coordinates": [964361.0429304021, 1949679.5184168234]}, "properties": {"kind": "drone", "drone_id": 20, "frame": 131, "time_s": 131.0, "timestamp": "2025-01-01T00:02:11", "mode": "MIN_MAX", "is_static": false, "battery": 30.218120805368685}}, {"type": "Feature", "geometry": {"type": "Point", "coordinates": [961972.6686065281, 1951730.1136619265]}, "properties": {"kind": "base_A", "drone_id": 0, "frame": 131, "time_s": 131.0, "timestamp": "2025-01-01T00:02:11", "mode": "MIN_MAX", "is_static": true, "battery": 50.0}}, {"type": "Feature", "geometry": {"type": "Point", "coordinates": [966389.3981658287, 1948730.1136619265]}, "properties": {"kind": "base_B", "drone_id": 0, "frame": 131, "time_s": 131.0, "timestamp": "2025-01-01T00:02:11", "mode": "MIN_MAX", "is_static": true, "battery": 50.0}}, {"type": "Feature", "geometry": {"type": "Point", "coordinates": [965387.2830557353, 1949608.6850904978]}, "properties": {"kind": "drone", "drone_id": 1, "frame": 132, "time_s": 132.0, "timestamp": "2025-01-01T00:02:12", "mode": "MIN_MAX", "is_static": false, "battery": 34.99999999999965}}, {"type": "Feature", "geometry": {"type": "Point", "coordinates": [966222.3789808131, 1949276.542233355]}, "properties": {"kind": "drone", "drone_id": 2, "frame": 132, "time_s": 132.0, "timestamp": "2025-01-01T00:02:12", "mode": "MIN_MAX", "is_static": false, "battery": 43.99999999999942}}, {"type": "Feature", "geometry": {"type": "Point", "coordinates": [963809.8796416994, 1950519.3993762122]}, "properties": {"kind": "drone", "drone_id": 3, "frame": 132, "time_s": 132.0, "timestamp": "2025-01-01T00:02:12", "mode": "MIN_MAX", "is_static": false, "battery": 45.49999999999981}}, {"type": "Feature", "geometry": {"type": "Point", "coordinates": [962121.1301043197, 1951494.3993762122]}, "properties": {"kind": "drone", "drone_id": 4, "frame": 132, "time_s": 132.0, "timestamp": "2025-01-01T00:02:12", "mode": "MIN_MAX", "is_static": false, "battery": 43.99999999999981}}, {"type": "Feature", "geometry": {"type": "Point", "coordinates": [966389.3981658287, 1949051.542233355]}, "properties": {"kind": "drone", "drone_id": 5, "frame": 132, "time_s": 132.0, "timestamp": "2025-01-01T00:02:12", "mode": "MIN_MAX", "is_static": false, "battery": 35.00000000000081}}, {"type": "Feature", "geometry": {"type": "Point", "coordinates": [965122.389762016, 1949761.6213049332]}, "properties": {"kind": "drone", "drone_id": 6, "frame": 132, "time_s": 132.0, "timestamp": "2025-01-01T00:02:12", "mode": "MIN_MAX", "is_static": false, "battery": 30.06711409395928}}, {"type": "Feature", "geometry": {"type": "Point", "coordinates": [963234.5913377568, 1951151.542233355]}, "properties": {"kind": "drone", "drone_id": 7, "frame": 132, "time_s": 132.0, "timestamp": "2025-01-01T00:02:12", "mode": "MIN_MAX", "is_static": false, "battery": 36.50000000000047}}, {"type": "Feature", "geometry": {"type": "Point", "coordinates": [964900.8600334715, 1949820.705770511]}, "properties": {"kind": "drone", "drone_id": 8, "frame": 132, "time_s": 132.0, "timestamp": "2025-01-01T00:02:12", "mode": "MIN_MAX", "is_static": false, "battery": 30.06711409395928}}, {"type": "Feature", "geometry": {"type": "Point", "coordinates": [962956.2260293976, 1951312.2565190694]}, "properties": {"kind": "drone", "drone_id": 9, "frame": 132, "time_s": 132.0, "timestamp": "2025-01-01T00:02:12", "mode": "MIN_MAX", "is_static": false, "battery": 47.00000000000062}}, {"type": "Feature", "geometry": {"type": "Point", "coordinates": [965944.0136724538, 1949437.2565190694]}, "properties": {"kind": "drone", "drone_id": 10, "frame": 132, "time_s": 132.0, "timestamp": "2025-01-01T00:02:12", "mode": "MIN_MAX", "is_static": false, "battery": 48.49999999999981}}, {"type": "Feature", "geometry": {"type": "Point", "coordinates": [964011.0650232956, 1949665.8611499008]}, "properties": {"kind": "drone", "drone_id": 11, "frame": 132, "time_s": 132.0, "timestamp": "2025-01-01T00:02:12", "mode": "MIN_MAX", "is_static": false, "battery": 30.06711409395928}}, {"type": "Feature", "geometry": {"type": "Point", "coordinates": [963921.225765043, 1949940.8279476408]}, "properties": {"kind": "drone", "drone_id": 12, "frame": 132, "time_s": 132.0, "timestamp": "2025-01-01T00:02:12", "mode": "MIN_MAX", "is_static": false, "battery": 33.500000000000234}}, {"type": "Feature", "geometry": {"type": "Point", "coordinates": [963921.225765043, 1950262.2565190694]}, "properties": {"kind": "drone", "drone_id": 13, "frame": 132, "time_s": 132.0, "timestamp": "2025-01-01T00:02:12", "mode": "MIN_MAX", "is_static": false, "battery": 39.5}}, {"type": "Feature", "geometry": {"type": "Point", "coordinates": [963791.3219544754, 1950830.1136619265]}, "properties": {"kind": "drone", "drone_id": 14, "frame": 132, "time_s": 132.0, "timestamp": "2025-01-01T00:02:12", "mode": "MIN_MAX", "is_static": false, "battery": 44.00000000000082}}, {"type": "Feature", "geometry": {"type": "Point", "coordinates": [962399.4954126789, 1951526.542233355]}, "properties": {"kind": "drone", "drone_id": 15, "frame": 132, "time_s": 132.0, "timestamp": "2025-01-01T00:02:12", "mode": "MIN_MAX", "is_static": false, "battery": 39.500000000000625}}, {"type": "Feature", "geometry": {"type": "Point", "coordinates": [963531.5143333401, 1950980.1136619265]}, "properties": {"kind": "drone", "drone_id": 16, "frame": 132, "time_s": 132.0, "timestamp": "2025-01-01T00:02:12", "mode": "MIN_MAX", "is_static": false, "battery": 50.0}}, {"type": "Feature", "geometry": {"type": "Point", "coordinates": [964627.076996998, 1949673.2562110093]}, "properties": {"kind": "drone", "drone_id": 17, "frame": 132, "time_s": 132.0, "timestamp": "2025-01-01T00:02:12", "mode": "MIN_MAX", "is_static": false, "battery": 30.06711409395928}}, {"type": "Feature", "geometry": {"type": "Point", "coordinates": [965711.478472004, 1949664.1208676298]}, "properties": {"kind": "drone", "drone_id": 18, "frame": 132, "time_s": 132.0, "timestamp": "2025-01-01T00:02:12", "mode": "MIN_MAX", "is_static": false, "battery": 30.06711409395928}}, {"type": "Feature", "geometry": {"type": "Point", "coordinates": [962622.1876593664, 1951505.1136619265]}, "properties": {"kind": "drone", "drone_id": 19, "frame": 132, "time_s": 132.0, "timestamp": "2025-01-01T00:02:12", "mode": "MIN_MAX", "is_static": false, "battery": 50.0}}, {"type": "Feature", "geometry": {"type": "Point", "coordinates": [964351.999481425, 1949676.6177292115]}, "properties": {"kind": "drone", "drone_id": 20, "frame": 132, "time_s": 132.0, "timestamp": "2025-01-01T00:02:12", "mode": "MIN_MAX", "is_static": false, "battery": 30.067114093959283}}, {"type": "Feature", "geometry": {"type": "Point", "coordinates": [961972.6686065281, 1951730.1136619265]}, "properties": {"kind": "base_A", "drone_id": 0, "frame": 132, "time_s": 132.0, "timestamp": "2025-01-01T00:02:12", "mode": "MIN_MAX", "is_static": true, "battery": 50.0}}, {"type": "Feature", "geometry": {"type": "Point", "coordinates": [966389.3981658287, 1948730.1136619265]}, "properties": {"kind": "base_B", "drone_id": 0, "frame": 132, "time_s": 132.0, "timestamp": "2025-01-01T00:02:12", "mode": "MIN_MAX", "is_static": true, "battery": 50.0}}, {"type": "Feature", "geometry": {"type": "Point", "coordinates": [965387.2830557353, 1949608.6850904978]}, "properties": {"kind": "drone", "drone_id": 1, "frame": 133, "time_s": 133.0, "timestamp": "2025-01-01T00:02:13", "mode": "MIN_MAX", "is_static": false, "battery": 34.99999999999965}}, {"type": "Feature", "geometry": {"type": "Point", "coordinates": [966222.3789808131, 1949276.542233355]}, "properties": {"kind": "drone", "drone_id": 2, "frame": 133, "time_s": 133.0, "timestamp": "2025-01-01T00:02:13", "mode": "MIN_MAX", "is_static": false, "battery": 43.99999999999942}}, {"type": "Feature", "geometry": {"type": "Point", "coordinates": [963809.8796416994, 1950519.3993762122]}, "properties": {"kind": "drone", "drone_id": 3, "frame": 133, "time_s": 133.0, "timestamp": "2025-01-01T00:02:13", "mode": "MIN_MAX", "is_static": false, "battery": 45.49999999999981}}, {"type": "Feature", "geometry": {"type": "Point", "coordinates": [962121.1301043197, 1951494.3993762122]}, "properties": {"kind": "drone", "drone_id": 4, "frame": 133, "time_s": 133.0, "timestamp": "2025-01-01T00:02:13", "mode": "MIN_MAX", "is_static": false, "battery": 43.99999999999981}}, {"type": "Feature", "geometry": {"type": "Point", "coordinates": [966389.3981658287, 1949051.542233355]}, "properties": {"kind": "drone", "drone_id": 5, "frame": 133, "time_s": 133.0, "timestamp": "2025-01-01T00:02:13", "mode": "MIN_MAX", "is_static": false, "battery": 35.00000000000081}}, {"type": "Feature", "geometry": {"type": "Point", "coordinates": [965118.8959707655, 1949763.6384462523]}, "properties": {"kind": "drone", "drone_id": 6, "frame": 133, "time_s": 133.0, "timestamp": "2025-01-01T00:02:13", "mode": "MIN_MAX", "is_static": false, "battery": 29.916107382549882}}, {"type": "Feature", "geometry": {"type": "Point", "coordinates": [963234.5913377568, 1951151.542233355]}, "properties": {"kind": "drone", "drone_id": 7, "frame": 133, "time_s": 133.0, "timestamp": "2025-01-01T00:02:13", "mode": "MIN_MAX", "is_static": false, "battery": 36.50000000000047}}, {"type": "Feature", "geometry": {"type": "Point", "coordinates": [964893.1334257612, 1949816.2448114697]}, "properties": {"kind": "drone", "drone_id": 8, "frame": 133, "time_s": 133.0, "timestamp": "2025-01-01T00:02:13", "mode": "MIN_MAX", "is_static": false, "battery": 29.91610738254988}}, {"type": "Feature", "geometry": {"type": "Point", "coordinates": [962956.2260293976, 1951312.2565190694]}, "properties": {"kind": "drone", "drone_id": 9, "frame": 133, "time_s": 133.0, "timestamp": "2025-01-01T00:02:13", "mode": "MIN_MAX", "is_static": false, "battery": 47.00000000000062}}, {"type": "Feature", "geometry": {"type": "Point", "coordinates": [965944.0136724538, 1949437.2565190694]}, "properties": {"kind": "drone", "drone_id": 10, "frame": 133, "time_s": 133.0, "timestamp": "2025-01-01T00:02:13", "mode": "MIN_MAX", "is_static": false, "battery": 48.49999999999981}}, {"type": "Feature", "geometry": {"type": "Point", "coordinates": [964007.0171600115, 1949664.9263359183]}, "properties": {"kind": "drone", "drone_id": 11, "frame": 133, "time_s": 133.0, "timestamp": "2025-01-01T00:02:13", "mode": "MIN_MAX", "is_static": false, "battery": 29.916107382549882}}, {"type": "Feature", "geometry": {"type": "Point", "coordinates": [963921.225765043, 1949940.8279476408]}, "properties": {"kind": "drone", "drone_id": 12, "frame": 133, "time_s": 133.0, "timestamp": "2025-01-01T00:02:13", "mode": "MIN_MAX", "is_static": false, "battery": 33.500000000000234}}, {"type": "Feature", "geometry": {"type": "Point", "coordinates": [963921.225765043, 1950262.2565190694]}, "properties": {"kind": "drone", "drone_id": 13, "frame": 133, "time_s": 133.0, "timestamp": "2025-01-01T00:02:13", "mode": "MIN_MAX", "is_static": false, "battery": 39.5}}, {"type": "Feature", "geometry": {"type": "Point", "coordinates": [963791.3219544754, 1950830.1136619265]}, "properties": {"kind": "drone", "drone_id": 14, "frame": 133, "time_s": 133.0, "timestamp": "2025-01-01T00:02:13", "mode": "MIN_MAX", "is_static": false, "battery": 44.00000000000082}}, {"type": "Feature", "geometry": {"type": "Point", "coordinates": [962399.4954126789, 1951526.542233355]}, "properties": {"kind": "drone", "drone_id": 15, "frame": 133, "time_s": 133.0, "timestamp": "2025-01-01T00:02:13", "mode": "MIN_MAX", "is_static": false, "battery": 39.500000000000625}}, {"type": "Feature", "geometry": {"type": "Point", "coordinates": [963531.5143333401, 1950980.1136619265]}, "properties": {"kind": "drone", "drone_id": 16, "frame": 133, "time_s": 133.0, "timestamp": "2025-01-01T00:02:13", "mode": "MIN_MAX", "is_static": false, "battery": 50.0}}, {"type": "Feature", "geometry": {"type": "Point", "coordinates": [964618.8468104418, 1949669.6924356916]}, "properties": {"kind": "drone", "drone_id": 17, "frame": 133, "time_s": 133.0, "timestamp": "2025-01-01T00:02:13", "mode": "MIN_MAX", "is_static": false, "battery": 29.916107382549882}}, {"type": "Feature", "geometry": {"type": "Point", "coordinates": [965706.4418715076, 1949656.851160999]}, "properties": {"kind": "drone", "drone_id": 18, "frame": 133, "time_s": 133.0, "timestamp": "2025-01-01T00:02:13", "mode": "MIN_MAX", "is_static": false, "battery": 29.91610738254988}}, {"type": "Feature", "geometry": {"type": "Point", "coordinates": [962622.1876593664, 1951505.1136619265]}, "properties": {"kind": "drone", "drone_id": 19, "frame": 133, "time_s": 133.0, "timestamp": "2025-01-01T00:02:13", "mode": "MIN_MAX", "is_static": false, "battery": 50.0}}, {"type": "Feature", "geometry": {"type": "Point", "coordinates": [964343.4079756502, 1949673.8620024493]}, "properties": {"kind": "drone", "drone_id": 20, "frame": 133, "time_s": 133.0, "timestamp": "2025-01-01T00:02:13", "mode": "MIN_MAX", "is_static": false, "battery": 29.916107382549882}}, {"type": "Feature", "geometry": {"type": "Point", "coordinates": [961972.6686065281, 1951730.1136619265]}, "properties": {"kind": "base_A", "drone_id": 0, "frame": 133, "time_s": 133.0, "timestamp": "2025-01-01T00:02:13", "mode": "MIN_MAX", "is_static": true, "battery": 50.0}}, {"type": "Feature", "geometry": {"type": "Point", "coordinates": [966389.3981658287, 1948730.1136619265]}, "properties": {"kind": "base_B", "drone_id": 0, "frame": 133, "time_s": 133.0, "timestamp": "2025-01-01T00:02:13", "mode": "MIN_MAX", "is_static": true, "battery": 50.0}}, {"type": "Feature", "geometry": {"type": "Point", "coordinates": [965387.2830557353, 1949608.6850904978]}, "properties": {"kind": "drone", "drone_id": 1, "frame": 134, "time_s": 134.0, "timestamp": "2025-01-01T00:02:14", "mode": "MIN_MAX", "is_static": false, "battery": 34.99999999999965}}, {"type": "Feature", "geometry": {"type": "Point", "coordinates": [966222.3789808131, 1949276.542233355]}, "properties": {"kind": "drone", "drone_id": 2, "frame": 134, "time_s": 134.0, "timestamp": "2025-01-01T00:02:14", "mode": "MIN_MAX", "is_static": false, "battery": 43.99999999999942}}, {"type": "Feature", "geometry": {"type": "Point", "coordinates": [963809.8796416994, 1950519.3993762122]}, "properties": {"kind": "drone", "drone_id": 3, "frame": 134, "time_s": 134.0, "timestamp": "2025-01-01T00:02:14", "mode": "MIN_MAX", "is_static": false, "battery": 45.49999999999981}}, {"type": "Feature", "geometry": {"type": "Point", "coordinates": [962121.1301043197, 1951494.3993762122]}, "properties": {"kind": "drone", "drone_id": 4, "frame": 134, "time_s": 134.0, "timestamp": "2025-01-01T00:02:14", "mode": "MIN_MAX", "is_static": false, "battery": 43.99999999999981}}, {"type": "Feature", "geometry": {"type": "Point", "coordinates": [966389.3981658287, 1949051.542233355]}, "properties": {"kind": "drone", "drone_id": 5, "frame": 134, "time_s": 134.0, "timestamp": "2025-01-01T00:02:14", "mode": "MIN_MAX", "is_static": false, "battery": 35.00000000000081}}, {"type": "Feature", "geometry": {"type": "Point", "coordinates": [965115.9119249969, 1949765.36128588]}, "properties": {"kind": "drone", "drone_id": 6, "frame": 134, "time_s": 134.0, "timestamp": "2025-01-01T00:02:14", "mode": "MIN_MAX", "is_static": false, "battery": 29.765100671140484}}, {"type": "Feature", "geometry": {"type": "Point", "coordinates": [963234.5913377568, 1951151.542233355]}, "properties": {"kind": "drone", "drone_id": 7, "frame": 134, "time_s": 134.0, "timestamp": "2025-01-01T00:02:14", "mode": "MIN_MAX", "is_static": false, "battery": 36.50000000000047}}, {"type": "Feature", "geometry": {"type": "Point", "coordinates": [964885.8203332309, 1949812.0225955285]}, "properties": {"kind": "drone", "drone_id": 8, "frame": 134, "time_s": 134.0, "timestamp": "2025-01-01T00:02:14", "mode": "MIN_MAX", "is_static": false, "battery": 29.76510067114048}}, {"type": "Feature", "geometry": {"type": "Point", "coordinates": [962956.2260293976, 1951312.2565190694]}, "properties": {"kind": "drone", "drone_id": 9, "frame": 134, "time_s": 134.0, "timestamp": "2025-01-01T00:02:14", "mode": "MIN_MAX", "is_static": false, "battery": 47.00000000000062}}, {"type": "Feature", "geometry": {"type": "Point", "coordinates": [965944.0136724538, 1949437.2565190694]}, "properties": {"kind": "drone", "drone_id": 10, "frame": 134, "time_s": 134.0, "timestamp": "2025-01-01T00:02:14", "mode": "MIN_MAX", "is_static": false, "battery": 48.49999999999981}}, {"type": "Feature", "geometry": {"type": "Point", "coordinates": [964003.5598815313, 1949664.1279116538]}, "properties": {"kind": "drone", "drone_id": 11, "frame": 134, "time_s": 134.0, "timestamp": "2025-01-01T00:02:14", "mode": "MIN_MAX", "is_static": false, "battery": 29.765100671140484}}, {"type": "Feature", "geometry": {"type": "Point", "coordinates": [963921.225765043, 1949940.8279476408]}, "properties": {"kind": "drone", "drone_id": 12, "frame": 134, "time_s": 134.0, "timestamp": "2025-01-01T00:02:14", "mode": "MIN_MAX", "is_static": false, "battery": 33.500000000000234}}, {"type": "Feature", "geometry": {"type": "Point", "coordinates": [963921.225765043, 1950262.2565190694]}, "properties": {"kind": "drone", "drone_id": 13, "frame": 134, "time_s": 134.0, "timestamp": "2025-01-01T00:02:14", "mode": "MIN_MAX", "is_static": false, "battery": 39.5}}, {"type": "Feature", "geometry": {"type": "Point", "coordinates": [963791.3219544754, 1950830.1136619265]}, "properties": {"kind": "drone", "drone_id": 14, "frame": 134, "time_s": 134.0, "timestamp": "2025-01-01T00:02:14", "mode": "MIN_MAX", "is_static": false, "battery": 44.00000000000082}}, {"type": "Feature", "geometry": {"type": "Point", "coordinates": [962399.4954126789, 1951526.542233355]}, "properties": {"kind": "drone", "drone_id": 15, "frame": 134, "time_s": 134.0, "timestamp": "2025-01-01T00:02:14", "mode": "MIN_MAX", "is_static": false, "battery": 39.500000000000625}}, {"type": "Feature", "geometry": {"type": "Point", "coordinates": [963531.5143333401, 1950980.1136619265]}, "properties": {"kind": "drone", "drone_id": 16, "frame": 134, "time_s": 134.0, "timestamp": "2025-01-01T00:02:14", "mode": "MIN_MAX", "is_static": false, "battery": 50.0}}, {"type": "Feature", "geometry": {"type": "Point", "coordinates": [964611.0570897667, 1949666.319387695]}, "properties": {"kind": "drone", "drone_id": 17, "frame": 134, "time_s": 134.0, "timestamp": "2025-01-01T00:02:14", "mode": "MIN_MAX", "is_static": false, "battery": 29.76510067114048}}, {"type": "Feature", "geometry": {"type": "Point", "coordinates": [965701.6748214837, 1949649.9705169627]}, "properties": {"kind": "drone", "drone_id": 18, "frame": 134, "time_s": 134.0, "timestamp": "2025-01-01T00:02:14", "mode": "MIN_MAX", "is_static": false, "battery": 29.76510067114048}}, {"type": "Feature", "geometry": {"type": "Point", "coordinates": [962622.1876593664, 1951505.1136619265]}, "properties": {"kind": "drone", "drone_id": 19, "frame": 134, "time_s": 134.0, "timestamp": "2025-01-01T00:02:14", "mode": "MIN_MAX", "is_static": false, "battery": 50.0}}, {"type": "Feature", "geometry": {"type": "Point", "coordinates": [964335.2762729594, 1949671.253757595]}, "properties": {"kind": "drone", "drone_id": 20, "frame": 134, "time_s": 134.0, "timestamp": "2025-01-01T00:02:14", "mode": "MIN_MAX", "is_static": false, "battery": 29.765100671140484}}, {"type": "Feature", "geometry": {"type": "Point", "coordinates": [961972.6686065281, 1951730.1136619265]}, "properties": {"kind": "base_A", "drone_id": 0, "frame": 134, "time_s": 134.0, "timestamp": "2025-01-01T00:02:14", "mode": "MIN_MAX", "is_static": true, "battery": 50.0}}, {"type": "Feature", "geometry": {"type": "Point", "coordinates": [966389.3981658287, 1948730.1136619265]}, "properties": {"kind": "base_B", "drone_id": 0, "frame": 134, "time_s": 134.0, "timestamp": "2025-01-01T00:02:14", "mode": "MIN_MAX", "is_static": true, "battery": 50.0}}, {"type": "Feature", "geometry": {"type": "Point", "coordinates": [965387.2830557353, 1949608.6850904978]}, "properties": {"kind": "drone", "drone_id": 1, "frame": 135, "time_s": 135.0, "timestamp": "2025-01-01T00:02:15", "mode": "MIN_MAX", "is_static": false, "battery": 34.99999999999965}}, {"type": "Feature", "geometry": {"type": "Point", "coordinates": [966222.3789808131, 1949276.542233355]}, "properties": {"kind": "drone", "drone_id": 2, "frame": 135, "time_s": 135.0, "timestamp": "2025-01-01T00:02:15", "mode": "MIN_MAX", "is_static": false, "battery": 43.99999999999942}}, {"type": "Feature", "geometry": {"type": "Point", "coordinates": [963809.8796416994, 1950519.3993762122]}, "properties": {"kind": "drone", "drone_id": 3, "frame": 135, "time_s": 135.0, "timestamp": "2025-01-01T00:02:15", "mode": "MIN_MAX", "is_static": false, "battery": 45.49999999999981}}, {"type": "Feature", "geometry": {"type": "Point", "coordinates": [962121.1301043197, 1951494.3993762122]}, "properties": {"kind": "drone", "drone_id": 4, "frame": 135, "time_s": 135.0, "timestamp": "2025-01-01T00:02:15", "mode": "MIN_MAX", "is_static": false, "battery": 43.99999999999981}}, {"type": "Feature", "geometry": {"type": "Point", "coordinates": [966389.3981658287, 1949051.542233355]}, "properties": {"kind": "drone", "drone_id": 5, "frame": 135, "time_s": 135.0, "timestamp": "2025-01-01T00:02:15", "mode": "MIN_MAX", "is_static": false, "battery": 35.00000000000081}}, {"type": "Feature", "geometry": {"type": "Point", "coordinates": [965113.4456564145, 1949766.7851867098]}, "properties": {"kind": "drone", "drone_id": 6, "frame": 135, "time_s": 135.0, "timestamp": "2025-01-01T00:02:15", "mode": "MIN_MAX", "is_static": false, "battery": 29.614093959731086}}, {"type": "Feature", "geometry": {"type": "Point", "coordinates": [963234.5913377568, 1951151.542233355]}, "properties": {"kind": "drone", "drone_id": 7, "frame": 135, "time_s": 135.0, "timestamp": "2025-01-01T00:02:15", "mode": "MIN_MAX", "is_static": false, "battery": 36.50000000000047}}, {"type": "Feature", "geometry": {"type": "Point", "coordinates": [964878.9278245157, 1949808.0432037665]}, "properties": {"kind": "drone", "drone_id": 8, "frame": 135, "time_s": 135.0, "timestamp": "2025-01-01T00:02:15", "mode": "MIN_MAX", "is_static": false, "battery": 29.614093959731083}}, {"type": "Feature", "geometry": {"type": "Point", "coordinates": [962956.2260293976, 1951312.2565190694]}, "properties": {"kind": "drone", "drone_id": 9, "frame": 135, "time_s": 135.0, "timestamp": "2025-01-01T00:02:15", "mode": "MIN_MAX", "is_static": false, "battery": 47.00000000000062}}, {"type": "Feature", "geometry": {"type": "Point", "coordinates": [965944.0136724538, 1949437.2565190694]}, "properties": {"kind": "drone", "drone_id": 10, "frame": 135, "time_s": 135.0, "timestamp": "2025-01-01T00:02:15", "mode": "MIN_MAX", "is_static": false, "battery": 48.49999999999981}}, {"type": "Feature", "geometry": {"type": "Point", "coordinates": [964000.7024932881, 1949663.4680261053]}, "properties": {"kind": "drone", "drone_id": 11, "frame": 135, "time_s": 135.0, "timestamp": "2025-01-01T00:02:15", "mode": "MIN_MAX", "is_static": false, "battery": 29.614093959731083}}, {"type": "Feature", "geometry": {"type": "Point", "coordinates": [963921.225765043, 1949940.8279476408]}, "properties": {"kind": "drone", "drone_id": 12, "frame": 135, "time_s": 135.0, "timestamp": "2025-01-01T00:02:15", "mode": "MIN_MAX", "is_static": false, "battery": 33.500000000000234}}, {"type": "Feature", "geometry": {"type": "Point", "coordinates": [963921.225765043, 1950262.2565190694]}, "properties": {"kind": "drone", "drone_id": 13, "frame": 135, "time_s": 135.0, "timestamp": "2025-01-01T00:02:15", "mode": "MIN_MAX", "is_static": false, "battery": 39.5}}, {"type": "Feature", "geometry": {"type": "Point", "coordinates": [963791.3219544754, 1950830.1136619265]}, "properties": {"kind": "drone", "drone_id": 14, "frame": 135, "time_s": 135.0, "timestamp": "2025-01-01T00:02:15", "mode": "MIN_MAX", "is_static": false, "battery": 44.00000000000082}}, {"type": "Feature", "geometry": {"type": "Point", "coordinates": [962399.4954126789, 1951526.542233355]}, "properties": {"kind": "drone", "drone_id": 15, "frame": 135, "time_s": 135.0, "timestamp": "2025-01-01T00:02:15", "mode": "MIN_MAX", "is_static": false, "battery": 39.500000000000625}}, {"type": "Feature", "geometry": {"type": "Point", "coordinates": [963531.5143333401, 1950980.1136619265]}, "properties": {"kind": "drone", "drone_id": 16, "frame": 135, "time_s": 135.0, "timestamp": "2025-01-01T00:02:15", "mode": "MIN_MAX", "is_static": false, "battery": 50.0}}, {"type": "Feature", "geometry": {"type": "Point", "coordinates": [964603.715364304, 1949663.1403273158]}, "properties": {"kind": "drone", "drone_id": 17, "frame": 135, "time_s": 135.0, "timestamp": "2025-01-01T00:02:15", "mode": "MIN_MAX", "is_static": false, "battery": 29.614093959731083}}, {"type": "Feature", "geometry": {"type": "Point", "coordinates": [965697.1819296328, 1949643.4855861638]}, "properties": {"kind": "drone", "drone_id": 18, "frame": 135, "time_s": 135.0, "timestamp": "2025-01-01T00:02:15", "mode": "MIN_MAX", "is_static": false, "battery": 29.614093959731083}}, {"type": "Feature", "geometry": {"type": "Point", "coordinates": [962622.1876593664, 1951505.1136619265]}, "properties": {"kind": "drone", "drone_id": 19, "frame": 135, "time_s": 135.0, "timestamp": "2025-01-01T00:02:15", "mode": "MIN_MAX", "is_static": false, "battery": 50.0}}, {"type": "Feature", "geometry": {"type": "Point", "coordinates": [964327.6122332346, 1949668.7955157072]}, "properties": {"kind": "drone", "drone_id": 20, "frame": 135, "time_s": 135.0, "timestamp": "2025-01-01T00:02:15", "mode": "MIN_MAX", "is_static": false, "battery": 29.614093959731083}}, {"type": "Feature", "geometry": {"type": "Point", "coordinates": [961972.6686065281, 1951730.1136619265]}, "properties": {"kind": "base_A", "drone_id": 0, "frame": 135, "time_s": 135.0, "timestamp": "2025-01-01T00:02:15", "mode": "MIN_MAX", "is_static": true, "battery": 50.0}}, {"type": "Feature", "geometry": {"type": "Point", "coordinates": [966389.3981658287, 1948730.1136619265]}, "properties": {"kind": "base_B", "drone_id": 0, "frame": 135, "time_s": 135.0, "timestamp": "2025-01-01T00:02:15", "mode": "MIN_MAX", "is_static": true, "battery": 50.0}}, {"type": "Feature", "geometry": {"type": "Point", "coordinates": [965387.2830557353, 1949608.6850904978]}, "properties": {"kind": "drone", "drone_id": 1, "frame": 136, "time_s": 136.0, "timestamp": "2025-01-01T00:02:16", "mode": "MIN_MAX", "is_static": false, "battery": 34.99999999999965}}, {"type": "Feature", "geometry": {"type": "Point", "coordinates": [966222.3789808131, 1949276.542233355]}, "properties": {"kind": "drone", "drone_id": 2, "frame": 136, "time_s": 136.0, "timestamp": "2025-01-01T00:02:16", "mode": "MIN_MAX", "is_static": false, "battery": 43.99999999999942}}, {"type": "Feature", "geometry": {"type": "Point", "coordinates": [963809.8796416994, 1950519.3993762122]}, "properties": {"kind": "drone", "drone_id": 3, "frame": 136, "time_s": 136.0, "timestamp": "2025-01-01T00:02:16", "mode": "MIN_MAX", "is_static": false, "battery": 45.49999999999981}}, {"type": "Feature", "geometry": {"type": "Point", "coordinates": [962121.1301043197, 1951494.3993762122]}, "properties": {"kind": "drone", "drone_id": 4, "frame": 136, "time_s": 136.0, "timestamp": "2025-01-01T00:02:16", "mode": "MIN_MAX", "is_static": false, "battery": 43.99999999999981}}, {"type": "Feature", "geometry": {"type": "Point", "coordinates": [966389.3981658287, 1949051.542233355]}, "properties": {"kind": "drone", "drone_id": 5, "frame": 136, "time_s": 136.0, "timestamp": "2025-01-01T00:02:16", "mode": "MIN_MAX", "is_static": false, "battery": 35.00000000000081}}, {"type": "Feature", "geometry": {"type": "Point", "coordinates": [965111.5051967222, 1949767.9055116356]}, "properties": {"kind": "drone", "drone_id": 6, "frame": 136, "time_s": 136.0, "timestamp": "2025-01-01T00:02:16", "mode": "MIN_MAX", "is_static": false, "battery": 29.463087248321685}}, {"type": "Feature", "geometry": {"type": "Point", "coordinates": [963234.5913377568, 1951151.542233355]}, "properties": {"kind": "drone", "drone_id": 7, "frame": 136, "time_s": 136.0, "timestamp": "2025-01-01T00:02:16", "mode": "MIN_MAX", "is_static": false, "battery": 36.50000000000047}}, {"type": "Feature", "geometry": {"type": "Point", "coordinates": [964872.4629682514, 1949804.3107172619]}, "properties": {"kind": "drone", "drone_id": 8, "frame": 136, "time_s": 136.0, "timestamp": "2025-01-01T00:02:16", "mode": "MIN_MAX", "is_static": false, "battery": 29.46308724832168}}, {"type": "Feature", "geometry": {"type": "Point", "coordinates": [962956.2260293976, 1951312.2565190694]}, "properties": {"kind": "drone", "drone_id": 9, "frame": 136, "time_s": 136.0, "timestamp": "2025-01-01T00:02:16", "mode": "MIN_MAX", "is_static": false, "battery": 47.00000000000062}}, {"type": "Feature", "geometry": {"type": "Point", "coordinates": [965944.0136724538, 1949437.2565190694]}, "properties": {"kind": "drone", "drone_id": 10, "frame": 136, "time_s": 136.0, "timestamp": "2025-01-01T00:02:16", "mode": "MIN_MAX", "is_static": false, "battery": 48.49999999999981}}, {"type": "Feature", "geometry": {"type": "Point", "coordinates": [963998.4543007145, 1949662.9488282702]}, "properties": {"kind": "drone", "drone_id": 11, "frame": 136, "time_s": 136.0, "timestamp": "2025-01-01T00:02:16", "mode": "MIN_MAX", "is_static": false, "battery": 29.463087248321685}}, {"type": "Feature", "geometry": {"type": "Point", "coordinates": [963921.225765043, 1949940.8279476408]}, "properties": {"kind": "drone", "drone_id": 12, "frame": 136, "time_s": 136.0, "timestamp": "2025-01-01T00:02:16", "mode": "MIN_MAX", "is_static": false, "battery": 33.500000000000234}}, {"type": "Feature", "geometry": {"type": "Point", "coordinates": [963921.225765043, 1950262.2565190694]}, "properties": {"kind": "drone", "drone_id": 13, "frame": 136, "time_s": 136.0, "timestamp": "2025-01-01T00:02:16", "mode": "MIN_MAX", "is_static": false, "battery": 39.5}}, {"type": "Feature", "geometry": {"type": "Point", "coordinates": [963791.3219544754, 1950830.1136619265]}, "properties": {"kind": "drone", "drone_id": 14, "frame": 136, "time_s": 136.0, "timestamp": "2025-01-01T00:02:16", "mode": "MIN_MAX", "is_static": false, "battery": 44.00000000000082}}, {"type": "Feature", "geometry": {"type": "Point", "coordinates": [962399.4954126789, 1951526.542233355]}, "properties": {"kind": "drone", "drone_id": 15, "frame": 136, "time_s": 136.0, "timestamp": "2025-01-01T00:02:16", "mode": "MIN_MAX", "is_static": false, "battery": 39.500000000000625}}, {"type": "Feature", "geometry": {"type": "Point", "coordinates": [963531.5143333401, 1950980.1136619265]}, "properties": {"kind": "drone", "drone_id": 16, "frame": 136, "time_s": 136.0, "timestamp": "2025-01-01T00:02:16", "mode": "MIN_MAX", "is_static": false, "battery": 50.0}}, {"type": "Feature", "geometry": {"type": "Point", "coordinates": [964596.829163385, 1949660.15851485]}, "properties": {"kind": "drone", "drone_id": 17, "frame": 136, "time_s": 136.0, "timestamp": "2025-01-01T00:02:16", "mode": "MIN_MAX", "is_static": false, "battery": 29.463087248321685}}, {"type": "Feature", "geometry": {"type": "Point", "coordinates": [965692.9678036552, 1949637.4030192448]}, "properties": {"kind": "drone", "drone_id": 18, "frame": 136, "time_s": 136.0, "timestamp": "2025-01-01T00:02:16", "mode": "MIN_MAX", "is_static": false, "battery": 29.46308724832168}}, {"type": "Feature", "geometry": {"type": "Point", "coordinates": [962622.1876593664, 1951505.1136619265]}, "properties": {"kind": "drone", "drone_id": 19, "frame": 136, "time_s": 136.0, "timestamp": "2025-01-01T00:02:16", "mode": "MIN_MAX", "is_static": false, "battery": 50.0}}, {"type": "Feature", "geometry": {"type": "Point", "coordinates": [964320.4237163572, 1949666.4897978439]}, "properties": {"kind": "drone", "drone_id": 20, "frame": 136, "time_s": 136.0, "timestamp": "2025-01-01T00:02:16", "mode": "MIN_MAX", "is_static": false, "battery": 29.463087248321685}}, {"type": "Feature", "geometry": {"type": "Point", "coordinates": [961972.6686065281, 1951730.1136619265]}, "properties": {"kind": "base_A", "drone_id": 0, "frame": 136, "time_s": 136.0, "timestamp": "2025-01-01T00:02:16", "mode": "MIN_MAX", "is_static": true, "battery": 50.0}}, {"type": "Feature", "geometry": {"type": "Point", "coordinates": [966389.3981658287, 1948730.1136619265]}, "properties": {"kind": "base_B", "drone_id": 0, "frame": 136, "time_s": 136.0, "timestamp": "2025-01-01T00:02:16", "mode": "MIN_MAX", "is_static": true, "battery": 50.0}}, {"type": "Feature", "geometry": {"type": "Point", "coordinates": [965387.2830557353, 1949608.6850904978]}, "properties": {"kind": "drone", "drone_id": 1, "frame": 137, "time_s": 137.0, "timestamp": "2025-01-01T00:02:17", "mode": "MIN_MAX", "is_static": false, "battery": 34.99999999999965}}, {"type": "Feature", "geometry": {"type": "Point", "coordinates": [966222.3789808131, 1949276.542233355]}, "properties": {"kind": "drone", "drone_id": 2, "frame": 137, "time_s": 137.0, "timestamp": "2025-01-01T00:02:17", "mode": "MIN_MAX", "is_static": false, "battery": 43.99999999999942}}, {"type": "Feature", "geometry": {"type": "Point", "coordinates": [963809.8796416994, 1950519.3993762122]}, "properties": {"kind": "drone", "drone_id": 3, "frame": 137, "time_s": 137.0, "timestamp": "2025-01-01T00:02:17", "mode": "MIN_MAX", "is_static": false, "battery": 45.49999999999981}}, {"type": "Feature", "geometry": {"type": "Point", "coordinates": [962121.1301043197, 1951494.3993762122]}, "properties": {"kind": "drone", "drone_id": 4, "frame": 137, "time_s": 137.0, "timestamp": "2025-01-01T00:02:17", "mode": "MIN_MAX", "is_static": false, "battery": 43.99999999999981}}, {"type": "Feature", "geometry": {"type": "Point", "coordinates": [966389.3981658287, 1949051.542233355]}, "properties": {"kind": "drone", "drone_id": 5, "frame": 137, "time_s": 137.0, "timestamp": "2025-01-01T00:02:17", "mode": "MIN_MAX", "is_static": false, "battery": 35.00000000000081}}, {"type": "Feature", "geometry": {"type": "Point", "coordinates": [965110.0985776241, 1949768.7176235504]}, "properties": {"kind": "drone", "drone_id": 6, "frame": 137, "time_s": 137.0, "timestamp": "2025-01-01T00:02:17", "mode": "MIN_MAX", "is_static": false, "battery": 29.312080536912287}}, {"type": "Feature", "geometry": {"type": "Point", "coordinates": [963234.5913377568, 1951151.542233355]}, "properties": {"kind": "drone", "drone_id": 7, "frame": 137, "time_s": 137.0, "timestamp": "2025-01-01T00:02:17", "mode": "MIN_MAX", "is_static": false, "battery": 36.50000000000047}}, {"type": "Feature", "geometry": {"type": "Point", "coordinates": [964866.4328330734, 1949800.8292170938]}, "properties": {"kind": "drone", "drone_id": 8, "frame": 137, "time_s": 137.0, "timestamp": "2025-01-01T00:02:17", "mode": "MIN_MAX", "is_static": false, "battery": 29.312080536912283}}, {"type": "Feature", "geometry": {"type": "Point", "coordinates": [962956.2260293976, 1951312.2565190694]}, "properties": {"kind": "drone", "drone_id": 9, "frame": 137, "time_s": 137.0, "timestamp": "2025-01-01T00:02:17", "mode": "MIN_MAX", "is_static": false, "battery": 47.00000000000062}}, {"type": "Feature", "geometry": {"type": "Point", "coordinates": [965944.0136724538, 1949437.2565190694]}, "properties": {"kind": "drone", "drone_id": 10, "frame": 137, "time_s": 137.0, "timestamp": "2025-01-01T00:02:17", "mode": "MIN_MAX", "is_static": false, "battery": 48.49999999999981}}, {"type": "Feature", "geometry": {"type": "Point", "coordinates": [963996.8246092437, 1949662.5724671464]}, "properties": {"kind": "drone", "drone_id": 11, "frame": 137, "time_s": 137.0, "timestamp": "2025-01-01T00:02:17", "mode": "MIN_MAX", "is_static": false, "battery": 29.312080536912287}}, {"type": "Feature", "geometry": {"type": "Point", "coordinates": [963921.225765043, 1949940.8279476408]}, "properties": {"kind": "drone", "drone_id": 12, "frame": 137, "time_s": 137.0, "timestamp": "2025-01-01T00:02:17", "mode": "MIN_MAX", "is_static": false, "battery": 33.500000000000234}}, {"type": "Feature", "geometry": {"type": "Point", "coordinates": [963921.225765043, 1950262.2565190694]}, "properties": {"kind": "drone", "drone_id": 13, "frame": 137, "time_s": 137.0, "timestamp": "2025-01-01T00:02:17", "mode": "MIN_MAX", "is_static": false, "battery": 39.5}}, {"type": "Feature", "geometry": {"type": "Point", "coordinates": [963791.3219544754, 1950830.1136619265]}, "properties": {"kind": "drone", "drone_id": 14, "frame": 137, "time_s": 137.0, "timestamp": "2025-01-01T00:02:17", "mode": "MIN_MAX", "is_static": false, "battery": 44.00000000000082}}, {"type": "Feature", "geometry": {"type": "Point", "coordinates": [962399.4954126789, 1951526.542233355]}, "properties": {"kind": "drone", "drone_id": 15, "frame": 137, "time_s": 137.0, "timestamp": "2025-01-01T00:02:17", "mode": "MIN_MAX", "is_static": false, "battery": 39.500000000000625}}, {"type": "Feature", "geometry": {"type": "Point", "coordinates": [963531.5143333401, 1950980.1136619265]}, "properties": {"kind": "drone", "drone_id": 16, "frame": 137, "time_s": 137.0, "timestamp": "2025-01-01T00:02:17", "mode": "MIN_MAX", "is_static": false, "battery": 50.0}}, {"type": "Feature", "geometry": {"type": "Point", "coordinates": [964590.4060163411, 1949657.377210594]}, "properties": {"kind": "drone", "drone_id": 17, "frame": 137, "time_s": 137.0, "timestamp": "2025-01-01T00:02:17", "mode": "MIN_MAX", "is_static": false, "battery": 29.312080536912283}}, {"type": "Feature", "geometry": {"type": "Point", "coordinates": [965689.0370512514, 1949631.7294668488]}, "properties": {"kind": "drone", "drone_id": 18, "frame": 137, "time_s": 137.0, "timestamp": "2025-01-01T00:02:17", "mode": "MIN_MAX", "is_static": false, "battery": 29.312080536912283}}, {"type": "Feature", "geometry": {"type": "Point", "coordinates": [962622.1876593664, 1951505.1136619265]}, "properties": {"kind": "drone", "drone_id": 19, "frame": 137, "time_s": 137.0, "timestamp": "2025-01-01T00:02:17", "mode": "MIN_MAX", "is_static": false, "battery": 50.0}}, {"type": "Feature", "geometry": {"type": "Point", "coordinates": [964313.7185822094, 1949664.3391250633]}, "properties": {"kind": "drone", "drone_id": 20, "frame": 137, "time_s": 137.0, "timestamp": "2025-01-01T00:02:17", "mode": "MIN_MAX", "is_static": false, "battery": 29.312080536912287}}, {"type": "Feature", "geometry": {"type": "Point", "coordinates": [961972.6686065281, 1951730.1136619265]}, "properties": {"kind": "base_A", "drone_id": 0, "frame": 137, "time_s": 137.0, "timestamp": "2025-01-01T00:02:17", "mode": "MIN_MAX", "is_static": true, "battery": 50.0}}, {"type": "Feature", "geometry": {"type": "Point", "coordinates": [966389.3981658287, 1948730.1136619265]}, "properties": {"kind": "base_B", "drone_id": 0, "frame": 137, "time_s": 137.0, "timestamp": "2025-01-01T00:02:17", "mode": "MIN_MAX", "is_static": true, "battery": 50.0}}, {"type": "Feature", "geometry": {"type": "Point", "coordinates": [965387.2830557353, 1949608.6850904978]}, "properties": {"kind": "drone", "drone_id": 1, "frame": 138, "time_s": 138.0, "timestamp": "2025-01-01T00:02:18", "mode": "MIN_MAX", "is_static": false, "battery": 34.99999999999965}}, {"type": "Feature", "geometry": {"type": "Point", "coordinates": [966222.3789808131, 1949276.542233355]}, "properties": {"kind": "drone", "drone_id": 2, "frame": 138, "time_s": 138.0, "timestamp": "2025-01-01T00:02:18", "mode": "MIN_MAX", "is_static": false, "battery": 43.99999999999942}}, {"type": "Feature", "geometry": {"type": "Point", "coordinates": [963809.8796416994, 1950519.3993762122]}, "properties": {"kind": "drone", "drone_id": 3, "frame": 138, "time_s": 138.0, "timestamp": "2025-01-01T00:02:18", "mode": "MIN_MAX", "is_static": false, "battery": 45.49999999999981}}, {"type": "Feature", "geometry": {"type": "Point", "coordinates": [962121.1301043197, 1951494.3993762122]}, "properties": {"kind": "drone", "drone_id": 4, "frame": 138, "time_s": 138.0, "timestamp": "2025-01-01T00:02:18", "mode": "MIN_MAX", "is_static": false, "battery": 43.99999999999981}}, {"type": "Feature", "geometry": {"type": "Point", "coordinates": [966389.3981658287, 1949051.542233355]}, "properties": {"kind": "drone", "drone_id": 5, "frame": 138, "time_s": 138.0, "timestamp": "2025-01-01T00:02:18", "mode": "MIN_MAX", "is_static": false, "battery": 35.00000000000081}}, {"type": "Feature", "geometry": {"type": "Point", "coordinates": [965109.2338308241, 1949769.2168853483]}, "properties": {"kind": "drone", "drone_id": 6, "frame": 138, "time_s": 138.0, "timestamp": "2025-01-01T00:02:18", "mode": "MIN_MAX", "is_static": false, "battery": 29.16107382550289}}, {"type": "Feature", "geometry": {"type": "Point", "coordinates": [963234.5913377568, 1951151.542233355]}, "properties": {"kind": "drone", "drone_id": 7, "frame": 138, "time_s": 138.0, "timestamp": "2025-01-01T00:02:18", "mode": "MIN_MAX", "is_static": false, "battery": 36.50000000000047}}, {"type": "Feature", "geometry": {"type": "Point", "coordinates": [964860.8444876175, 1949797.6027843403]}, "properties": {"kind": "drone", "drone_id": 8, "frame": 138, "time_s": 138.0, "timestamp": "2025-01-01T00:02:18", "mode": "MIN_MAX", "is_static": false, "battery": 29.161073825502886}}, {"type": "Feature", "geometry": {"type": "Point", "coordinates": [962956.2260293976, 1951312.2565190694]}, "properties": {"kind": "drone", "drone_id": 9, "frame": 138, "time_s": 138.0, "timestamp": "2025-01-01T00:02:18", "mode": "MIN_MAX", "is_static": false, "battery": 47.00000000000062}}, {"type": "Feature", "geometry": {"type": "Point", "coordinates": [965944.0136724538, 1949437.2565190694]}, "properties": {"kind": "drone", "drone_id": 10, "frame": 138, "time_s": 138.0, "timestamp": "2025-01-01T00:02:18", "mode": "MIN_MAX", "is_static": false, "battery": 48.49999999999981}}, {"type": "Feature", "geometry": {"type": "Point", "coordinates": [963995.8227243082, 1949662.3410917316]}, "properties": {"kind": "drone", "drone_id": 11, "frame": 138, "time_s": 138.0, "timestamp": "2025-01-01T00:02:18", "mode": "MIN_MAX", "is_static": false, "battery": 29.161073825502886}}, {"type": "Feature", "geometry": {"type": "Point", "coordinates": [963921.225765043, 1949940.8279476408]}, "properties": {"kind": "drone", "drone_id": 12, "frame": 138, "time_s": 138.0, "timestamp": "2025-01-01T00:02:18", "mode": "MIN_MAX", "is_static": false, "battery": 33.500000000000234}}, {"type": "Feature", "geometry": {"type": "Point", "coordinates": [963921.225765043, 1950262.2565190694]}, "properties": {"kind": "drone", "drone_id": 13, "frame": 138, "time_s": 138.0, "timestamp": "2025-01-01T00:02:18", "mode": "MIN_MAX", "is_static": false, "battery": 39.5}}, {"type": "Feature", "geometry": {"type": "Point", "coordinates": [963791.3219544754, 1950830.1136619265]}, "properties": {"kind": "drone", "drone_id": 14, "frame": 138, "time_s": 138.0, "timestamp": "2025-01-01T00:02:18", "mode": "MIN_MAX", "is_static": false, "battery": 44.00000000000082}}, {"type": "Feature", "geometry": {"type": "Point", "coordinates": [962399.4954126789, 1951526.542233355]}, "properties": {"kind": "drone", "drone_id": 15, "frame": 138, "time_s": 138.0, "timestamp": "2025-01-01T00:02:18", "mode": "MIN_MAX", "is_static": false, "battery": 39.500000000000625}}, {"type": "Feature", "geometry": {"type": "Point", "coordinates": [963531.5143333401, 1950980.1136619265]}, "properties": {"kind": "drone", "drone_id": 16, "frame": 138, "time_s": 138.0, "timestamp": "2025-01-01T00:02:18", "mode": "MIN_MAX", "is_static": false, "battery": 50.0}}, {"type": "Feature", "geometry": {"type": "Point", "coordinates": [964584.4534525033, 1949654.7996748434]}, "properties": {"kind": "drone", "drone_id": 17, "frame": 138, "time_s": 138.0, "timestamp": "2025-01-01T00:02:18", "mode": "MIN_MAX", "is_static": false, "battery": 29.161073825502886}}, {"type": "Feature", "geometry": {"type": "Point", "coordinates": [965685.3942801215, 1949626.4715796178]}, "properties": {"kind": "drone", "drone_id": 18, "frame": 138, "time_s": 138.0, "timestamp": "2025-01-01T00:02:18", "mode": "MIN_MAX", "is_static": false, "battery": 29.161073825502882}}, {"type": "Feature", "geometry": {"type": "Point", "coordinates": [962622.1876593664, 1951505.1136619265]}, "properties": {"kind": "drone", "drone_id": 19, "frame": 138, "time_s": 138.0, "timestamp": "2025-01-01T00:02:18", "mode": "MIN_MAX", "is_static": false, "battery": 50.0}}, {"type": "Feature", "geometry": {"type": "Point", "coordinates": [964307.5046906729, 1949662.3460184236]}, "properties": {"kind": "drone", "drone_id": 20, "frame": 138, "time_s": 138.0, "timestamp": "2025-01-01T00:02:18", "mode": "MIN_MAX", "is_static": false, "battery": 29.16107382550289}}, {"type": "Feature", "geometry": {"type": "Point", "coordinates": [961972.6686065281, 1951730.1136619265]}, "properties": {"kind": "base_A", "drone_id": 0, "frame": 138, "time_s": 138.0, "timestamp": "2025-01-01T00:02:18", "mode": "MIN_MAX", "is_static": true, "battery": 50.0}}, {"type": "Feature", "geometry": {"type": "Point", "coordinates": [966389.3981658287, 1948730.1136619265]}, "properties": {"kind": "base_B", "drone_id": 0, "frame": 138, "time_s": 138.0, "timestamp": "2025-01-01T00:02:18", "mode": "MIN_MAX", "is_static": true, "battery": 50.0}}, {"type": "Feature", "geometry": {"type": "Point", "coordinates": [965387.2830557353, 1949608.6850904978]}, "properties": {"kind": "drone", "drone_id": 1, "frame": 139, "time_s": 139.0, "timestamp": "2025-01-01T00:02:19", "mode": "MIN_MAX", "is_static": false, "battery": 34.99999999999965}}, {"type": "Feature", "geometry": {"type": "Point", "coordinates": [966222.3789808131, 1949276.542233355]}, "properties": {"kind": "drone", "drone_id": 2, "frame": 139, "time_s": 139.0, "timestamp": "2025-01-01T00:02:19", "mode": "MIN_MAX", "is_static": false, "battery": 43.99999999999942}}, {"type": "Feature", "geometry": {"type": "Point", "coordinates": [963809.8796416994, 1950519.3993762122]}, "properties": {"kind": "drone", "drone_id": 3, "frame": 139, "time_s": 139.0, "timestamp": "2025-01-01T00:02:19", "mode": "MIN_MAX", "is_static": false, "battery": 45.49999999999981}}, {"type": "Feature", "geometry": {"type": "Point", "coordinates": [962121.1301043197, 1951494.3993762122]}, "properties": {"kind": "drone", "drone_id": 4, "frame": 139, "time_s": 139.0, "timestamp": "2025-01-01T00:02:19", "mode": "MIN_MAX", "is_static": false, "battery": 43.99999999999981}}, {"type": "Feature", "geometry": {"type": "Point", "coordinates": [966389.3981658287, 1949051.542233355]}, "properties": {"kind": "drone", "drone_id": 5, "frame": 139, "time_s": 139.0, "timestamp": "2025-01-01T00:02:19", "mode": "MIN_MAX", "is_static": false, "battery": 35.00000000000081}}, {"type": "Feature", "geometry": {"type": "Point", "coordinates": [965108.9189880264, 1949769.3986599224]}, "properties": {"kind": "drone", "drone_id": 6, "frame": 139, "time_s": 139.0, "timestamp": "2025-01-01T00:02:19", "mode": "MIN_MAX", "is_static": false, "battery": 29.010067114093488}}, {"type": "Feature", "geometry": {"type": "Point", "coordinates": [963234.5913377568, 1951151.542233355]}, "properties": {"kind": "drone", "drone_id": 7, "frame": 139, "time_s": 139.0, "timestamp": "2025-01-01T00:02:19", "mode": "MIN_MAX", "is_static": false, "battery": 36.50000000000047}}, {"type": "Feature", "geometry": {"type": "Point", "coordinates": [964855.7050005189, 1949794.6355000807]}, "properties": {"kind": "drone", "drone_id": 8, "frame": 139, "time_s": 139.0, "timestamp": "2025-01-01T00:02:19", "mode": "MIN_MAX", "is_static": false, "battery": 29.010067114093484}}, {"type": "Feature", "geometry": {"type": "Point", "coordinates": [962956.2260293976, 1951312.2565190694]}, "properties": {"kind": "drone", "drone_id": 9, "frame": 139, "time_s": 139.0, "timestamp": "2025-01-01T00:02:19", "mode": "MIN_MAX", "is_static": false, "battery": 47.00000000000062}}, {"type": "Feature", "geometry": {"type": "Point", "coordinates": [965944.0136724538, 1949437.2565190694]}, "properties": {"kind": "drone", "drone_id": 10, "frame": 139, "time_s": 139.0, "timestamp": "2025-01-01T00:02:19", "mode": "MIN_MAX", "is_static": false, "battery": 48.49999999999981}}, {"type": "Feature", "geometry": {"type": "Point", "coordinates": [963995.457951341, 1949662.2568510233]}, "properties": {"kind": "drone", "drone_id": 11, "frame": 139, "time_s": 139.0, "timestamp": "2025-01-01T00:02:19", "mode": "MIN_MAX", "is_static": false, "battery": 29.010067114093488}}, {"type": "Feature", "geometry": {"type": "Point", "coordinates": [963921.225765043, 1949940.8279476408]}, "properties": {"kind": "drone", "drone_id": 12, "frame": 139, "time_s": 139.0, "timestamp": "2025-01-01T00:02:19", "mode": "MIN_MAX", "is_static": false, "battery": 33.500000000000234}}, {"type": "Feature", "geometry": {"type": "Point", "coordinates": [963921.225765043, 1950262.2565190694]}, "properties": {"kind": "drone", "drone_id": 13, "frame": 139, "time_s": 139.0, "timestamp": "2025-01-01T00:02:19", "mode": "MIN_MAX", "is_static": false, "battery": 39.5}}, {"type": "Feature", "geometry": {"type": "Point", "coordinates": [963791.3219544754, 1950830.1136619265]}, "properties": {"kind": "drone", "drone_id": 14, "frame": 139, "time_s": 139.0, "timestamp": "2025-01-01T00:02:19", "mode": "MIN_MAX", "is_static": false, "battery": 44.00000000000082}}, {"type": "Feature", "geometry": {"type": "Point", "coordinates": [962399.4954126789, 1951526.542233355]}, "properties": {"kind": "drone", "drone_id": 15, "frame": 139, "time_s": 139.0, "timestamp": "2025-01-01T00:02:19", "mode": "MIN_MAX", "is_static": false, "battery": 39.500000000000625}}, {"type": "Feature", "geometry": {"type": "Point", "coordinates": [963531.5143333401, 1950980.1136619265]}, "properties": {"kind": "drone", "drone_id": 16, "frame": 139, "time_s": 139.0, "timestamp": "2025-01-01T00:02:19", "mode": "MIN_MAX", "is_static": false, "battery": 50.0}}, {"type": "Feature", "geometry": {"type": "Point", "coordinates": [964578.9790012033, 1949652.4291678946]}, "properties": {"kind": "drone", "drone_id": 17, "frame": 139, "time_s": 139.0, "timestamp": "2025-01-01T00:02:19", "mode": "MIN_MAX", "is_static": false, "battery": 29.010067114093488}}, {"type": "Feature", "geometry": {"type": "Point", "coordinates": [965682.0440979663, 1949621.6360081949]}, "properties": {"kind": "drone", "drone_id": 18, "frame": 139, "time_s": 139.0, "timestamp": "2025-01-01T00:02:19", "mode": "MIN_MAX", "is_static": false, "battery": 29.010067114093484}}, {"type": "Feature", "geometry": {"type": "Point", "coordinates": [962622.1876593664, 1951505.1136619265]}, "properties": {"kind": "drone", "drone_id": 19, "frame": 139, "time_s": 139.0, "timestamp": "2025-01-01T00:02:19", "mode": "MIN_MAX", "is_static": false, "battery": 50.0}}, {"type": "Feature", "geometry": {"type": "Point", "coordinates": [964301.7899016292, 1949660.5129989833]}, "properties": {"kind": "drone", "drone_id": 20, "frame": 139, "time_s": 139.0, "timestamp": "2025-01-01T00:02:19", "mode": "MIN_MAX", "is_static": false, "battery": 29.010067114093488}}, {"type": "Feature", "geometry": {"type": "Point", "coordinates": [961972.6686065281, 1951730.1136619265]}, "properties": {"kind": "base_A", "drone_id": 0, "frame": 139, "time_s": 139.0, "timestamp": "2025-01-01T00:02:19", "mode": "MIN_MAX", "is_static": true, "battery": 50.0}}, {"type": "Feature", "geometry": {"type": "Point", "coordinates": [966389.3981658287, 1948730.1136619265]}, "properties": {"kind": "base_B", "drone_id": 0, "frame": 139, "time_s": 139.0, "timestamp": "2025-01-01T00:02:19", "mode": "MIN_MAX", "is_static": true, "battery": 50.0}}, {"type": "Feature", "geometry": {"type": "Point", "coordinates": [965387.2830557353, 1949608.6850904978]}, "properties": {"kind": "drone", "drone_id": 1, "frame": 140, "time_s": 140.0, "timestamp": "2025-01-01T00:02:20", "mode": "MIN_MAX", "is_static": false, "battery": 34.99999999999965}}, {"type": "Feature", "geometry": {"type": "Point", "coordinates": [966222.3789808131, 1949276.542233355]}, "properties": {"kind": "drone", "drone_id": 2, "frame": 140, "time_s": 140.0, "timestamp": "2025-01-01T00:02:20", "mode": "MIN_MAX", "is_static": false, "battery": 43.99999999999942}}, {"type": "Feature", "geometry": {"type": "Point", "coordinates": [963809.8796416994, 1950519.3993762122]}, "properties": {"kind": "drone", "drone_id": 3, "frame": 140, "time_s": 140.0, "timestamp": "2025-01-01T00:02:20", "mode": "MIN_MAX", "is_static": false, "battery": 45.49999999999981}}, {"type": "Feature", "geometry": {"type": "Point", "coordinates": [962121.1301043197, 1951494.3993762122]}, "properties": {"kind": "drone", "drone_id": 4, "frame": 140, "time_s": 140.0, "timestamp": "2025-01-01T00:02:20", "mode": "MIN_MAX", "is_static": false, "battery": 43.99999999999981}}, {"type": "Feature", "geometry": {"type": "Point", "coordinates": [966389.3981658287, 1949051.542233355]}, "properties": {"kind": "drone", "drone_id": 5, "frame": 140, "time_s": 140.0, "timestamp": "2025-01-01T00:02:20", "mode": "MIN_MAX", "is_static": false, "battery": 35.00000000000081}}, {"type": "Feature", "geometry": {"type": "Point", "coordinates": [965108.917747376, 1949769.3993762122]}, "properties": {"kind": "drone", "drone_id": 6, "frame": 140, "time_s": 140.0, "timestamp": "2025-01-01T00:02:20", "mode": "MIN_MAX", "is_static": false, "battery": 29.00000000000007}}, {"type": "Feature", "geometry": {"type": "Point", "coordinates": [963234.5913377568, 1951151.542233355]}, "properties": {"kind": "drone", "drone_id": 7, "frame": 140, "time_s": 140.0, "timestamp": "2025-01-01T00:02:20", "mode": "MIN_MAX", "is_static": false, "battery": 36.50000000000047}}, {"type": "Feature", "geometry": {"type": "Point", "coordinates": [964851.0214404134, 1949791.9314453928]}, "properties": {"kind": "drone", "drone_id": 8, "frame": 140, "time_s": 140.0, "timestamp": "2025-01-01T00:02:20", "mode": "MIN_MAX", "is_static": false, "battery": 28.859060402684083}}, {"type": "Feature", "geometry": {"type": "Point", "coordinates": [962956.2260293976, 1951312.2565190694]}, "properties": {"kind": "drone", "drone_id": 9, "frame": 140, "time_s": 140.0, "timestamp": "2025-01-01T00:02:20", "mode": "MIN_MAX", "is_static": false, "battery": 47.00000000000062}}, {"type": "Feature", "geometry": {"type": "Point", "coordinates": [965944.0136724538, 1949437.2565190694]}, "properties": {"kind": "drone", "drone_id": 10, "frame": 140, "time_s": 140.0, "timestamp": "2025-01-01T00:02:20", "mode": "MIN_MAX", "is_static": false, "battery": 48.49999999999981}}, {"type": "Feature", "geometry": {"type": "Point", "coordinates": [963995.4565139388, 1949662.2565190694]}, "properties": {"kind": "drone", "drone_id": 11, "frame": 140, "time_s": 140.0, "timestamp": "2025-01-01T00:02:20", "mode": "MIN_MAX", "is_static": false, "battery": 28.99999999999988}}, {"type": "Feature", "geometry": {"type": "Point", "coordinates": [963921.225765043, 1949940.8279476408]}, "properties": {"kind": "drone", "drone_id": 12, "frame": 140, "time_s": 140.0, "timestamp": "2025-01-01T00:02:20", "mode": "MIN_MAX", "is_static": false, "battery": 33.500000000000234}}, {"type": "Feature", "geometry": {"type": "Point", "coordinates": [963921.225765043, 1950262.2565190694]}, "properties": {"kind": "drone", "drone_id": 13, "frame": 140, "time_s": 140.0, "timestamp": "2025-01-01T00:02:20", "mode": "MIN_MAX", "is_static": false, "battery": 39.5}}, {"type": "Feature", "geometry": {"type": "Point", "coordinates": [963791.3219544754, 1950830.1136619265]}, "properties": {"kind": "drone", "drone_id": 14, "frame": 140, "time_s": 140.0, "timestamp": "2025-01-01T00:02:20", "mode": "MIN_MAX", "is_static": false, "battery": 44.00000000000082}}, {"type": "Feature", "geometry": {"type": "Point", "coordinates": [962399.4954126789, 1951526.542233355]}, "properties": {"kind": "drone", "drone_id": 15, "frame": 140, "time_s": 140.0, "timestamp": "2025-01-01T00:02:20", "mode": "MIN_MAX", "is_static": false, "battery": 39.500000000000625}}, {"type": "Feature", "geometry": {"type": "Point", "coordinates": [963531.5143333401, 1950980.1136619265]}, "properties": {"kind": "drone", "drone_id": 16, "frame": 140, "time_s": 140.0, "timestamp": "2025-01-01T00:02:20", "mode": "MIN_MAX", "is_static": false, "battery": 50.0}}, {"type": "Feature", "geometry": {"type": "Point", "coordinates": [964573.9901917721, 1949650.2689500435]}, "properties": {"kind": "drone", "drone_id": 17, "frame": 140, "time_s": 140.0, "timestamp": "2025-01-01T00:02:20", "mode": "MIN_MAX", "is_static": false, "battery": 28.859060402684086}}, {"type": "Feature", "geometry": {"type": "Point", "coordinates": [965678.9911124859, 1949617.2294032224]}, "properties": {"kind": "drone", "drone_id": 18, "frame": 140, "time_s": 140.0, "timestamp": "2025-01-01T00:02:20", "mode": "MIN_MAX", "is_static": false, "battery": 28.859060402684083}}, {"type": "Feature", "geometry": {"type": "Point", "coordinates": [962622.1876593664, 1951505.1136619265]}, "properties": {"kind": "drone", "drone_id": 19, "frame": 140, "time_s": 140.0, "timestamp": "2025-01-01T00:02:20", "mode": "MIN_MAX", "is_static": false, "battery": 50.0}}, {"type": "Feature", "geometry": {"type": "Point", "coordinates": [964296.5820749603, 1949658.8425878002]}, "properties": {"kind": "drone", "drone_id": 20, "frame": 140, "time_s": 140.0, "timestamp": "2025-01-01T00:02:20", "mode": "MIN_MAX", "is_static": false, "battery": 28.85906040268409}}, {"type": "Feature", "geometry": {"type": "Point", "coordinates": [961972.6686065281, 1951730.1136619265]}, "properties": {"kind": "base_A", "drone_id": 0, "frame": 140, "time_s": 140.0, "timestamp": "2025-01-01T00:02:20", "mode": "MIN_MAX", "is_static": true, "battery": 50.0}}, {"type": "Feature", "geometry": {"type": "Point", "coordinates": [966389.3981658287, 1948730.1136619265]}, "properties": {"kind": "base_B", "drone_id": 0, "frame": 140, "time_s": 140.0, "timestamp": "2025-01-01T00:02:20", "mode": "MIN_MAX", "is_static": true, "battery": 50.0}}, {"type": "Feature", "geometry": {"type": "Point", "coordinates": [965387.2830557353, 1949608.6850904978]}, "properties": {"kind": "drone", "drone_id": 1, "frame": 141, "time_s": 141.0, "timestamp": "2025-01-01T00:02:21", "mode": "MIN_MAX", "is_static": false, "battery": 34.99999999999965}}, {"type": "Feature", "geometry": {"type": "Point", "coordinates": [966222.3789808131, 1949276.542233355]}, "properties": {"kind": "drone", "drone_id": 2, "frame": 141, "time_s": 141.0, "timestamp": "2025-01-01T00:02:21", "mode": "MIN_MAX", "is_static": false, "battery": 43.99999999999942}}, {"type": "Feature", "geometry": {"type": "Point", "coordinates": [963809.8796416994, 1950519.3993762122]}, "properties": {"kind": "drone", "drone_id": 3, "frame": 141, "time_s": 141.0, "timestamp": "2025-01-01T00:02:21", "mode": "MIN_MAX", "is_static": false, "battery": 45.49999999999981}}, {"type": "Feature", "geometry": {"type": "Point", "coordinates": [962121.1301043197, 1951494.3993762122]}, "properties": {"kind": "drone", "drone_id": 4, "frame": 141, "time_s": 141.0, "timestamp": "2025-01-01T00:02:21", "mode": "MIN_MAX", "is_static": false, "battery": 43.99999999999981}}, {"type": "Feature", "geometry": {"type": "Point", "coordinates": [966389.3981658287, 1949051.542233355]}, "properties": {"kind": "drone", "drone_id": 5, "frame": 141, "time_s": 141.0, "timestamp": "2025-01-01T00:02:21", "mode": "MIN_MAX", "is_static": false, "battery": 35.00000000000081}}, {"type": "Feature", "geometry": {"type": "Point", "coordinates": [965108.917747376, 1949769.3993762122]}, "properties": {"kind": "drone", "drone_id": 6, "frame": 141, "time_s": 141.0, "timestamp": "2025-01-01T00:02:21", "mode": "MIN_MAX", "is_static": false, "battery": 29.00000000000007}}, {"type": "Feature", "geometry": {"type": "Point", "coordinates": [963234.5913377568, 1951151.542233355]}, "properties": {"kind": "drone", "drone_id": 7, "frame": 141, "time_s": 141.0, "timestamp": "2025-01-01T00:02:21", "mode": "MIN_MAX", "is_static": false, "battery": 36.50000000000047}}, {"type": "Feature", "geometry": {"type": "Point", "coordinates": [964846.8008759365, 1949789.494701356]}, "properties": {"kind": "drone", "drone_id": 8, "frame": 141, "time_s": 141.0, "timestamp": "2025-01-01T00:02:21", "mode": "MIN_MAX", "is_static": false, "battery": 28.708053691274685}}, {"type": "Feature", "geometry": {"type": "Point", "coordinates": [962956.2260293976, 1951312.2565190694]}, "properties": {"kind": "drone", "drone_id": 9, "frame": 141, "time_s": 141.0, "timestamp": "2025-01-01T00:02:21", "mode": "MIN_MAX", "is_static": false, "battery": 47.00000000000062}}, {"type": "Feature", "geometry": {"type": "Point", "coordinates": [965944.0136724538, 1949437.2565190694]}, "properties": {"kind": "drone", "drone_id": 10, "frame": 141, "time_s": 141.0, "timestamp": "2025-01-01T00:02:21", "mode": "MIN_MAX", "is_static": false, "battery": 48.49999999999981}}, {"type": "Feature", "geometry": {"type": "Point", "coordinates": [963995.4565139388, 1949662.2565190694]}, "properties": {"kind": "drone", "drone_id": 11, "frame": 141, "time_s": 141.0, "timestamp": "2025-01-01T00:02:21", "mode": "MIN_MAX", "is_static": false, "battery": 28.99999999999988}}, {"type": "Feature", "geometry": {"type": "Point", "coordinates": [963921.225765043, 1949940.8279476408]}, "properties": {"kind": "drone", "drone_id": 12, "frame": 141, "time_s": 141.0, "timestamp": "2025-01-01T00:02:21", "mode": "MIN_MAX", "is_static": false, "battery": 33.500000000000234}}, {"type": "Feature", "geometry": {"type": "Point", "coordinates": [963921.225765043, 1950262.2565190694]}, "properties": {"kind": "drone", "drone_id": 13, "frame": 141, "time_s": 141.0, "timestamp": "2025-01-01T00:02:21", "mode": "MIN_MAX", "is_static": false, "battery": 39.5}}, {"type": "Feature", "geometry": {"type": "Point", "coordinates": [963791.3219544754, 1950830.1136619265]}, "properties": {"kind": "drone", "drone_id": 14, "frame": 141, "time_s": 141.0, "timestamp": "2025-01-01T00:02:21", "mode": "MIN_MAX", "is_static": false, "battery": 44.00000000000082}}, {"type": "Feature", "geometry": {"type": "Point", "coordinates": [962399.4954126789, 1951526.542233355]}, "properties": {"kind": "drone", "drone_id": 15, "frame": 141, "time_s": 141.0, "timestamp": "2025-01-01T00:02:21", "mode": "MIN_MAX", "is_static": false, "battery": 39.500000000000625}}, {"type": "Feature", "geometry": {"type": "Point", "coordinates": [963531.5143333401, 1950980.1136619265]}, "properties": {"kind": "drone", "drone_id": 16, "frame": 141, "time_s": 141.0, "timestamp": "2025-01-01T00:02:21", "mode": "MIN_MAX", "is_static": false, "battery": 50.0}}, {"type": "Feature", "geometry": {"type": "Point", "coordinates": [964569.4945535412, 1949648.3222815865]}, "properties": {"kind": "drone", "drone_id": 17, "frame": 141, "time_s": 141.0, "timestamp": "2025-01-01T00:02:21", "mode": "MIN_MAX", "is_static": false, "battery": 28.70805369127469}}, {"type": "Feature", "geometry": {"type": "Point", "coordinates": [965676.2399313807, 1949613.2584153432]}, "properties": {"kind": "drone", "drone_id": 18, "frame": 141, "time_s": 141.0, "timestamp": "2025-01-01T00:02:21", "mode": "MIN_MAX", "is_static": false, "battery": 28.708053691274685}}, {"type": "Feature", "geometry": {"type": "Point", "coordinates": [962622.1876593664, 1951505.1136619265]}, "properties": {"kind": "drone", "drone_id": 19, "frame": 141, "time_s": 141.0, "timestamp": "2025-01-01T00:02:21", "mode": "MIN_MAX", "is_static": false, "battery": 50.0}}, {"type": "Feature", "geometry": {"type": "Point", "coordinates": [964291.889070548, 1949657.3373059332]}, "properties": {"kind": "drone", "drone_id": 20, "frame": 141, "time_s": 141.0, "timestamp": "2025-01-01T00:02:21", "mode": "MIN_MAX", "is_static": false, "battery": 28.70805369127469}}, {"type": "Feature", "geometry": {"type": "Point", "coordinates": [961972.6686065281, 1951730.1136619265]}, "properties": {"kind": "base_A", "drone_id": 0, "frame": 141, "time_s": 141.0, "timestamp": "2025-01-01T00:02:21", "mode": "MIN_MAX", "is_static": true, "battery": 50.0}}, {"type": "Feature", "geometry": {"type": "Point", "coordinates": [966389.3981658287, 1948730.1136619265]}, "properties": {"kind": "base_B", "drone_id": 0, "frame": 141, "time_s": 141.0, "timestamp": "2025-01-01T00:02:21", "mode": "MIN_MAX", "is_static": true, "battery": 50.0}}, {"type": "Feature", "geometry": {"type": "Point", "coordinates": [965387.2830557353, 1949608.6850904978]}, "properties": {"kind": "drone", "drone_id": 1, "frame": 142, "time_s": 142.0, "timestamp": "2025-01-01T00:02:22", "mode": "MIN_MAX", "is_static": false, "battery": 34.99999999999965}}, {"type": "Feature", "geometry": {"type": "Point", "coordinates": [966222.3789808131, 1949276.542233355]}, "properties": {"kind": "drone", "drone_id": 2, "frame": 142, "time_s": 142.0, "timestamp": "2025-01-01T00:02:22", "mode": "MIN_MAX", "is_static": false, "battery": 43.99999999999942}}, {"type": "Feature", "geometry": {"type": "Point", "coordinates": [963809.8796416994, 1950519.3993762122]}, "properties": {"kind": "drone", "drone_id": 3, "frame": 142, "time_s": 142.0, "timestamp": "2025-01-01T00:02:22", "mode": "MIN_MAX", "is_static": false, "battery": 45.49999999999981}}, {"type": "Feature", "geometry": {"type": "Point", "coordinates": [962121.1301043197, 1951494.3993762122]}, "properties": {"kind": "drone", "drone_id": 4, "frame": 142, "time_s": 142.0, "timestamp": "2025-01-01T00:02:22", "mode": "MIN_MAX", "is_static": false, "battery": 43.99999999999981}}, {"type": "Feature", "geometry": {"type": "Point", "coordinates": [966389.3981658287, 1949051.542233355]}, "properties": {"kind": "drone", "drone_id": 5, "frame": 142, "time_s": 142.0, "timestamp": "2025-01-01T00:02:22", "mode": "MIN_MAX", "is_static": false, "battery": 35.00000000000081}}, {"type": "Feature", "geometry": {"type": "Point", "coordinates": [965108.917747376, 1949769.3993762122]}, "properties": {"kind": "drone", "drone_id": 6, "frame": 142, "time_s": 142.0, "timestamp": "2025-01-01T00:02:22", "mode": "MIN_MAX", "is_static": false, "battery": 29.00000000000007}}, {"type": "Feature", "geometry": {"type": "Point", "coordinates": [963234.5913377568, 1951151.542233355]}, "properties": {"kind": "drone", "drone_id": 7, "frame": 142, "time_s": 142.0, "timestamp": "2025-01-01T00:02:22", "mode": "MIN_MAX", "is_static": false, "battery": 36.50000000000047}}, {"type": "Feature", "geometry": {"type": "Point", "coordinates": [964843.0503757239, 1949787.3293490487]}, "properties": {"kind": "drone", "drone_id": 8, "frame": 142, "time_s": 142.0, "timestamp": "2025-01-01T00:02:22", "mode": "MIN_MAX", "is_static": false, "battery": 28.557046979865284}}, {"type": "Feature", "geometry": {"type": "Point", "coordinates": [962956.2260293976, 1951312.2565190694]}, "properties": {"kind": "drone", "drone_id": 9, "frame": 142, "time_s": 142.0, "timestamp": "2025-01-01T00:02:22", "mode": "MIN_MAX", "is_static": false, "battery": 47.00000000000062}}, {"type": "Feature", "geometry": {"type": "Point", "coordinates": [965944.0136724538, 1949437.2565190694]}, "properties": {"kind": "drone", "drone_id": 10, "frame": 142, "time_s": 142.0, "timestamp": "2025-01-01T00:02:22", "mode": "MIN_MAX", "is_static": false, "battery": 48.49999999999981}}, {"type": "Feature", "geometry": {"type": "Point", "coordinates": [963995.4565139388, 1949662.2565190694]}, "properties": {"kind": "drone", "drone_id": 11, "frame": 142, "time_s": 142.0, "timestamp": "2025-01-01T00:02:22", "mode": "MIN_MAX", "is_static": false, "battery": 28.99999999999988}}, {"type": "Feature", "geometry": {"type": "Point", "coordinates": [963921.225765043, 1949940.8279476408]}, "properties": {"kind": "drone", "drone_id": 12, "frame": 142, "time_s": 142.0, "timestamp": "2025-01-01T00:02:22", "mode": "MIN_MAX", "is_static": false, "battery": 33.500000000000234}}, {"type": "Feature", "geometry": {"type": "Point", "coordinates": [963921.225765043, 1950262.2565190694]}, "properties": {"kind": "drone", "drone_id": 13, "frame": 142, "time_s": 142.0, "timestamp": "2025-01-01T00:02:22", "mode": "MIN_MAX", "is_static": false, "battery": 39.5}}, {"type": "Feature", "geometry": {"type": "Point", "coordinates": [963791.3219544754, 1950830.1136619265]}, "properties": {"kind": "drone", "drone_id": 14, "frame": 142, "time_s": 142.0, "timestamp": "2025-01-01T00:02:22", "mode": "MIN_MAX", "is_static": false, "battery": 44.00000000000082}}, {"type": "Feature", "geometry": {"type": "Point", "coordinates": [962399.4954126789, 1951526.542233355]}, "properties": {"kind": "drone", "drone_id": 15, "frame": 142, "time_s": 142.0, "timestamp": "2025-01-01T00:02:22", "mode": "MIN_MAX", "is_static": false, "battery": 39.500000000000625}}, {"type": "Feature", "geometry": {"type": "Point", "coordinates": [963531.5143333401, 1950980.1136619265]}, "properties": {"kind": "drone", "drone_id": 16, "frame": 142, "time_s": 142.0, "timestamp": "2025-01-01T00:02:22", "mode": "MIN_MAX", "is_static": false, "battery": 50.0}}, {"type": "Feature", "geometry": {"type": "Point", "coordinates": [964565.4996158418, 1949646.5924228195]}, "properties": {"kind": "drone", "drone_id": 17, "frame": 142, "time_s": 142.0, "timestamp": "2025-01-01T00:02:22", "mode": "MIN_MAX", "is_static": false, "battery": 28.557046979865287}}, {"type": "Feature", "geometry": {"type": "Point", "coordinates": [965673.7951623511, 1949609.7296952]}, "properties": {"kind": "drone", "drone_id": 18, "frame": 142, "time_s": 142.0, "timestamp": "2025-01-01T00:02:22", "mode": "MIN_MAX", "is_static": false, "battery": 28.557046979865284}}, {"type": "Feature", "geometry": {"type": "Point", "coordinates": [962622.1876593664, 1951505.1136619265]}, "properties": {"kind": "drone", "drone_id": 19, "frame": 142, "time_s": 142.0, "timestamp": "2025-01-01T00:02:22", "mode": "MIN_MAX", "is_static": false, "battery": 50.0}}, {"type": "Feature", "geometry": {"type": "Point", "coordinates": [964287.7187482739, 1949655.9996744401]}, "properties": {"kind": "drone", "drone_id": 20, "frame": 142, "time_s": 142.0, "timestamp": "2025-01-01T00:02:22", "mode": "MIN_MAX", "is_static": false, "battery": 28.55704697986529}}, {"type": "Feature", "geometry": {"type": "Point", "coordinates": [961972.6686065281, 1951730.1136619265]}, "properties": {"kind": "base_A", "drone_id": 0, "frame": 142, "time_s": 142.0, "timestamp": "2025-01-01T00:02:22", "mode": "MIN_MAX", "is_static": true, "battery": 50.0}}, {"type": "Feature", "geometry": {"type": "Point", "coordinates": [966389.3981658287, 1948730.1136619265]}, "properties": {"kind": "base_B", "drone_id": 0, "frame": 142, "time_s": 142.0, "timestamp": "2025-01-01T00:02:22", "mode": "MIN_MAX", "is_static": true, "battery": 50.0}}, {"type": "Feature", "geometry": {"type": "Point", "coordinates": [965387.2830557353, 1949608.6850904978]}, "properties": {"kind": "drone", "drone_id": 1, "frame": 143, "time_s": 143.0, "timestamp": "2025-01-01T00:02:23", "mode": "MIN_MAX", "is_static": false, "battery": 34.99999999999965}}, {"type": "Feature", "geometry": {"type": "Point", "coordinates": [966222.3789808131, 1949276.542233355]}, "properties": {"kind": "drone", "drone_id": 2, "frame": 143, "time_s": 143.0, "timestamp": "2025-01-01T00:02:23", "mode": "MIN_MAX", "is_static": false, "battery": 43.99999999999942}}, {"type": "Feature", "geometry": {"type": "Point", "coordinates": [963809.8796416994, 1950519.3993762122]}, "properties": {"kind": "drone", "drone_id": 3, "frame": 143, "time_s": 143.0, "timestamp": "2025-01-01T00:02:23", "mode": "MIN_MAX", "is_static": false, "battery": 45.49999999999981}}, {"type": "Feature", "geometry": {"type": "Point", "coordinates": [962121.1301043197, 1951494.3993762122]}, "properties": {"kind": "drone", "drone_id": 4, "frame": 143, "time_s": 143.0, "timestamp": "2025-01-01T00:02:23", "mode": "MIN_MAX", "is_static": false, "battery": 43.99999999999981}}, {"type": "Feature", "geometry": {"type": "Point", "coordinates": [966389.3981658287, 1949051.542233355]}, "properties": {"kind": "drone", "drone_id": 5, "frame": 143, "time_s": 143.0, "timestamp": "2025-01-01T00:02:23", "mode": "MIN_MAX", "is_static": false, "battery": 35.00000000000081}}, {"type": "Feature", "geometry": {"type": "Point", "coordinates": [965108.917747376, 1949769.3993762122]}, "properties": {"kind": "drone", "drone_id": 6, "frame": 143, "time_s": 143.0, "timestamp": "2025-01-01T00:02:23", "mode": "MIN_MAX", "is_static": false, "battery": 29.00000000000007}}, {"type": "Feature", "geometry": {"type": "Point", "coordinates": [963234.5913377568, 1951151.542233355]}, "properties": {"kind": "drone", "drone_id": 7, "frame": 143, "time_s": 143.0, "timestamp": "2025-01-01T00:02:23", "mode": "MIN_MAX", "is_static": false, "battery": 36.50000000000047}}, {"type": "Feature", "geometry": {"type": "Point", "coordinates": [964839.7770084108, 1949785.4394695493]}, "properties": {"kind": "drone", "drone_id": 8, "frame": 143, "time_s": 143.0, "timestamp": "2025-01-01T00:02:23", "mode": "MIN_MAX", "is_static": false, "battery": 28.406040268455886}}, {"type": "Feature", "geometry": {"type": "Point", "coordinates": [962956.2260293976, 1951312.2565190694]}, "properties": {"kind": "drone", "drone_id": 9, "frame": 143, "time_s": 143.0, "timestamp": "2025-01-01T00:02:23", "mode": "MIN_MAX", "is_static": false, "battery": 47.00000000000062}}, {"type": "Feature", "geometry": {"type": "Point", "coordinates": [965944.0136724538, 1949437.2565190694]}, "properties": {"kind": "drone", "drone_id": 10, "frame": 143, "time_s": 143.0, "timestamp": "2025-01-01T00:02:23", "mode": "MIN_MAX", "is_static": false, "battery": 48.49999999999981}}, {"type": "Feature", "geometry": {"type": "Point", "coordinates": [963995.4565139388, 1949662.2565190694]}, "properties": {"kind": "drone", "drone_id": 11, "frame": 143, "time_s": 143.0, "timestamp": "2025-01-01T00:02:23", "mode": "MIN_MAX", "is_static": false, "battery": 28.99999999999988}}, {"type": "Feature", "geometry": {"type": "Point", "coordinates": [963921.225765043, 1949940.8279476408]}, "properties": {"kind": "drone", "drone_id": 12, "frame": 143, "time_s": 143.0, "timestamp": "2025-01-01T00:02:23", "mode": "MIN_MAX", "is_static": false, "battery": 33.500000000000234}}, {"type": "Feature", "geometry": {"type": "Point", "coordinates": [963921.225765043, 1950262.2565190694]}, "properties": {"kind": "drone", "drone_id": 13, "frame": 143, "time_s": 143.0, "timestamp": "2025-01-01T00:02:23", "mode": "MIN_MAX", "is_static": false, "battery": 39.5}}, {"type": "Feature", "geometry": {"type": "Point", "coordinates": [963791.3219544754, 1950830.1136619265]}, "properties": {"kind": "drone", "drone_id": 14, "frame": 143, "time_s": 143.0, "timestamp": "2025-01-01T00:02:23", "mode": "MIN_MAX", "is_static": false, "battery": 44.00000000000082}}, {"type": "Feature", "geometry": {"type": "Point", "coordinates": [962399.4954126789, 1951526.542233355]}, "properties": {"kind": "drone", "drone_id": 15, "frame": 143, "time_s": 143.0, "timestamp": "2025-01-01T00:02:23", "mode": "MIN_MAX", "is_static": false, "battery": 39.500000000000625}}, {"type": "Feature", "geometry": {"type": "Point", "coordinates": [963531.5143333401, 1950980.1136619265]}, "properties": {"kind": "drone", "drone_id": 16, "frame": 143, "time_s": 143.0, "timestamp": "2025-01-01T00:02:23", "mode": "MIN_MAX", "is_static": false, "battery": 50.0}}, {"type": "Feature", "geometry": {"type": "Point", "coordinates": [964562.0129080052, 1949645.0826340383]}, "properties": {"kind": "drone", "drone_id": 17, "frame": 143, "time_s": 143.0, "timestamp": "2025-01-01T00:02:23", "mode": "MIN_MAX", "is_static": false, "battery": 28.40604026845589}}, {"type": "Feature", "geometry": {"type": "Point", "coordinates": [965671.6614130976, 1949606.6498934352]}, "properties": {"kind": "drone", "drone_id": 18, "frame": 143, "time_s": 143.0, "timestamp": "2025-01-01T00:02:23", "mode": "MIN_MAX", "is_static": false, "battery": 28.406040268455886}}, {"type": "Feature", "geometry": {"type": "Point", "coordinates": [962622.1876593664, 1951505.1136619265]}, "properties": {"kind": "drone", "drone_id": 19, "frame": 143, "time_s": 143.0, "timestamp": "2025-01-01T00:02:23", "mode": "MIN_MAX", "is_static": false, "battery": 50.0}}, {"type": "Feature", "geometry": {"type": "Point", "coordinates": [964284.07896802, 1949654.8322143795]}, "properties": {"kind": "drone", "drone_id": 20, "frame": 143, "time_s": 143.0, "timestamp": "2025-01-01T00:02:23", "mode": "MIN_MAX", "is_static": false, "battery": 28.40604026845589}}, {"type": "Feature", "geometry": {"type": "Point", "coordinates": [961972.6686065281, 1951730.1136619265]}, "properties": {"kind": "base_A", "drone_id": 0, "frame": 143, "time_s": 143.0, "timestamp": "2025-01-01T00:02:23", "mode": "MIN_MAX", "is_static": true, "battery": 50.0}}, {"type": "Feature", "geometry": {"type": "Point", "coordinates": [966389.3981658287, 1948730.1136619265]}, "properties": {"kind": "base_B", "drone_id": 0, "frame": 143, "time_s": 143.0, "timestamp": "2025-01-01T00:02:23", "mode": "MIN_MAX", "is_static": true, "battery": 50.0}}, {"type": "Feature", "geometry": {"type": "Point", "coordinates": [965387.2830557353, 1949608.6850904978]}, "properties": {"kind": "drone", "drone_id": 1, "frame": 144, "time_s": 144.0, "timestamp": "2025-01-01T00:02:24", "mode": "MIN_MAX", "is_static": false, "battery": 34.99999999999965}}, {"type": "Feature", "geometry": {"type": "Point", "coordinates": [966222.3789808131, 1949276.542233355]}, "properties": {"kind": "drone", "drone_id": 2, "frame": 144, "time_s": 144.0, "timestamp": "2025-01-01T00:02:24", "mode": "MIN_MAX", "is_static": false, "battery": 43.99999999999942}}, {"type": "Feature", "geometry": {"type": "Point", "coordinates": [963809.8796416994, 1950519.3993762122]}, "properties": {"kind": "drone", "drone_id": 3, "frame": 144, "time_s": 144.0, "timestamp": "2025-01-01T00:02:24", "mode": "MIN_MAX", "is_static": false, "battery": 45.49999999999981}}, {"type": "Feature", "geometry": {"type": "Point", "coordinates": [962121.1301043197, 1951494.3993762122]}, "properties": {"kind": "drone", "drone_id": 4, "frame": 144, "time_s": 144.0, "timestamp": "2025-01-01T00:02:24", "mode": "MIN_MAX", "is_static": false, "battery": 43.99999999999981}}, {"type": "Feature", "geometry": {"type": "Point", "coordinates": [966389.3981658287, 1949051.542233355]}, "properties": {"kind": "drone", "drone_id": 5, "frame": 144, "time_s": 144.0, "timestamp": "2025-01-01T00:02:24", "mode": "MIN_MAX", "is_static": false, "battery": 35.00000000000081}}, {"type": "Feature", "geometry": {"type": "Point", "coordinates": [965108.917747376, 1949769.3993762122]}, "properties": {"kind": "drone", "drone_id": 6, "frame": 144, "time_s": 144.0, "timestamp": "2025-01-01T00:02:24", "mode": "MIN_MAX", "is_static": false, "battery": 29.00000000000007}}, {"type": "Feature", "geometry": {"type": "Point", "coordinates": [963234.5913377568, 1951151.542233355]}, "properties": {"kind": "drone", "drone_id": 7, "frame": 144, "time_s": 144.0, "timestamp": "2025-01-01T00:02:24", "mode": "MIN_MAX", "is_static": false, "battery": 36.50000000000047}}, {"type": "Feature", "geometry": {"type": "Point", "coordinates": [964836.9878426329, 1949783.8291439365]}, "properties": {"kind": "drone", "drone_id": 8, "frame": 144, "time_s": 144.0, "timestamp": "2025-01-01T00:02:24", "mode": "MIN_MAX", "is_static": false, "battery": 28.255033557046485}}, {"type": "Feature", "geometry": {"type": "Point", "coordinates": [962956.2260293976, 1951312.2565190694]}, "properties": {"kind": "drone", "drone_id": 9, "frame": 144, "time_s": 144.0, "timestamp": "2025-01-01T00:02:24", "mode": "MIN_MAX", "is_static": false, "battery": 47.00000000000062}}, {"type": "Feature", "geometry": {"type": "Point", "coordinates": [965944.0136724538, 1949437.2565190694]}, "properties": {"kind": "drone", "drone_id": 10, "frame": 144, "time_s": 144.0, "timestamp": "2025-01-01T00:02:24", "mode": "MIN_MAX", "is_static": false, "battery": 48.49999999999981}}, {"type": "Feature", "geometry": {"type": "Point", "coordinates": [963995.4565139388, 1949662.2565190694]}, "properties": {"kind": "drone", "drone_id": 11, "frame": 144, "time_s": 144.0, "timestamp": "2025-01-01T00:02:24", "mode": "MIN_MAX", "is_static": false, "battery": 28.99999999999988}}, {"type": "Feature", "geometry": {"type": "Point", "coordinates": [963921.225765043, 1949940.8279476408]}, "properties": {"kind": "drone", "drone_id": 12, "frame": 144, "time_s": 144.0, "timestamp": "2025-01-01T00:02:24", "mode": "MIN_MAX", "is_static": false, "battery": 33.500000000000234}}, {"type": "Feature", "geometry": {"type": "Point", "coordinates": [963921.225765043, 1950262.2565190694]}, "properties": {"kind": "drone", "drone_id": 13, "frame": 144, "time_s": 144.0, "timestamp": "2025-01-01T00:02:24", "mode": "MIN_MAX", "is_static": false, "battery": 39.5}}, {"type": "Feature", "geometry": {"type": "Point", "coordinates": [963791.3219544754, 1950830.1136619265]}, "properties": {"kind": "drone", "drone_id": 14, "frame": 144, "time_s": 144.0, "timestamp": "2025-01-01T00:02:24", "mode": "MIN_MAX", "is_static": false, "battery": 44.00000000000082}}, {"type": "Feature", "geometry": {"type": "Point", "coordinates": [962399.4954126789, 1951526.542233355]}, "properties": {"kind": "drone", "drone_id": 15, "frame": 144, "time_s": 144.0, "timestamp": "2025-01-01T00:02:24", "mode": "MIN_MAX", "is_static": false, "battery": 39.500000000000625}}, {"type": "Feature", "geometry": {"type": "Point", "coordinates": [963531.5143333401, 1950980.1136619265]}, "properties": {"kind": "drone", "drone_id": 16, "frame": 144, "time_s": 144.0, "timestamp": "2025-01-01T00:02:24", "mode": "MIN_MAX", "is_static": false, "battery": 50.0}}, {"type": "Feature", "geometry": {"type": "Point", "coordinates": [964559.0419593626, 1949643.7961755395]}, "properties": {"kind": "drone", "drone_id": 17, "frame": 144, "time_s": 144.0, "timestamp": "2025-01-01T00:02:24", "mode": "MIN_MAX", "is_static": false, "battery": 28.255033557046488}}, {"type": "Feature", "geometry": {"type": "Point", "coordinates": [965669.8432913205, 1949604.0256606916]}, "properties": {"kind": "drone", "drone_id": 18, "frame": 144, "time_s": 144.0, "timestamp": "2025-01-01T00:02:24", "mode": "MIN_MAX", "is_static": false, "battery": 28.255033557046485}}, {"type": "Feature", "geometry": {"type": "Point", "coordinates": [962622.1876593664, 1951505.1136619265]}, "properties": {"kind": "drone", "drone_id": 19, "frame": 144, "time_s": 144.0, "timestamp": "2025-01-01T00:02:24", "mode": "MIN_MAX", "is_static": false, "battery": 50.0}}, {"type": "Feature", "geometry": {"type": "Point", "coordinates": [964280.9775896679, 1949653.837446809]}, "properties": {"kind": "drone", "drone_id": 20, "frame": 144, "time_s": 144.0, "timestamp": "2025-01-01T00:02:24", "mode": "MIN_MAX", "is_static": false, "battery": 28.25503355704649}}, {"type": "Feature", "geometry": {"type": "Point", "coordinates": [961972.6686065281, 1951730.1136619265]}, "properties": {"kind": "base_A", "drone_id": 0, "frame": 144, "time_s": 144.0, "timestamp": "2025-01-01T00:02:24", "mode": "MIN_MAX", "is_static": true, "battery": 50.0}}, {"type": "Feature", "geometry": {"type": "Point", "coordinates": [966389.3981658287, 1948730.1136619265]}, "properties": {"kind": "base_B", "drone_id": 0, "frame": 144, "time_s": 144.0, "timestamp": "2025-01-01T00:02:24", "mode": "MIN_MAX", "is_static": true, "battery": 50.0}}, {"type": "Feature", "geometry": {"type": "Point", "coordinates": [965387.2830557353, 1949608.6850904978]}, "properties": {"kind": "drone", "drone_id": 1, "frame": 145, "time_s": 145.0, "timestamp": "2025-01-01T00:02:25", "mode": "MIN_MAX", "is_static": false, "battery": 34.99999999999965}}, {"type": "Feature", "geometry": {"type": "Point", "coordinates": [966222.3789808131, 1949276.542233355]}, "properties": {"kind": "drone", "drone_id": 2, "frame": 145, "time_s": 145.0, "timestamp": "2025-01-01T00:02:25", "mode": "MIN_MAX", "is_static": false, "battery": 43.99999999999942}}, {"type": "Feature", "geometry": {"type": "Point", "coordinates": [963809.8796416994, 1950519.3993762122]}, "properties": {"kind": "drone", "drone_id": 3, "frame": 145, "time_s": 145.0, "timestamp": "2025-01-01T00:02:25", "mode": "MIN_MAX", "is_static": false, "battery": 45.49999999999981}}, {"type": "Feature", "geometry": {"type": "Point", "coordinates": [962121.1301043197, 1951494.3993762122]}, "properties": {"kind": "drone", "drone_id": 4, "frame": 145, "time_s": 145.0, "timestamp": "2025-01-01T00:02:25", "mode": "MIN_MAX", "is_static": false, "battery": 43.99999999999981}}, {"type": "Feature", "geometry": {"type": "Point", "coordinates": [966389.3981658287, 1949051.542233355]}, "properties": {"kind": "drone", "drone_id": 5, "frame": 145, "time_s": 145.0, "timestamp": "2025-01-01T00:02:25", "mode": "MIN_MAX", "is_static": false, "battery": 35.00000000000081}}, {"type": "Feature", "geometry": {"type": "Point", "coordinates": [965108.917747376, 1949769.3993762122]}, "properties": {"kind": "drone", "drone_id": 6, "frame": 145, "time_s": 145.0, "timestamp": "2025-01-01T00:02:25", "mode": "MIN_MAX", "is_static": false, "battery": 29.00000000000007}}, {"type": "Feature", "geometry": {"type": "Point", "coordinates": [963234.5913377568, 1951151.542233355]}, "properties": {"kind": "drone", "drone_id": 7, "frame": 145, "time_s": 145.0, "timestamp": "2025-01-01T00:02:25", "mode": "MIN_MAX", "is_static": false, "battery": 36.50000000000047}}, {"type": "Feature", "geometry": {"type": "Point", "coordinates": [964834.689947026, 1949782.5024532892]}, "properties": {"kind": "drone", "drone_id": 8, "frame": 145, "time_s": 145.0, "timestamp": "2025-01-01T00:02:25", "mode": "MIN_MAX", "is_static": false, "battery": 28.104026845637087}}, {"type": "Feature", "geometry": {"type": "Point", "coordinates": [962956.2260293976, 1951312.2565190694]}, "properties": {"kind": "drone", "drone_id": 9, "frame": 145, "time_s": 145.0, "timestamp": "2025-01-01T00:02:25", "mode": "MIN_MAX", "is_static": false, "battery": 47.00000000000062}}, {"type": "Feature", "geometry": {"type": "Point", "coordinates": [965944.0136724538, 1949437.2565190694]}, "properties": {"kind": "drone", "drone_id": 10, "frame": 145, "time_s": 145.0, "timestamp": "2025-01-01T00:02:25", "mode": "MIN_MAX", "is_static": false, "battery": 48.49999999999981}}, {"type": "Feature", "geometry": {"type": "Point", "coordinates": [963995.4565139388, 1949662.2565190694]}, "properties": {"kind": "drone", "drone_id": 11, "frame": 145, "time_s": 145.0, "timestamp": "2025-01-01T00:02:25", "mode": "MIN_MAX", "is_static": false, "battery": 28.99999999999988}}, {"type": "Feature", "geometry": {"type": "Point", "coordinates": [963921.225765043, 1949940.8279476408]}, "properties": {"kind": "drone", "drone_id": 12, "frame": 145, "time_s": 145.0, "timestamp": "2025-01-01T00:02:25", "mode": "MIN_MAX", "is_static": false, "battery": 33.500000000000234}}, {"type": "Feature", "geometry": {"type": "Point", "coordinates": [963921.225765043, 1950262.2565190694]}, "properties": {"kind": "drone", "drone_id": 13, "frame": 145, "time_s": 145.0, "timestamp": "2025-01-01T00:02:25", "mode": "MIN_MAX", "is_static": false, "battery": 39.5}}, {"type": "Feature", "geometry": {"type": "Point", "coordinates": [963791.3219544754, 1950830.1136619265]}, "properties": {"kind": "drone", "drone_id": 14, "frame": 145, "time_s": 145.0, "timestamp": "2025-01-01T00:02:25", "mode": "MIN_MAX", "is_static": false, "battery": 44.00000000000082}}, {"type": "Feature", "geometry": {"type": "Point", "coordinates": [962399.4954126789, 1951526.542233355]}, "properties": {"kind": "drone", "drone_id": 15, "frame": 145, "time_s": 145.0, "timestamp": "2025-01-01T00:02:25", "mode": "MIN_MAX", "is_static": false, "battery": 39.500000000000625}}, {"type": "Feature", "geometry": {"type": "Point", "coordinates": [963531.5143333401, 1950980.1136619265]}, "properties": {"kind": "drone", "drone_id": 16, "frame": 145, "time_s": 145.0, "timestamp": "2025-01-01T00:02:25", "mode": "MIN_MAX", "is_static": false, "battery": 50.0}}, {"type": "Feature", "geometry": {"type": "Point", "coordinates": [964556.5942992455, 1949642.736307619]}, "properties": {"kind": "drone", "drone_id": 17, "frame": 145, "time_s": 145.0, "timestamp": "2025-01-01T00:02:25", "mode": "MIN_MAX", "is_static": false, "battery": 28.10402684563709}}, {"type": "Feature", "geometry": {"type": "Point", "coordinates": [965668.3454047202, 1949601.8636476118]}, "properties": {"kind": "drone", "drone_id": 18, "frame": 145, "time_s": 145.0, "timestamp": "2025-01-01T00:02:25", "mode": "MIN_MAX", "is_static": false, "battery": 28.104026845637087}}, {"type": "Feature", "geometry": {"type": "Point", "coordinates": [962622.1876593664, 1951505.1136619265]}, "properties": {"kind": "drone", "drone_id": 19, "frame": 145, "time_s": 145.0, "timestamp": "2025-01-01T00:02:25", "mode": "MIN_MAX", "is_static": false, "battery": 50.0}}, {"type": "Feature", "geometry": {"type": "Point", "coordinates": [964278.4224730995, 1949653.0178927877]}, "properties": {"kind": "drone", "drone_id": 20, "frame": 145, "time_s": 145.0, "timestamp": "2025-01-01T00:02:25", "mode": "MIN_MAX", "is_static": false, "battery": 28.10402684563709}}, {"type": "Feature", "geometry": {"type": "Point", "coordinates": [961972.6686065281, 1951730.1136619265]}, "properties": {"kind": "base_A", "drone_id": 0, "frame": 145, "time_s": 145.0, "timestamp": "2025-01-01T00:02:25", "mode": "MIN_MAX", "is_static": true, "battery": 50.0}}, {"type": "Feature", "geometry": {"type": "Point", "coordinates": [966389.3981658287, 1948730.1136619265]}, "properties": {"kind": "base_B", "drone_id": 0, "frame": 145, "time_s": 145.0, "timestamp": "2025-01-01T00:02:25", "mode": "MIN_MAX", "is_static": true, "battery": 50.0}}, {"type": "Feature", "geometry": {"type": "Point", "coordinates": [965387.2830557353, 1949608.6850904978]}, "properties": {"kind": "drone", "drone_id": 1, "frame": 146, "time_s": 146.0, "timestamp": "2025-01-01T00:02:26", "mode": "MIN_MAX", "is_static": false, "battery": 34.99999999999965}}, {"type": "Feature", "geometry": {"type": "Point", "coordinates": [966222.3789808131, 1949276.542233355]}, "properties": {"kind": "drone", "drone_id": 2, "frame": 146, "time_s": 146.0, "timestamp": "2025-01-01T00:02:26", "mode": "MIN_MAX", "is_static": false, "battery": 43.99999999999942}}, {"type": "Feature", "geometry": {"type": "Point", "coordinates": [963809.8796416994, 1950519.3993762122]}, "properties": {"kind": "drone", "drone_id": 3, "frame": 146, "time_s": 146.0, "timestamp": "2025-01-01T00:02:26", "mode": "MIN_MAX", "is_static": false, "battery": 45.49999999999981}}, {"type": "Feature", "geometry": {"type": "Point", "coordinates": [962121.1301043197, 1951494.3993762122]}, "properties": {"kind": "drone", "drone_id": 4, "frame": 146, "time_s": 146.0, "timestamp": "2025-01-01T00:02:26", "mode": "MIN_MAX", "is_static": false, "battery": 43.99999999999981}}, {"type": "Feature", "geometry": {"type": "Point", "coordinates": [966389.3981658287, 1949051.542233355]}, "properties": {"kind": "drone", "drone_id": 5, "frame": 146, "time_s": 146.0, "timestamp": "2025-01-01T00:02:26", "mode": "MIN_MAX", "is_static": false, "battery": 35.00000000000081}}, {"type": "Feature", "geometry": {"type": "Point", "coordinates": [965108.917747376, 1949769.3993762122]}, "properties": {"kind": "drone", "drone_id": 6, "frame": 146, "time_s": 146.0, "timestamp": "2025-01-01T00:02:26", "mode": "MIN_MAX", "is_static": false, "battery": 29.00000000000007}}, {"type": "Feature", "geometry": {"type": "Point", "coordinates": [963234.5913377568, 1951151.542233355]}, "properties": {"kind": "drone", "drone_id": 7, "frame": 146, "time_s": 146.0, "timestamp": "2025-01-01T00:02:26", "mode": "MIN_MAX", "is_static": false, "battery": 36.50000000000047}}, {"type": "Feature", "geometry": {"type": "Point", "coordinates": [964832.8903902252, 1949781.463478686]}, "properties": {"kind": "drone", "drone_id": 8, "frame": 146, "time_s": 146.0, "timestamp": "2025-01-01T00:02:26", "mode": "MIN_MAX", "is_static": false, "battery": 27.953020134227685}}, {"type": "Feature", "geometry": {"type": "Point", "coordinates": [962956.2260293976, 1951312.2565190694]}, "properties": {"kind": "drone", "drone_id": 9, "frame": 146, "time_s": 146.0, "timestamp": "2025-01-01T00:02:26", "mode": "MIN_MAX", "is_static": false, "battery": 47.00000000000062}}, {"type": "Feature", "geometry": {"type": "Point", "coordinates": [965944.0136724538, 1949437.2565190694]}, "properties": {"kind": "drone", "drone_id": 10, "frame": 146, "time_s": 146.0, "timestamp": "2025-01-01T00:02:26", "mode": "MIN_MAX", "is_static": false, "battery": 48.49999999999981}}, {"type": "Feature", "geometry": {"type": "Point", "coordinates": [963995.4565139388, 1949662.2565190694]}, "properties": {"kind": "drone", "drone_id": 11, "frame": 146, "time_s": 146.0, "timestamp": "2025-01-01T00:02:26", "mode": "MIN_MAX", "is_static": false, "battery": 28.99999999999988}}, {"type": "Feature", "geometry": {"type": "Point", "coordinates": [963921.225765043, 1949940.8279476408]}, "properties": {"kind": "drone", "drone_id": 12, "frame": 146, "time_s": 146.0, "timestamp": "2025-01-01T00:02:26", "mode": "MIN_MAX", "is_static": false, "battery": 33.500000000000234}}, {"type": "Feature", "geometry": {"type": "Point", "coordinates": [963921.225765043, 1950262.2565190694]}, "properties": {"kind": "drone", "drone_id": 13, "frame": 146, "time_s": 146.0, "timestamp": "2025-01-01T00:02:26", "mode": "MIN_MAX", "is_static": false, "battery": 39.5}}, {"type": "Feature", "geometry": {"type": "Point", "coordinates": [963791.3219544754, 1950830.1136619265]}, "properties": {"kind": "drone", "drone_id": 14, "frame": 146, "time_s": 146.0, "timestamp": "2025-01-01T00:02:26", "mode": "MIN_MAX", "is_static": false, "battery": 44.00000000000082}}, {"type": "Feature", "geometry": {"type": "Point", "coordinates": [962399.4954126789, 1951526.542233355]}, "properties": {"kind": "drone", "drone_id": 15, "frame": 146, "time_s": 146.0, "timestamp": "2025-01-01T00:02:26", "mode": "MIN_MAX", "is_static": false, "battery": 39.500000000000625}}, {"type": "Feature", "geometry": {"type": "Point", "coordinates": [963531.5143333401, 1950980.1136619265]}, "properties": {"kind": "drone", "drone_id": 16, "frame": 146, "time_s": 146.0, "timestamp": "2025-01-01T00:02:26", "mode": "MIN_MAX", "is_static": false, "battery": 50.0}}, {"type": "Feature", "geometry": {"type": "Point", "coordinates": [964554.6774569851, 1949641.9062905726]}, "properties": {"kind": "drone", "drone_id": 17, "frame": 146, "time_s": 146.0, "timestamp": "2025-01-01T00:02:26", "mode": "MIN_MAX", "is_static": false, "battery": 27.95302013422769}}, {"type": "Feature", "geometry": {"type": "Point", "coordinates": [965667.1723609971, 1949600.1705048385]}, "properties": {"kind": "drone", "drone_id": 18, "frame": 146, "time_s": 146.0, "timestamp": "2025-01-01T00:02:26", "mode": "MIN_MAX", "is_static": false, "battery": 27.953020134227685}}, {"type": "Feature", "geometry": {"type": "Point", "coordinates": [962622.1876593664, 1951505.1136619265]}, "properties": {"kind": "drone", "drone_id": 19, "frame": 146, "time_s": 146.0, "timestamp": "2025-01-01T00:02:26", "mode": "MIN_MAX", "is_static": false, "battery": 50.0}}, {"type": "Feature", "geometry": {"type": "Point", "coordinates": [964276.4214781966, 1949652.3760733732]}, "properties": {"kind": "drone", "drone_id": 20, "frame": 146, "time_s": 146.0, "timestamp": "2025-01-01T00:02:26", "mode": "MIN_MAX", "is_static": false, "battery": 27.953020134227692}}, {"type": "Feature", "geometry": {"type": "Point", "coordinates": [961972.6686065281, 1951730.1136619265]}, "properties": {"kind": "base_A", "drone_id": 0, "frame": 146, "time_s": 146.0, "timestamp": "2025-01-01T00:02:26", "mode": "MIN_MAX", "is_static": true, "battery": 50.0}}, {"type": "Feature", "geometry": {"type": "Point", "coordinates": [966389.3981658287, 1948730.1136619265]}, "properties": {"kind": "base_B", "drone_id": 0, "frame": 146, "time_s": 146.0, "timestamp": "2025-01-01T00:02:26", "mode": "MIN_MAX", "is_static": true, "battery": 50.0}}, {"type": "Feature", "geometry": {"type": "Point", "coordinates": [965387.2830557353, 1949608.6850904978]}, "properties": {"kind": "drone", "drone_id": 1, "frame": 147, "time_s": 147.0, "timestamp": "2025-01-01T00:02:27", "mode": "MIN_MAX", "is_static": false, "battery": 34.99999999999965}}, {"type": "Feature", "geometry": {"type": "Point", "coordinates": [966222.3789808131, 1949276.542233355]}, "properties": {"kind": "drone", "drone_id": 2, "frame": 147, "time_s": 147.0, "timestamp": "2025-01-01T00:02:27", "mode": "MIN_MAX", "is_static": false, "battery": 43.99999999999942}}, {"type": "Feature", "geometry": {"type": "Point", "coordinates": [963809.8796416994, 1950519.3993762122]}, "properties": {"kind": "drone", "drone_id": 3, "frame": 147, "time_s": 147.0, "timestamp": "2025-01-01T00:02:27", "mode": "MIN_MAX", "is_static": false, "battery": 45.49999999999981}}, {"type": "Feature", "geometry": {"type": "Point", "coordinates": [962121.1301043197, 1951494.3993762122]}, "properties": {"kind": "drone", "drone_id": 4, "frame": 147, "time_s": 147.0, "timestamp": "2025-01-01T00:02:27", "mode": "MIN_MAX", "is_static": false, "battery": 43.99999999999981}}, {"type": "Feature", "geometry": {"type": "Point", "coordinates": [966389.3981658287, 1949051.542233355]}, "properties": {"kind": "drone", "drone_id": 5, "frame": 147, "time_s": 147.0, "timestamp": "2025-01-01T00:02:27", "mode": "MIN_MAX", "is_static": false, "battery": 35.00000000000081}}, {"type": "Feature", "geometry": {"type": "Point", "coordinates": [965108.917747376, 1949769.3993762122]}, "properties": {"kind": "drone", "drone_id": 6, "frame": 147, "time_s": 147.0, "timestamp": "2025-01-01T00:02:27", "mode": "MIN_MAX", "is_static": false, "battery": 29.00000000000007}}, {"type": "Feature", "geometry": {"type": "Point", "coordinates": [963234.5913377568, 1951151.542233355]}, "properties": {"kind": "drone", "drone_id": 7, "frame": 147, "time_s": 147.0, "timestamp": "2025-01-01T00:02:27", "mode": "MIN_MAX", "is_static": false, "battery": 36.50000000000047}}, {"type": "Feature", "geometry": {"type": "Point", "coordinates": [964831.5962408665, 1949780.7163012053]}, "properties": {"kind": "drone", "drone_id": 8, "frame": 147, "time_s": 147.0, "timestamp": "2025-01-01T00:02:27", "mode": "MIN_MAX", "is_static": false, "battery": 27.802013422818288}}, {"type": "Feature", "geometry": {"type": "Point", "coordinates": [962956.2260293976, 1951312.2565190694]}, "properties": {"kind": "drone", "drone_id": 9, "frame": 147, "time_s": 147.0, "timestamp": "2025-01-01T00:02:27", "mode": "MIN_MAX", "is_static": false, "battery": 47.00000000000062}}, {"type": "Feature", "geometry": {"type": "Point", "coordinates": [965944.0136724538, 1949437.2565190694]}, "properties": {"kind": "drone", "drone_id": 10, "frame": 147, "time_s": 147.0, "timestamp": "2025-01-01T00:02:27", "mode": "MIN_MAX", "is_static": false, "battery": 48.49999999999981}}, {"type": "Feature", "geometry": {"type": "Point", "coordinates": [963995.4565139388, 1949662.2565190694]}, "properties": {"kind": "drone", "drone_id": 11, "frame": 147, "time_s": 147.0, "timestamp": "2025-01-01T00:02:27", "mode": "MIN_MAX", "is_static": false, "battery": 28.99999999999988}}, {"type": "Feature", "geometry": {"type": "Point", "coordinates": [963921.225765043, 1949940.8279476408]}, "properties": {"kind": "drone", "drone_id": 12, "frame": 147, "time_s": 147.0, "timestamp": "2025-01-01T00:02:27", "mode": "MIN_MAX", "is_static": false, "battery": 33.500000000000234}}, {"type": "Feature", "geometry": {"type": "Point", "coordinates": [963921.225765043, 1950262.2565190694]}, "properties": {"kind": "drone", "drone_id": 13, "frame": 147, "time_s": 147.0, "timestamp": "2025-01-01T00:02:27", "mode": "MIN_MAX", "is_static": false, "battery": 39.5}}, {"type": "Feature", "geometry": {"type": "Point", "coordinates": [963791.3219544754, 1950830.1136619265]}, "properties": {"kind": "drone", "drone_id": 14, "frame": 147, "time_s": 147.0, "timestamp": "2025-01-01T00:02:27", "mode": "MIN_MAX", "is_static": false, "battery": 44.00000000000082}}, {"type": "Feature", "geometry": {"type": "Point", "coordinates": [962399.4954126789, 1951526.542233355]}, "properties": {"kind": "drone", "drone_id": 15, "frame": 147, "time_s": 147.0, "timestamp": "2025-01-01T00:02:27", "mode": "MIN_MAX", "is_static": false, "battery": 39.500000000000625}}, {"type": "Feature", "geometry": {"type": "Point", "coordinates": [963531.5143333401, 1950980.1136619265]}, "properties": {"kind": "drone", "drone_id": 16, "frame": 147, "time_s": 147.0, "timestamp": "2025-01-01T00:02:27", "mode": "MIN_MAX", "is_static": false, "battery": 50.0}}, {"type": "Feature", "geometry": {"type": "Point", "coordinates": [964553.2989619129, 1949641.3093846967]}, "properties": {"kind": "drone", "drone_id": 17, "frame": 147, "time_s": 147.0, "timestamp": "2025-01-01T00:02:27", "mode": "MIN_MAX", "is_static": false, "battery": 27.80201342281829}}, {"type": "Feature", "geometry": {"type": "Point", "coordinates": [965666.3287678515, 1949598.9528830142]}, "properties": {"kind": "drone", "drone_id": 18, "frame": 147, "time_s": 147.0, "timestamp": "2025-01-01T00:02:27", "mode": "MIN_MAX", "is_static": false, "battery": 27.802013422818288}}, {"type": "Feature", "geometry": {"type": "Point", "coordinates": [962622.1876593664, 1951505.1136619265]}, "properties": {"kind": "drone", "drone_id": 19, "frame": 147, "time_s": 147.0, "timestamp": "2025-01-01T00:02:27", "mode": "MIN_MAX", "is_static": false, "battery": 50.0}}, {"type": "Feature", "geometry": {"type": "Point", "coordinates": [964274.9824648409, 1949651.9145096242]}, "properties": {"kind": "drone", "drone_id": 20, "frame": 147, "time_s": 147.0, "timestamp": "2025-01-01T00:02:27", "mode": "MIN_MAX", "is_static": false, "battery": 27.80201342281829}}, {"type": "Feature", "geometry": {"type": "Point", "coordinates": [961972.6686065281, 1951730.1136619265]}, "properties": {"kind": "base_A", "drone_id": 0, "frame": 147, "time_s": 147.0, "timestamp": "2025-01-01T00:02:27", "mode": "MIN_MAX", "is_static": true, "battery": 50.0}}, {"type": "Feature", "geometry": {"type": "Point", "coordinates": [966389.3981658287, 1948730.1136619265]}, "properties": {"kind": "base_B", "drone_id": 0, "frame": 147, "time_s": 147.0, "timestamp": "2025-01-01T00:02:27", "mode": "MIN_MAX", "is_static": true, "battery": 50.0}}, {"type": "Feature", "geometry": {"type": "Point", "coordinates": [965387.2830557353, 1949608.6850904978]}, "properties": {"kind": "drone", "drone_id": 1, "frame": 148, "time_s": 148.0, "timestamp": "2025-01-01T00:02:28", "mode": "MIN_MAX", "is_static": false, "battery": 34.99999999999965}}, {"type": "Feature", "geometry": {"type": "Point", "coordinates": [966222.3789808131, 1949276.542233355]}, "properties": {"kind": "drone", "drone_id": 2, "frame": 148, "time_s": 148.0, "timestamp": "2025-01-01T00:02:28", "mode": "MIN_MAX", "is_static": false, "battery": 43.99999999999942}}, {"type": "Feature", "geometry": {"type": "Point", "coordinates": [963809.8796416994, 1950519.3993762122]}, "properties": {"kind": "drone", "drone_id": 3, "frame": 148, "time_s": 148.0, "timestamp": "2025-01-01T00:02:28", "mode": "MIN_MAX", "is_static": false, "battery": 45.49999999999981}}, {"type": "Feature", "geometry": {"type": "Point", "coordinates": [962121.1301043197, 1951494.3993762122]}, "properties": {"kind": "drone", "drone_id": 4, "frame": 148, "time_s": 148.0, "timestamp": "2025-01-01T00:02:28", "mode": "MIN_MAX", "is_static": false, "battery": 43.99999999999981}}, {"type": "Feature", "geometry": {"type": "Point", "coordinates": [966389.3981658287, 1949051.542233355]}, "properties": {"kind": "drone", "drone_id": 5, "frame": 148, "time_s": 148.0, "timestamp": "2025-01-01T00:02:28", "mode": "MIN_MAX", "is_static": false, "battery": 35.00000000000081}}, {"type": "Feature", "geometry": {"type": "Point", "coordinates": [965108.917747376, 1949769.3993762122]}, "properties": {"kind": "drone", "drone_id": 6, "frame": 148, "time_s": 148.0, "timestamp": "2025-01-01T00:02:28", "mode": "MIN_MAX", "is_static": false, "battery": 29.00000000000007}}, {"type": "Feature", "geometry": {"type": "Point", "coordinates": [963234.5913377568, 1951151.542233355]}, "properties": {"kind": "drone", "drone_id": 7, "frame": 148, "time_s": 148.0, "timestamp": "2025-01-01T00:02:28", "mode": "MIN_MAX", "is_static": false, "battery": 36.50000000000047}}, {"type": "Feature", "geometry": {"type": "Point", "coordinates": [964830.8145675851, 1949780.2650019259]}, "properties": {"kind": "drone", "drone_id": 8, "frame": 148, "time_s": 148.0, "timestamp": "2025-01-01T00:02:28", "mode": "MIN_MAX", "is_static": false, "battery": 27.65100671140889}}, {"type": "Feature", "geometry": {"type": "Point", "coordinates": [962956.2260293976, 1951312.2565190694]}, "properties": {"kind": "drone", "drone_id": 9, "frame": 148, "time_s": 148.0, "timestamp": "2025-01-01T00:02:28", "mode": "MIN_MAX", "is_static": false, "battery": 47.00000000000062}}, {"type": "Feature", "geometry": {"type": "Point", "coordinates": [965944.0136724538, 1949437.2565190694]}, "properties": {"kind": "drone", "drone_id": 10, "frame": 148, "time_s": 148.0, "timestamp": "2025-01-01T00:02:28", "mode": "MIN_MAX", "is_static": false, "battery": 48.49999999999981}}, {"type": "Feature", "geometry": {"type": "Point", "coordinates": [963995.4565139388, 1949662.2565190694]}, "properties": {"kind": "drone", "drone_id": 11, "frame": 148, "time_s": 148.0, "timestamp": "2025-01-01T00:02:28", "mode": "MIN_MAX", "is_static": false, "battery": 28.99999999999988}}, {"type": "Feature", "geometry": {"type": "Point", "coordinates": [963921.225765043, 1949940.8279476408]}, "properties": {"kind": "drone", "drone_id": 12, "frame": 148, "time_s": 148.0, "timestamp": "2025-01-01T00:02:28", "mode": "MIN_MAX", "is_static": false, "battery": 33.500000000000234}}, {"type": "Feature", "geometry": {"type": "Point", "coordinates": [963921.225765043, 1950262.2565190694]}, "properties": {"kind": "drone", "drone_id": 13, "frame": 148, "time_s": 148.0, "timestamp": "2025-01-01T00:02:28", "mode": "MIN_MAX", "is_static": false, "battery": 39.5}}, {"type": "Feature", "geometry": {"type": "Point", "coordinates": [963791.3219544754, 1950830.1136619265]}, "properties": {"kind": "drone", "drone_id": 14, "frame": 148, "time_s": 148.0, "timestamp": "2025-01-01T00:02:28", "mode": "MIN_MAX", "is_static": false, "battery": 44.00000000000082}}, {"type": "Feature", "geometry": {"type": "Point", "coordinates": [962399.4954126789, 1951526.542233355]}, "properties": {"kind": "drone", "drone_id": 15, "frame": 148, "time_s": 148.0, "timestamp": "2025-01-01T00:02:28", "mode": "MIN_MAX", "is_static": false, "battery": 39.500000000000625}}, {"type": "Feature", "geometry": {"type": "Point", "coordinates": [963531.5143333401, 1950980.1136619265]}, "properties": {"kind": "drone", "drone_id": 16, "frame": 148, "time_s": 148.0, "timestamp": "2025-01-01T00:02:28", "mode": "MIN_MAX", "is_static": false, "battery": 50.0}}, {"type": "Feature", "geometry": {"type": "Point", "coordinates": [964552.4663433598, 1949640.9488502874]}, "properties": {"kind": "drone", "drone_id": 17, "frame": 148, "time_s": 148.0, "timestamp": "2025-01-01T00:02:28", "mode": "MIN_MAX", "is_static": false, "battery": 27.65100671140889}}, {"type": "Feature", "geometry": {"type": "Point", "coordinates": [965665.8192329839, 1949598.2174327818]}, "properties": {"kind": "drone", "drone_id": 18, "frame": 148, "time_s": 148.0, "timestamp": "2025-01-01T00:02:28", "mode": "MIN_MAX", "is_static": false, "battery": 27.651006711408886}}, {"type": "Feature", "geometry": {"type": "Point", "coordinates": [962622.1876593664, 1951505.1136619265]}, "properties": {"kind": "drone", "drone_id": 19, "frame": 148, "time_s": 148.0, "timestamp": "2025-01-01T00:02:28", "mode": "MIN_MAX", "is_static": false, "battery": 50.0}}, {"type": "Feature", "geometry": {"type": "Point", "coordinates": [964274.1132929141, 1949651.6357225988]}, "properties": {"kind": "drone", "drone_id": 20, "frame": 148, "time_s": 148.0, "timestamp": "2025-01-01T00:02:28", "mode": "MIN_MAX", "is_static": false, "battery": 27.651006711408893}}, {"type": "Feature", "geometry": {"type": "Point", "coordinates": [961972.6686065281, 1951730.1136619265]}, "properties": {"kind": "base_A", "drone_id": 0, "frame": 148, "time_s": 148.0, "timestamp": "2025-01-01T00:02:28", "mode": "MIN_MAX", "is_static": true, "battery": 50.0}}, {"type": "Feature", "geometry": {"type": "Point", "coordinates": [966389.3981658287, 1948730.1136619265]}, "properties": {"kind": "base_B", "drone_id": 0, "frame": 148, "time_s": 148.0, "timestamp": "2025-01-01T00:02:28", "mode": "MIN_MAX", "is_static": true, "battery": 50.0}}, {"type": "Feature", "geometry": {"type": "Point", "coordinates": [965387.2830557353, 1949608.6850904978]}, "properties": {"kind": "drone", "drone_id": 1, "frame": 149, "time_s": 149.0, "timestamp": "2025-01-01T00:02:29", "mode": "MIN_MAX", "is_static": false, "battery": 34.99999999999965}}, {"type": "Feature", "geometry": {"type": "Point", "coordinates": [966222.3789808131, 1949276.542233355]}, "properties": {"kind": "drone", "drone_id": 2, "frame": 149, "time_s": 149.0, "timestamp": "2025-01-01T00:02:29", "mode": "MIN_MAX", "is_static": false, "battery": 43.99999999999942}}, {"type": "Feature", "geometry": {"type": "Point", "coordinates": [963809.8796416994, 1950519.3993762122]}, "properties": {"kind": "drone", "drone_id": 3, "frame": 149, "time_s": 149.0, "timestamp": "2025-01-01T00:02:29", "mode": "MIN_MAX", "is_static": false, "battery": 45.49999999999981}}, {"type": "Feature", "geometry": {"type": "Point", "coordinates": [962121.1301043197, 1951494.3993762122]}, "properties": {"kind": "drone", "drone_id": 4, "frame": 149, "time_s": 149.0, "timestamp": "2025-01-01T00:02:29", "mode": "MIN_MAX", "is_static": false, "battery": 43.99999999999981}}, {"type": "Feature", "geometry": {"type": "Point", "coordinates": [966389.3981658287, 1949051.542233355]}, "properties": {"kind": "drone", "drone_id": 5, "frame": 149, "time_s": 149.0, "timestamp": "2025-01-01T00:02:29", "mode": "MIN_MAX", "is_static": false, "battery": 35.00000000000081}}, {"type": "Feature", "geometry": {"type": "Point", "coordinates": [965108.917747376, 1949769.3993762122]}, "properties": {"kind": "drone", "drone_id": 6, "frame": 149, "time_s": 149.0, "timestamp": "2025-01-01T00:02:29", "mode": "MIN_MAX", "is_static": false, "battery": 29.00000000000007}}, {"type": "Feature", "geometry": {"type": "Point", "coordinates": [963234.5913377568, 1951151.542233355]}, "properties": {"kind": "drone", "drone_id": 7, "frame": 149, "time_s": 149.0, "timestamp": "2025-01-01T00:02:29", "mode": "MIN_MAX", "is_static": false, "battery": 36.50000000000047}}, {"type": "Feature", "geometry": {"type": "Point", "coordinates": [964830.5524390168, 1949780.1136619265]}, "properties": {"kind": "drone", "drone_id": 8, "frame": 149, "time_s": 149.0, "timestamp": "2025-01-01T00:02:29", "mode": "MIN_MAX", "is_static": false, "battery": 27.49999999999988}}, {"type": "Feature", "geometry": {"type": "Point", "coordinates": [962956.2260293976, 1951312.2565190694]}, "properties": {"kind": "drone", "drone_id": 9, "frame": 149, "time_s": 149.0, "timestamp": "2025-01-01T00:02:29", "mode": "MIN_MAX", "is_static": false, "battery": 47.00000000000062}}, {"type": "Feature", "geometry": {"type": "Point", "coordinates": [965944.0136724538, 1949437.2565190694]}, "properties": {"kind": "drone", "drone_id": 10, "frame": 149, "time_s": 149.0, "timestamp": "2025-01-01T00:02:29", "mode": "MIN_MAX", "is_static": false, "battery": 48.49999999999981}}, {"type": "Feature", "geometry": {"type": "Point", "coordinates": [963995.4565139388, 1949662.2565190694]}, "properties": {"kind": "drone", "drone_id": 11, "frame": 149, "time_s": 149.0, "timestamp": "2025-01-01T00:02:29", "mode": "MIN_MAX", "is_static": false, "battery": 28.99999999999988}}, {"type": "Feature", "geometry": {"type": "Point", "coordinates": [963921.225765043, 1949940.8279476408]}, "properties": {"kind": "drone", "drone_id": 12, "frame": 149, "time_s": 149.0, "timestamp": "2025-01-01T00:02:29", "mode": "MIN_MAX", "is_static": false, "battery": 33.500000000000234}}, {"type": "Feature", "geometry": {"type": "Point", "coordinates": [963921.225765043, 1950262.2565190694]}, "properties": {"kind": "drone", "drone_id": 13, "frame": 149, "time_s": 149.0, "timestamp": "2025-01-01T00:02:29", "mode": "MIN_MAX", "is_static": false, "battery": 39.5}}, {"type": "Feature", "geometry": {"type": "Point", "coordinates": [963791.3219544754, 1950830.1136619265]}, "properties": {"kind": "drone", "drone_id": 14, "frame": 149, "time_s": 149.0, "timestamp": "2025-01-01T00:02:29", "mode": "MIN_MAX", "is_static": false, "battery": 44.00000000000082}}, {"type": "Feature", "geometry": {"type": "Point", "coordinates": [962399.4954126789, 1951526.542233355]}, "properties": {"kind": "drone", "drone_id": 15, "frame": 149, "time_s": 149.0, "timestamp": "2025-01-01T00:02:29", "mode": "MIN_MAX", "is_static": false, "battery": 39.500000000000625}}, {"type": "Feature", "geometry": {"type": "Point", "coordinates": [963531.5143333401, 1950980.1136619265]}, "properties": {"kind": "drone", "drone_id": 16, "frame": 149, "time_s": 149.0, "timestamp": "2025-01-01T00:02:29", "mode": "MIN_MAX", "is_static": false, "battery": 50.0}}, {"type": "Feature", "geometry": {"type": "Point", "coordinates": [964552.1871306574, 1949640.8279476408]}, "properties": {"kind": "drone", "drone_id": 17, "frame": 149, "time_s": 149.0, "timestamp": "2025-01-01T00:02:29", "mode": "MIN_MAX", "is_static": false, "battery": 27.499999999999492}}, {"type": "Feature", "geometry": {"type": "Point", "coordinates": [965665.6483640946, 1949597.9708047837]}, "properties": {"kind": "drone", "drone_id": 18, "frame": 149, "time_s": 149.0, "timestamp": "2025-01-01T00:02:29", "mode": "MIN_MAX", "is_static": false, "battery": 27.50000000000004}}, {"type": "Feature", "geometry": {"type": "Point", "coordinates": [962622.1876593664, 1951505.1136619265]}, "properties": {"kind": "drone", "drone_id": 19, "frame": 149, "time_s": 149.0, "timestamp": "2025-01-01T00:02:29", "mode": "MIN_MAX", "is_static": false, "battery": 50.0}}, {"type": "Feature", "geometry": {"type": "Point", "coordinates": [964273.8218222981, 1949651.542233355]}, "properties": {"kind": "drone", "drone_id": 20, "frame": 149, "time_s": 149.0, "timestamp": "2025-01-01T00:02:29", "mode": "MIN_MAX", "is_static": false, "battery": 27.499999999999684}}, {"type": "Feature", "geometry": {"type": "Point", "coordinates": [961972.6686065281, 1951730.1136619265]}, "properties": {"kind": "base_A", "drone_id": 0, "frame": 149, "time_s": 149.0, "timestamp": "2025-01-01T00:02:29", "mode": "MIN_MAX", "is_static": true, "battery": 50.0}}, {"type": "Feature", "geometry": {"type": "Point", "coordinates": [966389.3981658287, 1948730.1136619265]}, "properties": {"kind": "base_B", "drone_id": 0, "frame": 149, "time_s": 149.0, "timestamp": "2025-01-01T00:02:29", "mode": "MIN_MAX", "is_static": true, "battery": 50.0}}]}