{"type": "FeatureCollection", "features": [{"type": "Feature", "geometry": {"type": "Point", "coordinates": [966259.4943552611, 1950455.1136619265]}, "properties": {"kind": "drone", "drone_id": 1, "frame": 0, "time_s": 0.0, "timestamp": "2025-01-01T00:00:00", "mode": "SUM_MIN", "is_static": false, "battery": 50.0}}, {"type": "Feature", "geometry": {"type": "Point", "coordinates": [965869.782923558, 1948880.1136619265]}, "properties": {"kind": "drone", "drone_id": 2, "frame": 0, "time_s": 0.0, "timestamp": "2025-01-01T00:00:00", "mode": "SUM_MIN", "is_static": false, "battery": 50.0}}, {"type": "Feature", "geometry": {"type": "Point", "coordinates": [963921.225765043, 1950905.1136619265]}, "properties": {"kind": "drone", "drone_id": 3, "frame": 0, "time_s": 0.0, "timestamp": "2025-01-01T00:00:00", "mode": "SUM_MIN", "is_static": false, "battery": 50.0}}, {"type": "Feature", "geometry": {"type": "Point", "coordinates": [962232.4762276635, 1950980.1136619265]}, "properties": {"kind": "drone", "drone_id": 4, "frame": 0, "time_s": 0.0, "timestamp": "2025-01-01T00:00:00", "mode": "SUM_MIN", "is_static": false, "battery": 50.0}}, {"type": "Feature", "geometry": {"type": "Point", "coordinates": [966259.4943552611, 1949405.1136619265]}, "properties": {"kind": "drone", "drone_id": 5, "frame": 0, "time_s": 0.0, "timestamp": "2025-01-01T00:00:00", "mode": "SUM_MIN", "is_static": false, "battery": 50.0}}, {"type": "Feature", "geometry": {"type": "Point", "coordinates": [966389.3981658287, 1950680.1136619265]}, "properties": {"kind": "drone", "drone_id": 6, "frame": 0, "time_s": 0.0, "timestamp": "2025-01-01T00:00:00", "mode": "SUM_MIN", "is_static": false, "battery": 50.0}}, {"type": "Feature", "geometry": {"type": "Point", "coordinates": [962232.4762276635, 1950380.1136619265]}, "properties": {"kind": "drone", "drone_id": 7, "frame": 0, "time_s": 0.0, "timestamp": "2025-01-01T00:00:00", "mode": "SUM_MIN", "is_static": false, "battery": 50.0}}, {"type": "Feature", "geometry": {"type": "Point", "coordinates": [966259.4943552611, 1950605.1136619265]}, "properties": {"kind": "drone", "drone_id": 8, "frame": 0, "time_s": 0.0, "timestamp": "2025-01-01T00:00:00", "mode": "SUM_MIN", "is_static": false, "battery": 50.0}}, {"type": "Feature", "geometry": {"type": "Point", "coordinates": [962752.0914699341, 1951280.1136619265]}, "properties": {"kind": "drone", "drone_id": 9, "frame": 0, "time_s": 0.0, "timestamp": "2025-01-01T00:00:00", "mode": "SUM_MIN", "is_static": false, "battery": 50.0}}, {"type": "Feature", "geometry": {"type": "Point", "coordinates": [965869.782923558, 1949330.1136619265]}, "properties": {"kind": "drone", "drone_id": 10, "frame": 0, "time_s": 0.0, "timestamp": "2025-01-01T00:00:00", "mode": "SUM_MIN", "is_static": false, "battery": 50.0}}, {"type": "Feature", "geometry": {"type": "Point", "coordinates": [965480.0714918551, 1949105.1136619265]}, "properties": {"kind": "drone", "drone_id": 11, "frame": 0, "time_s": 0.0, "timestamp": "2025-01-01T00:00:00", "mode": "SUM_MIN", "is_static": false, "battery": 50.0}}, {"type": "Feature", "geometry": {"type": "Point", "coordinates": [963401.6105227724, 1948655.1136619265]}, "properties": {"kind": "drone", "drone_id": 12, "frame": 0, "time_s": 0.0, "timestamp": "2025-01-01T00:00:00", "mode": "SUM_MIN", "is_static": false, "battery": 50.0}}, {"type": "Feature", "geometry": {"type": "Point", "coordinates": [963921.225765043, 1949255.1136619265]}, "properties": {"kind": "drone", "drone_id": 13, "frame": 0, "time_s": 0.0, "timestamp": "2025-01-01T00:00:00", "mode": "SUM_MIN", "is_static": false, "battery": 50.0}}, {"type": "Feature", "geometry": {"type": "Point", "coordinates": [963661.4181439078, 1951355.1136619265]}, "properties": {"kind": "drone", "drone_id": 14, "frame": 0, "time_s": 0.0, "timestamp": "2025-01-01T00:00:00", "mode": "SUM_MIN", "is_static": false, "battery": 50.0}}, {"type": "Feature", "geometry": {"type": "Point", "coordinates": [962102.5724170958, 1950605.1136619265]}, "properties": {"kind": "drone", "drone_id": 15, "frame": 0, "time_s": 0.0, "timestamp": "2025-01-01T00:00:00", "mode": "SUM_MIN", "is_static": false, "battery": 50.0}}, {"type": "Feature", "geometry": {"type": "Point", "coordinates": [963531.5143333401, 1950980.1136619265]}, "properties": {"kind": "drone", "drone_id": 16, "frame": 0, "time_s": 0.0, "timestamp": "2025-01-01T00:00:00", "mode": "SUM_MIN", "is_static": false, "battery": 50.0}}, {"type": "Feature", "geometry": {"type": "Point", "coordinates": [966259.4943552611, 1950305.1136619265]}, "properties": {"kind": "drone", "drone_id": 17, "frame": 0, "time_s": 0.0, "timestamp": "2025-01-01T00:00:00", "mode": "SUM_MIN", "is_static": false, "battery": 50.0}}, {"type": "Feature", "geometry": {"type": "Point", "coordinates": [966259.4943552611, 1951505.1136619265]}, "properties": {"kind": "drone", "drone_id": 18, "frame": 0, "time_s": 0.0, "timestamp": "2025-01-01T00:00:00", "mode": "SUM_MIN", "is_static": false, "battery": 50.0}}, {"type": "Feature", "geometry": {"type": "Point", "coordinates": [962622.1876593664, 1951505.1136619265]}, "properties": {"kind": "drone", "drone_id": 19, "frame": 0, "time_s": 0.0, "timestamp": "2025-01-01T00:00:00", "mode": "SUM_MIN", "is_static": false, "battery": 50.0}}, {"type": "Feature", "geometry": {"type": "Point", "coordinates": [965090.360060152, 1948880.1136619265]}, "properties": {"kind": "drone", "drone_id": 20, "frame": 0, "time_s": 0.0, "timestamp": "2025-01-01T00:00:00", "mode": "SUM_MIN", "is_static": false, "battery": 50.0}}, {"type": "Feature", "geometry": {"type": "Point", "coordinates": [961972.6686065281, 1951730.1136619265]}, "properties": {"kind": "base_A", "drone_id": 0, "frame": 0, "time_s": 0.0, "timestamp": "2025-01-01T00:00:00", "mode": "SUM_MIN", "is_static": true, "battery": 50.0}}, {"type": "Feature", "geometry": {"type": "Point", "coordinates": [966389.3981658287, 1948730.1136619265]}, "properties": {"kind": "base_B", "drone_id": 0, "frame": 0, "time_s": 0.0, "timestamp": "2025-01-01T00:00:00", "mode": "SUM_MIN", "is_static": true, "battery": 50.0}}, {"type": "Feature", "geometry": {"type": "Point", "coordinates": [966259.4943552611, 1950453.6955845791]}, "properties": {"kind": "drone", "drone_id": 1, "frame": 1, "time_s": 1.0, "timestamp": "2025-01-01T00:00:01", "mode": "SUM_MIN", "is_static": false, "battery": 49.72818791946309}}, {"type": "Feature", "geometry": {"type": "Point", "coordinates": [965869.782923558, 1948883.5995853422]}, "properties": {"kind": "drone", "drone_id": 2, "frame": 1, "time_s": 1.0, "timestamp": "2025-01-01T00:00:01", "mode": "SUM_MIN", "is_static": false, "battery": 49.72818791946309}}, {"type": "Feature", "geometry": {"type": "Point", "coordinates": [963921.225765043, 1950900.262780458]}, "properties": {"kind": "drone", "drone_id": 3, "frame": 1, "time_s": 1.0, "timestamp": "2025-01-01T00:00:01", "mode": "SUM_MIN", "is_static": false, "battery": 49.72818791946309}}, {"type": "Feature", "geometry": {"type": "Point", "coordinates": [962232.4762276635, 1950983.639561258]}, "properties": {"kind": "drone", "drone_id": 4, "frame": 1, "time_s": 1.0, "timestamp": "2025-01-01T00:00:01", "mode": "SUM_MIN", "is_static": false, "battery": 49.72818791946309}}, {"type": "Feature", "geometry": {"type": "Point", "coordinates": [966259.8555584985, 1949404.9051211402]}, "properties": {"kind": "drone", "drone_id": 5, "frame": 1, "time_s": 1.0, "timestamp": "2025-01-01T00:00:01", "mode": "SUM_MIN", "is_static": false, "battery": 49.72818791946309}}, {"type": "Feature", "geometry": {"type": "Point", "coordinates": [966388.1505199549, 1950679.3933332453]}, "properties": {"kind": "drone", "drone_id": 6, "frame": 1, "time_s": 1.0, "timestamp": "2025-01-01T00:00:01", "mode": "SUM_MIN", "is_static": false, "battery": 49.72818791946309}}, {"type": "Feature", "geometry": {"type": "Point", "coordinates": [962233.8621873615, 1950380.9138461312]}, "properties": {"kind": "drone", "drone_id": 7, "frame": 1, "time_s": 1.0, "timestamp": "2025-01-01T00:00:01", "mode": "SUM_MIN", "is_static": false, "battery": 49.72818791946309}}, {"type": "Feature", "geometry": {"type": "Point", "coordinates": [966259.4943552611, 1950604.1365047817]}, "properties": {"kind": "drone", "drone_id": 8, "frame": 1, "time_s": 1.0, "timestamp": "2025-01-01T00:00:01", "mode": "SUM_MIN", "is_static": false, "battery": 49.72818791946309}}, {"type": "Feature", "geometry": {"type": "Point", "coordinates": [962756.815085641, 1951282.8408427264]}, "properties": {"kind": "drone", "drone_id": 9, "frame": 1, "time_s": 1.0, "timestamp": "2025-01-01T00:00:01", "mode": "SUM_MIN", "is_static": false, "battery": 49.72818791946309}}, {"type": "Feature", "geometry": {"type": "Point", "coordinates": [965876.2119485722, 1949339.3931602328]}, "properties": {"kind": "drone", "drone_id": 10, "frame": 1, "time_s": 1.0, "timestamp": "2025-01-01T00:00:01", "mode": "SUM_MIN", "is_static": false, "battery": 49.72818791946309}}, {"type": "Feature", "geometry": {"type": "Point", "coordinates": [965480.0714918551, 1949106.3498303655]}, "properties": {"kind": "drone", "drone_id": 11, "frame": 1, "time_s": 1.0, "timestamp": "2025-01-01T00:00:01", "mode": "SUM_MIN", "is_static": false, "battery": 49.72818791946309}}, {"type": "Feature", "geometry": {"type": "Point", "coordinates": [963401.6105227724, 1948656.3904531123]}, "properties": {"kind": "drone", "drone_id": 12, "frame": 1, "time_s": 1.0, "timestamp": "2025-01-01T00:00:01", "mode": "SUM_MIN", "is_static": false, "battery": 49.72818791946309}}, {"type": "Feature", "geometry": {"type": "Point", "coordinates": [963921.225765043, 1949257.10346822]}, "properties": {"kind": "drone", "drone_id": 13, "frame": 1, "time_s": 1.0, "timestamp": "2025-01-01T00:00:01", "mode": "SUM_MIN", "is_static": false, "battery": 49.72818791946309}}, {"type": "Feature", "geometry": {"type": "Point", "coordinates": [963661.4181439078, 1951351.5311380574]}, "properties": {"kind": "drone", "drone_id": 14, "frame": 1, "time_s": 1.0, "timestamp": "2025-01-01T00:00:01", "mode": "SUM_MIN", "is_static": false, "battery": 49.72818791946309}}, {"type": "Feature", "geometry": {"type": "Point", "coordinates": [962104.4422971539, 1950606.1932376814]}, "properties": {"kind": "drone", "drone_id": 15, "frame": 1, "time_s": 1.0, "timestamp": "2025-01-01T00:00:01", "mode": "SUM_MIN", "is_static": false, "battery": 49.72818791946309}}, {"type": "Feature", "geometry": {"type": "Point", "coordinates": [963531.5143333401, 1950980.1136619265]}, "properties": {"kind": "drone", "drone_id": 16, "frame": 1, "time_s": 1.0, "timestamp": "2025-01-01T00:00:01", "mode": "SUM_MIN", "is_static": false, "battery": 50.0}}, {"type": "Feature", "geometry": {"type": "Point", "coordinates": [966258.6436809836, 1950304.6225249034]}, "properties": {"kind": "drone", "drone_id": 17, "frame": 1, "time_s": 1.0, "timestamp": "2025-01-01T00:00:01", "mode": "SUM_MIN", "is_static": false, "battery": 49.72818791946309}}, {"type": "Feature", "geometry": {"type": "Point", "coordinates": [966259.4943552611, 1951504.5633948932]}, "properties": {"kind": "drone", "drone_id": 18, "frame": 1, "time_s": 1.0, "timestamp": "2025-01-01T00:00:01", "mode": "SUM_MIN", "is_static": false, "battery": 49.72818791946309}}, {"type": "Feature", "geometry": {"type": "Point", "coordinates": [962622.1876593664, 1951505.1136619265]}, "properties": {"kind": "drone", "drone_id": 19, "frame": 1, "time_s": 1.0, "timestamp": "2025-01-01T00:00:01", "mode": "SUM_MIN", "is_static": false, "battery": 50.0}}, {"type": "Feature", "geometry": {"type": "Point", "coordinates": [965090.360060152, 1948881.7077312425]}, "properties": {"kind": "drone", "drone_id": 20, "frame": 1, "time_s": 1.0, "timestamp": "2025-01-01T00:00:01", "mode": "SUM_MIN", "is_static": false, "battery": 49.72818791946309}}, {"type": "Feature", "geometry": {"type": "Point", "coordinates": [961972.6686065281, 1951730.1136619265]}, "properties": {"kind": "base_A", "drone_id": 0, "frame": 1, "time_s": 1.0, "timestamp": "2025-01-01T00:00:01", "mode": "SUM_MIN", "is_static": true, "battery": 50.0}}, {"type": "Feature", "geometry": {"type": "Point", "coordinates": [966389.3981658287, 1948730.1136619265]}, "properties": {"kind": "base_B", "drone_id": 0, "frame": 1, "time_s": 1.0, "timestamp": "2025-01-01T00:00:01", "mode": "SUM_MIN", "is_static": true, "battery": 50.0}}, {"type": "Feature", "geometry": {"type": "Point", "coordinates": [966259.4943552611, 1950449.5107150164]}, "properties": {"kind": "drone", "drone_id": 1, "frame": 2, "time_s": 2.0, "timestamp": "2025-01-01T00:00:02", "mode": "SUM_MIN", "is_static": false, "battery": 49.45637583892617}}, {"type": "Feature", "geometry": {"type": "Point", "coordinates": [965869.782923558, 1948893.6231229147]}, "properties": {"kind": "drone", "drone_id": 2, "frame": 2, "time_s": 2.0, "timestamp": "2025-01-01T00:00:02", "mode": "SUM_MIN", "is_static": false, "battery": 49.45637583892617}}, {"type": "Feature", "geometry": {"type": "Point", "coordinates": [963921.225765043, 1950886.5242700055]}, "properties": {"kind": "drone", "drone_id": 3, "frame": 2, "time_s": 2.0, "timestamp": "2025-01-01T00:00:02", "mode": "SUM_MIN", "is_static": false, "battery": 49.45637583892617}}, {"type": "Feature", "geometry": {"type": "Point", "coordinates": [962232.4762276635, 1950993.778046879]}, "properties": {"kind": "drone", "drone_id": 4, "frame": 2, "time_s": 2.0, "timestamp": "2025-01-01T00:00:02", "mode": "SUM_MIN", "is_static": false, "battery": 49.45637583892617}}, {"type": "Feature", "geometry": {"type": "Point", "coordinates": [966260.9215006612, 1949404.2896991456]}, "properties": {"kind": "drone", "drone_id": 5, "frame": 2, "time_s": 2.0, "timestamp": "2025-01-01T00:00:02", "mode": "SUM_MIN", "is_static": false, "battery": 49.45637583892617}}, {"type": "Feature", "geometry": {"type": "Point", "coordinates": [966384.4686084902, 1950677.26758067]}, "properties": {"kind": "drone", "drone_id": 6, "frame": 2, "time_s": 2.0, "timestamp": "2025-01-01T00:00:02", "mode": "SUM_MIN", "is_static": false, "battery": 49.45637583892617}}, {"type": "Feature", "geometry": {"type": "Point", "coordinates": [962237.9446400774, 1950383.2708513057]}, "properties": {"kind": "drone", "drone_id": 7, "frame": 2, "time_s": 2.0, "timestamp": "2025-01-01T00:00:02", "mode": "SUM_MIN", "is_static": false, "battery": 49.45637583892617}}, {"type": "Feature", "geometry": {"type": "Point", "coordinates": [966259.4943552611, 1950601.2367678147]}, "properties": {"kind": "drone", "drone_id": 8, "frame": 2, "time_s": 2.0, "timestamp": "2025-01-01T00:00:02", "mode": "SUM_MIN", "is_static": false, "battery": 49.45637583892617}}, {"type": "Feature", "geometry": {"type": "Point", "coordinates": [962769.7712887229, 1951290.3211100635]}, "properties": {"kind": "drone", "drone_id": 9, "frame": 2, "time_s": 2.0, "timestamp": "2025-01-01T00:00:02", "mode": "SUM_MIN", "is_static": false, "battery": 49.45637583892617}}, {"type": "Feature", "geometry": {"type": "Point", "coordinates": [965891.965513683, 1949362.1314728765]}, "properties": {"kind": "drone", "drone_id": 10, "frame": 2, "time_s": 2.0, "timestamp": "2025-01-01T00:00:02", "mode": "SUM_MIN", "is_static": false, "battery": 49.45637583892617}}, {"type": "Feature", "geometry": {"type": "Point", "coordinates": [965480.0714918551, 1949110.0080508648]}, "properties": {"kind": "drone", "drone_id": 11, "frame": 2, "time_s": 2.0, "timestamp": "2025-01-01T00:00:02", "mode": "SUM_MIN", "is_static": false, "battery": 49.45637583892617}}, {"type": "Feature", "geometry": {"type": "Point", "coordinates": [963401.6105227724, 1948660.1641154021]}, "properties": {"kind": "drone", "drone_id": 12, "frame": 2, "time_s": 2.0, "timestamp": "2025-01-01T00:00:02", "mode": "SUM_MIN", "is_static": false, "battery": 49.45637583892617}}, {"type": "Feature", "geometry": {"type": "Point", "coordinates": [963921.225765043, 1949262.933115341]}, "properties": {"kind": "drone", "drone_id": 13, "frame": 2, "time_s": 2.0, "timestamp": "2025-01-01T00:00:02", "mode": "SUM_MIN", "is_static": false, "battery": 49.45637583892617}}, {"type": "Feature", "geometry": {"type": "Point", "coordinates": [963661.4181439078, 1951341.2298323994]}, "properties": {"kind": "drone", "drone_id": 14, "frame": 2, "time_s": 2.0, "timestamp": "2025-01-01T00:00:02", "mode": "SUM_MIN", "is_static": false, "battery": 49.45637583892617}}, {"type": "Feature", "geometry": {"type": "Point", "coordinates": [962109.920589656, 1950609.3561313322]}, "properties": {"kind": "drone", "drone_id": 15, "frame": 2, "time_s": 2.0, "timestamp": "2025-01-01T00:00:02", "mode": "SUM_MIN", "is_static": false, "battery": 49.45637583892617}}, {"type": "Feature", "geometry": {"type": "Point", "coordinates": [963531.5143333401, 1950980.1136619265]}, "properties": {"kind": "drone", "drone_id": 16, "frame": 2, "time_s": 2.0, "timestamp": "2025-01-01T00:00:02", "mode": "SUM_MIN", "is_static": false, "battery": 50.0}}, {"type": "Feature", "geometry": {"type": "Point", "coordinates": [966256.1192849206, 1950303.165064157]}, "properties": {"kind": "drone", "drone_id": 17, "frame": 2, "time_s": 2.0, "timestamp": "2025-01-01T00:00:02", "mode": "SUM_MIN", "is_static": false, "battery": 49.45637583892617}}, {"type": "Feature", "geometry": {"type": "Point", "coordinates": [966259.4943552611, 1951502.9224862345]}, "properties": {"kind": "drone", "drone_id": 18, "frame": 2, "time_s": 2.0, "timestamp": "2025-01-01T00:00:02", "mode": "SUM_MIN", "is_static": false, "battery": 49.45637583892617}}, {"type": "Feature", "geometry": {"type": "Point", "coordinates": [962622.1876593664, 1951505.1136619265]}, "properties": {"kind": "drone", "drone_id": 19, "frame": 2, "time_s": 2.0, "timestamp": "2025-01-01T00:00:02", "mode": "SUM_MIN", "is_static": false, "battery": 50.0}}, {"type": "Feature", "geometry": {"type": "Point", "coordinates": [965090.360060152, 1948886.4031871192]}, "properties": {"kind": "drone", "drone_id": 20, "frame": 2, "time_s": 2.0, "timestamp": "2025-01-01T00:00:02", "mode": "SUM_MIN", "is_static": false, "battery": 49.45637583892617}}, {"type": "Feature", "geometry": {"type": "Point", "coordinates": [961972.6686065281, 1951730.1136619265]}, "properties": {"kind": "base_A", "drone_id": 0, "frame": 2, "time_s": 2.0, "timestamp": "2025-01-01T00:00:02", "mode": "SUM_MIN", "is_static": true, "battery": 50.0}}, {"type": "Feature", "geometry": {"type": "Point", "coordinates": [966389.3981658287, 1948730.1136619265]}, "properties": {"kind": "base_B", "drone_id": 0, "frame": 2, "time_s": 2.0, "timestamp": "2025-01-01T00:00:02", "mode": "SUM_MIN", "is_static": true, "battery": 50.0}}, {"type": "Feature", "geometry": {"type": "Point", "coordinates": [966259.4943552611, 1950442.6630969562]}, "properties": {"kind": "drone", "drone_id": 1, "frame": 3, "time_s": 3.0, "timestamp": "2025-01-01T00:00:03", "mode": "SUM_MIN", "is_static": false, "battery": 49.18456375838926}}, {"type": "Feature", "geometry": {"type": "Point", "coordinates": [965869.782923558, 1948909.5329256323]}, "properties": {"kind": "drone", "drone_id": 2, "frame": 3, "time_s": 3.0, "timestamp": "2025-01-01T00:00:03", "mode": "SUM_MIN", "is_static": false, "battery": 49.18456375838926}}, {"type": "Feature", "geometry": {"type": "Point", "coordinates": [963921.225765043, 1950865.1193314977]}, "properties": {"kind": "drone", "drone_id": 3, "frame": 3, "time_s": 3.0, "timestamp": "2025-01-01T00:00:03", "mode": "SUM_MIN", "is_static": false, "battery": 49.18456375838926}}, {"type": "Feature", "geometry": {"type": "Point", "coordinates": [962232.4762276635, 1951009.8703002294]}, "properties": {"kind": "drone", "drone_id": 4, "frame": 3, "time_s": 3.0, "timestamp": "2025-01-01T00:00:03", "mode": "SUM_MIN", "is_static": false, "battery": 49.18456375838926}}, {"type": "Feature", "geometry": {"type": "Point", "coordinates": [966262.6656804245, 1949403.2826964897]}, "properties": {"kind": "drone", "drone_id": 5, "frame": 3, "time_s": 3.0, "timestamp": "2025-01-01T00:00:03", "mode": "SUM_MIN", "is_static": false, "battery": 49.18456375838926}}, {"type": "Feature", "geometry": {"type": "Point", "coordinates": [966378.44397067, 1950673.789254403]}, "properties": {"kind": "drone", "drone_id": 6, "frame": 3, "time_s": 3.0, "timestamp": "2025-01-01T00:00:03", "mode": "SUM_MIN", "is_static": false, "battery": 49.18456375838926}}, {"type": "Feature", "geometry": {"type": "Point", "coordinates": [962244.6104462441, 1950387.1193562904]}, "properties": {"kind": "drone", "drone_id": 7, "frame": 3, "time_s": 3.0, "timestamp": "2025-01-01T00:00:03", "mode": "SUM_MIN", "is_static": false, "battery": 49.18456375838926}}, {"type": "Feature", "geometry": {"type": "Point", "coordinates": [966259.4943552611, 1950596.462052727]}, "properties": {"kind": "drone", "drone_id": 8, "frame": 3, "time_s": 3.0, "timestamp": "2025-01-01T00:00:03", "mode": "SUM_MIN", "is_static": false, "battery": 49.18456375838926}}, {"type": "Feature", "geometry": {"type": "Point", "coordinates": [962789.1381131214, 1951301.5025513433]}, "properties": {"kind": "drone", "drone_id": 9, "frame": 3, "time_s": 3.0, "timestamp": "2025-01-01T00:00:03", "mode": "SUM_MIN", "is_static": false, "battery": 49.18456375838926}}, {"type": "Feature", "geometry": {"type": "Point", "coordinates": [965911.7433539936, 1949390.6783264447]}, "properties": {"kind": "drone", "drone_id": 10, "frame": 3, "time_s": 3.0, "timestamp": "2025-01-01T00:00:03", "mode": "SUM_MIN", "is_static": false, "battery": 49.18456375838926}}, {"type": "Feature", "geometry": {"type": "Point", "coordinates": [965480.0714918551, 1949116.0128961978]}, "properties": {"kind": "drone", "drone_id": 11, "frame": 3, "time_s": 3.0, "timestamp": "2025-01-01T00:00:03", "mode": "SUM_MIN", "is_static": false, "battery": 49.18456375838926}}, {"type": "Feature", "geometry": {"type": "Point", "coordinates": [963401.6105227724, 1948666.3495818938]}, "properties": {"kind": "drone", "drone_id": 12, "frame": 3, "time_s": 3.0, "timestamp": "2025-01-01T00:00:03", "mode": "SUM_MIN", "is_static": false, "battery": 49.18456375838926}}, {"type": "Feature", "geometry": {"type": "Point", "coordinates": [963921.225765043, 1949272.392945651]}, "properties": {"kind": "drone", "drone_id": 13, "frame": 3, "time_s": 3.0, "timestamp": "2025-01-01T00:00:03", "mode": "SUM_MIN", "is_static": false, "battery": 49.18456375838926}}, {"type": "Feature", "geometry": {"type": "Point", "coordinates": [963661.4181439078, 1951324.8791438763]}, "properties": {"kind": "drone", "drone_id": 14, "frame": 3, "time_s": 3.0, "timestamp": "2025-01-01T00:00:03", "mode": "SUM_MIN", "is_static": false, "battery": 49.18456375838926}}, {"type": "Feature", "geometry": {"type": "Point", "coordinates": [962118.8102730935, 1950614.4885924577]}, "properties": {"kind": "drone", "drone_id": 15, "frame": 3, "time_s": 3.0, "timestamp": "2025-01-01T00:00:03", "mode": "SUM_MIN", "is_static": false, "battery": 49.18456375838926}}, {"type": "Feature", "geometry": {"type": "Point", "coordinates": [963531.5143333401, 1950980.1136619265]}, "properties": {"kind": "drone", "drone_id": 16, "frame": 3, "time_s": 3.0, "timestamp": "2025-01-01T00:00:03", "mode": "SUM_MIN", "is_static": false, "battery": 50.0}}, {"type": "Feature", "geometry": {"type": "Point", "coordinates": [966251.9626072265, 1950300.7652051712]}, "properties": {"kind": "drone", "drone_id": 17, "frame": 3, "time_s": 3.0, "timestamp": "2025-01-01T00:00:03", "mode": "SUM_MIN", "is_static": false, "battery": 49.18456375838926}}, {"type": "Feature", "geometry": {"type": "Point", "coordinates": [966259.4943552611, 1951500.2057746116]}, "properties": {"kind": "drone", "drone_id": 18, "frame": 3, "time_s": 3.0, "timestamp": "2025-01-01T00:00:03", "mode": "SUM_MIN", "is_static": false, "battery": 49.18456375838926}}, {"type": "Feature", "geometry": {"type": "Point", "coordinates": [962622.1876593664, 1951505.1136619265]}, "properties": {"kind": "drone", "drone_id": 19, "frame": 3, "time_s": 3.0, "timestamp": "2025-01-01T00:00:03", "mode": "SUM_MIN", "is_static": false, "battery": 50.0}}, {"type": "Feature", "geometry": {"type": "Point", "coordinates": [965090.360060152, 1948894.0699014487]}, "properties": {"kind": "drone", "drone_id": 20, "frame": 3, "time_s": 3.0, "timestamp": "2025-01-01T00:00:03", "mode": "SUM_MIN", "is_static": false, "battery": 49.18456375838926}}, {"type": "Feature", "geometry": {"type": "Point", "coordinates": [961972.6686065281, 1951730.1136619265]}, "properties": {"kind": "base_A", "drone_id": 0, "frame": 3, "time_s": 3.0, "timestamp": "2025-01-01T00:00:03", "mode": "SUM_MIN", "is_static": true, "battery": 50.0}}, {"type": "Feature", "geometry": {"type": "Point", "coordinates": [966389.3981658287, 1948730.1136619265]}, "properties": {"kind": "base_B", "drone_id": 0, "frame": 3, "time_s": 3.0, "timestamp": "2025-01-01T00:00:03", "mode": "SUM_MIN", "is_static": true, "battery": 50.0}}, {"type": "Feature", "geometry": {"type": "Point", "coordinates": [966259.4943552611, 1950433.2567741172]}, "properties": {"kind": "drone", "drone_id": 1, "frame": 4, "time_s": 4.0, "timestamp": "2025-01-01T00:00:04", "mode": "SUM_MIN", "is_static": false, "battery": 48.91275167785234}}, {"type": "Feature", "geometry": {"type": "Point", "coordinates": [965869.782923558, 1948930.6776444828]}, "properties": {"kind": "drone", "drone_id": 2, "frame": 4, "time_s": 4.0, "timestamp": "2025-01-01T00:00:04", "mode": "SUM_MIN", "is_static": false, "battery": 48.91275167785234}}, {"type": "Feature", "geometry": {"type": "Point", "coordinates": [963921.225765043, 1950837.2691658642]}, "properties": {"kind": "drone", "drone_id": 3, "frame": 4, "time_s": 4.0, "timestamp": "2025-01-01T00:00:04", "mode": "SUM_MIN", "is_static": false, "battery": 48.91275167785234}}, {"type": "Feature", "geometry": {"type": "Point", "coordinates": [962232.4762276635, 1951031.2575027489]}, "properties": {"kind": "drone", "drone_id": 4, "frame": 4, "time_s": 4.0, "timestamp": "2025-01-01T00:00:04", "mode": "SUM_MIN", "is_static": false, "battery": 48.91275167785234}}, {"type": "Feature", "geometry": {"type": "Point", "coordinates": [966265.0615964641, 1949401.8994137193]}, "properties": {"kind": "drone", "drone_id": 5, "frame": 4, "time_s": 4.0, "timestamp": "2025-01-01T00:00:04", "mode": "SUM_MIN", "is_static": false, "battery": 48.91275167785234}}, {"type": "Feature", "geometry": {"type": "Point", "coordinates": [966370.1681457297, 1950669.0112046457]}, "properties": {"kind": "drone", "drone_id": 6, "frame": 4, "time_s": 4.0, "timestamp": "2025-01-01T00:00:04", "mode": "SUM_MIN", "is_static": false, "battery": 48.91275167785234}}, {"type": "Feature", "geometry": {"type": "Point", "coordinates": [962253.7464662943, 1950392.3940399257]}, "properties": {"kind": "drone", "drone_id": 7, "frame": 4, "time_s": 4.0, "timestamp": "2025-01-01T00:00:04", "mode": "SUM_MIN", "is_static": false, "battery": 48.91275167785234}}, {"type": "Feature", "geometry": {"type": "Point", "coordinates": [966259.4943552611, 1950589.8599612194]}, "properties": {"kind": "drone", "drone_id": 8, "frame": 4, "time_s": 4.0, "timestamp": "2025-01-01T00:00:04", "mode": "SUM_MIN", "is_static": false, "battery": 48.91275167785234}}, {"type": "Feature", "geometry": {"type": "Point", "coordinates": [962813.093592778, 1951315.3332539715]}, "properties": {"kind": "drone", "drone_id": 9, "frame": 4, "time_s": 4.0, "timestamp": "2025-01-01T00:00:04", "mode": "SUM_MIN", "is_static": false, "battery": 48.91275167785234}}, {"type": "Feature", "geometry": {"type": "Point", "coordinates": [965930.2452046068, 1949417.3834475249]}, "properties": {"kind": "drone", "drone_id": 10, "frame": 4, "time_s": 4.0, "timestamp": "2025-01-01T00:00:04", "mode": "SUM_MIN", "is_static": false, "battery": 48.91275167785234}}, {"type": "Feature", "geometry": {"type": "Point", "coordinates": [965480.0714918551, 1949124.2889391372]}, "properties": {"kind": "drone", "drone_id": 11, "frame": 4, "time_s": 4.0, "timestamp": "2025-01-01T00:00:04", "mode": "SUM_MIN", "is_static": false, "battery": 48.91275167785234}}, {"type": "Feature", "geometry": {"type": "Point", "coordinates": [963401.6105227724, 1948674.8617856854]}, "properties": {"kind": "drone", "drone_id": 12, "frame": 4, "time_s": 4.0, "timestamp": "2025-01-01T00:00:04", "mode": "SUM_MIN", "is_static": false, "battery": 48.91275167785234}}, {"type": "Feature", "geometry": {"type": "Point", "coordinates": [963921.225765043, 1949285.273301511]}, "properties": {"kind": "drone", "drone_id": 13, "frame": 4, "time_s": 4.0, "timestamp": "2025-01-01T00:00:04", "mode": "SUM_MIN", "is_static": false, "battery": 48.91275167785234}}, {"type": "Feature", "geometry": {"type": "Point", "coordinates": [963661.4181439078, 1951303.148471411]}, "properties": {"kind": "drone", "drone_id": 14, "frame": 4, "time_s": 4.0, "timestamp": "2025-01-01T00:00:04", "mode": "SUM_MIN", "is_static": false, "battery": 48.91275167785234}}, {"type": "Feature", "geometry": {"type": "Point", "coordinates": [962130.9143259578, 1950621.4768706374]}, "properties": {"kind": "drone", "drone_id": 15, "frame": 4, "time_s": 4.0, "timestamp": "2025-01-01T00:00:04", "mode": "SUM_MIN", "is_static": false, "battery": 48.91275167785234}}, {"type": "Feature", "geometry": {"type": "Point", "coordinates": [963531.5143333401, 1950980.1136619265]}, "properties": {"kind": "drone", "drone_id": 16, "frame": 4, "time_s": 4.0, "timestamp": "2025-01-01T00:00:04", "mode": "SUM_MIN", "is_static": false, "battery": 50.0}}, {"type": "Feature", "geometry": {"type": "Point", "coordinates": [966246.2150880552, 1950297.4468734306]}, "properties": {"kind": "drone", "drone_id": 17, "frame": 4, "time_s": 4.0, "timestamp": "2025-01-01T00:00:04", "mode": "SUM_MIN", "is_static": false, "battery": 48.91275167785234}}, {"type": "Feature", "geometry": {"type": "Point", "coordinates": [966259.4943552611, 1951496.4280986865]}, "properties": {"kind": "drone", "drone_id": 18, "frame": 4, "time_s": 4.0, "timestamp": "2025-01-01T00:00:04", "mode": "SUM_MIN", "is_static": false, "battery": 48.91275167785234}}, {"type": "Feature", "geometry": {"type": "Point", "coordinates": [962622.1876593664, 1951505.1136619265]}, "properties": {"kind": "drone", "drone_id": 19, "frame": 4, "time_s": 4.0, "timestamp": "2025-01-01T00:00:04", "mode": "SUM_MIN", "is_static": false, "battery": 50.0}}, {"type": "Feature", "geometry": {"type": "Point", "coordinates": [965090.360060152, 1948904.577746124]}, "properties": {"kind": "drone", "drone_id": 20, "frame": 4, "time_s": 4.0, "timestamp": "2025-01-01T00:00:04", "mode": "SUM_MIN", "is_static": false, "battery": 48.91275167785234}}, {"type": "Feature", "geometry": {"type": "Point", "coordinates": [961972.6686065281, 1951730.1136619265]}, "properties": {"kind": "base_A", "drone_id": 0, "frame": 4, "time_s": 4.0, "timestamp": "2025-01-01T00:00:04", "mode": "SUM_MIN", "is_static": true, "battery": 50.0}}, {"type": "Feature", "geometry": {"type": "Point", "coordinates": [966389.3981658287, 1948730.1136619265]}, "properties": {"kind": "base_B", "drone_id": 0, "frame": 4, "time_s": 4.0, "timestamp": "2025-01-01T00:00:04", "mode": "SUM_MIN", "is_static": true, "battery": 50.0}}, {"type": "Feature", "geometry": {"type": "Point", "coordinates": [966259.4943552611, 1950421.3957902181]}, "properties": {"kind": "drone", "drone_id": 1, "frame": 5, "time_s": 5.0, "timestamp": "2025-01-01T00:00:05", "mode": "SUM_MIN", "is_static": false, "battery": 48.64093959731543}}, {"type": "Feature", "geometry": {"type": "Point", "coordinates": [965869.782923558, 1948956.4059304544]}, "properties": {"kind": "drone", "drone_id": 2, "frame": 5, "time_s": 5.0, "timestamp": "2025-01-01T00:00:05", "mode": "SUM_MIN", "is_static": false, "battery": 48.64093959731543}}, {"type": "Feature", "geometry": {"type": "Point", "coordinates": [963921.225765043, 1950804.1949740339]}, "properties": {"kind": "drone", "drone_id": 3, "frame": 5, "time_s": 5.0, "timestamp": "2025-01-01T00:00:05", "mode": "SUM_MIN", "is_static": false, "battery": 48.64093959731543}}, {"type": "Feature", "geometry": {"type": "Point", "coordinates": [962232.4762276635, 1951057.2808358774]}, "properties": {"kind": "drone", "drone_id": 4, "frame": 5, "time_s": 5.0, "timestamp": "2025-01-01T00:00:05", "mode": "SUM_MIN", "is_static": false, "battery": 48.64093959731543}}, {"type": "Feature", "geometry": {"type": "Point", "coordinates": [966268.0827474556, 1949400.1551513812]}, "properties": {"kind": "drone", "drone_id": 5, "frame": 5, "time_s": 5.0, "timestamp": "2025-01-01T00:00:05", "mode": "SUM_MIN", "is_static": false, "battery": 48.64093959731543}}, {"type": "Feature", "geometry": {"type": "Point", "coordinates": [966359.7326729045, 1950662.986281601]}, "properties": {"kind": "drone", "drone_id": 6, "frame": 5, "time_s": 5.0, "timestamp": "2025-01-01T00:00:05", "mode": "SUM_MIN", "is_static": false, "battery": 48.64093959731543}}, {"type": "Feature", "geometry": {"type": "Point", "coordinates": [962265.2395606609, 1950399.029581052]}, "properties": {"kind": "drone", "drone_id": 7, "frame": 5, "time_s": 5.0, "timestamp": "2025-01-01T00:00:05", "mode": "SUM_MIN", "is_static": false, "battery": 48.64093959731543}}, {"type": "Feature", "geometry": {"type": "Point", "coordinates": [966259.4943552611, 1950581.4780949936]}, "properties": {"kind": "drone", "drone_id": 8, "frame": 5, "time_s": 5.0, "timestamp": "2025-01-01T00:00:05", "mode": "SUM_MIN", "is_static": false, "battery": 48.64093959731543}}, {"type": "Feature", "geometry": {"type": "Point", "coordinates": [962839.8157616343, 1951330.761305354]}, "properties": {"kind": "drone", "drone_id": 9, "frame": 5, "time_s": 5.0, "timestamp": "2025-01-01T00:00:05", "mode": "SUM_MIN", "is_static": false, "battery": 48.64093959731543}}, {"type": "Feature", "geometry": {"type": "Point", "coordinates": [965942.1708006252, 1949434.5965627036]}, "properties": {"kind": "drone", "drone_id": 10, "frame": 5, "time_s": 5.0, "timestamp": "2025-01-01T00:00:05", "mode": "SUM_MIN", "is_static": false, "battery": 48.64093959731543}}, {"type": "Feature", "geometry": {"type": "Point", "coordinates": [965480.0714918551, 1949134.7607524567]}, "properties": {"kind": "drone", "drone_id": 11, "frame": 5, "time_s": 5.0, "timestamp": "2025-01-01T00:00:05", "mode": "SUM_MIN", "is_static": false, "battery": 48.64093959731543}}, {"type": "Feature", "geometry": {"type": "Point", "coordinates": [963401.6105227724, 1948685.6156598749]}, "properties": {"kind": "drone", "drone_id": 12, "frame": 5, "time_s": 5.0, "timestamp": "2025-01-01T00:00:05", "mode": "SUM_MIN", "is_static": false, "battery": 48.64093959731543}}, {"type": "Feature", "geometry": {"type": "Point", "coordinates": [963921.225765043, 1949301.3645252828]}, "properties": {"kind": "drone", "drone_id": 13, "frame": 5, "time_s": 5.0, "timestamp": "2025-01-01T00:00:05", "mode": "SUM_MIN", "is_static": false, "battery": 48.64093959731543}}, {"type": "Feature", "geometry": {"type": "Point", "coordinates": [963661.4181439078, 1951276.707213928]}, "properties": {"kind": "drone", "drone_id": 14, "frame": 5, "time_s": 5.0, "timestamp": "2025-01-01T00:00:05", "mode": "SUM_MIN", "is_static": false, "battery": 48.64093959731543}}, {"type": "Feature", "geometry": {"type": "Point", "coordinates": [962146.0357267403, 1950630.2072154495]}, "properties": {"kind": "drone", "drone_id": 15, "frame": 5, "time_s": 5.0, "timestamp": "2025-01-01T00:00:05", "mode": "SUM_MIN", "is_static": false, "battery": 48.64093959731543}}, {"type": "Feature", "geometry": {"type": "Point", "coordinates": [963531.5143333401, 1950980.1136619265]}, "properties": {"kind": "drone", "drone_id": 16, "frame": 5, "time_s": 5.0, "timestamp": "2025-01-01T00:00:05", "mode": "SUM_MIN", "is_static": false, "battery": 50.0}}, {"type": "Feature", "geometry": {"type": "Point", "coordinates": [966238.9181675613, 1950293.2339944192]}, "properties": {"kind": "drone", "drone_id": 17, "frame": 5, "time_s": 5.0, "timestamp": "2025-01-01T00:00:05", "mode": "SUM_MIN", "is_static": false, "battery": 48.64093959731543}}, {"type": "Feature", "geometry": {"type": "Point", "coordinates": [966259.4943552611, 1951491.6042971206]}, "properties": {"kind": "drone", "drone_id": 18, "frame": 5, "time_s": 5.0, "timestamp": "2025-01-01T00:00:05", "mode": "SUM_MIN", "is_static": false, "battery": 48.64093959731543}}, {"type": "Feature", "geometry": {"type": "Point", "coordinates": [962622.1876593664, 1951505.1136619265]}, "properties": {"kind": "drone", "drone_id": 19, "frame": 5, "time_s": 5.0, "timestamp": "2025-01-01T00:00:05", "mode": "SUM_MIN", "is_static": false, "battery": 50.0}}, {"type": "Feature", "geometry": {"type": "Point", "coordinates": [965090.360060152, 1948917.7965930374]}, "properties": {"kind": "drone", "drone_id": 20, "frame": 5, "time_s": 5.0, "timestamp": "2025-01-01T00:00:05", "mode": "SUM_MIN", "is_static": false, "battery": 48.64093959731543}}, {"type": "Feature", "geometry": {"type": "Point", "coordinates": [961972.6686065281, 1951730.1136619265]}, "properties": {"kind": "base_A", "drone_id": 0, "frame": 5, "time_s": 5.0, "timestamp": "2025-01-01T00:00:05", "mode": "SUM_MIN", "is_static": true, "battery": 50.0}}, {"type": "Feature", "geometry": {"type": "Point", "coordinates": [966389.3981658287, 1948730.1136619265]}, "properties": {"kind": "base_B", "drone_id": 0, "frame": 5, "time_s": 5.0, "timestamp": "2025-01-01T00:00:05", "mode": "SUM_MIN", "is_static": true, "battery": 50.0}}, {"type": "Feature", "geometry": {"type": "Point", "coordinates": [966259.4943552611, 1950407.184188977]}, "properties": {"kind": "drone", "drone_id": 1, "frame": 6, "time_s": 6.0, "timestamp": "2025-01-01T00:00:06", "mode": "SUM_MIN", "is_static": false, "battery": 48.36912751677851}}, {"type": "Feature", "geometry": {"type": "Point", "coordinates": [965869.782923558, 1948986.066434535]}, "properties": {"kind": "drone", "drone_id": 2, "frame": 6, "time_s": 6.0, "timestamp": "2025-01-01T00:00:06", "mode": "SUM_MIN", "is_static": false, "battery": 48.36912751677851}}, {"type": "Feature", "geometry": {"type": "Point", "coordinates": [963921.225765043, 1950767.117956936]}, "properties": {"kind": "drone", "drone_id": 3, "frame": 6, "time_s": 6.0, "timestamp": "2025-01-01T00:00:06", "mode": "SUM_MIN", "is_static": false, "battery": 48.36912751677851}}, {"type": "Feature", "geometry": {"type": "Point", "coordinates": [962232.4762276635, 1951087.2814810546]}, "properties": {"kind": "drone", "drone_id": 4, "frame": 6, "time_s": 6.0, "timestamp": "2025-01-01T00:00:06", "mode": "SUM_MIN", "is_static": false, "battery": 48.36912751677851}}, {"type": "Feature", "geometry": {"type": "Point", "coordinates": [966271.7026320741, 1949398.065210022]}, "properties": {"kind": "drone", "drone_id": 5, "frame": 6, "time_s": 6.0, "timestamp": "2025-01-01T00:00:06", "mode": "SUM_MIN", "is_static": false, "battery": 48.36912751677851}}, {"type": "Feature", "geometry": {"type": "Point", "coordinates": [966347.2290914296, 1950655.7673354708]}, "properties": {"kind": "drone", "drone_id": 6, "frame": 6, "time_s": 6.0, "timestamp": "2025-01-01T00:00:06", "mode": "SUM_MIN", "is_static": false, "battery": 48.36912751677851}}, {"type": "Feature", "geometry": {"type": "Point", "coordinates": [962278.9765897767, 1950406.96065851]}, "properties": {"kind": "drone", "drone_id": 7, "frame": 6, "time_s": 6.0, "timestamp": "2025-01-01T00:00:06", "mode": "SUM_MIN", "is_static": false, "battery": 48.36912751677851}}, {"type": "Feature", "geometry": {"type": "Point", "coordinates": [966259.4943552611, 1950571.3640557507]}, "properties": {"kind": "drone", "drone_id": 8, "frame": 6, "time_s": 6.0, "timestamp": "2025-01-01T00:00:06", "mode": "SUM_MIN", "is_static": false, "battery": 48.36912751677851}}, {"type": "Feature", "geometry": {"type": "Point", "coordinates": [962867.4826536321, 1951346.7347928965]}, "properties": {"kind": "drone", "drone_id": 9, "frame": 6, "time_s": 6.0, "timestamp": "2025-01-01T00:00:06", "mode": "SUM_MIN", "is_static": false, "battery": 48.36912751677851}}, {"type": "Feature", "geometry": {"type": "Point", "coordinates": [965944.0136724538, 1949437.2565190694]}, "properties": {"kind": "drone", "drone_id": 10, "frame": 6, "time_s": 6.0, "timestamp": "2025-01-01T00:00:06", "mode": "SUM_MIN", "is_static": false, "battery": 48.49999999999981}}, {"type": "Feature", "geometry": {"type": "Point", "coordinates": [965480.0714918551, 1949147.3529089293]}, "properties": {"kind": "drone", "drone_id": 11, "frame": 6, "time_s": 6.0, "timestamp": "2025-01-01T00:00:06", "mode": "SUM_MIN", "is_static": false, "battery": 48.36912751677851}}, {"type": "Feature", "geometry": {"type": "Point", "coordinates": [963401.6105227724, 1948698.5261375606]}, "properties": {"kind": "drone", "drone_id": 12, "frame": 6, "time_s": 6.0, "timestamp": "2025-01-01T00:00:06", "mode": "SUM_MIN", "is_static": false, "battery": 48.36912751677851}}, {"type": "Feature", "geometry": {"type": "Point", "coordinates": [963921.225765043, 1949320.4569593272]}, "properties": {"kind": "drone", "drone_id": 13, "frame": 6, "time_s": 6.0, "timestamp": "2025-01-01T00:00:06", "mode": "SUM_MIN", "is_static": false, "battery": 48.36912751677851}}, {"type": "Feature", "geometry": {"type": "Point", "coordinates": [963661.4181439078, 1951246.2247703504]}, "properties": {"kind": "drone", "drone_id": 14, "frame": 6, "time_s": 6.0, "timestamp": "2025-01-01T00:00:06", "mode": "SUM_MIN", "is_static": false, "battery": 48.36912751677851}}, {"type": "Feature", "geometry": {"type": "Point", "coordinates": [962163.9774539324, 1950640.5658764737]}, "properties": {"kind": "drone", "drone_id": 15, "frame": 6, "time_s": 6.0, "timestamp": "2025-01-01T00:00:06", "mode": "SUM_MIN", "is_static": false, "battery": 48.36912751677851}}, {"type": "Feature", "geometry": {"type": "Point", "coordinates": [963531.5143333401, 1950980.1136619265]}, "properties": {"kind": "drone", "drone_id": 16, "frame": 6, "time_s": 6.0, "timestamp": "2025-01-01T00:00:06", "mode": "SUM_MIN", "is_static": false, "battery": 50.0}}, {"type": "Feature", "geometry": {"type": "Point", "coordinates": [966230.1132858989, 1950288.1504936211]}, "properties": {"kind": "drone", "drone_id": 17, "frame": 6, "time_s": 6.0, "timestamp": "2025-01-01T00:00:06", "mode": "SUM_MIN", "is_static": false, "battery": 48.36912751677851}}, {"type": "Feature", "geometry": {"type": "Point", "coordinates": [966259.4943552611, 1951485.7492085753]}, "properties": {"kind": "drone", "drone_id": 18, "frame": 6, "time_s": 6.0, "timestamp": "2025-01-01T00:00:06", "mode": "SUM_MIN", "is_static": false, "battery": 48.36912751677851}}, {"type": "Feature", "geometry": {"type": "Point", "coordinates": [962622.1876593664, 1951505.1136619265]}, "properties": {"kind": "drone", "drone_id": 19, "frame": 6, "time_s": 6.0, "timestamp": "2025-01-01T00:00:06", "mode": "SUM_MIN", "is_static": false, "battery": 50.0}}, {"type": "Feature", "geometry": {"type": "Point", "coordinates": [965090.360060152, 1948933.5963140817]}, "properties": {"kind": "drone", "drone_id": 20, "frame": 6, "time_s": 6.0, "timestamp": "2025-01-01T00:00:06", "mode": "SUM_MIN", "is_static": false, "battery": 48.36912751677851}}, {"type": "Feature", "geometry": {"type": "Point", "coordinates": [961972.6686065281, 1951730.1136619265]}, "properties": {"kind": "base_A", "drone_id": 0, "frame": 6, "time_s": 6.0, "timestamp": "2025-01-01T00:00:06", "mode": "SUM_MIN", "is_static": true, "battery": 50.0}}, {"type": "Feature", "geometry": {"type": "Point", "coordinates": [966389.3981658287, 1948730.1136619265]}, "properties": {"kind": "base_B", "drone_id": 0, "frame": 6, "time_s": 6.0, "timestamp": "2025-01-01T00:00:06", "mode": "SUM_MIN", "is_static": true, "battery": 50.0}}, {"type": "Feature", "geometry": {"type": "Point", "coordinates": [966259.4943552611, 1950390.7260141121]}, "properties": {"kind": "drone", "drone_id": 1, "frame": 7, "time_s": 7.0, "timestamp": "2025-01-01T00:00:07", "mode": "SUM_MIN", "is_static": false, "battery": 48.0973154362416}}, {"type": "Feature", "geometry": {"type": "Point", "coordinates": [965869.782923558, 1949019.0078077128]}, "properties": {"kind": "drone", "drone_id": 2, "frame": 7, "time_s": 7.0, "timestamp": "2025-01-01T00:00:07", "mode": "SUM_MIN", "is_static": false, "battery": 48.0973154362416}}, {"type": "Feature", "geometry": {"type": "Point", "coordinates": [963897.1031934314, 1950741.186488713]}, "properties": {"kind": "drone", "drone_id": 3, "frame": 7, "time_s": 7.0, "timestamp": "2025-01-01T00:00:07", "mode": "SUM_MIN", "is_static": false, "battery": 48.0973154362416}}, {"type": "Feature", "geometry": {"type": "Point", "coordinates": [962232.4762276635, 1951120.60061972]}, "properties": {"kind": "drone", "drone_id": 4, "frame": 7, "time_s": 7.0, "timestamp": "2025-01-01T00:00:07", "mode": "SUM_MIN", "is_static": false, "battery": 48.0973154362416}}, {"type": "Feature", "geometry": {"type": "Point", "coordinates": [966275.8947489955, 1949395.6448901892]}, "properties": {"kind": "drone", "drone_id": 5, "frame": 7, "time_s": 7.0, "timestamp": "2025-01-01T00:00:07", "mode": "SUM_MIN", "is_static": false, "battery": 48.0973154362416}}, {"type": "Feature", "geometry": {"type": "Point", "coordinates": [966332.7489405406, 1950647.407216457]}, "properties": {"kind": "drone", "drone_id": 6, "frame": 7, "time_s": 7.0, "timestamp": "2025-01-01T00:00:07", "mode": "SUM_MIN", "is_static": false, "battery": 48.0973154362416}}, {"type": "Feature", "geometry": {"type": "Point", "coordinates": [962294.8444140744, 1950416.1219511398]}, "properties": {"kind": "drone", "drone_id": 7, "frame": 7, "time_s": 7.0, "timestamp": "2025-01-01T00:00:07", "mode": "SUM_MIN", "is_static": false, "battery": 48.0973154362416}}, {"type": "Feature", "geometry": {"type": "Point", "coordinates": [966259.4943552611, 1950559.5654451915]}, "properties": {"kind": "drone", "drone_id": 8, "frame": 7, "time_s": 7.0, "timestamp": "2025-01-01T00:00:07", "mode": "SUM_MIN", "is_static": false, "battery": 48.0973154362416}}, {"type": "Feature", "geometry": {"type": "Point", "coordinates": [962894.2723027128, 1951348.025519848]}, "properties": {"kind": "drone", "drone_id": 9, "frame": 7, "time_s": 7.0, "timestamp": "2025-01-01T00:00:07", "mode": "SUM_MIN", "is_static": false, "battery": 48.0973154362416}}, {"type": "Feature", "geometry": {"type": "Point", "coordinates": [965944.0136724538, 1949437.2565190694]}, "properties": {"kind": "drone", "drone_id": 10, "frame": 7, "time_s": 7.0, "timestamp": "2025-01-01T00:00:07", "mode": "SUM_MIN", "is_static": false, "battery": 48.49999999999981}}, {"type": "Feature", "geometry": {"type": "Point", "coordinates": [965480.0714918551, 1949161.9899813284]}, "properties": {"kind": "drone", "drone_id": 11, "frame": 7, "time_s": 7.0, "timestamp": "2025-01-01T00:00:07", "mode": "SUM_MIN", "is_static": false, "battery": 48.0973154362416}}, {"type": "Feature", "geometry": {"type": "Point", "coordinates": [963401.6105227724, 1948713.5081518402]}, "properties": {"kind": "drone", "drone_id": 12, "frame": 7, "time_s": 7.0, "timestamp": "2025-01-01T00:00:07", "mode": "SUM_MIN", "is_static": false, "battery": 48.0973154362416}}, {"type": "Feature", "geometry": {"type": "Point", "coordinates": [963921.225765043, 1949342.340946006]}, "properties": {"kind": "drone", "drone_id": 13, "frame": 7, "time_s": 7.0, "timestamp": "2025-01-01T00:00:07", "mode": "SUM_MIN", "is_static": false, "battery": 48.0973154362416}}, {"type": "Feature", "geometry": {"type": "Point", "coordinates": [963661.4181439078, 1951212.3705396021]}, "properties": {"kind": "drone", "drone_id": 14, "frame": 7, "time_s": 7.0, "timestamp": "2025-01-01T00:00:07", "mode": "SUM_MIN", "is_static": false, "battery": 48.0973154362416}}, {"type": "Feature", "geometry": {"type": "Point", "coordinates": [962184.5424860257, 1950652.4391032886]}, "properties": {"kind": "drone", "drone_id": 15, "frame": 7, "time_s": 7.0, "timestamp": "2025-01-01T00:00:07", "mode": "SUM_MIN", "is_static": false, "battery": 48.0973154362416}}, {"type": "Feature", "geometry": {"type": "Point", "coordinates": [963531.5143333401, 1950980.1136619265]}, "properties": {"kind": "drone", "drone_id": 16, "frame": 7, "time_s": 7.0, "timestamp": "2025-01-01T00:00:07", "mode": "SUM_MIN", "is_static": false, "battery": 50.0}}, {"type": "Feature", "geometry": {"type": "Point", "coordinates": [966219.8418832222, 1950282.2202965207]}, "properties": {"kind": "drone", "drone_id": 17, "frame": 7, "time_s": 7.0, "timestamp": "2025-01-01T00:00:07", "mode": "SUM_MIN", "is_static": false, "battery": 48.0973154362416}}, {"type": "Feature", "geometry": {"type": "Point", "coordinates": [966259.4943552611, 1951478.8776717125]}, "properties": {"kind": "drone", "drone_id": 18, "frame": 7, "time_s": 7.0, "timestamp": "2025-01-01T00:00:07", "mode": "SUM_MIN", "is_static": false, "battery": 48.0973154362416}}, {"type": "Feature", "geometry": {"type": "Point", "coordinates": [962622.1876593664, 1951505.1136619265]}, "properties": {"kind": "drone", "drone_id": 19, "frame": 7, "time_s": 7.0, "timestamp": "2025-01-01T00:00:07", "mode": "SUM_MIN", "is_static": false, "battery": 50.0}}, {"type": "Feature", "geometry": {"type": "Point", "coordinates": [965090.360060152, 1948951.8467811493]}, "properties": {"kind": "drone", "drone_id": 20, "frame": 7, "time_s": 7.0, "timestamp": "2025-01-01T00:00:07", "mode": "SUM_MIN", "is_static": false, "battery": 48.0973154362416}}, {"type": "Feature", "geometry": {"type": "Point", "coordinates": [961972.6686065281, 1951730.1136619265]}, "properties": {"kind": "base_A", "drone_id": 0, "frame": 7, "time_s": 7.0, "timestamp": "2025-01-01T00:00:07", "mode": "SUM_MIN", "is_static": true, "battery": 50.0}}, {"type": "Feature", "geometry": {"type": "Point", "coordinates": [966389.3981658287, 1948730.1136619265]}, "properties": {"kind": "base_B", "drone_id": 0, "frame": 7, "time_s": 7.0, "timestamp": "2025-01-01T00:00:07", "mode": "SUM_MIN", "is_static": true, "battery": 50.0}}, {"type": "Feature", "geometry": {"type": "Point", "coordinates": [966259.4943552611, 1950372.1253093423]}, "properties": {"kind": "drone", "drone_id": 1, "frame": 8, "time_s": 8.0, "timestamp": "2025-01-01T00:00:08", "mode": "SUM_MIN", "is_static": false, "battery": 47.82550335570468}}, {"type": "Feature", "geometry": {"type": "Point", "coordinates": [965890.9702688792, 1949042.346181451]}, "properties": {"kind": "drone", "drone_id": 2, "frame": 8, "time_s": 8.0, "timestamp": "2025-01-01T00:00:08", "mode": "SUM_MIN", "is_static": false, "battery": 47.82550335570468}}, {"type": "Feature", "geometry": {"type": "Point", "coordinates": [963861.2332310738, 1950720.47695629]}, "properties": {"kind": "drone", "drone_id": 3, "frame": 8, "time_s": 8.0, "timestamp": "2025-01-01T00:00:08", "mode": "SUM_MIN", "is_static": false, "battery": 47.82550335570468}}, {"type": "Feature", "geometry": {"type": "Point", "coordinates": [962209.5561973111, 1951143.3465476201]}, "properties": {"kind": "drone", "drone_id": 4, "frame": 8, "time_s": 8.0, "timestamp": "2025-01-01T00:00:08", "mode": "SUM_MIN", "is_static": false, "battery": 47.82550335570468}}, {"type": "Feature", "geometry": {"type": "Point", "coordinates": [966280.6325968952, 1949392.9094924289]}, "properties": {"kind": "drone", "drone_id": 5, "frame": 8, "time_s": 8.0, "timestamp": "2025-01-01T00:00:08", "mode": "SUM_MIN", "is_static": false, "battery": 47.82550335570468}}, {"type": "Feature", "geometry": {"type": "Point", "coordinates": [966316.3837594725, 1950637.958774762]}, "properties": {"kind": "drone", "drone_id": 6, "frame": 8, "time_s": 8.0, "timestamp": "2025-01-01T00:00:08", "mode": "SUM_MIN", "is_static": false, "battery": 47.82550335570468}}, {"type": "Feature", "geometry": {"type": "Point", "coordinates": [962312.729893987, 1950426.4481377818]}, "properties": {"kind": "drone", "drone_id": 7, "frame": 8, "time_s": 8.0, "timestamp": "2025-01-01T00:00:08", "mode": "SUM_MIN", "is_static": false, "battery": 47.82550335570468}}, {"type": "Feature", "geometry": {"type": "Point", "coordinates": [966259.4943552611, 1950546.129865018]}, "properties": {"kind": "drone", "drone_id": 8, "frame": 8, "time_s": 8.0, "timestamp": "2025-01-01T00:00:08", "mode": "SUM_MIN", "is_static": false, "battery": 47.82550335570468}}, {"type": "Feature", "geometry": {"type": "Point", "coordinates": [962918.3627428182, 1951334.1168977683]}, "properties": {"kind": "drone", "drone_id": 9, "frame": 8, "time_s": 8.0, "timestamp": "2025-01-01T00:00:08", "mode": "SUM_MIN", "is_static": false, "battery": 47.82550335570468}}, {"type": "Feature", "geometry": {"type": "Point", "coordinates": [965944.0136724538, 1949437.2565190694]}, "properties": {"kind": "drone", "drone_id": 10, "frame": 8, "time_s": 8.0, "timestamp": "2025-01-01T00:00:08", "mode": "SUM_MIN", "is_static": false, "battery": 48.49999999999981}}, {"type": "Feature", "geometry": {"type": "Point", "coordinates": [965480.0714918551, 1949178.5965424269]}, "properties": {"kind": "drone", "drone_id": 11, "frame": 8, "time_s": 8.0, "timestamp": "2025-01-01T00:00:08", "mode": "SUM_MIN", "is_static": false, "battery": 47.82550335570468}}, {"type": "Feature", "geometry": {"type": "Point", "coordinates": [963401.6105227724, 1948730.4766358119]}, "properties": {"kind": "drone", "drone_id": 12, "frame": 8, "time_s": 8.0, "timestamp": "2025-01-01T00:00:08", "mode": "SUM_MIN", "is_static": false, "battery": 47.82550335570468}}, {"type": "Feature", "geometry": {"type": "Point", "coordinates": [963921.225765043, 1949366.8068276797]}, "properties": {"kind": "drone", "drone_id": 13, "frame": 8, "time_s": 8.0, "timestamp": "2025-01-01T00:00:08", "mode": "SUM_MIN", "is_static": false, "battery": 47.82550335570468}}, {"type": "Feature", "geometry": {"type": "Point", "coordinates": [963661.4181439078, 1951175.8139206064]}, "properties": {"kind": "drone", "drone_id": 14, "frame": 8, "time_s": 8.0, "timestamp": "2025-01-01T00:00:08", "mode": "SUM_MIN", "is_static": false, "battery": 47.82550335570468}}, {"type": "Feature", "geometry": {"type": "Point", "coordinates": [962207.5338015115, 1950665.7131454735]}, "properties": {"kind": "drone", "drone_id": 15, "frame": 8, "time_s": 8.0, "timestamp": "2025-01-01T00:00:08", "mode": "SUM_MIN", "is_static": false, "battery": 47.82550335570468}}, {"type": "Feature", "geometry": {"type": "Point", "coordinates": [963531.5143333401, 1950980.1136619265]}, "properties": {"kind": "drone", "drone_id": 16, "frame": 8, "time_s": 8.0, "timestamp": "2025-01-01T00:00:08", "mode": "SUM_MIN", "is_static": false, "battery": 50.0}}, {"type": "Feature", "geometry": {"type": "Point", "coordinates": [966208.1453996856, 1950275.4673286024]}, "properties": {"kind": "drone", "drone_id": 17, "frame": 8, "time_s": 8.0, "timestamp": "2025-01-01T00:00:08", "mode": "SUM_MIN", "is_static": false, "battery": 47.82550335570468}}, {"type": "Feature", "geometry": {"type": "Point", "coordinates": [966259.4943552611, 1951471.0045251937]}, "properties": {"kind": "drone", "drone_id": 18, "frame": 8, "time_s": 8.0, "timestamp": "2025-01-01T00:00:08", "mode": "SUM_MIN", "is_static": false, "battery": 47.82550335570468}}, {"type": "Feature", "geometry": {"type": "Point", "coordinates": [962622.1876593664, 1951505.1136619265]}, "properties": {"kind": "drone", "drone_id": 19, "frame": 8, "time_s": 8.0, "timestamp": "2025-01-01T00:00:08", "mode": "SUM_MIN", "is_static": false, "battery": 50.0}}, {"type": "Feature", "geometry": {"type": "Point", "coordinates": [965090.360060152, 1948972.4178661327]}, "properties": {"kind": "drone", "drone_id": 20, "frame": 8, "time_s": 8.0, "timestamp": "2025-01-01T00:00:08", "mode": "SUM_MIN", "is_static": false, "battery": 47.82550335570468}}, {"type": "Feature", "geometry": {"type": "Point", "coordinates": [961972.6686065281, 1951730.1136619265]}, "properties": {"kind": "base_A", "drone_id": 0, "frame": 8, "time_s": 8.0, "timestamp": "2025-01-01T00:00:08", "mode": "SUM_MIN", "is_static": true, "battery": 50.0}}, {"type": "Feature", "geometry": {"type": "Point", "coordinates": [966389.3981658287, 1948730.1136619265]}, "properties": {"kind": "base_B", "drone_id": 0, "frame": 8, "time_s": 8.0, "timestamp": "2025-01-01T00:00:08", "mode": "SUM_MIN", "is_static": true, "battery": 50.0}}, {"type": "Feature", "geometry": {"type": "Point", "coordinates": [966259.4943552611, 1950351.4861183856]}, "properties": {"kind": "drone", "drone_id": 1, "frame": 9, "time_s": 9.0, "timestamp": "2025-01-01T00:00:09", "mode": "SUM_MIN", "is_static": false, "battery": 47.55369127516777}}, {"type": "Feature", "geometry": {"type": "Point", "coordinates": [965923.4887124829, 1949061.1207136193]}, "properties": {"kind": "drone", "drone_id": 2, "frame": 9, "time_s": 9.0, "timestamp": "2025-01-01T00:00:09", "mode": "SUM_MIN", "is_static": false, "battery": 47.55369127516777}}, {"type": "Feature", "geometry": {"type": "Point", "coordinates": [963825.0694934307, 1950699.5978126267]}, "properties": {"kind": "drone", "drone_id": 3, "frame": 9, "time_s": 9.0, "timestamp": "2025-01-01T00:00:09", "mode": "SUM_MIN", "is_static": false, "battery": 47.55369127516777}}, {"type": "Feature", "geometry": {"type": "Point", "coordinates": [962176.6648382967, 1951162.3363826012]}, "properties": {"kind": "drone", "drone_id": 4, "frame": 9, "time_s": 9.0, "timestamp": "2025-01-01T00:00:09", "mode": "SUM_MIN", "is_static": false, "battery": 47.55369127516777}}, {"type": "Feature", "geometry": {"type": "Point", "coordinates": [966285.8896744488, 1949389.8743172882]}, "properties": {"kind": "drone", "drone_id": 5, "frame": 9, "time_s": 9.0, "timestamp": "2025-01-01T00:00:09", "mode": "SUM_MIN", "is_static": false, "battery": 47.55369127516777}}, {"type": "Feature", "geometry": {"type": "Point", "coordinates": [966298.225087461, 1950627.4748605879]}, "properties": {"kind": "drone", "drone_id": 6, "frame": 9, "time_s": 9.0, "timestamp": "2025-01-01T00:00:09", "mode": "SUM_MIN", "is_static": false, "battery": 47.55369127516777}}, {"type": "Feature", "geometry": {"type": "Point", "coordinates": [962332.5198899471, 1950437.8738972768]}, "properties": {"kind": "drone", "drone_id": 7, "frame": 9, "time_s": 9.0, "timestamp": "2025-01-01T00:00:09", "mode": "SUM_MIN", "is_static": false, "battery": 47.55369127516777}}, {"type": "Feature", "geometry": {"type": "Point", "coordinates": [966259.4943552611, 1950531.1049169307]}, "properties": {"kind": "drone", "drone_id": 8, "frame": 9, "time_s": 9.0, "timestamp": "2025-01-01T00:00:09", "mode": "SUM_MIN", "is_static": false, "battery": 47.55369127516777}}, {"type": "Feature", "geometry": {"type": "Point", "coordinates": [962937.9320078897, 1951322.8185773115]}, "properties": {"kind": "drone", "drone_id": 9, "frame": 9, "time_s": 9.0, "timestamp": "2025-01-01T00:00:09", "mode": "SUM_MIN", "is_static": false, "battery": 47.55369127516777}}, {"type": "Feature", "geometry": {"type": "Point", "coordinates": [965944.0136724538, 1949437.2565190694]}, "properties": {"kind": "drone", "drone_id": 10, "frame": 9, "time_s": 9.0, "timestamp": "2025-01-01T00:00:09", "mode": "SUM_MIN", "is_static": false, "battery": 48.49999999999981}}, {"type": "Feature", "geometry": {"type": "Point", "coordinates": [965480.0714918551, 1949197.097164998]}, "properties": {"kind": "drone", "drone_id": 11, "frame": 9, "time_s": 9.0, "timestamp": "2025-01-01T00:00:09", "mode": "SUM_MIN", "is_static": false, "battery": 47.55369127516777}}, {"type": "Feature", "geometry": {"type": "Point", "coordinates": [963401.6105227724, 1948749.3465225736]}, "properties": {"kind": "drone", "drone_id": 12, "frame": 9, "time_s": 9.0, "timestamp": "2025-01-01T00:00:09", "mode": "SUM_MIN", "is_static": false, "battery": 47.55369127516777}}, {"type": "Feature", "geometry": {"type": "Point", "coordinates": [963921.225765043, 1949393.6449467102]}, "properties": {"kind": "drone", "drone_id": 13, "frame": 9, "time_s": 9.0, "timestamp": "2025-01-01T00:00:09", "mode": "SUM_MIN", "is_static": false, "battery": 47.55369127516777}}, {"type": "Feature", "geometry": {"type": "Point", "coordinates": [963661.4181439078, 1951137.224312287]}, "properties": {"kind": "drone", "drone_id": 14, "frame": 9, "time_s": 9.0, "timestamp": "2025-01-01T00:00:09", "mode": "SUM_MIN", "is_static": false, "battery": 47.55369127516777}}, {"type": "Feature", "geometry": {"type": "Point", "coordinates": [962232.4762276635, 1950680.4348432873]}, "properties": {"kind": "drone", "drone_id": 15, "frame": 9, "time_s": 9.0, "timestamp": "2025-01-01T00:00:09", "mode": "SUM_MIN", "is_static": false, "battery": 47.55369127516777}}, {"type": "Feature", "geometry": {"type": "Point", "coordinates": [963531.5143333401, 1950980.1136619265]}, "properties": {"kind": "drone", "drone_id": 16, "frame": 9, "time_s": 9.0, "timestamp": "2025-01-01T00:00:09", "mode": "SUM_MIN", "is_static": false, "battery": 50.0}}, {"type": "Feature", "geometry": {"type": "Point", "coordinates": [966195.0652754433, 1950267.91551535]}, "properties": {"kind": "drone", "drone_id": 17, "frame": 9, "time_s": 9.0, "timestamp": "2025-01-01T00:00:09", "mode": "SUM_MIN", "is_static": false, "battery": 47.55369127516777}}, {"type": "Feature", "geometry": {"type": "Point", "coordinates": [966259.4943552611, 1951462.1446076804]}, "properties": {"kind": "drone", "drone_id": 18, "frame": 9, "time_s": 9.0, "timestamp": "2025-01-01T00:00:09", "mode": "SUM_MIN", "is_static": false, "battery": 47.55369127516777}}, {"type": "Feature", "geometry": {"type": "Point", "coordinates": [962622.1876593664, 1951505.1136619265]}, "properties": {"kind": "drone", "drone_id": 19, "frame": 9, "time_s": 9.0, "timestamp": "2025-01-01T00:00:09", "mode": "SUM_MIN", "is_static": false, "battery": 50.0}}, {"type": "Feature", "geometry": {"type": "Point", "coordinates": [965090.360060152, 1948995.1794409247]}, "properties": {"kind": "drone", "drone_id": 20, "frame": 9, "time_s": 9.0, "timestamp": "2025-01-01T00:00:09", "mode": "SUM_MIN", "is_static": false, "battery": 47.55369127516777}}, {"type": "Feature", "geometry": {"type": "Point", "coordinates": [961972.6686065281, 1951730.1136619265]}, "properties": {"kind": "base_A", "drone_id": 0, "frame": 9, "time_s": 9.0, "timestamp": "2025-01-01T00:00:09", "mode": "SUM_MIN", "is_static": true, "battery": 50.0}}, {"type": "Feature", "geometry": {"type": "Point", "coordinates": [966389.3981658287, 1948730.1136619265]}, "properties": {"kind": "base_B", "drone_id": 0, "frame": 9, "time_s": 9.0, "timestamp": "2025-01-01T00:00:09", "mode": "SUM_MIN", "is_static": true, "battery": 50.0}}, {"type": "Feature", "geometry": {"type": "Point", "coordinates": [966259.4943552611, 1950328.9124849606]}, "properties": {"kind": "drone", "drone_id": 1, "frame": 10, "time_s": 10.0, "timestamp": "2025-01-01T00:00:10", "mode": "SUM_MIN", "is_static": false, "battery": 47.281879194630854}}, {"type": "Feature", "geometry": {"type": "Point", "coordinates": [965957.1562176978, 1949080.558656818]}, "properties": {"kind": "drone", "drone_id": 2, "frame": 10, "time_s": 10.0, "timestamp": "2025-01-01T00:00:10", "mode": "SUM_MIN", "is_static": false, "battery": 47.281879194630854}}, {"type": "Feature", "geometry": {"type": "Point", "coordinates": [963791.5408179432, 1950678.218248696]}, "properties": {"kind": "drone", "drone_id": 3, "frame": 10, "time_s": 10.0, "timestamp": "2025-01-01T00:00:10", "mode": "SUM_MIN", "is_static": false, "battery": 47.281879194630854}}, {"type": "Feature", "geometry": {"type": "Point", "coordinates": [962142.611240448, 1951181.997236486]}, "properties": {"kind": "drone", "drone_id": 4, "frame": 10, "time_s": 10.0, "timestamp": "2025-01-01T00:00:10", "mode": "SUM_MIN", "is_static": false, "battery": 47.281879194630854}}, {"type": "Feature", "geometry": {"type": "Point", "coordinates": [966291.6394803317, 1949386.5546653138]}, "properties": {"kind": "drone", "drone_id": 5, "frame": 10, "time_s": 10.0, "timestamp": "2025-01-01T00:00:10", "mode": "SUM_MIN", "is_static": false, "battery": 47.281879194630854}}, {"type": "Feature", "geometry": {"type": "Point", "coordinates": [966278.3644637408, 1950616.008324137]}, "properties": {"kind": "drone", "drone_id": 6, "frame": 10, "time_s": 10.0, "timestamp": "2025-01-01T00:00:10", "mode": "SUM_MIN", "is_static": false, "battery": 47.281879194630854}}, {"type": "Feature", "geometry": {"type": "Point", "coordinates": [962354.1012623878, 1950450.3339084648]}, "properties": {"kind": "drone", "drone_id": 7, "frame": 10, "time_s": 10.0, "timestamp": "2025-01-01T00:00:10", "mode": "SUM_MIN", "is_static": false, "battery": 47.281879194630854}}, {"type": "Feature", "geometry": {"type": "Point", "coordinates": [966259.4943552611, 1950514.5382026313]}, "properties": {"kind": "drone", "drone_id": 8, "frame": 10, "time_s": 10.0, "timestamp": "2025-01-01T00:00:10", "mode": "SUM_MIN", "is_static": false, "battery": 47.281879194630854}}, {"type": "Feature", "geometry": {"type": "Point", "coordinates": [962951.1581318692, 1951315.1824710716]}, "properties": {"kind": "drone", "drone_id": 9, "frame": 10, "time_s": 10.0, "timestamp": "2025-01-01T00:00:10", "mode": "SUM_MIN", "is_static": false, "battery": 47.281879194630854}}, {"type": "Feature", "geometry": {"type": "Point", "coordinates": [965944.0136724538, 1949437.2565190694]}, "properties": {"kind": "drone", "drone_id": 10, "frame": 10, "time_s": 10.0, "timestamp": "2025-01-01T00:00:10", "mode": "SUM_MIN", "is_static": false, "battery": 48.49999999999981}}, {"type": "Feature", "geometry": {"type": "Point", "coordinates": [965480.0714918551, 1949217.4164218153]}, "properties": {"kind": "drone", "drone_id": 11, "frame": 10, "time_s": 10.0, "timestamp": "2025-01-01T00:00:10", "mode": "SUM_MIN", "is_static": false, "battery": 47.281879194630854}}, {"type": "Feature", "geometry": {"type": "Point", "coordinates": [963401.6105227724, 1948770.0327452237]}, "properties": {"kind": "drone", "drone_id": 12, "frame": 10, "time_s": 10.0, "timestamp": "2025-01-01T00:00:10", "mode": "SUM_MIN", "is_static": false, "battery": 47.281879194630854}}, {"type": "Feature", "geometry": {"type": "Point", "coordinates": [963921.225765043, 1949422.6456454585]}, "properties": {"kind": "drone", "drone_id": 13, "frame": 10, "time_s": 10.0, "timestamp": "2025-01-01T00:00:10", "mode": "SUM_MIN", "is_static": false, "battery": 47.281879194630854}}, {"type": "Feature", "geometry": {"type": "Point", "coordinates": [963661.4181439078, 1951097.271113568]}, "properties": {"kind": "drone", "drone_id": 14, "frame": 10, "time_s": 10.0, "timestamp": "2025-01-01T00:00:10", "mode": "SUM_MIN", "is_static": false, "battery": 47.281879194630854}}, {"type": "Feature", "geometry": {"type": "Point", "coordinates": [962232.4762276635, 1950711.90368661]}, "properties": {"kind": "drone", "drone_id": 15, "frame": 10, "time_s": 10.0, "timestamp": "2025-01-01T00:00:10", "mode": "SUM_MIN", "is_static": false, "battery": 47.281879194630854}}, {"type": "Feature", "geometry": {"type": "Point", "coordinates": [963531.5143333401, 1950980.1136619265]}, "properties": {"kind": "drone", "drone_id": 16, "frame": 10, "time_s": 10.0, "timestamp": "2025-01-01T00:00:10", "mode": "SUM_MIN", "is_static": false, "battery": 50.0}}, {"type": "Feature", "geometry": {"type": "Point", "coordinates": [966180.6429506493, 1950259.5887822479]}, "properties": {"kind": "drone", "drone_id": 17, "frame": 10, "time_s": 10.0, "timestamp": "2025-01-01T00:00:10", "mode": "SUM_MIN", "is_static": false, "battery": 47.281879194630854}}, {"type": "Feature", "geometry": {"type": "Point", "coordinates": [966259.4943552611, 1951452.312757834]}, "properties": {"kind": "drone", "drone_id": 18, "frame": 10, "time_s": 10.0, "timestamp": "2025-01-01T00:00:10", "mode": "SUM_MIN", "is_static": false, "battery": 47.281879194630854}}, {"type": "Feature", "geometry": {"type": "Point", "coordinates": [962622.1876593664, 1951505.1136619265]}, "properties": {"kind": "drone", "drone_id": 19, "frame": 10, "time_s": 10.0, "timestamp": "2025-01-01T00:00:10", "mode": "SUM_MIN", "is_static": false, "battery": 50.0}}, {"type": "Feature", "geometry": {"type": "Point", "coordinates": [965090.360060152, 1949020.0013774177]}, "properties": {"kind": "drone", "drone_id": 20, "frame": 10, "time_s": 10.0, "timestamp": "2025-01-01T00:00:10", "mode": "SUM_MIN", "is_static": false, "battery": 47.281879194630854}}, {"type": "Feature", "geometry": {"type": "Point", "coordinates": [961972.6686065281, 1951730.1136619265]}, "properties": {"kind": "base_A", "drone_id": 0, "frame": 10, "time_s": 10.0, "timestamp": "2025-01-01T00:00:10", "mode": "SUM_MIN", "is_static": true, "battery": 50.0}}, {"type": "Feature", "geometry": {"type": "Point", "coordinates": [966389.3981658287, 1948730.1136619265]}, "properties": {"kind": "base_B", "drone_id": 0, "frame": 10, "time_s": 10.0, "timestamp": "2025-01-01T00:00:10", "mode": "SUM_MIN", "is_static": true, "battery": 50.0}}, {"type": "Feature", "geometry": {"type": "Point", "coordinates": [966259.4943552611, 1950304.508452786]}, "properties": {"kind": "drone", "drone_id": 1, "frame": 11, "time_s": 11.0, "timestamp": "2025-01-01T00:00:11", "mode": "SUM_MIN", "is_static": false, "battery": 47.01006711409394}}, {"type": "Feature", "geometry": {"type": "Point", "coordinates": [965991.4086997332, 1949100.3343365416]}, "properties": {"kind": "drone", "drone_id": 2, "frame": 11, "time_s": 11.0, "timestamp": "2025-01-01T00:00:11", "mode": "SUM_MIN", "is_static": false, "battery": 47.01006711409394}}, {"type": "Feature", "geometry": {"type": "Point", "coordinates": [963795.9884009224, 1950639.701050241]}, "properties": {"kind": "drone", "drone_id": 3, "frame": 11, "time_s": 11.0, "timestamp": "2025-01-01T00:00:11", "mode": "SUM_MIN", "is_static": false, "battery": 47.01006711409394}}, {"type": "Feature", "geometry": {"type": "Point", "coordinates": [962107.9659573743, 1951201.9996999947]}, "properties": {"kind": "drone", "drone_id": 4, "frame": 11, "time_s": 11.0, "timestamp": "2025-01-01T00:00:11", "mode": "SUM_MIN", "is_static": false, "battery": 47.01006711409394}}, {"type": "Feature", "geometry": {"type": "Point", "coordinates": [966297.8555132194, 1949382.9658370528]}, "properties": {"kind": "drone", "drone_id": 5, "frame": 11, "time_s": 11.0, "timestamp": "2025-01-01T00:00:11", "mode": "SUM_MIN", "is_static": false, "battery": 47.01006711409394}}, {"type": "Feature", "geometry": {"type": "Point", "coordinates": [966259.4943552611, 1950602.1103692958]}, "properties": {"kind": "drone", "drone_id": 6, "frame": 11, "time_s": 11.0, "timestamp": "2025-01-01T00:00:11", "mode": "SUM_MIN", "is_static": false, "battery": 47.01006711409394}}, {"type": "Feature", "geometry": {"type": "Point", "coordinates": [962362.380038231, 1950472.4120384466]}, "properties": {"kind": "drone", "drone_id": 7, "frame": 11, "time_s": 11.0, "timestamp": "2025-01-01T00:00:11", "mode": "SUM_MIN", "is_static": false, "battery": 47.01006711409394}}, {"type": "Feature", "geometry": {"type": "Point", "coordinates": [966259.4943552611, 1950496.4773238208]}, "properties": {"kind": "drone", "drone_id": 8, "frame": 11, "time_s": 11.0, "timestamp": "2025-01-01T00:00:11", "mode": "SUM_MIN", "is_static": false, "battery": 47.01006711409394}}, {"type": "Feature", "geometry": {"type": "Point", "coordinates": [962956.2191486979, 1951312.260491643]}, "properties": {"kind": "drone", "drone_id": 9, "frame": 11, "time_s": 11.0, "timestamp": "2025-01-01T00:00:11", "mode": "SUM_MIN", "is_static": false, "battery": 47.01006711409394}}, {"type": "Feature", "geometry": {"type": "Point", "coordinates": [965944.0136724538, 1949437.2565190694]}, "properties": {"kind": "drone", "drone_id": 10, "frame": 11, "time_s": 11.0, "timestamp": "2025-01-01T00:00:11", "mode": "SUM_MIN", "is_static": false, "battery": 48.49999999999981}}, {"type": "Feature", "geometry": {"type": "Point", "coordinates": [965480.0714918551, 1949239.4788856516]}, "properties": {"kind": "drone", "drone_id": 11, "frame": 11, "time_s": 11.0, "timestamp": "2025-01-01T00:00:11", "mode": "SUM_MIN", "is_static": false, "battery": 47.01006711409394}}, {"type": "Feature", "geometry": {"type": "Point", "coordinates": [963401.6105227724, 1948792.45023686]}, "properties": {"kind": "drone", "drone_id": 12, "frame": 11, "time_s": 11.0, "timestamp": "2025-01-01T00:00:11", "mode": "SUM_MIN", "is_static": false, "battery": 47.01006711409394}}, {"type": "Feature", "geometry": {"type": "Point", "coordinates": [963921.225765043, 1949453.599266286]}, "properties": {"kind": "drone", "drone_id": 13, "frame": 11, "time_s": 11.0, "timestamp": "2025-01-01T00:00:11", "mode": "SUM_MIN", "is_static": false, "battery": 47.01006711409394}}, {"type": "Feature", "geometry": {"type": "Point", "coordinates": [963661.4181439078, 1951056.6237233724]}, "properties": {"kind": "drone", "drone_id": 14, "frame": 11, "time_s": 11.0, "timestamp": "2025-01-01T00:00:11", "mode": "SUM_MIN", "is_static": false, "battery": 47.01006711409394}}, {"type": "Feature", "geometry": {"type": "Point", "coordinates": [962232.4762276635, 1950745.4916581465]}, "properties": {"kind": "drone", "drone_id": 15, "frame": 11, "time_s": 11.0, "timestamp": "2025-01-01T00:00:11", "mode": "SUM_MIN", "is_static": false, "battery": 47.01006711409394}}, {"type": "Feature", "geometry": {"type": "Point", "coordinates": [963531.5143333401, 1950980.1136619265]}, "properties": {"kind": "drone", "drone_id": 16, "frame": 11, "time_s": 11.0, "timestamp": "2025-01-01T00:00:11", "mode": "SUM_MIN", "is_static": false, "battery": 50.0}}, {"type": "Feature", "geometry": {"type": "Point", "coordinates": [966164.9198654582, 1950250.5110547803]}, "properties": {"kind": "drone", "drone_id": 17, "frame": 11, "time_s": 11.0, "timestamp": "2025-01-01T00:00:11", "mode": "SUM_MIN", "is_static": false, "battery": 47.01006711409394}}, {"type": "Feature", "geometry": {"type": "Point", "coordinates": [966259.4943552611, 1951441.5238143161]}, "properties": {"kind": "drone", "drone_id": 18, "frame": 11, "time_s": 11.0, "timestamp": "2025-01-01T00:00:11", "mode": "SUM_MIN", "is_static": false, "battery": 47.01006711409394}}, {"type": "Feature", "geometry": {"type": "Point", "coordinates": [962622.1876593664, 1951505.1136619265]}, "properties": {"kind": "drone", "drone_id": 19, "frame": 11, "time_s": 11.0, "timestamp": "2025-01-01T00:00:11", "mode": "SUM_MIN", "is_static": false, "battery": 50.0}}, {"type": "Feature", "geometry": {"type": "Point", "coordinates": [965104.7706237785, 1949038.4336047154]}, "properties": {"kind": "drone", "drone_id": 20, "frame": 11, "time_s": 11.0, "timestamp": "2025-01-01T00:00:11", "mode": "SUM_MIN", "is_static": false, "battery": 47.01006711409394}}, {"type": "Feature", "geometry": {"type": "Point", "coordinates": [961972.6686065281, 1951730.1136619265]}, "properties": {"kind": "base_A", "drone_id": 0, "frame": 11, "time_s": 11.0, "timestamp": "2025-01-01T00:00:11", "mode": "SUM_MIN", "is_static": true, "battery": 50.0}}, {"type": "Feature", "geometry": {"type": "Point", "coordinates": [966389.3981658287, 1948730.1136619265]}, "properties": {"kind": "base_B", "drone_id": 0, "frame": 11, "time_s": 11.0, "timestamp": "2025-01-01T00:00:11", "mode": "SUM_MIN", "is_static": true, "battery": 50.0}}, {"type": "Feature", "geometry": {"type": "Point", "coordinates": [966259.4943552611, 1950278.3780655796]}, "properties": {"kind": "drone", "drone_id": 1, "frame": 12, "time_s": 12.0, "timestamp": "2025-01-01T00:00:12", "mode": "SUM_MIN", "is_static": false, "battery": 46.738255033557024}}, {"type": "Feature", "geometry": {"type": "Point", "coordinates": [966025.6820737979, 1949120.122078284]}, "properties": {"kind": "drone", "drone_id": 2, "frame": 12, "time_s": 12.0, "timestamp": "2025-01-01T00:00:12", "mode": "SUM_MIN", "is_static": false, "battery": 46.738255033557024}}, {"type": "Feature", "geometry": {"type": "Point", "coordinates": [963800.0546513279, 1950604.4862887487]}, "properties": {"kind": "drone", "drone_id": 3, "frame": 12, "time_s": 12.0, "timestamp": "2025-01-01T00:00:12", "mode": "SUM_MIN", "is_static": false, "battery": 46.738255033557024}}, {"type": "Feature", "geometry": {"type": "Point", "coordinates": [962102.5724170958, 1951238.915065768]}, "properties": {"kind": "drone", "drone_id": 4, "frame": 12, "time_s": 12.0, "timestamp": "2025-01-01T00:00:12", "mode": "SUM_MIN", "is_static": false, "battery": 46.738255033557024}}, {"type": "Feature", "geometry": {"type": "Point", "coordinates": [966304.5112717873, 1949379.123133052]}, "properties": {"kind": "drone", "drone_id": 5, "frame": 12, "time_s": 12.0, "timestamp": "2025-01-01T00:00:12", "mode": "SUM_MIN", "is_static": false, "battery": 46.738255033557024}}, {"type": "Feature", "geometry": {"type": "Point", "coordinates": [966259.4943552611, 1950575.5639084987]}, "properties": {"kind": "drone", "drone_id": 6, "frame": 12, "time_s": 12.0, "timestamp": "2025-01-01T00:00:12", "mode": "SUM_MIN", "is_static": false, "battery": 46.738255033557024}}, {"type": "Feature", "geometry": {"type": "Point", "coordinates": [962362.380038231, 1950501.0771406381]}, "properties": {"kind": "drone", "drone_id": 7, "frame": 12, "time_s": 12.0, "timestamp": "2025-01-01T00:00:12", "mode": "SUM_MIN", "is_static": false, "battery": 46.738255033557024}}, {"type": "Feature", "geometry": {"type": "Point", "coordinates": [966259.4943552611, 1950476.9698822007]}, "properties": {"kind": "drone", "drone_id": 8, "frame": 12, "time_s": 12.0, "timestamp": "2025-01-01T00:00:12", "mode": "SUM_MIN", "is_static": false, "battery": 46.738255033557024}}, {"type": "Feature", "geometry": {"type": "Point", "coordinates": [962956.2260293976, 1951312.2565190694]}, "properties": {"kind": "drone", "drone_id": 9, "frame": 12, "time_s": 12.0, "timestamp": "2025-01-01T00:00:12", "mode": "SUM_MIN", "is_static": false, "battery": 47.00000000000062}}, {"type": "Feature", "geometry": {"type": "Point", "coordinates": [965944.0136724538, 1949437.2565190694]}, "properties": {"kind": "drone", "drone_id": 10, "frame": 12, "time_s": 12.0, "timestamp": "2025-01-01T00:00:12", "mode": "SUM_MIN", "is_static": false, "battery": 48.49999999999981}}, {"type": "Feature", "geometry": {"type": "Point", "coordinates": [965480.0714918551, 1949263.2091292802]}, "properties": {"kind": "drone", "drone_id": 11, "frame": 12, "time_s": 12.0, "timestamp": "2025-01-01T00:00:12", "mode": "SUM_MIN", "is_static": false, "battery": 46.738255033557024}}, {"type": "Feature", "geometry": {"type": "Point", "coordinates": [963401.6105227724, 1948816.5139305803]}, "properties": {"kind": "drone", "drone_id": 12, "frame": 12, "time_s": 12.0, "timestamp": "2025-01-01T00:00:12", "mode": "SUM_MIN", "is_static": false, "battery": 46.738255033557024}}, {"type": "Feature", "geometry": {"type": "Point", "coordinates": [963921.225765043, 1949486.296151554]}, "properties": {"kind": "drone", "drone_id": 13, "frame": 12, "time_s": 12.0, "timestamp": "2025-01-01T00:00:12", "mode": "SUM_MIN", "is_static": false, "battery": 46.738255033557024}}, {"type": "Feature", "geometry": {"type": "Point", "coordinates": [963661.4181439078, 1951015.951540624]}, "properties": {"kind": "drone", "drone_id": 14, "frame": 12, "time_s": 12.0, "timestamp": "2025-01-01T00:00:12", "mode": "SUM_MIN", "is_static": false, "battery": 46.738255033557024}}, {"type": "Feature", "geometry": {"type": "Point", "coordinates": [962232.4762276635, 1950780.9712570542]}, "properties": {"kind": "drone", "drone_id": 15, "frame": 12, "time_s": 12.0, "timestamp": "2025-01-01T00:00:12", "mode": "SUM_MIN", "is_static": false, "battery": 46.738255033557024}}, {"type": "Feature", "geometry": {"type": "Point", "coordinates": [963531.5143333401, 1950980.1136619265]}, "properties": {"kind": "drone", "drone_id": 16, "frame": 12, "time_s": 12.0, "timestamp": "2025-01-01T00:00:12", "mode": "SUM_MIN", "is_static": false, "battery": 50.0}}, {"type": "Feature", "geometry": {"type": "Point", "coordinates": [966147.937460024, 1950240.7062584313]}, "properties": {"kind": "drone", "drone_id": 17, "frame": 12, "time_s": 12.0, "timestamp": "2025-01-01T00:00:12", "mode": "SUM_MIN", "is_static": false, "battery": 46.738255033557024}}, {"type": "Feature", "geometry": {"type": "Point", "coordinates": [966259.4943552611, 1951429.7926157888]}, "properties": {"kind": "drone", "drone_id": 18, "frame": 12, "time_s": 12.0, "timestamp": "2025-01-01T00:00:12", "mode": "SUM_MIN", "is_static": false, "battery": 46.738255033557024}}, {"type": "Feature", "geometry": {"type": "Point", "coordinates": [962622.1876593664, 1951505.1136619265]}, "properties": {"kind": "drone", "drone_id": 19, "frame": 12, "time_s": 12.0, "timestamp": "2025-01-01T00:00:12", "mode": "SUM_MIN", "is_static": false, "battery": 50.0}}, {"type": "Feature", "geometry": {"type": "Point", "coordinates": [965129.4976197602, 1949052.7097425016]}, "properties": {"kind": "drone", "drone_id": 20, "frame": 12, "time_s": 12.0, "timestamp": "2025-01-01T00:00:12", "mode": "SUM_MIN", "is_static": false, "battery": 46.738255033557024}}, {"type": "Feature", "geometry": {"type": "Point", "coordinates": [961972.6686065281, 1951730.1136619265]}, "properties": {"kind": "base_A", "drone_id": 0, "frame": 12, "time_s": 12.0, "timestamp": "2025-01-01T00:00:12", "mode": "SUM_MIN", "is_static": true, "battery": 50.0}}, {"type": "Feature", "geometry": {"type": "Point", "coordinates": [966389.3981658287, 1948730.1136619265]}, "properties": {"kind": "base_B", "drone_id": 0, "frame": 12, "time_s": 12.0, "timestamp": "2025-01-01T00:00:12", "mode": "SUM_MIN", "is_static": true, "battery": 50.0}}, {"type": "Feature", "geometry": {"type": "Point", "coordinates": [966259.4943552611, 1950250.6253670603]}, "properties": {"kind": "drone", "drone_id": 1, "frame": 13, "time_s": 13.0, "timestamp": "2025-01-01T00:00:13", "mode": "SUM_MIN", "is_static": false, "battery": 46.46644295302011}}, {"type": "Feature", "geometry": {"type": "Point", "coordinates": [966059.4122551008, 1949139.5962075389]}, "properties": {"kind": "drone", "drone_id": 2, "frame": 13, "time_s": 13.0, "timestamp": "2025-01-01T00:00:13", "mode": "SUM_MIN", "is_static": false, "battery": 46.46644295302011}}, {"type": "Feature", "geometry": {"type": "Point", "coordinates": [963803.5994878056, 1950573.7871043282]}, "properties": {"kind": "drone", "drone_id": 3, "frame": 13, "time_s": 13.0, "timestamp": "2025-01-01T00:00:13", "mode": "SUM_MIN", "is_static": false, "battery": 46.46644295302011}}, {"type": "Feature", "geometry": {"type": "Point", "coordinates": [962102.5724170958, 1951278.3099755999]}, "properties": {"kind": "drone", "drone_id": 4, "frame": 13, "time_s": 13.0, "timestamp": "2025-01-01T00:00:13", "mode": "SUM_MIN", "is_static": false, "battery": 46.46644295302011}}, {"type": "Feature", "geometry": {"type": "Point", "coordinates": [966311.5802547113, 1949375.041853858]}, "properties": {"kind": "drone", "drone_id": 5, "frame": 13, "time_s": 13.0, "timestamp": "2025-01-01T00:00:13", "mode": "SUM_MIN", "is_static": false, "battery": 46.46644295302011}}, {"type": "Feature", "geometry": {"type": "Point", "coordinates": [966259.4943552611, 1950547.3693043608]}, "properties": {"kind": "drone", "drone_id": 6, "frame": 13, "time_s": 13.0, "timestamp": "2025-01-01T00:00:13", "mode": "SUM_MIN", "is_static": false, "battery": 46.46644295302011}}, {"type": "Feature", "geometry": {"type": "Point", "coordinates": [962362.380038231, 1950531.4188192587]}, "properties": {"kind": "drone", "drone_id": 7, "frame": 13, "time_s": 13.0, "timestamp": "2025-01-01T00:00:13", "mode": "SUM_MIN", "is_static": false, "battery": 46.46644295302011}}, {"type": "Feature", "geometry": {"type": "Point", "coordinates": [966259.4943552611, 1950456.063479472]}, "properties": {"kind": "drone", "drone_id": 8, "frame": 13, "time_s": 13.0, "timestamp": "2025-01-01T00:00:13", "mode": "SUM_MIN", "is_static": false, "battery": 46.46644295302011}}, {"type": "Feature", "geometry": {"type": "Point", "coordinates": [962956.2260293976, 1951312.2565190694]}, "properties": {"kind": "drone", "drone_id": 9, "frame": 13, "time_s": 13.0, "timestamp": "2025-01-01T00:00:13", "mode": "SUM_MIN", "is_static": false, "battery": 47.00000000000062}}, {"type": "Feature", "geometry": {"type": "Point", "coordinates": [965944.0136724538, 1949437.2565190694]}, "properties": {"kind": "drone", "drone_id": 10, "frame": 13, "time_s": 13.0, "timestamp": "2025-01-01T00:00:13", "mode": "SUM_MIN", "is_static": false, "battery": 48.49999999999981}}, {"type": "Feature", "geometry": {"type": "Point", "coordinates": [965480.0714918551, 1949288.5317254746]}, "properties": {"kind": "drone", "drone_id": 11, "frame": 13, "time_s": 13.0, "timestamp": "2025-01-01T00:00:13", "mode": "SUM_MIN", "is_static": false, "battery": 46.46644295302011}}, {"type": "Feature", "geometry": {"type": "Point", "coordinates": [963401.6105227724, 1948842.1387594831]}, "properties": {"kind": "drone", "drone_id": 12, "frame": 13, "time_s": 13.0, "timestamp": "2025-01-01T00:00:13", "mode": "SUM_MIN", "is_static": false, "battery": 46.46644295302011}}, {"type": "Feature", "geometry": {"type": "Point", "coordinates": [963921.225765043, 1949520.5266436238]}, "properties": {"kind": "drone", "drone_id": 13, "frame": 13, "time_s": 13.0, "timestamp": "2025-01-01T00:00:13", "mode": "SUM_MIN", "is_static": false, "battery": 46.46644295302011}}, {"type": "Feature", "geometry": {"type": "Point", "coordinates": [963661.4181439078, 1950975.9239642466]}, "properties": {"kind": "drone", "drone_id": 14, "frame": 13, "time_s": 13.0, "timestamp": "2025-01-01T00:00:13", "mode": "SUM_MIN", "is_static": false, "battery": 46.46644295302011}}, {"type": "Feature", "geometry": {"type": "Point", "coordinates": [962232.4762276635, 1950818.1149824916]}, "properties": {"kind": "drone", "drone_id": 15, "frame": 13, "time_s": 13.0, "timestamp": "2025-01-01T00:00:13", "mode": "SUM_MIN", "is_static": false, "battery": 46.46644295302011}}, {"type": "Feature", "geometry": {"type": "Point", "coordinates": [963531.5143333401, 1950980.1136619265]}, "properties": {"kind": "drone", "drone_id": 16, "frame": 13, "time_s": 13.0, "timestamp": "2025-01-01T00:00:13", "mode": "SUM_MIN", "is_static": false, "battery": 50.0}}, {"type": "Feature", "geometry": {"type": "Point", "coordinates": [966129.7371745012, 1950230.1983186854]}, "properties": {"kind": "drone", "drone_id": 17, "frame": 13, "time_s": 13.0, "timestamp": "2025-01-01T00:00:13", "mode": "SUM_MIN", "is_static": false, "battery": 46.46644295302011}}, {"type": "Feature", "geometry": {"type": "Point", "coordinates": [966259.4943552611, 1951417.134000913]}, "properties": {"kind": "drone", "drone_id": 18, "frame": 13, "time_s": 13.0, "timestamp": "2025-01-01T00:00:13", "mode": "SUM_MIN", "is_static": false, "battery": 46.46644295302011}}, {"type": "Feature", "geometry": {"type": "Point", "coordinates": [962622.1876593664, 1951505.1136619265]}, "properties": {"kind": "drone", "drone_id": 19, "frame": 13, "time_s": 13.0, "timestamp": "2025-01-01T00:00:13", "mode": "SUM_MIN", "is_static": false, "battery": 50.0}}, {"type": "Feature", "geometry": {"type": "Point", "coordinates": [965155.6708585758, 1949067.8208689773]}, "properties": {"kind": "drone", "drone_id": 20, "frame": 13, "time_s": 13.0, "timestamp": "2025-01-01T00:00:13", "mode": "SUM_MIN", "is_static": false, "battery": 46.46644295302011}}, {"type": "Feature", "geometry": {"type": "Point", "coordinates": [961972.6686065281, 1951730.1136619265]}, "properties": {"kind": "base_A", "drone_id": 0, "frame": 13, "time_s": 13.0, "timestamp": "2025-01-01T00:00:13", "mode": "SUM_MIN", "is_static": true, "battery": 50.0}}, {"type": "Feature", "geometry": {"type": "Point", "coordinates": [966389.3981658287, 1948730.1136619265]}, "properties": {"kind": "base_B", "drone_id": 0, "frame": 13, "time_s": 13.0, "timestamp": "2025-01-01T00:00:13", "mode": "SUM_MIN", "is_static": true, "battery": 50.0}}, {"type": "Feature", "geometry": {"type": "Point", "coordinates": [966259.4943552611, 1950221.3544009463]}, "properties": {"kind": "drone", "drone_id": 1, "frame": 14, "time_s": 14.0, "timestamp": "2025-01-01T00:00:14", "mode": "SUM_MIN", "is_static": false, "battery": 46.194630872483195}}, {"type": "Feature", "geometry": {"type": "Point", "coordinates": [966092.0351588508, 1949158.4310498007]}, "properties": {"kind": "drone", "drone_id": 2, "frame": 14, "time_s": 14.0, "timestamp": "2025-01-01T00:00:14", "mode": "SUM_MIN", "is_static": false, "battery": 46.194630872483195}}, {"type": "Feature", "geometry": {"type": "Point", "coordinates": [963806.4828290022, 1950548.8166370883]}, "properties": {"kind": "drone", "drone_id": 3, "frame": 14, "time_s": 14.0, "timestamp": "2025-01-01T00:00:14", "mode": "SUM_MIN", "is_static": false, "battery": 46.194630872483195}}, {"type": "Feature", "geometry": {"type": "Point", "coordinates": [962102.5724170958, 1951316.411648999]}, "properties": {"kind": "drone", "drone_id": 4, "frame": 14, "time_s": 14.0, "timestamp": "2025-01-01T00:00:14", "mode": "SUM_MIN", "is_static": false, "battery": 46.194630872483195}}, {"type": "Feature", "geometry": {"type": "Point", "coordinates": [966319.0359606666, 1949370.7373000176]}, "properties": {"kind": "drone", "drone_id": 5, "frame": 14, "time_s": 14.0, "timestamp": "2025-01-01T00:00:14", "mode": "SUM_MIN", "is_static": false, "battery": 46.194630872483195}}, {"type": "Feature", "geometry": {"type": "Point", "coordinates": [966259.4943552611, 1950517.632257286]}, "properties": {"kind": "drone", "drone_id": 6, "frame": 14, "time_s": 14.0, "timestamp": "2025-01-01T00:00:14", "mode": "SUM_MIN", "is_static": false, "battery": 46.194630872483195}}, {"type": "Feature", "geometry": {"type": "Point", "coordinates": [962362.380038231, 1950563.306431989]}, "properties": {"kind": "drone", "drone_id": 7, "frame": 14, "time_s": 14.0, "timestamp": "2025-01-01T00:00:14", "mode": "SUM_MIN", "is_static": false, "battery": 46.194630872483195}}, {"type": "Feature", "geometry": {"type": "Point", "coordinates": [966259.4943552611, 1950433.805717336]}, "properties": {"kind": "drone", "drone_id": 8, "frame": 14, "time_s": 14.0, "timestamp": "2025-01-01T00:00:14", "mode": "SUM_MIN", "is_static": false, "battery": 46.194630872483195}}, {"type": "Feature", "geometry": {"type": "Point", "coordinates": [962956.2260293976, 1951312.2565190694]}, "properties": {"kind": "drone", "drone_id": 9, "frame": 14, "time_s": 14.0, "timestamp": "2025-01-01T00:00:14", "mode": "SUM_MIN", "is_static": false, "battery": 47.00000000000062}}, {"type": "Feature", "geometry": {"type": "Point", "coordinates": [965944.0136724538, 1949437.2565190694]}, "properties": {"kind": "drone", "drone_id": 10, "frame": 14, "time_s": 14.0, "timestamp": "2025-01-01T00:00:14", "mode": "SUM_MIN", "is_static": false, "battery": 48.49999999999981}}, {"type": "Feature", "geometry": {"type": "Point", "coordinates": [965480.0714918551, 1949315.3712470077]}, "properties": {"kind": "drone", "drone_id": 11, "frame": 14, "time_s": 14.0, "timestamp": "2025-01-01T00:00:14", "mode": "SUM_MIN", "is_static": false, "battery": 46.194630872483195}}, {"type": "Feature", "geometry": {"type": "Point", "coordinates": [963401.6105227724, 1948869.239656666]}, "properties": {"kind": "drone", "drone_id": 12, "frame": 14, "time_s": 14.0, "timestamp": "2025-01-01T00:00:14", "mode": "SUM_MIN", "is_static": false, "battery": 46.194630872483195}}, {"type": "Feature", "geometry": {"type": "Point", "coordinates": [963921.225765043, 1949556.0810848565]}, "properties": {"kind": "drone", "drone_id": 13, "frame": 14, "time_s": 14.0, "timestamp": "2025-01-01T00:00:14", "mode": "SUM_MIN", "is_static": false, "battery": 46.194630872483195}}, {"type": "Feature", "geometry": {"type": "Point", "coordinates": [963661.4181439078, 1950937.2103931638]}, "properties": {"kind": "drone", "drone_id": 14, "frame": 14, "time_s": 14.0, "timestamp": "2025-01-01T00:00:14", "mode": "SUM_MIN", "is_static": false, "battery": 46.194630872483195}}, {"type": "Feature", "geometry": {"type": "Point", "coordinates": [962232.4762276635, 1950856.6953336166]}, "properties": {"kind": "drone", "drone_id": 15, "frame": 14, "time_s": 14.0, "timestamp": "2025-01-01T00:00:14", "mode": "SUM_MIN", "is_static": false, "battery": 46.194630872483195}}, {"type": "Feature", "geometry": {"type": "Point", "coordinates": [963531.5143333401, 1950980.1136619265]}, "properties": {"kind": "drone", "drone_id": 16, "frame": 14, "time_s": 14.0, "timestamp": "2025-01-01T00:00:14", "mode": "SUM_MIN", "is_static": false, "battery": 50.0}}, {"type": "Feature", "geometry": {"type": "Point", "coordinates": [966110.3604490438, 1950219.0111610265]}, "properties": {"kind": "drone", "drone_id": 17, "frame": 14, "time_s": 14.0, "timestamp": "2025-01-01T00:00:14", "mode": "SUM_MIN", "is_static": false, "battery": 46.194630872483195}}, {"type": "Feature", "geometry": {"type": "Point", "coordinates": [966259.4943552611, 1951403.5628083507]}, "properties": {"kind": "drone", "drone_id": 18, "frame": 14, "time_s": 14.0, "timestamp": "2025-01-01T00:00:14", "mode": "SUM_MIN", "is_static": false, "battery": 46.194630872483195}}, {"type": "Feature", "geometry": {"type": "Point", "coordinates": [962622.1876593664, 1951505.1136619265]}, "properties": {"kind": "drone", "drone_id": 19, "frame": 14, "time_s": 14.0, "timestamp": "2025-01-01T00:00:14", "mode": "SUM_MIN", "is_static": false, "battery": 50.0}}, {"type": "Feature", "geometry": {"type": "Point", "coordinates": [965183.1776459784, 1949083.7019200888]}, "properties": {"kind": "drone", "drone_id": 20, "frame": 14, "time_s": 14.0, "timestamp": "2025-01-01T00:00:14", "mode": "SUM_MIN", "is_static": false, "battery": 46.194630872483195}}, {"type": "Feature", "geometry": {"type": "Point", "coordinates": [961972.6686065281, 1951730.1136619265]}, "properties": {"kind": "base_A", "drone_id": 0, "frame": 14, "time_s": 14.0, "timestamp": "2025-01-01T00:00:14", "mode": "SUM_MIN", "is_static": true, "battery": 50.0}}, {"type": "Feature", "geometry": {"type": "Point", "coordinates": [966389.3981658287, 1948730.1136619265]}, "properties": {"kind": "base_B", "drone_id": 0, "frame": 14, "time_s": 14.0, "timestamp": "2025-01-01T00:00:14", "mode": "SUM_MIN", "is_static": true, "battery": 50.0}}, {"type": "Feature", "geometry": {"type": "Point", "coordinates": [966259.4943552611, 1950190.6692109562]}, "properties": {"kind": "drone", "drone_id": 1, "frame": 15, "time_s": 15.0, "timestamp": "2025-01-01T00:00:15", "mode": "SUM_MIN", "is_static": false, "battery": 45.922818791946284}}, {"type": "Feature", "geometry": {"type": "Point", "coordinates": [966122.986700257, 1949176.3009305634]}, "properties": {"kind": "drone", "drone_id": 2, "frame": 15, "time_s": 15.0, "timestamp": "2025-01-01T00:00:15", "mode": "SUM_MIN", "is_static": false, "battery": 45.922818791946284}}, {"type": "Feature", "geometry": {"type": "Point", "coordinates": [963808.5645935639, 1950530.7880271378]}, "properties": {"kind": "drone", "drone_id": 3, "frame": 15, "time_s": 15.0, "timestamp": "2025-01-01T00:00:15", "mode": "SUM_MIN", "is_static": false, "battery": 45.922818791946284}}, {"type": "Feature", "geometry": {"type": "Point", "coordinates": [962102.5724170958, 1951352.5612674048]}, "properties": {"kind": "drone", "drone_id": 4, "frame": 15, "time_s": 15.0, "timestamp": "2025-01-01T00:00:15", "mode": "SUM_MIN", "is_static": false, "battery": 45.922818791946284}}, {"type": "Feature", "geometry": {"type": "Point", "coordinates": [966326.8518883288, 1949366.224772078]}, "properties": {"kind": "drone", "drone_id": 5, "frame": 15, "time_s": 15.0, "timestamp": "2025-01-01T00:00:15", "mode": "SUM_MIN", "is_static": false, "battery": 45.922818791946284}}, {"type": "Feature", "geometry": {"type": "Point", "coordinates": [966259.4943552611, 1950486.4584676789]}, "properties": {"kind": "drone", "drone_id": 6, "frame": 15, "time_s": 15.0, "timestamp": "2025-01-01T00:00:15", "mode": "SUM_MIN", "is_static": false, "battery": 45.922818791946284}}, {"type": "Feature", "geometry": {"type": "Point", "coordinates": [962362.380038231, 1950596.60933651]}, "properties": {"kind": "drone", "drone_id": 7, "frame": 15, "time_s": 15.0, "timestamp": "2025-01-01T00:00:15", "mode": "SUM_MIN", "is_static": false, "battery": 45.922818791946284}}, {"type": "Feature", "geometry": {"type": "Point", "coordinates": [966259.4943552611, 1950410.244197494]}, "properties": {"kind": "drone", "drone_id": 8, "frame": 15, "time_s": 15.0, "timestamp": "2025-01-01T00:00:15", "mode": "SUM_MIN", "is_static": false, "battery": 45.922818791946284}}, {"type": "Feature", "geometry": {"type": "Point", "coordinates": [962956.2260293976, 1951312.2565190694]}, "properties": {"kind": "drone", "drone_id": 9, "frame": 15, "time_s": 15.0, "timestamp": "2025-01-01T00:00:15", "mode": "SUM_MIN", "is_static": false, "battery": 47.00000000000062}}, {"type": "Feature", "geometry": {"type": "Point", "coordinates": [965944.0136724538, 1949437.2565190694]}, "properties": {"kind": "drone", "drone_id": 10, "frame": 15, "time_s": 15.0, "timestamp": "2025-01-01T00:00:15", "mode": "SUM_MIN", "is_static": false, "battery": 48.49999999999981}}, {"type": "Feature", "geometry": {"type": "Point", "coordinates": [965480.0714918551, 1949343.6522666528]}, "properties": {"kind": "drone", "drone_id": 11, "frame": 15, "time_s": 15.0, "timestamp": "2025-01-01T00:00:15", "mode": "SUM_MIN", "is_static": false, "battery": 45.922818791946284}}, {"type": "Feature", "geometry": {"type": "Point", "coordinates": [963401.6105227724, 1948897.7315552274]}, "properties": {"kind": "drone", "drone_id": 12, "frame": 15, "time_s": 15.0, "timestamp": "2025-01-01T00:00:15", "mode": "SUM_MIN", "is_static": false, "battery": 45.922818791946284}}, {"type": "Feature", "geometry": {"type": "Point", "coordinates": [963921.225765043, 1949592.7498176137]}, "properties": {"kind": "drone", "drone_id": 13, "frame": 15, "time_s": 15.0, "timestamp": "2025-01-01T00:00:15", "mode": "SUM_MIN", "is_static": false, "battery": 45.922818791946284}}, {"type": "Feature", "geometry": {"type": "Point", "coordinates": [963665.4308168679, 1950902.7969441127]}, "properties": {"kind": "drone", "drone_id": 14, "frame": 15, "time_s": 15.0, "timestamp": "2025-01-01T00:00:15", "mode": "SUM_MIN", "is_static": false, "battery": 45.922818791946284}}, {"type": "Feature", "geometry": {"type": "Point", "coordinates": [962232.4762276635, 1950896.484809587]}, "properties": {"kind": "drone", "drone_id": 15, "frame": 15, "time_s": 15.0, "timestamp": "2025-01-01T00:00:15", "mode": "SUM_MIN", "is_static": false, "battery": 45.922818791946284}}, {"type": "Feature", "geometry": {"type": "Point", "coordinates": [963531.5143333401, 1950980.1136619265]}, "properties": {"kind": "drone", "drone_id": 16, "frame": 15, "time_s": 15.0, "timestamp": "2025-01-01T00:00:15", "mode": "SUM_MIN", "is_static": false, "battery": 50.0}}, {"type": "Feature", "geometry": {"type": "Point", "coordinates": [966089.8487238062, 1950207.1687109391]}, "properties": {"kind": "drone", "drone_id": 17, "frame": 15, "time_s": 15.0, "timestamp": "2025-01-01T00:00:15", "mode": "SUM_MIN", "is_static": false, "battery": 45.922818791946284}}, {"type": "Feature", "geometry": {"type": "Point", "coordinates": [966259.4943552611, 1951389.093876763]}, "properties": {"kind": "drone", "drone_id": 18, "frame": 15, "time_s": 15.0, "timestamp": "2025-01-01T00:00:15", "mode": "SUM_MIN", "is_static": false, "battery": 45.922818791946284}}, {"type": "Feature", "geometry": {"type": "Point", "coordinates": [962622.1876593664, 1951505.1136619265]}, "properties": {"kind": "drone", "drone_id": 19, "frame": 15, "time_s": 15.0, "timestamp": "2025-01-01T00:00:15", "mode": "SUM_MIN", "is_static": false, "battery": 50.0}}, {"type": "Feature", "geometry": {"type": "Point", "coordinates": [965211.9052877211, 1949100.2878317821]}, "properties": {"kind": "drone", "drone_id": 20, "frame": 15, "time_s": 15.0, "timestamp": "2025-01-01T00:00:15", "mode": "SUM_MIN", "is_static": false, "battery": 45.922818791946284}}, {"type": "Feature", "geometry": {"type": "Point", "coordinates": [961972.6686065281, 1951730.1136619265]}, "properties": {"kind": "base_A", "drone_id": 0, "frame": 15, "time_s": 15.0, "timestamp": "2025-01-01T00:00:15", "mode": "SUM_MIN", "is_static": true, "battery": 50.0}}, {"type": "Feature", "geometry": {"type": "Point", "coordinates": [966389.3981658287, 1948730.1136619265]}, "properties": {"kind": "base_B", "drone_id": 0, "frame": 15, "time_s": 15.0, "timestamp": "2025-01-01T00:00:15", "mode": "SUM_MIN", "is_static": true, "battery": 50.0}}, {"type": "Feature", "geometry": {"type": "Point", "coordinates": [966259.4943552611, 1950158.6738408082]}, "properties": {"kind": "drone", "drone_id": 1, "frame": 16, "time_s": 16.0, "timestamp": "2025-01-01T00:00:16", "mode": "SUM_MIN", "is_static": false, "battery": 45.651006711409366}}, {"type": "Feature", "geometry": {"type": "Point", "coordinates": [966147.294513406, 1949198.51216591]}, "properties": {"kind": "drone", "drone_id": 2, "frame": 16, "time_s": 16.0, "timestamp": "2025-01-01T00:00:16", "mode": "SUM_MIN", "is_static": false, "battery": 45.651006711409366}}, {"type": "Feature", "geometry": {"type": "Point", "coordinates": [963809.7047001369, 1950520.9144145853]}, "properties": {"kind": "drone", "drone_id": 3, "frame": 16, "time_s": 16.0, "timestamp": "2025-01-01T00:00:16", "mode": "SUM_MIN", "is_static": false, "battery": 45.651006711409366}}, {"type": "Feature", "geometry": {"type": "Point", "coordinates": [962106.6647111306, 1951385.8285937405]}, "properties": {"kind": "drone", "drone_id": 4, "frame": 16, "time_s": 16.0, "timestamp": "2025-01-01T00:00:16", "mode": "SUM_MIN", "is_static": false, "battery": 45.651006711409366}}, {"type": "Feature", "geometry": {"type": "Point", "coordinates": [966335.0015363734, 1949361.5195705856]}, "properties": {"kind": "drone", "drone_id": 5, "frame": 16, "time_s": 16.0, "timestamp": "2025-01-01T00:00:16", "mode": "SUM_MIN", "is_static": false, "battery": 45.651006711409366}}, {"type": "Feature", "geometry": {"type": "Point", "coordinates": [966258.4897432907, 1950454.533648935]}, "properties": {"kind": "drone", "drone_id": 6, "frame": 16, "time_s": 16.0, "timestamp": "2025-01-01T00:00:16", "mode": "SUM_MIN", "is_static": false, "battery": 45.651006711409366}}, {"type": "Feature", "geometry": {"type": "Point", "coordinates": [962384.9687767907, 1950618.1552762145]}, "properties": {"kind": "drone", "drone_id": 7, "frame": 16, "time_s": 16.0, "timestamp": "2025-01-01T00:00:16", "mode": "SUM_MIN", "is_static": false, "battery": 45.651006711409366}}, {"type": "Feature", "geometry": {"type": "Point", "coordinates": [966259.4943552611, 1950385.426521647]}, "properties": {"kind": "drone", "drone_id": 8, "frame": 16, "time_s": 16.0, "timestamp": "2025-01-01T00:00:16", "mode": "SUM_MIN", "is_static": false, "battery": 45.651006711409366}}, {"type": "Feature", "geometry": {"type": "Point", "coordinates": [962956.2260293976, 1951312.2565190694]}, "properties": {"kind": "drone", "drone_id": 9, "frame": 16, "time_s": 16.0, "timestamp": "2025-01-01T00:00:16", "mode": "SUM_MIN", "is_static": false, "battery": 47.00000000000062}}, {"type": "Feature", "geometry": {"type": "Point", "coordinates": [965944.0136724538, 1949437.2565190694]}, "properties": {"kind": "drone", "drone_id": 10, "frame": 16, "time_s": 16.0, "timestamp": "2025-01-01T00:00:16", "mode": "SUM_MIN", "is_static": false, "battery": 48.49999999999981}}, {"type": "Feature", "geometry": {"type": "Point", "coordinates": [965480.0714918551, 1949373.299357183]}, "properties": {"kind": "drone", "drone_id": 11, "frame": 16, "time_s": 16.0, "timestamp": "2025-01-01T00:00:16", "mode": "SUM_MIN", "is_static": false, "battery": 45.651006711409366}}, {"type": "Feature", "geometry": {"type": "Point", "coordinates": [963401.6105227724, 1948927.5293882652]}, "properties": {"kind": "drone", "drone_id": 12, "frame": 16, "time_s": 16.0, "timestamp": "2025-01-01T00:00:16", "mode": "SUM_MIN", "is_static": false, "battery": 45.651006711409366}}, {"type": "Feature", "geometry": {"type": "Point", "coordinates": [963921.225765043, 1949630.3231842564]}, "properties": {"kind": "drone", "drone_id": 13, "frame": 16, "time_s": 16.0, "timestamp": "2025-01-01T00:00:16", "mode": "SUM_MIN", "is_static": false, "battery": 45.651006711409366}}, {"type": "Feature", "geometry": {"type": "Point", "coordinates": [963694.942679546, 1950885.7582622513]}, "properties": {"kind": "drone", "drone_id": 14, "frame": 16, "time_s": 16.0, "timestamp": "2025-01-01T00:00:16", "mode": "SUM_MIN", "is_static": false, "battery": 45.651006711409366}}, {"type": "Feature", "geometry": {"type": "Point", "coordinates": [962232.4762276635, 1950937.255909561]}, "properties": {"kind": "drone", "drone_id": 15, "frame": 16, "time_s": 16.0, "timestamp": "2025-01-01T00:00:16", "mode": "SUM_MIN", "is_static": false, "battery": 45.651006711409366}}, {"type": "Feature", "geometry": {"type": "Point", "coordinates": [963531.5143333401, 1950980.1136619265]}, "properties": {"kind": "drone", "drone_id": 16, "frame": 16, "time_s": 16.0, "timestamp": "2025-01-01T00:00:16", "mode": "SUM_MIN", "is_static": false, "battery": 50.0}}, {"type": "Feature", "geometry": {"type": "Point", "coordinates": [966068.2434389426, 1950194.6948939073]}, "properties": {"kind": "drone", "drone_id": 17, "frame": 16, "time_s": 16.0, "timestamp": "2025-01-01T00:00:16", "mode": "SUM_MIN", "is_static": false, "battery": 45.651006711409366}}, {"type": "Feature", "geometry": {"type": "Point", "coordinates": [966259.4943552611, 1951373.742044812]}, "properties": {"kind": "drone", "drone_id": 18, "frame": 16, "time_s": 16.0, "timestamp": "2025-01-01T00:00:16", "mode": "SUM_MIN", "is_static": false, "battery": 45.651006711409366}}, {"type": "Feature", "geometry": {"type": "Point", "coordinates": [962622.1876593664, 1951505.1136619265]}, "properties": {"kind": "drone", "drone_id": 19, "frame": 16, "time_s": 16.0, "timestamp": "2025-01-01T00:00:16", "mode": "SUM_MIN", "is_static": false, "battery": 50.0}}, {"type": "Feature", "geometry": {"type": "Point", "coordinates": [965220.2638707197, 1949129.913418081]}, "properties": {"kind": "drone", "drone_id": 20, "frame": 16, "time_s": 16.0, "timestamp": "2025-01-01T00:00:16", "mode": "SUM_MIN", "is_static": false, "battery": 45.651006711409366}}, {"type": "Feature", "geometry": {"type": "Point", "coordinates": [961972.6686065281, 1951730.1136619265]}, "properties": {"kind": "base_A", "drone_id": 0, "frame": 16, "time_s": 16.0, "timestamp": "2025-01-01T00:00:16", "mode": "SUM_MIN", "is_static": true, "battery": 50.0}}, {"type": "Feature", "geometry": {"type": "Point", "coordinates": [966389.3981658287, 1948730.1136619265]}, "properties": {"kind": "base_B", "drone_id": 0, "frame": 16, "time_s": 16.0, "timestamp": "2025-01-01T00:00:16", "mode": "SUM_MIN", "is_static": true, "battery": 50.0}}, {"type": "Feature", "geometry": {"type": "Point", "coordinates": [966259.4943552611, 1950125.4723342208]}, "properties": {"kind": "drone", "drone_id": 1, "frame": 17, "time_s": 17.0, "timestamp": "2025-01-01T00:00:17", "mode": "SUM_MIN", "is_static": false, "battery": 45.379194630872455}}, {"type": "Feature", "geometry": {"type": "Point", "coordinates": [966168.0443698125, 1949220.0760492375]}, "properties": {"kind": "drone", "drone_id": 2, "frame": 17, "time_s": 17.0, "timestamp": "2025-01-01T00:00:17", "mode": "SUM_MIN", "is_static": false, "battery": 45.379194630872455}}, {"type": "Feature", "geometry": {"type": "Point", "coordinates": [963809.8796416994, 1950519.3993762122]}, "properties": {"kind": "drone", "drone_id": 3, "frame": 17, "time_s": 17.0, "timestamp": "2025-01-01T00:00:17", "mode": "SUM_MIN", "is_static": false, "battery": 45.49999999999981}}, {"type": "Feature", "geometry": {"type": "Point", "coordinates": [962110.6622733682, 1951415.8325109824]}, "properties": {"kind": "drone", "drone_id": 4, "frame": 17, "time_s": 17.0, "timestamp": "2025-01-01T00:00:17", "mode": "SUM_MIN", "is_static": false, "battery": 45.379194630872455}}, {"type": "Feature", "geometry": {"type": "Point", "coordinates": [966343.4584034759, 1949356.6369960874]}, "properties": {"kind": "drone", "drone_id": 5, "frame": 17, "time_s": 17.0, "timestamp": "2025-01-01T00:00:17", "mode": "SUM_MIN", "is_static": false, "battery": 45.379194630872455}}, {"type": "Feature", "geometry": {"type": "Point", "coordinates": [966229.278556201, 1950437.6685622053]}, "properties": {"kind": "drone", "drone_id": 6, "frame": 17, "time_s": 17.0, "timestamp": "2025-01-01T00:00:17", "mode": "SUM_MIN", "is_static": false, "battery": 45.379194630872455}}, {"type": "Feature", "geometry": {"type": "Point", "coordinates": [962415.9218767132, 1950636.026056787]}, "properties": {"kind": "drone", "drone_id": 7, "frame": 17, "time_s": 17.0, "timestamp": "2025-01-01T00:00:17", "mode": "SUM_MIN", "is_static": false, "battery": 45.379194630872455}}, {"type": "Feature", "geometry": {"type": "Point", "coordinates": [966259.4943552611, 1950359.4002914967]}, "properties": {"kind": "drone", "drone_id": 8, "frame": 17, "time_s": 17.0, "timestamp": "2025-01-01T00:00:17", "mode": "SUM_MIN", "is_static": false, "battery": 45.379194630872455}}, {"type": "Feature", "geometry": {"type": "Point", "coordinates": [962956.2260293976, 1951312.2565190694]}, "properties": {"kind": "drone", "drone_id": 9, "frame": 17, "time_s": 17.0, "timestamp": "2025-01-01T00:00:17", "mode": "SUM_MIN", "is_static": false, "battery": 47.00000000000062}}, {"type": "Feature", "geometry": {"type": "Point", "coordinates": [965944.0136724538, 1949437.2565190694]}, "properties": {"kind": "drone", "drone_id": 10, "frame": 17, "time_s": 17.0, "timestamp": "2025-01-01T00:00:17", "mode": "SUM_MIN", "is_static": false, "battery": 48.49999999999981}}, {"type": "Feature", "geometry": {"type": "Point", "coordinates": [965480.0714918551, 1949404.2370913718]}, "properties": {"kind": "drone", "drone_id": 11, "frame": 17, "time_s": 17.0, "timestamp": "2025-01-01T00:00:17", "mode": "SUM_MIN", "is_static": false, "battery": 45.379194630872455}}, {"type": "Feature", "geometry": {"type": "Point", "coordinates": [963404.5848237595, 1948956.830875402]}, "properties": {"kind": "drone", "drone_id": 12, "frame": 17, "time_s": 17.0, "timestamp": "2025-01-01T00:00:17", "mode": "SUM_MIN", "is_static": false, "battery": 45.379194630872455}}, {"type": "Feature", "geometry": {"type": "Point", "coordinates": [963921.225765043, 1949668.5915271458]}, "properties": {"kind": "drone", "drone_id": 13, "frame": 17, "time_s": 17.0, "timestamp": "2025-01-01T00:00:17", "mode": "SUM_MIN", "is_static": false, "battery": 45.379194630872455}}, {"type": "Feature", "geometry": {"type": "Point", "coordinates": [963721.5774308388, 1950870.3806814225]}, "properties": {"kind": "drone", "drone_id": 14, "frame": 17, "time_s": 17.0, "timestamp": "2025-01-01T00:00:17", "mode": "SUM_MIN", "is_static": false, "battery": 45.379194630872455}}, {"type": "Feature", "geometry": {"type": "Point", "coordinates": [962232.4762276635, 1950978.7811326964]}, "properties": {"kind": "drone", "drone_id": 15, "frame": 17, "time_s": 17.0, "timestamp": "2025-01-01T00:00:17", "mode": "SUM_MIN", "is_static": false, "battery": 45.379194630872455}}, {"type": "Feature", "geometry": {"type": "Point", "coordinates": [963531.5143333401, 1950980.1136619265]}, "properties": {"kind": "drone", "drone_id": 16, "frame": 17, "time_s": 17.0, "timestamp": "2025-01-01T00:00:17", "mode": "SUM_MIN", "is_static": false, "battery": 50.0}}, {"type": "Feature", "geometry": {"type": "Point", "coordinates": [966045.5860346071, 1950181.613635415]}, "properties": {"kind": "drone", "drone_id": 17, "frame": 17, "time_s": 17.0, "timestamp": "2025-01-01T00:00:17", "mode": "SUM_MIN", "is_static": false, "battery": 45.379194630872455}}, {"type": "Feature", "geometry": {"type": "Point", "coordinates": [966259.4943552611, 1951357.5221511591]}, "properties": {"kind": "drone", "drone_id": 18, "frame": 17, "time_s": 17.0, "timestamp": "2025-01-01T00:00:17", "mode": "SUM_MIN", "is_static": false, "battery": 45.379194630872455}}, {"type": "Feature", "geometry": {"type": "Point", "coordinates": [962622.1876593664, 1951505.1136619265]}, "properties": {"kind": "drone", "drone_id": 19, "frame": 17, "time_s": 17.0, "timestamp": "2025-01-01T00:00:17", "mode": "SUM_MIN", "is_static": false, "battery": 50.0}}, {"type": "Feature", "geometry": {"type": "Point", "coordinates": [965220.2638707197, 1949165.514299473]}, "properties": {"kind": "drone", "drone_id": 20, "frame": 17, "time_s": 17.0, "timestamp": "2025-01-01T00:00:17", "mode": "SUM_MIN", "is_static": false, "battery": 45.379194630872455}}, {"type": "Feature", "geometry": {"type": "Point", "coordinates": [961972.6686065281, 1951730.1136619265]}, "properties": {"kind": "base_A", "drone_id": 0, "frame": 17, "time_s": 17.0, "timestamp": "2025-01-01T00:00:17", "mode": "SUM_MIN", "is_static": true, "battery": 50.0}}, {"type": "Feature", "geometry": {"type": "Point", "coordinates": [966389.3981658287, 1948730.1136619265]}, "properties": {"kind": "base_B", "drone_id": 0, "frame": 17, "time_s": 17.0, "timestamp": "2025-01-01T00:00:17", "mode": "SUM_MIN", "is_static": true, "battery": 50.0}}, {"type": "Feature", "geometry": {"type": "Point", "coordinates": [966259.4943552611, 1950091.1687349123]}, "properties": {"kind": "drone", "drone_id": 1, "frame": 18, "time_s": 18.0, "timestamp": "2025-01-01T00:00:18", "mode": "SUM_MIN", "is_static": false, "battery": 45.10738255033554}}, {"type": "Feature", "geometry": {"type": "Point", "coordinates": [966186.101177544, 1949238.8412342856]}, "properties": {"kind": "drone", "drone_id": 2, "frame": 18, "time_s": 18.0, "timestamp": "2025-01-01T00:00:18", "mode": "SUM_MIN", "is_static": false, "battery": 45.10738255033554}}, {"type": "Feature", "geometry": {"type": "Point", "coordinates": [963809.8796416994, 1950519.3993762122]}, "properties": {"kind": "drone", "drone_id": 3, "frame": 18, "time_s": 18.0, "timestamp": "2025-01-01T00:00:18", "mode": "SUM_MIN", "is_static": false, "battery": 45.49999999999981}}, {"type": "Feature", "geometry": {"type": "Point", "coordinates": [962114.1410064884, 1951441.9423285257]}, "properties": {"kind": "drone", "drone_id": 4, "frame": 18, "time_s": 18.0, "timestamp": "2025-01-01T00:00:18", "mode": "SUM_MIN", "is_static": false, "battery": 45.10738255033554}}, {"type": "Feature", "geometry": {"type": "Point", "coordinates": [966352.1959883119, 1949351.5923491302]}, "properties": {"kind": "drone", "drone_id": 5, "frame": 18, "time_s": 18.0, "timestamp": "2025-01-01T00:00:18", "mode": "SUM_MIN", "is_static": false, "battery": 45.10738255033554}}, {"type": "Feature", "geometry": {"type": "Point", "coordinates": [966199.0977312854, 1950420.243654816]}, "properties": {"kind": "drone", "drone_id": 6, "frame": 18, "time_s": 18.0, "timestamp": "2025-01-01T00:00:18", "mode": "SUM_MIN", "is_static": false, "battery": 45.10738255033554}}, {"type": "Feature", "geometry": {"type": "Point", "coordinates": [962447.7612365787, 1950654.4085197763]}, "properties": {"kind": "drone", "drone_id": 7, "frame": 18, "time_s": 18.0, "timestamp": "2025-01-01T00:00:18", "mode": "SUM_MIN", "is_static": false, "battery": 45.10738255033554}}, {"type": "Feature", "geometry": {"type": "Point", "coordinates": [966259.4943552611, 1950332.2131087438]}, "properties": {"kind": "drone", "drone_id": 8, "frame": 18, "time_s": 18.0, "timestamp": "2025-01-01T00:00:18", "mode": "SUM_MIN", "is_static": false, "battery": 45.10738255033554}}, {"type": "Feature", "geometry": {"type": "Point", "coordinates": [962956.2260293976, 1951312.2565190694]}, "properties": {"kind": "drone", "drone_id": 9, "frame": 18, "time_s": 18.0, "timestamp": "2025-01-01T00:00:18", "mode": "SUM_MIN", "is_static": false, "battery": 47.00000000000062}}, {"type": "Feature", "geometry": {"type": "Point", "coordinates": [965944.0136724538, 1949437.2565190694]}, "properties": {"kind": "drone", "drone_id": 10, "frame": 18, "time_s": 18.0, "timestamp": "2025-01-01T00:00:18", "mode": "SUM_MIN", "is_static": false, "battery": 48.49999999999981}}, {"type": "Feature", "geometry": {"type": "Point", "coordinates": [965480.0714918551, 1949436.3900419923]}, "properties": {"kind": "drone", "drone_id": 11, "frame": 18, "time_s": 18.0, "timestamp": "2025-01-01T00:00:18", "mode": "SUM_MIN", "is_static": false, "battery": 45.10738255033554}}, {"type": "Feature", "geometry": {"type": "Point", "coordinates": [963432.4314387181, 1948972.9081260443]}, "properties": {"kind": "drone", "drone_id": 12, "frame": 18, "time_s": 18.0, "timestamp": "2025-01-01T00:00:18", "mode": "SUM_MIN", "is_static": false, "battery": 45.10738255033554}}, {"type": "Feature", "geometry": {"type": "Point", "coordinates": [963921.225765043, 1949707.3451886436]}, "properties": {"kind": "drone", "drone_id": 13, "frame": 18, "time_s": 18.0, "timestamp": "2025-01-01T00:00:18", "mode": "SUM_MIN", "is_static": false, "battery": 45.10738255033554}}, {"type": "Feature", "geometry": {"type": "Point", "coordinates": [963744.7553542736, 1950856.9989010883]}, "properties": {"kind": "drone", "drone_id": 14, "frame": 18, "time_s": 18.0, "timestamp": "2025-01-01T00:00:18", "mode": "SUM_MIN", "is_static": false, "battery": 45.10738255033554}}, {"type": "Feature", "geometry": {"type": "Point", "coordinates": [962232.4762276635, 1951020.8329781515]}, "properties": {"kind": "drone", "drone_id": 15, "frame": 18, "time_s": 18.0, "timestamp": "2025-01-01T00:00:18", "mode": "SUM_MIN", "is_static": false, "battery": 45.10738255033554}}, {"type": "Feature", "geometry": {"type": "Point", "coordinates": [963531.5143333401, 1950980.1136619265]}, "properties": {"kind": "drone", "drone_id": 16, "frame": 18, "time_s": 18.0, "timestamp": "2025-01-01T00:00:18", "mode": "SUM_MIN", "is_static": false, "battery": 50.0}}, {"type": "Feature", "geometry": {"type": "Point", "coordinates": [966021.9179509543, 1950167.9488609468]}, "properties": {"kind": "drone", "drone_id": 17, "frame": 18, "time_s": 18.0, "timestamp": "2025-01-01T00:00:18", "mode": "SUM_MIN", "is_static": false, "battery": 45.10738255033554}}, {"type": "Feature", "geometry": {"type": "Point", "coordinates": [966259.4943552611, 1951340.4490344657]}, "properties": {"kind": "drone", "drone_id": 18, "frame": 18, "time_s": 18.0, "timestamp": "2025-01-01T00:00:18", "mode": "SUM_MIN", "is_static": false, "battery": 45.10738255033554}}, {"type": "Feature", "geometry": {"type": "Point", "coordinates": [962622.1876593664, 1951505.1136619265]}, "properties": {"kind": "drone", "drone_id": 19, "frame": 18, "time_s": 18.0, "timestamp": "2025-01-01T00:00:18", "mode": "SUM_MIN", "is_static": false, "battery": 50.0}}, {"type": "Feature", "geometry": {"type": "Point", "coordinates": [965220.2638707197, 1949202.1345177067]}, "properties": {"kind": "drone", "drone_id": 20, "frame": 18, "time_s": 18.0, "timestamp": "2025-01-01T00:00:18", "mode": "SUM_MIN", "is_static": false, "battery": 45.10738255033554}}, {"type": "Feature", "geometry": {"type": "Point", "coordinates": [961972.6686065281, 1951730.1136619265]}, "properties": {"kind": "base_A", "drone_id": 0, "frame": 18, "time_s": 18.0, "timestamp": "2025-01-01T00:00:18", "mode": "SUM_MIN", "is_static": true, "battery": 50.0}}, {"type": "Feature", "geometry": {"type": "Point", "coordinates": [966389.3981658287, 1948730.1136619265]}, "properties": {"kind": "base_B", "drone_id": 0, "frame": 18, "time_s": 18.0, "timestamp": "2025-01-01T00:00:18", "mode": "SUM_MIN", "is_static": true, "battery": 50.0}}, {"type": "Feature", "geometry": {"type": "Point", "coordinates": [966259.4943552611, 1950055.8670866014]}, "properties": {"kind": "drone", "drone_id": 1, "frame": 19, "time_s": 19.0, "timestamp": "2025-01-01T00:00:19", "mode": "SUM_MIN", "is_static": false, "battery": 44.835570469798625}}, {"type": "Feature", "geometry": {"type": "Point", "coordinates": [966201.0133073194, 1949254.3383741376]}, "properties": {"kind": "drone", "drone_id": 2, "frame": 19, "time_s": 19.0, "timestamp": "2025-01-01T00:00:19", "mode": "SUM_MIN", "is_static": false, "battery": 44.835570469798625}}, {"type": "Feature", "geometry": {"type": "Point", "coordinates": [963809.8796416994, 1950519.3993762122]}, "properties": {"kind": "drone", "drone_id": 3, "frame": 19, "time_s": 19.0, "timestamp": "2025-01-01T00:00:19", "mode": "SUM_MIN", "is_static": false, "battery": 45.49999999999981}}, {"type": "Feature", "geometry": {"type": "Point", "coordinates": [962117.0139018812, 1951463.5049985952]}, "properties": {"kind": "drone", "drone_id": 4, "frame": 19, "time_s": 19.0, "timestamp": "2025-01-01T00:00:19", "mode": "SUM_MIN", "is_static": false, "battery": 44.835570469798625}}, {"type": "Feature", "geometry": {"type": "Point", "coordinates": [966361.1877895568, 1949346.400930261]}, "properties": {"kind": "drone", "drone_id": 5, "frame": 19, "time_s": 19.0, "timestamp": "2025-01-01T00:00:19", "mode": "SUM_MIN", "is_static": false, "battery": 44.835570469798625}}, {"type": "Feature", "geometry": {"type": "Point", "coordinates": [966168.0388077792, 1950402.3117769689]}, "properties": {"kind": "drone", "drone_id": 6, "frame": 19, "time_s": 19.0, "timestamp": "2025-01-01T00:00:19", "mode": "SUM_MIN", "is_static": false, "battery": 44.835570469798625}}, {"type": "Feature", "geometry": {"type": "Point", "coordinates": [962480.3737168198, 1950673.2373440224]}, "properties": {"kind": "drone", "drone_id": 7, "frame": 19, "time_s": 19.0, "timestamp": "2025-01-01T00:00:19", "mode": "SUM_MIN", "is_static": false, "battery": 44.835570469798625}}, {"type": "Feature", "geometry": {"type": "Point", "coordinates": [966259.4943552611, 1950303.9125750898]}, "properties": {"kind": "drone", "drone_id": 8, "frame": 19, "time_s": 19.0, "timestamp": "2025-01-01T00:00:19", "mode": "SUM_MIN", "is_static": false, "battery": 44.835570469798625}}, {"type": "Feature", "geometry": {"type": "Point", "coordinates": [962956.2260293976, 1951312.2565190694]}, "properties": {"kind": "drone", "drone_id": 9, "frame": 19, "time_s": 19.0, "timestamp": "2025-01-01T00:00:19", "mode": "SUM_MIN", "is_static": false, "battery": 47.00000000000062}}, {"type": "Feature", "geometry": {"type": "Point", "coordinates": [965944.0136724538, 1949437.2565190694]}, "properties": {"kind": "drone", "drone_id": 10, "frame": 19, "time_s": 19.0, "timestamp": "2025-01-01T00:00:19", "mode": "SUM_MIN", "is_static": false, "battery": 48.49999999999981}}, {"type": "Feature", "geometry": {"type": "Point", "coordinates": [965480.0714918551, 1949469.6827818174]}, "properties": {"kind": "drone", "drone_id": 11, "frame": 19, "time_s": 19.0, "timestamp": "2025-01-01T00:00:19", "mode": "SUM_MIN", "is_static": false, "battery": 44.835570469798625}}, {"type": "Feature", "geometry": {"type": "Point", "coordinates": [963461.1880158145, 1948989.510743572]}, "properties": {"kind": "drone", "drone_id": 12, "frame": 19, "time_s": 19.0, "timestamp": "2025-01-01T00:00:19", "mode": "SUM_MIN", "is_static": false, "battery": 44.835570469798625}}, {"type": "Feature", "geometry": {"type": "Point", "coordinates": [963921.225765043, 1949746.3745111108]}, "properties": {"kind": "drone", "drone_id": 13, "frame": 19, "time_s": 19.0, "timestamp": "2025-01-01T00:00:19", "mode": "SUM_MIN", "is_static": false, "battery": 44.835570469798625}}, {"type": "Feature", "geometry": {"type": "Point", "coordinates": [963763.8967333769, 1950845.9476207104]}, "properties": {"kind": "drone", "drone_id": 14, "frame": 19, "time_s": 19.0, "timestamp": "2025-01-01T00:00:19", "mode": "SUM_MIN", "is_static": false, "battery": 44.835570469798625}}, {"type": "Feature", "geometry": {"type": "Point", "coordinates": [962232.4762276635, 1951063.1839450838]}, "properties": {"kind": "drone", "drone_id": 15, "frame": 19, "time_s": 19.0, "timestamp": "2025-01-01T00:00:19", "mode": "SUM_MIN", "is_static": false, "battery": 44.835570469798625}}, {"type": "Feature", "geometry": {"type": "Point", "coordinates": [963531.5143333401, 1950980.1136619265]}, "properties": {"kind": "drone", "drone_id": 16, "frame": 19, "time_s": 19.0, "timestamp": "2025-01-01T00:00:19", "mode": "SUM_MIN", "is_static": false, "battery": 50.0}}, {"type": "Feature", "geometry": {"type": "Point", "coordinates": [965997.2806281381, 1950153.724495987]}, "properties": {"kind": "drone", "drone_id": 17, "frame": 19, "time_s": 19.0, "timestamp": "2025-01-01T00:00:19", "mode": "SUM_MIN", "is_static": false, "battery": 44.835570469798625}}, {"type": "Feature", "geometry": {"type": "Point", "coordinates": [966259.4943552611, 1951322.5375333936]}, "properties": {"kind": "drone", "drone_id": 18, "frame": 19, "time_s": 19.0, "timestamp": "2025-01-01T00:00:19", "mode": "SUM_MIN", "is_static": false, "battery": 44.835570469798625}}, {"type": "Feature", "geometry": {"type": "Point", "coordinates": [962622.1876593664, 1951505.1136619265]}, "properties": {"kind": "drone", "drone_id": 19, "frame": 19, "time_s": 19.0, "timestamp": "2025-01-01T00:00:19", "mode": "SUM_MIN", "is_static": false, "battery": 50.0}}, {"type": "Feature", "geometry": {"type": "Point", "coordinates": [965220.2638707197, 1949239.6439446744]}, "properties": {"kind": "drone", "drone_id": 20, "frame": 19, "time_s": 19.0, "timestamp": "2025-01-01T00:00:19", "mode": "SUM_MIN", "is_static": false, "battery": 44.835570469798625}}, {"type": "Feature", "geometry": {"type": "Point", "coordinates": [961972.6686065281, 1951730.1136619265]}, "properties": {"kind": "base_A", "drone_id": 0, "frame": 19, "time_s": 19.0, "timestamp": "2025-01-01T00:00:19", "mode": "SUM_MIN", "is_static": true, "battery": 50.0}}, {"type": "Feature", "geometry": {"type": "Point", "coordinates": [966389.3981658287, 1948730.1136619265]}, "properties": {"kind": "base_B", "drone_id": 0, "frame": 19, "time_s": 19.0, "timestamp": "2025-01-01T00:00:19", "mode": "SUM_MIN", "is_static": true, "battery": 50.0}}, {"type": "Feature", "geometry": {"type": "Point", "coordinates": [966259.4943552611, 1950019.6714330064]}, "properties": {"kind": "drone", "drone_id": 1, "frame": 20, "time_s": 20.0, "timestamp": "2025-01-01T00:00:20", "mode": "SUM_MIN", "is_static": false, "battery": 44.56375838926171}}, {"type": "Feature", "geometry": {"type": "Point", "coordinates": [966212.3291298578, 1949266.0981218773]}, "properties": {"kind": "drone", "drone_id": 2, "frame": 20, "time_s": 20.0, "timestamp": "2025-01-01T00:00:20", "mode": "SUM_MIN", "is_static": false, "battery": 44.56375838926171}}, {"type": "Feature", "geometry": {"type": "Point", "coordinates": [963809.8796416994, 1950519.3993762122]}, "properties": {"kind": "drone", "drone_id": 3, "frame": 20, "time_s": 20.0, "timestamp": "2025-01-01T00:00:20", "mode": "SUM_MIN", "is_static": false, "battery": 45.49999999999981}}, {"type": "Feature", "geometry": {"type": "Point", "coordinates": [962119.1939509369, 1951479.867473415]}, "properties": {"kind": "drone", "drone_id": 4, "frame": 20, "time_s": 20.0, "timestamp": "2025-01-01T00:00:20", "mode": "SUM_MIN", "is_static": false, "battery": 44.56375838926171}}, {"type": "Feature", "geometry": {"type": "Point", "coordinates": [966370.4073058862, 1949341.0780400264]}, "properties": {"kind": "drone", "drone_id": 5, "frame": 20, "time_s": 20.0, "timestamp": "2025-01-01T00:00:20", "mode": "SUM_MIN", "is_static": false, "battery": 44.56375838926171}}, {"type": "Feature", "geometry": {"type": "Point", "coordinates": [966136.1933249178, 1950383.9257788665]}, "properties": {"kind": "drone", "drone_id": 6, "frame": 20, "time_s": 20.0, "timestamp": "2025-01-01T00:00:20", "mode": "SUM_MIN", "is_static": false, "battery": 44.56375838926171}}, {"type": "Feature", "geometry": {"type": "Point", "coordinates": [962513.6461778696, 1950692.4472083661]}, "properties": {"kind": "drone", "drone_id": 7, "frame": 20, "time_s": 20.0, "timestamp": "2025-01-01T00:00:20", "mode": "SUM_MIN", "is_static": false, "battery": 44.56375838926171}}, {"type": "Feature", "geometry": {"type": "Point", "coordinates": [966259.4943552611, 1950274.546292236]}, "properties": {"kind": "drone", "drone_id": 8, "frame": 20, "time_s": 20.0, "timestamp": "2025-01-01T00:00:20", "mode": "SUM_MIN", "is_static": false, "battery": 44.56375838926171}}, {"type": "Feature", "geometry": {"type": "Point", "coordinates": [962956.2260293976, 1951312.2565190694]}, "properties": {"kind": "drone", "drone_id": 9, "frame": 20, "time_s": 20.0, "timestamp": "2025-01-01T00:00:20", "mode": "SUM_MIN", "is_static": false, "battery": 47.00000000000062}}, {"type": "Feature", "geometry": {"type": "Point", "coordinates": [965944.0136724538, 1949437.2565190694]}, "properties": {"kind": "drone", "drone_id": 10, "frame": 20, "time_s": 20.0, "timestamp": "2025-01-01T00:00:20", "mode": "SUM_MIN", "is_static": false, "battery": 48.49999999999981}}, {"type": "Feature", "geometry": {"type": "Point", "coordinates": [965480.0714918551, 1949504.0398836208]}, "properties": {"kind": "drone", "drone_id": 11, "frame": 20, "time_s": 20.0, "timestamp": "2025-01-01T00:00:20", "mode": "SUM_MIN", "is_static": false, "battery": 44.56375838926171}}, {"type": "Feature", "geometry": {"type": "Point", "coordinates": [963490.7808849508, 1949006.5961945339]}, "properties": {"kind": "drone", "drone_id": 12, "frame": 20, "time_s": 20.0, "timestamp": "2025-01-01T00:00:20", "mode": "SUM_MIN", "is_static": false, "battery": 44.56375838926171}}, {"type": "Feature", "geometry": {"type": "Point", "coordinates": [963921.225765043, 1949785.4698369086]}, "properties": {"kind": "drone", "drone_id": 13, "frame": 20, "time_s": 20.0, "timestamp": "2025-01-01T00:00:20", "mode": "SUM_MIN", "is_static": false, "battery": 44.56375838926171}}, {"type": "Feature", "geometry": {"type": "Point", "coordinates": [963778.4218516757, 1950837.5615397505]}, "properties": {"kind": "drone", "drone_id": 14, "frame": 20, "time_s": 20.0, "timestamp": "2025-01-01T00:00:20", "mode": "SUM_MIN", "is_static": false, "battery": 44.56375838926171}}, {"type": "Feature", "geometry": {"type": "Point", "coordinates": [962232.4762276635, 1951105.6065326517]}, "properties": {"kind": "drone", "drone_id": 15, "frame": 20, "time_s": 20.0, "timestamp": "2025-01-01T00:00:20", "mode": "SUM_MIN", "is_static": false, "battery": 44.56375838926171}}, {"type": "Feature", "geometry": {"type": "Point", "coordinates": [963531.5143333401, 1950980.1136619265]}, "properties": {"kind": "drone", "drone_id": 16, "frame": 20, "time_s": 20.0, "timestamp": "2025-01-01T00:00:20", "mode": "SUM_MIN", "is_static": false, "battery": 50.0}}, {"type": "Feature", "geometry": {"type": "Point", "coordinates": [965971.715506313, 1950138.9644660193]}, "properties": {"kind": "drone", "drone_id": 17, "frame": 20, "time_s": 20.0, "timestamp": "2025-01-01T00:00:20", "mode": "SUM_MIN", "is_static": false, "battery": 44.56375838926171}}, {"type": "Feature", "geometry": {"type": "Point", "coordinates": [966259.4943552611, 1951303.8024866043]}, "properties": {"kind": "drone", "drone_id": 18, "frame": 20, "time_s": 20.0, "timestamp": "2025-01-01T00:00:20", "mode": "SUM_MIN", "is_static": false, "battery": 44.56375838926171}}, {"type": "Feature", "geometry": {"type": "Point", "coordinates": [962622.1876593664, 1951505.1136619265]}, "properties": {"kind": "drone", "drone_id": 19, "frame": 20, "time_s": 20.0, "timestamp": "2025-01-01T00:00:20", "mode": "SUM_MIN", "is_static": false, "battery": 50.0}}, {"type": "Feature", "geometry": {"type": "Point", "coordinates": [965240.0082023317, 1949266.5130570976]}, "properties": {"kind": "drone", "drone_id": 20, "frame": 20, "time_s": 20.0, "timestamp": "2025-01-01T00:00:20", "mode": "SUM_MIN", "is_static": false, "battery": 44.56375838926171}}, {"type": "Feature", "geometry": {"type": "Point", "coordinates": [961972.6686065281, 1951730.1136619265]}, "properties": {"kind": "base_A", "drone_id": 0, "frame": 20, "time_s": 20.0, "timestamp": "2025-01-01T00:00:20", "mode": "SUM_MIN", "is_static": true, "battery": 50.0}}, {"type": "Feature", "geometry": {"type": "Point", "coordinates": [966389.3981658287, 1948730.1136619265]}, "properties": {"kind": "base_B", "drone_id": 0, "frame": 20, "time_s": 20.0, "timestamp": "2025-01-01T00:00:20", "mode": "SUM_MIN", "is_static": true, "battery": 50.0}}, {"type": "Feature", "geometry": {"type": "Point", "coordinates": [966240.0712725348, 1949993.899739886]}, "properties": {"kind": "drone", "drone_id": 1, "frame": 21, "time_s": 21.0, "timestamp": "2025-01-01T00:00:21", "mode": "SUM_MIN", "is_static": false, "battery": 44.291946308724796}}, {"type": "Feature", "geometry": {"type": "Point", "coordinates": [966219.5970158785, 1949273.6511305883]}, "properties": {"kind": "drone", "drone_id": 2, "frame": 21, "time_s": 21.0, "timestamp": "2025-01-01T00:00:21", "mode": "SUM_MIN", "is_static": false, "battery": 44.291946308724796}}, {"type": "Feature", "geometry": {"type": "Point", "coordinates": [963809.8796416994, 1950519.3993762122]}, "properties": {"kind": "drone", "drone_id": 3, "frame": 21, "time_s": 21.0, "timestamp": "2025-01-01T00:00:21", "mode": "SUM_MIN", "is_static": false, "battery": 45.49999999999981}}, {"type": "Feature", "geometry": {"type": "Point", "coordinates": [962120.594145046, 1951490.37670521]}, "properties": {"kind": "drone", "drone_id": 4, "frame": 21, "time_s": 21.0, "timestamp": "2025-01-01T00:00:21", "mode": "SUM_MIN", "is_static": false, "battery": 44.291946308724796}}, {"type": "Feature", "geometry": {"type": "Point", "coordinates": [966379.8280359756, 1949335.6389789733]}, "properties": {"kind": "drone", "drone_id": 5, "frame": 21, "time_s": 21.0, "timestamp": "2025-01-01T00:00:21", "mode": "SUM_MIN", "is_static": false, "battery": 44.291946308724796}}, {"type": "Feature", "geometry": {"type": "Point", "coordinates": [966103.6528219365, 1950365.1385107106]}, "properties": {"kind": "drone", "drone_id": 6, "frame": 21, "time_s": 21.0, "timestamp": "2025-01-01T00:00:21", "mode": "SUM_MIN", "is_static": false, "battery": 44.291946308724796}}, {"type": "Feature", "geometry": {"type": "Point", "coordinates": [962547.4654801608, 1950711.9727916478]}, "properties": {"kind": "drone", "drone_id": 7, "frame": 21, "time_s": 21.0, "timestamp": "2025-01-01T00:00:21", "mode": "SUM_MIN", "is_static": false, "battery": 44.291946308724796}}, {"type": "Feature", "geometry": {"type": "Point", "coordinates": [966259.4943552611, 1950244.1618618837]}, "properties": {"kind": "drone", "drone_id": 8, "frame": 21, "time_s": 21.0, "timestamp": "2025-01-01T00:00:21", "mode": "SUM_MIN", "is_static": false, "battery": 44.291946308724796}}, {"type": "Feature", "geometry": {"type": "Point", "coordinates": [962956.2260293976, 1951312.2565190694]}, "properties": {"kind": "drone", "drone_id": 9, "frame": 21, "time_s": 21.0, "timestamp": "2025-01-01T00:00:21", "mode": "SUM_MIN", "is_static": false, "battery": 47.00000000000062}}, {"type": "Feature", "geometry": {"type": "Point", "coordinates": [965944.0136724538, 1949437.2565190694]}, "properties": {"kind": "drone", "drone_id": 10, "frame": 21, "time_s": 21.0, "timestamp": "2025-01-01T00:00:21", "mode": "SUM_MIN", "is_static": false, "battery": 48.49999999999981}}, {"type": "Feature", "geometry": {"type": "Point", "coordinates": [965480.0714918551, 1949539.3859201754]}, "properties": {"kind": "drone", "drone_id": 11, "frame": 21, "time_s": 21.0, "timestamp": "2025-01-01T00:00:21", "mode": "SUM_MIN", "is_static": false, "battery": 44.291946308724796}}, {"type": "Feature", "geometry": {"type": "Point", "coordinates": [963521.1363760286, 1949024.121945479]}, "properties": {"kind": "drone", "drone_id": 12, "frame": 21, "time_s": 21.0, "timestamp": "2025-01-01T00:00:21", "mode": "SUM_MIN", "is_static": false, "battery": 44.291946308724796}}, {"type": "Feature", "geometry": {"type": "Point", "coordinates": [963921.225765043, 1949824.4215083984]}, "properties": {"kind": "drone", "drone_id": 13, "frame": 21, "time_s": 21.0, "timestamp": "2025-01-01T00:00:21", "mode": "SUM_MIN", "is_static": false, "battery": 44.291946308724796}}, {"type": "Feature", "geometry": {"type": "Point", "coordinates": [963787.7509926968, 1950832.1753576705]}, "properties": {"kind": "drone", "drone_id": 14, "frame": 21, "time_s": 21.0, "timestamp": "2025-01-01T00:00:21", "mode": "SUM_MIN", "is_static": false, "battery": 44.291946308724796}}, {"type": "Feature", "geometry": {"type": "Point", "coordinates": [962232.4762276635, 1951147.873240013]}, "properties": {"kind": "drone", "drone_id": 15, "frame": 21, "time_s": 21.0, "timestamp": "2025-01-01T00:00:21", "mode": "SUM_MIN", "is_static": false, "battery": 44.291946308724796}}, {"type": "Feature", "geometry": {"type": "Point", "coordinates": [963531.5143333401, 1950980.1136619265]}, "properties": {"kind": "drone", "drone_id": 16, "frame": 21, "time_s": 21.0, "timestamp": "2025-01-01T00:00:21", "mode": "SUM_MIN", "is_static": false, "battery": 50.0}}, {"type": "Feature", "geometry": {"type": "Point", "coordinates": [965945.2640256331, 1950123.6926965283]}, "properties": {"kind": "drone", "drone_id": 17, "frame": 21, "time_s": 21.0, "timestamp": "2025-01-01T00:00:21", "mode": "SUM_MIN", "is_static": false, "battery": 44.291946308724796}}, {"type": "Feature", "geometry": {"type": "Point", "coordinates": [966259.4943552611, 1951284.2587327594]}, "properties": {"kind": "drone", "drone_id": 18, "frame": 21, "time_s": 21.0, "timestamp": "2025-01-01T00:00:21", "mode": "SUM_MIN", "is_static": false, "battery": 44.291946308724796}}, {"type": "Feature", "geometry": {"type": "Point", "coordinates": [962622.1876593664, 1951505.1136619265]}, "properties": {"kind": "drone", "drone_id": 19, "frame": 21, "time_s": 21.0, "timestamp": "2025-01-01T00:00:21", "mode": "SUM_MIN", "is_static": false, "battery": 50.0}}, {"type": "Feature", "geometry": {"type": "Point", "coordinates": [965273.6943909329, 1949285.9617871544]}, "properties": {"kind": "drone", "drone_id": 20, "frame": 21, "time_s": 21.0, "timestamp": "2025-01-01T00:00:21", "mode": "SUM_MIN", "is_static": false, "battery": 44.291946308724796}}, {"type": "Feature", "geometry": {"type": "Point", "coordinates": [961972.6686065281, 1951730.1136619265]}, "properties": {"kind": "base_A", "drone_id": 0, "frame": 21, "time_s": 21.0, "timestamp": "2025-01-01T00:00:21", "mode": "SUM_MIN", "is_static": true, "battery": 50.0}}, {"type": "Feature", "geometry": {"type": "Point", "coordinates": [966389.3981658287, 1948730.1136619265]}, "properties": {"kind": "base_B", "drone_id": 0, "frame": 21, "time_s": 21.0, "timestamp": "2025-01-01T00:00:21", "mode": "SUM_MIN", "is_static": true, "battery": 50.0}}, {"type": "Feature", "geometry": {"type": "Point", "coordinates": [966207.4467679502, 1949975.0639733819]}, "properties": {"kind": "drone", "drone_id": 1, "frame": 22, "time_s": 22.0, "timestamp": "2025-01-01T00:00:22", "mode": "SUM_MIN", "is_static": false, "battery": 44.02013422818788}}, {"type": "Feature", "geometry": {"type": "Point", "coordinates": [966222.3653361005, 1949276.5280533538]}, "properties": {"kind": "drone", "drone_id": 2, "frame": 22, "time_s": 22.0, "timestamp": "2025-01-01T00:00:22", "mode": "SUM_MIN", "is_static": false, "battery": 44.02013422818788}}, {"type": "Feature", "geometry": {"type": "Point", "coordinates": [963809.8796416994, 1950519.3993762122]}, "properties": {"kind": "drone", "drone_id": 3, "frame": 22, "time_s": 22.0, "timestamp": "2025-01-01T00:00:22", "mode": "SUM_MIN", "is_static": false, "battery": 45.49999999999981}}, {"type": "Feature", "geometry": {"type": "Point", "coordinates": [962121.1274755985, 1951494.3796462044]}, "properties": {"kind": "drone", "drone_id": 4, "frame": 22, "time_s": 22.0, "timestamp": "2025-01-01T00:00:22", "mode": "SUM_MIN", "is_static": false, "battery": 44.02013422818788}}, {"type": "Feature", "geometry": {"type": "Point", "coordinates": [966389.3981658287, 1949330.0844333707]}, "properties": {"kind": "drone", "drone_id": 5, "frame": 22, "time_s": 22.0, "timestamp": "2025-01-01T00:00:22", "mode": "SUM_MIN", "is_static": false, "battery": 44.02013422818788}}, {"type": "Feature", "geometry": {"type": "Point", "coordinates": [966070.5088380706, 1950346.0028227037]}, "properties": {"kind": "drone", "drone_id": 6, "frame": 22, "time_s": 22.0, "timestamp": "2025-01-01T00:00:22", "mode": "SUM_MIN", "is_static": false, "battery": 44.02013422818788}}, {"type": "Feature", "geometry": {"type": "Point", "coordinates": [962581.7184841263, 1950731.7487727078]}, "properties": {"kind": "drone", "drone_id": 7, "frame": 22, "time_s": 22.0, "timestamp": "2025-01-01T00:00:22", "mode": "SUM_MIN", "is_static": false, "battery": 44.02013422818788}}, {"type": "Feature", "geometry": {"type": "Point", "coordinates": [966259.4943552611, 1950212.8068857337]}, "properties": {"kind": "drone", "drone_id": 8, "frame": 22, "time_s": 22.0, "timestamp": "2025-01-01T00:00:22", "mode": "SUM_MIN", "is_static": false, "battery": 44.02013422818788}}, {"type": "Feature", "geometry": {"type": "Point", "coordinates": [962956.2260293976, 1951312.2565190694]}, "properties": {"kind": "drone", "drone_id": 9, "frame": 22, "time_s": 22.0, "timestamp": "2025-01-01T00:00:22", "mode": "SUM_MIN", "is_static": false, "battery": 47.00000000000062}}, {"type": "Feature", "geometry": {"type": "Point", "coordinates": [965944.0136724538, 1949437.2565190694]}, "properties": {"kind": "drone", "drone_id": 10, "frame": 22, "time_s": 22.0, "timestamp": "2025-01-01T00:00:22", "mode": "SUM_MIN", "is_static": false, "battery": 48.49999999999981}}, {"type": "Feature", "geometry": {"type": "Point", "coordinates": [965462.2904294537, 1949565.3795630904]}, "properties": {"kind": "drone", "drone_id": 11, "frame": 22, "time_s": 22.0, "timestamp": "2025-01-01T00:00:22", "mode": "SUM_MIN", "is_static": false, "battery": 44.02013422818788}}, {"type": "Feature", "geometry": {"type": "Point", "coordinates": [963552.1808189501, 1949042.0454629567]}, "properties": {"kind": "drone", "drone_id": 12, "frame": 22, "time_s": 22.0, "timestamp": "2025-01-01T00:00:22", "mode": "SUM_MIN", "is_static": false, "battery": 44.02013422818788}}, {"type": "Feature", "geometry": {"type": "Point", "coordinates": [963921.225765043, 1949863.0198679415]}, "properties": {"kind": "drone", "drone_id": 13, "frame": 22, "time_s": 22.0, "timestamp": "2025-01-01T00:00:22", "mode": "SUM_MIN", "is_static": false, "battery": 44.02013422818788}}, {"type": "Feature", "geometry": {"type": "Point", "coordinates": [963791.3044399673, 1950830.1237739325]}, "properties": {"kind": "drone", "drone_id": 14, "frame": 22, "time_s": 22.0, "timestamp": "2025-01-01T00:00:22", "mode": "SUM_MIN", "is_static": false, "battery": 44.02013422818788}}, {"type": "Feature", "geometry": {"type": "Point", "coordinates": [962232.4762276635, 1951189.7565663257]}, "properties": {"kind": "drone", "drone_id": 15, "frame": 22, "time_s": 22.0, "timestamp": "2025-01-01T00:00:22", "mode": "SUM_MIN", "is_static": false, "battery": 44.02013422818788}}, {"type": "Feature", "geometry": {"type": "Point", "coordinates": [963531.5143333401, 1950980.1136619265]}, "properties": {"kind": "drone", "drone_id": 16, "frame": 22, "time_s": 22.0, "timestamp": "2025-01-01T00:00:22", "mode": "SUM_MIN", "is_static": false, "battery": 50.0}}, {"type": "Feature", "geometry": {"type": "Point", "coordinates": [965917.9676262527, 1950107.933112998]}, "properties": {"kind": "drone", "drone_id": 17, "frame": 22, "time_s": 22.0, "timestamp": "2025-01-01T00:00:22", "mode": "SUM_MIN", "is_static": false, "battery": 44.02013422818788}}, {"type": "Feature", "geometry": {"type": "Point", "coordinates": [966259.4943552611, 1951263.9211105201]}, "properties": {"kind": "drone", "drone_id": 18, "frame": 22, "time_s": 22.0, "timestamp": "2025-01-01T00:00:22", "mode": "SUM_MIN", "is_static": false, "battery": 44.02013422818788}}, {"type": "Feature", "geometry": {"type": "Point", "coordinates": [962622.1876593664, 1951505.1136619265]}, "properties": {"kind": "drone", "drone_id": 19, "frame": 22, "time_s": 22.0, "timestamp": "2025-01-01T00:00:22", "mode": "SUM_MIN", "is_static": false, "battery": 50.0}}, {"type": "Feature", "geometry": {"type": "Point", "coordinates": [965307.8125741467, 1949305.6599294173]}, "properties": {"kind": "drone", "drone_id": 20, "frame": 22, "time_s": 22.0, "timestamp": "2025-01-01T00:00:22", "mode": "SUM_MIN", "is_static": false, "battery": 44.02013422818788}}, {"type": "Feature", "geometry": {"type": "Point", "coordinates": [961972.6686065281, 1951730.1136619265]}, "properties": {"kind": "base_A", "drone_id": 0, "frame": 22, "time_s": 22.0, "timestamp": "2025-01-01T00:00:22", "mode": "SUM_MIN", "is_static": true, "battery": 50.0}}, {"type": "Feature", "geometry": {"type": "Point", "coordinates": [966389.3981658287, 1948730.1136619265]}, "properties": {"kind": "base_B", "drone_id": 0, "frame": 22, "time_s": 22.0, "timestamp": "2025-01-01T00:00:22", "mode": "SUM_MIN", "is_static": true, "battery": 50.0}}, {"type": "Feature", "geometry": {"type": "Point", "coordinates": [966174.3183455882, 1949955.9372698134]}, "properties": {"kind": "drone", "drone_id": 1, "frame": 23, "time_s": 23.0, "timestamp": "2025-01-01T00:00:23", "mode": "SUM_MIN", "is_static": false, "battery": 43.74832214765097}}, {"type": "Feature", "geometry": {"type": "Point", "coordinates": [966222.3789808131, 1949276.542233355]}, "properties": {"kind": "drone", "drone_id": 2, "frame": 23, "time_s": 23.0, "timestamp": "2025-01-01T00:00:23", "mode": "SUM_MIN", "is_static": false, "battery": 43.99999999999942}}, {"type": "Feature", "geometry": {"type": "Point", "coordinates": [963809.8796416994, 1950519.3993762122]}, "properties": {"kind": "drone", "drone_id": 3, "frame": 23, "time_s": 23.0, "timestamp": "2025-01-01T00:00:23", "mode": "SUM_MIN", "is_static": false, "battery": 45.49999999999981}}, {"type": "Feature", "geometry": {"type": "Point", "coordinates": [962121.1301043197, 1951494.3993762122]}, "properties": {"kind": "drone", "drone_id": 4, "frame": 23, "time_s": 23.0, "timestamp": "2025-01-01T00:00:23", "mode": "SUM_MIN", "is_static": false, "battery": 43.99999999999981}}, {"type": "Feature", "geometry": {"type": "Point", "coordinates": [966389.3981658287, 1949318.8334312716]}, "properties": {"kind": "drone", "drone_id": 5, "frame": 23, "time_s": 23.0, "timestamp": "2025-01-01T00:00:23", "mode": "SUM_MIN", "is_static": false, "battery": 43.74832214765097}}, {"type": "Feature", "geometry": {"type": "Point", "coordinates": [966036.8529125553, 1950326.5715650476]}, "properties": {"kind": "drone", "drone_id": 6, "frame": 23, "time_s": 23.0, "timestamp": "2025-01-01T00:00:23", "mode": "SUM_MIN", "is_static": false, "battery": 43.74832214765097}}, {"type": "Feature", "geometry": {"type": "Point", "coordinates": [962616.2920501987, 1950751.7098303863]}, "properties": {"kind": "drone", "drone_id": 7, "frame": 23, "time_s": 23.0, "timestamp": "2025-01-01T00:00:23", "mode": "SUM_MIN", "is_static": false, "battery": 43.74832214765097}}, {"type": "Feature", "geometry": {"type": "Point", "coordinates": [966259.4943552611, 1950180.5289654876]}, "properties": {"kind": "drone", "drone_id": 8, "frame": 23, "time_s": 23.0, "timestamp": "2025-01-01T00:00:23", "mode": "SUM_MIN", "is_static": false, "battery": 43.74832214765097}}, {"type": "Feature", "geometry": {"type": "Point", "coordinates": [962956.2260293976, 1951312.2565190694]}, "properties": {"kind": "drone", "drone_id": 9, "frame": 23, "time_s": 23.0, "timestamp": "2025-01-01T00:00:23", "mode": "SUM_MIN", "is_static": false, "battery": 47.00000000000062}}, {"type": "Feature", "geometry": {"type": "Point", "coordinates": [965944.0136724538, 1949437.2565190694]}, "properties": {"kind": "drone", "drone_id": 10, "frame": 23, "time_s": 23.0, "timestamp": "2025-01-01T00:00:23", "mode": "SUM_MIN", "is_static": false, "battery": 48.49999999999981}}, {"type": "Feature", "geometry": {"type": "Point", "coordinates": [965430.1629443235, 1949583.9283752786]}, "properties": {"kind": "drone", "drone_id": 11, "frame": 23, "time_s": 23.0, "timestamp": "2025-01-01T00:00:23", "mode": "SUM_MIN", "is_static": false, "battery": 43.74832214765097}}, {"type": "Feature", "geometry": {"type": "Point", "coordinates": [963583.8405436168, 1949060.3242135155]}, "properties": {"kind": "drone", "drone_id": 12, "frame": 23, "time_s": 23.0, "timestamp": "2025-01-01T00:00:23", "mode": "SUM_MIN", "is_static": false, "battery": 43.74832214765097}}, {"type": "Feature", "geometry": {"type": "Point", "coordinates": [963921.225765043, 1949901.055257899]}, "properties": {"kind": "drone", "drone_id": 13, "frame": 23, "time_s": 23.0, "timestamp": "2025-01-01T00:00:23", "mode": "SUM_MIN", "is_static": false, "battery": 43.74832214765097}}, {"type": "Feature", "geometry": {"type": "Point", "coordinates": [963791.3219544754, 1950830.1136619265]}, "properties": {"kind": "drone", "drone_id": 14, "frame": 23, "time_s": 23.0, "timestamp": "2025-01-01T00:00:23", "mode": "SUM_MIN", "is_static": false, "battery": 44.00000000000082}}, {"type": "Feature", "geometry": {"type": "Point", "coordinates": [962232.4762276635, 1951231.0290107478]}, "properties": {"kind": "drone", "drone_id": 15, "frame": 23, "time_s": 23.0, "timestamp": "2025-01-01T00:00:23", "mode": "SUM_MIN", "is_static": false, "battery": 43.74832214765097}}, {"type": "Feature", "geometry": {"type": "Point", "coordinates": [963531.5143333401, 1950980.1136619265]}, "properties": {"kind": "drone", "drone_id": 16, "frame": 23, "time_s": 23.0, "timestamp": "2025-01-01T00:00:23", "mode": "SUM_MIN", "is_static": false, "battery": 50.0}}, {"type": "Feature", "geometry": {"type": "Point", "coordinates": [965889.8677483259, 1950091.709640913]}, "properties": {"kind": "drone", "drone_id": 17, "frame": 23, "time_s": 23.0, "timestamp": "2025-01-01T00:00:23", "mode": "SUM_MIN", "is_static": false, "battery": 43.74832214765097}}, {"type": "Feature", "geometry": {"type": "Point", "coordinates": [966259.4943552611, 1951242.8044585485]}, "properties": {"kind": "drone", "drone_id": 18, "frame": 23, "time_s": 23.0, "timestamp": "2025-01-01T00:00:23", "mode": "SUM_MIN", "is_static": false, "battery": 43.74832214765097}}, {"type": "Feature", "geometry": {"type": "Point", "coordinates": [962622.1876593664, 1951505.1136619265]}, "properties": {"kind": "drone", "drone_id": 19, "frame": 23, "time_s": 23.0, "timestamp": "2025-01-01T00:00:23", "mode": "SUM_MIN", "is_static": false, "battery": 50.0}}, {"type": "Feature", "geometry": {"type": "Point", "coordinates": [965342.2500577264, 1949325.5424198322]}, "properties": {"kind": "drone", "drone_id": 20, "frame": 23, "time_s": 23.0, "timestamp": "2025-01-01T00:00:23", "mode": "SUM_MIN", "is_static": false, "battery": 43.74832214765097}}, {"type": "Feature", "geometry": {"type": "Point", "coordinates": [961972.6686065281, 1951730.1136619265]}, "properties": {"kind": "base_A", "drone_id": 0, "frame": 23, "time_s": 23.0, "timestamp": "2025-01-01T00:00:23", "mode": "SUM_MIN", "is_static": true, "battery": 50.0}}, {"type": "Feature", "geometry": {"type": "Point", "coordinates": [966389.3981658287, 1948730.1136619265]}, "properties": {"kind": "base_B", "drone_id": 0, "frame": 23, "time_s": 23.0, "timestamp": "2025-01-01T00:00:23", "mode": "SUM_MIN", "is_static": true, "battery": 50.0}}, {"type": "Feature", "geometry": {"type": "Point", "coordinates": [966140.776109952, 1949936.5716510396]}, "properties": {"kind": "drone", "drone_id": 1, "frame": 24, "time_s": 24.0, "timestamp": "2025-01-01T00:00:24", "mode": "SUM_MIN", "is_static": false, "battery": 43.47651006711405}}, {"type": "Feature", "geometry": {"type": "Point", "coordinates": [966222.3789808131, 1949276.542233355]}, "properties": {"kind": "drone", "drone_id": 2, "frame": 24, "time_s": 24.0, "timestamp": "2025-01-01T00:00:24", "mode": "SUM_MIN", "is_static": false, "battery": 43.99999999999942}}, {"type": "Feature", "geometry": {"type": "Point", "coordinates": [963809.8796416994, 1950519.3993762122]}, "properties": {"kind": "drone", "drone_id": 3, "frame": 24, "time_s": 24.0, "timestamp": "2025-01-01T00:00:24", "mode": "SUM_MIN", "is_static": false, "battery": 45.49999999999981}}, {"type": "Feature", "geometry": {"type": "Point", "coordinates": [962121.1301043197, 1951494.3993762122]}, "properties": {"kind": "drone", "drone_id": 4, "frame": 24, "time_s": 24.0, "timestamp": "2025-01-01T00:00:24", "mode": "SUM_MIN", "is_static": false, "battery": 43.99999999999981}}, {"type": "Feature", "geometry": {"type": "Point", "coordinates": [966389.3981658287, 1949307.4418908164]}, "properties": {"kind": "drone", "drone_id": 5, "frame": 24, "time_s": 24.0, "timestamp": "2025-01-01T00:00:24", "mode": "SUM_MIN", "is_static": false, "battery": 43.47651006711405}}, {"type": "Feature", "geometry": {"type": "Point", "coordinates": [966002.776584626, 1950306.8975879445]}, "properties": {"kind": "drone", "drone_id": 6, "frame": 24, "time_s": 24.0, "timestamp": "2025-01-01T00:00:24", "mode": "SUM_MIN", "is_static": false, "battery": 43.47651006711405}}, {"type": "Feature", "geometry": {"type": "Point", "coordinates": [962651.073038811, 1950771.7906435244]}, "properties": {"kind": "drone", "drone_id": 7, "frame": 24, "time_s": 24.0, "timestamp": "2025-01-01T00:00:24", "mode": "SUM_MIN", "is_static": false, "battery": 43.47651006711405}}, {"type": "Feature", "geometry": {"type": "Point", "coordinates": [966259.4943552611, 1950147.3757028468]}, "properties": {"kind": "drone", "drone_id": 8, "frame": 24, "time_s": 24.0, "timestamp": "2025-01-01T00:00:24", "mode": "SUM_MIN", "is_static": false, "battery": 43.47651006711405}}, {"type": "Feature", "geometry": {"type": "Point", "coordinates": [962956.2260293976, 1951312.2565190694]}, "properties": {"kind": "drone", "drone_id": 9, "frame": 24, "time_s": 24.0, "timestamp": "2025-01-01T00:00:24", "mode": "SUM_MIN", "is_static": false, "battery": 47.00000000000062}}, {"type": "Feature", "geometry": {"type": "Point", "coordinates": [965944.0136724538, 1949437.2565190694]}, "properties": {"kind": "drone", "drone_id": 10, "frame": 24, "time_s": 24.0, "timestamp": "2025-01-01T00:00:24", "mode": "SUM_MIN", "is_static": false, "battery": 48.49999999999981}}, {"type": "Feature", "geometry": {"type": "Point", "coordinates": [965397.3749822596, 1949602.8585140025]}, "properties": {"kind": "drone", "drone_id": 11, "frame": 24, "time_s": 24.0, "timestamp": "2025-01-01T00:00:24", "mode": "SUM_MIN", "is_static": false, "battery": 43.47651006711405}}, {"type": "Feature", "geometry": {"type": "Point", "coordinates": [963616.0418799309, 1949078.9156637045]}, "properties": {"kind": "drone", "drone_id": 12, "frame": 24, "time_s": 24.0, "timestamp": "2025-01-01T00:00:24", "mode": "SUM_MIN", "is_static": false, "battery": 43.47651006711405}}, {"type": "Feature", "geometry": {"type": "Point", "coordinates": [963921.225765043, 1949938.3180206325]}, "properties": {"kind": "drone", "drone_id": 13, "frame": 24, "time_s": 24.0, "timestamp": "2025-01-01T00:00:24", "mode": "SUM_MIN", "is_static": false, "battery": 43.47651006711405}}, {"type": "Feature", "geometry": {"type": "Point", "coordinates": [963791.3219544754, 1950830.1136619265]}, "properties": {"kind": "drone", "drone_id": 14, "frame": 24, "time_s": 24.0, "timestamp": "2025-01-01T00:00:24", "mode": "SUM_MIN", "is_static": false, "battery": 44.00000000000082}}, {"type": "Feature", "geometry": {"type": "Point", "coordinates": [962232.4762276635, 1951271.463072437]}, "properties": {"kind": "drone", "drone_id": 15, "frame": 24, "time_s": 24.0, "timestamp": "2025-01-01T00:00:24", "mode": "SUM_MIN", "is_static": false, "battery": 43.47651006711405}}, {"type": "Feature", "geometry": {"type": "Point", "coordinates": [963531.5143333401, 1950980.1136619265]}, "properties": {"kind": "drone", "drone_id": 16, "frame": 24, "time_s": 24.0, "timestamp": "2025-01-01T00:00:24", "mode": "SUM_MIN", "is_static": false, "battery": 50.0}}, {"type": "Feature", "geometry": {"type": "Point", "coordinates": [965861.0058320073, 1950075.046205757]}, "properties": {"kind": "drone", "drone_id": 17, "frame": 24, "time_s": 24.0, "timestamp": "2025-01-01T00:00:24", "mode": "SUM_MIN", "is_static": false, "battery": 43.47651006711405}}, {"type": "Feature", "geometry": {"type": "Point", "coordinates": [966259.4943552611, 1951220.9236155062]}, "properties": {"kind": "drone", "drone_id": 18, "frame": 24, "time_s": 24.0, "timestamp": "2025-01-01T00:00:24", "mode": "SUM_MIN", "is_static": false, "battery": 43.47651006711405}}, {"type": "Feature", "geometry": {"type": "Point", "coordinates": [962622.1876593664, 1951505.1136619265]}, "properties": {"kind": "drone", "drone_id": 19, "frame": 24, "time_s": 24.0, "timestamp": "2025-01-01T00:00:24", "mode": "SUM_MIN", "is_static": false, "battery": 50.0}}, {"type": "Feature", "geometry": {"type": "Point", "coordinates": [965376.8941474253, 1949345.5441943456]}, "properties": {"kind": "drone", "drone_id": 20, "frame": 24, "time_s": 24.0, "timestamp": "2025-01-01T00:00:24", "mode": "SUM_MIN", "is_static": false, "battery": 43.47651006711405}}, {"type": "Feature", "geometry": {"type": "Point", "coordinates": [961972.6686065281, 1951730.1136619265]}, "properties": {"kind": "base_A", "drone_id": 0, "frame": 24, "time_s": 24.0, "timestamp": "2025-01-01T00:00:24", "mode": "SUM_MIN", "is_static": true, "battery": 50.0}}, {"type": "Feature", "geometry": {"type": "Point", "coordinates": [966389.3981658287, 1948730.1136619265]}, "properties": {"kind": "base_B", "drone_id": 0, "frame": 24, "time_s": 24.0, "timestamp": "2025-01-01T00:00:24", "mode": "SUM_MIN", "is_static": true, "battery": 50.0}}, {"type": "Feature", "geometry": {"type": "Point", "coordinates": [966106.9101655448, 1949917.0191389197]}, "properties": {"kind": "drone", "drone_id": 1, "frame": 25, "time_s": 25.0, "timestamp": "2025-01-01T00:00:25", "mode": "SUM_MIN", "is_static": false, "battery": 43.20469798657714}}, {"type": "Feature", "geometry": {"type": "Point", "coordinates": [966222.3789808131, 1949276.542233355]}, "properties": {"kind": "drone", "drone_id": 2, "frame": 25, "time_s": 25.0, "timestamp": "2025-01-01T00:00:25", "mode": "SUM_MIN", "is_static": false, "battery": 43.99999999999942}}, {"type": "Feature", "geometry": {"type": "Point", "coordinates": [963809.8796416994, 1950519.3993762122]}, "properties": {"kind": "drone", "drone_id": 3, "frame": 25, "time_s": 25.0, "timestamp": "2025-01-01T00:00:25", "mode": "SUM_MIN", "is_static": false, "battery": 45.49999999999981}}, {"type": "Feature", "geometry": {"type": "Point", "coordinates": [962121.1301043197, 1951494.3993762122]}, "properties": {"kind": "drone", "drone_id": 4, "frame": 25, "time_s": 25.0, "timestamp": "2025-01-01T00:00:25", "mode": "SUM_MIN", "is_static": false, "battery": 43.99999999999981}}, {"type": "Feature", "geometry": {"type": "Point", "coordinates": [966389.3981658287, 1949295.940413099]}, "properties": {"kind": "drone", "drone_id": 5, "frame": 25, "time_s": 25.0, "timestamp": "2025-01-01T00:00:25", "mode": "SUM_MIN", "is_static": false, "battery": 43.20469798657714}}, {"type": "Feature", "geometry": {"type": "Point", "coordinates": [965968.3713935179, 1950287.0337415969]}, "properties": {"kind": "drone", "drone_id": 6, "frame": 25, "time_s": 25.0, "timestamp": "2025-01-01T00:00:25", "mode": "SUM_MIN", "is_static": false, "battery": 43.20469798657714}}, {"type": "Feature", "geometry": {"type": "Point", "coordinates": [962685.9483103958, 1950791.9258909621]}, "properties": {"kind": "drone", "drone_id": 7, "frame": 25, "time_s": 25.0, "timestamp": "2025-01-01T00:00:25", "mode": "SUM_MIN", "is_static": false, "battery": 43.20469798657714}}, {"type": "Feature", "geometry": {"type": "Point", "coordinates": [966259.4943552611, 1950113.394699512]}, "properties": {"kind": "drone", "drone_id": 8, "frame": 25, "time_s": 25.0, "timestamp": "2025-01-01T00:00:25", "mode": "SUM_MIN", "is_static": false, "battery": 43.20469798657714}}, {"type": "Feature", "geometry": {"type": "Point", "coordinates": [962956.2260293976, 1951312.2565190694]}, "properties": {"kind": "drone", "drone_id": 9, "frame": 25, "time_s": 25.0, "timestamp": "2025-01-01T00:00:25", "mode": "SUM_MIN", "is_static": false, "battery": 47.00000000000062}}, {"type": "Feature", "geometry": {"type": "Point", "coordinates": [965944.0136724538, 1949437.2565190694]}, "properties": {"kind": "drone", "drone_id": 10, "frame": 25, "time_s": 25.0, "timestamp": "2025-01-01T00:00:25", "mode": "SUM_MIN", "is_static": false, "battery": 48.49999999999981}}, {"type": "Feature", "geometry": {"type": "Point", "coordinates": [965363.9918651566, 1949622.1322656483]}, "properties": {"kind": "drone", "drone_id": 11, "frame": 25, "time_s": 25.0, "timestamp": "2025-01-01T00:00:25", "mode": "SUM_MIN", "is_static": false, "battery": 43.20469798657714}}, {"type": "Feature", "geometry": {"type": "Point", "coordinates": [963648.7111577942, 1949097.7772800731]}, "properties": {"kind": "drone", "drone_id": 12, "frame": 25, "time_s": 25.0, "timestamp": "2025-01-01T00:00:25", "mode": "SUM_MIN", "is_static": false, "battery": 43.20469798657714}}, {"type": "Feature", "geometry": {"type": "Point", "coordinates": [963921.225765043, 1949974.598498503]}, "properties": {"kind": "drone", "drone_id": 13, "frame": 25, "time_s": 25.0, "timestamp": "2025-01-01T00:00:25", "mode": "SUM_MIN", "is_static": false, "battery": 43.20469798657714}}, {"type": "Feature", "geometry": {"type": "Point", "coordinates": [963791.3219544754, 1950830.1136619265]}, "properties": {"kind": "drone", "drone_id": 14, "frame": 25, "time_s": 25.0, "timestamp": "2025-01-01T00:00:25", "mode": "SUM_MIN", "is_static": false, "battery": 44.00000000000082}}, {"type": "Feature", "geometry": {"type": "Point", "coordinates": [962232.4762276635, 1951310.831250552]}, "properties": {"kind": "drone", "drone_id": 15, "frame": 25, "time_s": 25.0, "timestamp": "2025-01-01T00:00:25", "mode": "SUM_MIN", "is_static": false, "battery": 43.20469798657714}}, {"type": "Feature", "geometry": {"type": "Point", "coordinates": [963531.5143333401, 1950980.1136619265]}, "properties": {"kind": "drone", "drone_id": 16, "frame": 25, "time_s": 25.0, "timestamp": "2025-01-01T00:00:25", "mode": "SUM_MIN", "is_static": false, "battery": 50.0}}, {"type": "Feature", "geometry": {"type": "Point", "coordinates": [965831.4233174508, 1950057.9667330144]}, "properties": {"kind": "drone", "drone_id": 17, "frame": 25, "time_s": 25.0, "timestamp": "2025-01-01T00:00:25", "mode": "SUM_MIN", "is_static": false, "battery": 43.20469798657714}}, {"type": "Feature", "geometry": {"type": "Point", "coordinates": [966259.4943552611, 1951198.293420054]}, "properties": {"kind": "drone", "drone_id": 18, "frame": 25, "time_s": 25.0, "timestamp": "2025-01-01T00:00:25", "mode": "SUM_MIN", "is_static": false, "battery": 43.20469798657714}}, {"type": "Feature", "geometry": {"type": "Point", "coordinates": [962622.1876593664, 1951505.1136619265]}, "properties": {"kind": "drone", "drone_id": 19, "frame": 25, "time_s": 25.0, "timestamp": "2025-01-01T00:00:25", "mode": "SUM_MIN", "is_static": false, "battery": 50.0}}, {"type": "Feature", "geometry": {"type": "Point", "coordinates": [965411.6321489965, 1949365.600188904]}, "properties": {"kind": "drone", "drone_id": 20, "frame": 25, "time_s": 25.0, "timestamp": "2025-01-01T00:00:25", "mode": "SUM_MIN", "is_static": false, "battery": 43.20469798657714}}, {"type": "Feature", "geometry": {"type": "Point", "coordinates": [961972.6686065281, 1951730.1136619265]}, "properties": {"kind": "base_A", "drone_id": 0, "frame": 25, "time_s": 25.0, "timestamp": "2025-01-01T00:00:25", "mode": "SUM_MIN", "is_static": true, "battery": 50.0}}, {"type": "Feature", "geometry": {"type": "Point", "coordinates": [966389.3981658287, 1948730.1136619265]}, "properties": {"kind": "base_B", "drone_id": 0, "frame": 25, "time_s": 25.0, "timestamp": "2025-01-01T00:00:25", "mode": "SUM_MIN", "is_static": true, "battery": 50.0}}, {"type": "Feature", "geometry": {"type": "Point", "coordinates": [966072.81061687, 1949897.331755313]}, "properties": {"kind": "drone", "drone_id": 1, "frame": 26, "time_s": 26.0, "timestamp": "2025-01-01T00:00:26", "mode": "SUM_MIN", "is_static": false, "battery": 42.93288590604022}}, {"type": "Feature", "geometry": {"type": "Point", "coordinates": [966222.3789808131, 1949276.542233355]}, "properties": {"kind": "drone", "drone_id": 2, "frame": 26, "time_s": 26.0, "timestamp": "2025-01-01T00:00:26", "mode": "SUM_MIN", "is_static": false, "battery": 43.99999999999942}}, {"type": "Feature", "geometry": {"type": "Point", "coordinates": [963809.8796416994, 1950519.3993762122]}, "properties": {"kind": "drone", "drone_id": 3, "frame": 26, "time_s": 26.0, "timestamp": "2025-01-01T00:00:26", "mode": "SUM_MIN", "is_static": false, "battery": 45.49999999999981}}, {"type": "Feature", "geometry": {"type": "Point", "coordinates": [962121.1301043197, 1951494.3993762122]}, "properties": {"kind": "drone", "drone_id": 4, "frame": 26, "time_s": 26.0, "timestamp": "2025-01-01T00:00:26", "mode": "SUM_MIN", "is_static": false, "battery": 43.99999999999981}}, {"type": "Feature", "geometry": {"type": "Point", "coordinates": [966389.3981658287, 1949284.3595992127]}, "properties": {"kind": "drone", "drone_id": 5, "frame": 26, "time_s": 26.0, "timestamp": "2025-01-01T00:00:26", "mode": "SUM_MIN", "is_static": false, "battery": 42.93288590604022}}, {"type": "Feature", "geometry": {"type": "Point", "coordinates": [965933.7288784666, 1950267.0328762066]}, "properties": {"kind": "drone", "drone_id": 6, "frame": 26, "time_s": 26.0, "timestamp": "2025-01-01T00:00:26", "mode": "SUM_MIN", "is_static": false, "battery": 42.93288590604022}}, {"type": "Feature", "geometry": {"type": "Point", "coordinates": [962720.8047253862, 1950812.0502515398]}, "properties": {"kind": "drone", "drone_id": 7, "frame": 26, "time_s": 26.0, "timestamp": "2025-01-01T00:00:26", "mode": "SUM_MIN", "is_static": false, "battery": 42.93288590604022}}, {"type": "Feature", "geometry": {"type": "Point", "coordinates": [966259.4943552611, 1950078.6335571848]}, "properties": {"kind": "drone", "drone_id": 8, "frame": 26, "time_s": 26.0, "timestamp": "2025-01-01T00:00:26", "mode": "SUM_MIN", "is_static": false, "battery": 42.93288590604022}}, {"type": "Feature", "geometry": {"type": "Point", "coordinates": [962956.2260293976, 1951312.2565190694]}, "properties": {"kind": "drone", "drone_id": 9, "frame": 26, "time_s": 26.0, "timestamp": "2025-01-01T00:00:26", "mode": "SUM_MIN", "is_static": false, "battery": 47.00000000000062}}, {"type": "Feature", "geometry": {"type": "Point", "coordinates": [965944.0136724538, 1949437.2565190694]}, "properties": {"kind": "drone", "drone_id": 10, "frame": 26, "time_s": 26.0, "timestamp": "2025-01-01T00:00:26", "mode": "SUM_MIN", "is_static": false, "battery": 48.49999999999981}}, {"type": "Feature", "geometry": {"type": "Point", "coordinates": [965330.0789149089, 1949641.7119166027]}, "properties": {"kind": "drone", "drone_id": 11, "frame": 26, "time_s": 26.0, "timestamp": "2025-01-01T00:00:26", "mode": "SUM_MIN", "is_static": false, "battery": 42.93288590604022}}, {"type": "Feature", "geometry": {"type": "Point", "coordinates": [963681.7747071085, 1949116.8665291702]}, "properties": {"kind": "drone", "drone_id": 12, "frame": 26, "time_s": 26.0, "timestamp": "2025-01-01T00:00:26", "mode": "SUM_MIN", "is_static": false, "battery": 42.93288590604022}}, {"type": "Feature", "geometry": {"type": "Point", "coordinates": [963921.225765043, 1950009.6870338721]}, "properties": {"kind": "drone", "drone_id": 13, "frame": 26, "time_s": 26.0, "timestamp": "2025-01-01T00:00:26", "mode": "SUM_MIN", "is_static": false, "battery": 42.93288590604022}}, {"type": "Feature", "geometry": {"type": "Point", "coordinates": [963791.3219544754, 1950830.1136619265]}, "properties": {"kind": "drone", "drone_id": 14, "frame": 26, "time_s": 26.0, "timestamp": "2025-01-01T00:00:26", "mode": "SUM_MIN", "is_static": false, "battery": 44.00000000000082}}, {"type": "Feature", "geometry": {"type": "Point", "coordinates": [962232.4762276635, 1951348.9060442504]}, "properties": {"kind": "drone", "drone_id": 15, "frame": 26, "time_s": 26.0, "timestamp": "2025-01-01T00:00:26", "mode": "SUM_MIN", "is_static": false, "battery": 42.93288590604022}}, {"type": "Feature", "geometry": {"type": "Point", "coordinates": [963531.5143333401, 1950980.1136619265]}, "properties": {"kind": "drone", "drone_id": 16, "frame": 26, "time_s": 26.0, "timestamp": "2025-01-01T00:00:26", "mode": "SUM_MIN", "is_static": false, "battery": 50.0}}, {"type": "Feature", "geometry": {"type": "Point", "coordinates": [965801.1616448108, 1950040.4951481696]}, "properties": {"kind": "drone", "drone_id": 17, "frame": 26, "time_s": 26.0, "timestamp": "2025-01-01T00:00:26", "mode": "SUM_MIN", "is_static": false, "battery": 42.93288590604022}}, {"type": "Feature", "geometry": {"type": "Point", "coordinates": [966259.4943552611, 1951174.9287108544]}, "properties": {"kind": "drone", "drone_id": 18, "frame": 26, "time_s": 26.0, "timestamp": "2025-01-01T00:00:26", "mode": "SUM_MIN", "is_static": false, "battery": 42.93288590604022}}, {"type": "Feature", "geometry": {"type": "Point", "coordinates": [962622.1876593664, 1951505.1136619265]}, "properties": {"kind": "drone", "drone_id": 19, "frame": 26, "time_s": 26.0, "timestamp": "2025-01-01T00:00:26", "mode": "SUM_MIN", "is_static": false, "battery": 50.0}}, {"type": "Feature", "geometry": {"type": "Point", "coordinates": [965446.3513681932, 1949385.6453394531]}, "properties": {"kind": "drone", "drone_id": 20, "frame": 26, "time_s": 26.0, "timestamp": "2025-01-01T00:00:26", "mode": "SUM_MIN", "is_static": false, "battery": 42.93288590604022}}, {"type": "Feature", "geometry": {"type": "Point", "coordinates": [961972.6686065281, 1951730.1136619265]}, "properties": {"kind": "base_A", "drone_id": 0, "frame": 26, "time_s": 26.0, "timestamp": "2025-01-01T00:00:26", "mode": "SUM_MIN", "is_static": true, "battery": 50.0}}, {"type": "Feature", "geometry": {"type": "Point", "coordinates": [966389.3981658287, 1948730.1136619265]}, "properties": {"kind": "base_B", "drone_id": 0, "frame": 26, "time_s": 26.0, "timestamp": "2025-01-01T00:00:26", "mode": "SUM_MIN", "is_static": true, "battery": 50.0}}, {"type": "Feature", "geometry": {"type": "Point", "coordinates": [966038.5675684307, 1949877.5615220787]}, "properties": {"kind": "drone", "drone_id": 1, "frame": 27, "time_s": 27.0, "timestamp": "2025-01-01T00:00:27", "mode": "SUM_MIN", "is_static": false, "battery": 42.66107382550331}}, {"type": "Feature", "geometry": {"type": "Point", "coordinates": [966222.3789808131, 1949276.542233355]}, "properties": {"kind": "drone", "drone_id": 2, "frame": 27, "time_s": 27.0, "timestamp": "2025-01-01T00:00:27", "mode": "SUM_MIN", "is_static": false, "battery": 43.99999999999942}}, {"type": "Feature", "geometry": {"type": "Point", "coordinates": [963809.8796416994, 1950519.3993762122]}, "properties": {"kind": "drone", "drone_id": 3, "frame": 27, "time_s": 27.0, "timestamp": "2025-01-01T00:00:27", "mode": "SUM_MIN", "is_static": false, "battery": 45.49999999999981}}, {"type": "Feature", "geometry": {"type": "Point", "coordinates": [962121.1301043197, 1951494.3993762122]}, "properties": {"kind": "drone", "drone_id": 4, "frame": 27, "time_s": 27.0, "timestamp": "2025-01-01T00:00:27", "mode": "SUM_MIN", "is_static": false, "battery": 43.99999999999981}}, {"type": "Feature", "geometry": {"type": "Point", "coordinates": [966389.3981658287, 1949272.7300502514]}, "properties": {"kind": "drone", "drone_id": 5, "frame": 27, "time_s": 27.0, "timestamp": "2025-01-01T00:00:27", "mode": "SUM_MIN", "is_static": false, "battery": 42.66107382550331}}, {"type": "Feature", "geometry": {"type": "Point", "coordinates": [965898.9405787071, 1950246.9478419758]}, "properties": {"kind": "drone", "drone_id": 6, "frame": 27, "time_s": 27.0, "timestamp": "2025-01-01T00:00:27", "mode": "SUM_MIN", "is_static": false, "battery": 42.66107382550331}}, {"type": "Feature", "geometry": {"type": "Point", "coordinates": [962755.5291442149, 1950832.0984040978]}, "properties": {"kind": "drone", "drone_id": 7, "frame": 27, "time_s": 27.0, "timestamp": "2025-01-01T00:00:27", "mode": "SUM_MIN", "is_static": false, "battery": 42.66107382550331}}, {"type": "Feature", "geometry": {"type": "Point", "coordinates": [966259.4943552611, 1950043.1398775664]}, "properties": {"kind": "drone", "drone_id": 8, "frame": 27, "time_s": 27.0, "timestamp": "2025-01-01T00:00:27", "mode": "SUM_MIN", "is_static": false, "battery": 42.66107382550331}}, {"type": "Feature", "geometry": {"type": "Point", "coordinates": [962956.2260293976, 1951312.2565190694]}, "properties": {"kind": "drone", "drone_id": 9, "frame": 27, "time_s": 27.0, "timestamp": "2025-01-01T00:00:27", "mode": "SUM_MIN", "is_static": false, "battery": 47.00000000000062}}, {"type": "Feature", "geometry": {"type": "Point", "coordinates": [965944.0136724538, 1949437.2565190694]}, "properties": {"kind": "drone", "drone_id": 10, "frame": 27, "time_s": 27.0, "timestamp": "2025-01-01T00:00:27", "mode": "SUM_MIN", "is_static": false, "battery": 48.49999999999981}}, {"type": "Feature", "geometry": {"type": "Point", "coordinates": [965295.7014534113, 1949661.5597532524]}, "properties": {"kind": "drone", "drone_id": 11, "frame": 27, "time_s": 27.0, "timestamp": "2025-01-01T00:00:27", "mode": "SUM_MIN", "is_static": false, "battery": 42.66107382550331}}, {"type": "Feature", "geometry": {"type": "Point", "coordinates": [963715.1588577757, 1949136.1408775446]}, "properties": {"kind": "drone", "drone_id": 12, "frame": 27, "time_s": 27.0, "timestamp": "2025-01-01T00:00:27", "mode": "SUM_MIN", "is_static": false, "battery": 42.66107382550331}}, {"type": "Feature", "geometry": {"type": "Point", "coordinates": [963921.225765043, 1950043.3739691006]}, "properties": {"kind": "drone", "drone_id": 13, "frame": 27, "time_s": 27.0, "timestamp": "2025-01-01T00:00:27", "mode": "SUM_MIN", "is_static": false, "battery": 42.66107382550331}}, {"type": "Feature", "geometry": {"type": "Point", "coordinates": [963791.3219544754, 1950830.1136619265]}, "properties": {"kind": "drone", "drone_id": 14, "frame": 27, "time_s": 27.0, "timestamp": "2025-01-01T00:00:27", "mode": "SUM_MIN", "is_static": false, "battery": 44.00000000000082}}, {"type": "Feature", "geometry": {"type": "Point", "coordinates": [962232.4762276635, 1951385.45995269]}, "properties": {"kind": "drone", "drone_id": 15, "frame": 27, "time_s": 27.0, "timestamp": "2025-01-01T00:00:27", "mode": "SUM_MIN", "is_static": false, "battery": 42.66107382550331}}, {"type": "Feature", "geometry": {"type": "Point", "coordinates": [963531.5143333401, 1950980.1136619265]}, "properties": {"kind": "drone", "drone_id": 16, "frame": 27, "time_s": 27.0, "timestamp": "2025-01-01T00:00:27", "mode": "SUM_MIN", "is_static": false, "battery": 50.0}}, {"type": "Feature", "geometry": {"type": "Point", "coordinates": [965770.2622542415, 1950022.6553767067]}, "properties": {"kind": "drone", "drone_id": 17, "frame": 27, "time_s": 27.0, "timestamp": "2025-01-01T00:00:27", "mode": "SUM_MIN", "is_static": false, "battery": 42.66107382550331}}, {"type": "Feature", "geometry": {"type": "Point", "coordinates": [966259.4943552611, 1951150.8443265685]}, "properties": {"kind": "drone", "drone_id": 18, "frame": 27, "time_s": 27.0, "timestamp": "2025-01-01T00:00:27", "mode": "SUM_MIN", "is_static": false, "battery": 42.66107382550331}}, {"type": "Feature", "geometry": {"type": "Point", "coordinates": [962622.1876593664, 1951505.1136619265]}, "properties": {"kind": "drone", "drone_id": 19, "frame": 27, "time_s": 27.0, "timestamp": "2025-01-01T00:00:27", "mode": "SUM_MIN", "is_static": false, "battery": 50.0}}, {"type": "Feature", "geometry": {"type": "Point", "coordinates": [965480.0714918551, 1949406.115501953]}, "properties": {"kind": "drone", "drone_id": 20, "frame": 27, "time_s": 27.0, "timestamp": "2025-01-01T00:00:27", "mode": "SUM_MIN", "is_static": false, "battery": 42.66107382550331}}, {"type": "Feature", "geometry": {"type": "Point", "coordinates": [961972.6686065281, 1951730.1136619265]}, "properties": {"kind": "base_A", "drone_id": 0, "frame": 27, "time_s": 27.0, "timestamp": "2025-01-01T00:00:27", "mode": "SUM_MIN", "is_static": true, "battery": 50.0}}, {"type": "Feature", "geometry": {"type": "Point", "coordinates": [966389.3981658287, 1948730.1136619265]}, "properties": {"kind": "base_B", "drone_id": 0, "frame": 27, "time_s": 27.0, "timestamp": "2025-01-01T00:00:27", "mode": "SUM_MIN", "is_static": true, "battery": 50.0}}, {"type": "Feature", "geometry": {"type": "Point", "coordinates": [966004.2711247302, 1949857.7604610762]}, "properties": {"kind": "drone", "drone_id": 1, "frame": 28, "time_s": 28.0, "timestamp": "2025-01-01T00:00:28", "mode": "SUM_MIN", "is_static": false, "battery": 42.38926174496639}}, {"type": "Feature", "geometry": {"type": "Point", "coordinates": [966222.3789808131, 1949276.542233355]}, "properties": {"kind": "drone", "drone_id": 2, "frame": 28, "time_s": 28.0, "timestamp": "2025-01-01T00:00:28", "mode": "SUM_MIN", "is_static": false, "battery": 43.99999999999942}}, {"type": "Feature", "geometry": {"type": "Point", "coordinates": [963809.8796416994, 1950519.3993762122]}, "properties": {"kind": "drone", "drone_id": 3, "frame": 28, "time_s": 28.0, "timestamp": "2025-01-01T00:00:28", "mode": "SUM_MIN", "is_static": false, "battery": 45.49999999999981}}, {"type": "Feature", "geometry": {"type": "Point", "coordinates": [962121.1301043197, 1951494.3993762122]}, "properties": {"kind": "drone", "drone_id": 4, "frame": 28, "time_s": 28.0, "timestamp": "2025-01-01T00:00:28", "mode": "SUM_MIN", "is_static": false, "battery": 43.99999999999981}}, {"type": "Feature", "geometry": {"type": "Point", "coordinates": [966389.3981658287, 1949261.0823673084]}, "properties": {"kind": "drone", "drone_id": 5, "frame": 28, "time_s": 28.0, "timestamp": "2025-01-01T00:00:28", "mode": "SUM_MIN", "is_static": false, "battery": 42.38926174496639}}, {"type": "Feature", "geometry": {"type": "Point", "coordinates": [965864.0980334749, 1950226.8314891066]}, "properties": {"kind": "drone", "drone_id": 6, "frame": 28, "time_s": 28.0, "timestamp": "2025-01-01T00:00:28", "mode": "SUM_MIN", "is_static": false, "battery": 42.38926174496639}}, {"type": "Feature", "geometry": {"type": "Point", "coordinates": [962790.0084273147, 1950852.005027477]}, "properties": {"kind": "drone", "drone_id": 7, "frame": 28, "time_s": 28.0, "timestamp": "2025-01-01T00:00:28", "mode": "SUM_MIN", "is_static": false, "battery": 42.38926174496639}}, {"type": "Feature", "geometry": {"type": "Point", "coordinates": [966259.4943552611, 1950006.9612623581]}, "properties": {"kind": "drone", "drone_id": 8, "frame": 28, "time_s": 28.0, "timestamp": "2025-01-01T00:00:28", "mode": "SUM_MIN", "is_static": false, "battery": 42.38926174496639}}, {"type": "Feature", "geometry": {"type": "Point", "coordinates": [962956.2260293976, 1951312.2565190694]}, "properties": {"kind": "drone", "drone_id": 9, "frame": 28, "time_s": 28.0, "timestamp": "2025-01-01T00:00:28", "mode": "SUM_MIN", "is_static": false, "battery": 47.00000000000062}}, {"type": "Feature", "geometry": {"type": "Point", "coordinates": [965944.0136724538, 1949437.2565190694]}, "properties": {"kind": "drone", "drone_id": 10, "frame": 28, "time_s": 28.0, "timestamp": "2025-01-01T00:00:28", "mode": "SUM_MIN", "is_static": false, "battery": 48.49999999999981}}, {"type": "Feature", "geometry": {"type": "Point", "coordinates": [965260.924802558, 1949681.6380619842]}, "properties": {"kind": "drone", "drone_id": 11, "frame": 28, "time_s": 28.0, "timestamp": "2025-01-01T00:00:28", "mode": "SUM_MIN", "is_static": false, "battery": 42.38926174496639}}, {"type": "Feature", "geometry": {"type": "Point", "coordinates": [963748.7899396977, 1949155.5577917455]}, "properties": {"kind": "drone", "drone_id": 12, "frame": 28, "time_s": 28.0, "timestamp": "2025-01-01T00:00:28", "mode": "SUM_MIN", "is_static": false, "battery": 42.38926174496639}}, {"type": "Feature", "geometry": {"type": "Point", "coordinates": [963921.225765043, 1950075.4496465502]}, "properties": {"kind": "drone", "drone_id": 13, "frame": 28, "time_s": 28.0, "timestamp": "2025-01-01T00:00:28", "mode": "SUM_MIN", "is_static": false, "battery": 42.38926174496639}}, {"type": "Feature", "geometry": {"type": "Point", "coordinates": [963791.3219544754, 1950830.1136619265]}, "properties": {"kind": "drone", "drone_id": 14, "frame": 28, "time_s": 28.0, "timestamp": "2025-01-01T00:00:28", "mode": "SUM_MIN", "is_static": false, "battery": 44.00000000000082}}, {"type": "Feature", "geometry": {"type": "Point", "coordinates": [962232.4762276635, 1951420.265475029]}, "properties": {"kind": "drone", "drone_id": 15, "frame": 28, "time_s": 28.0, "timestamp": "2025-01-01T00:00:28", "mode": "SUM_MIN", "is_static": false, "battery": 42.38926174496639}}, {"type": "Feature", "geometry": {"type": "Point", "coordinates": [963531.5143333401, 1950980.1136619265]}, "properties": {"kind": "drone", "drone_id": 16, "frame": 28, "time_s": 28.0, "timestamp": "2025-01-01T00:00:28", "mode": "SUM_MIN", "is_static": false, "battery": 50.0}}, {"type": "Feature", "geometry": {"type": "Point", "coordinates": [965738.7665858973, 1950004.4713441099]}, "properties": {"kind": "drone", "drone_id": 17, "frame": 28, "time_s": 28.0, "timestamp": "2025-01-01T00:00:28", "mode": "SUM_MIN", "is_static": false, "battery": 42.38926174496639}}, {"type": "Feature", "geometry": {"type": "Point", "coordinates": [966259.4943552611, 1951126.0551058578]}, "properties": {"kind": "drone", "drone_id": 18, "frame": 28, "time_s": 28.0, "timestamp": "2025-01-01T00:00:28", "mode": "SUM_MIN", "is_static": false, "battery": 42.38926174496639}}, {"type": "Feature", "geometry": {"type": "Point", "coordinates": [962622.1876593664, 1951505.1136619265]}, "properties": {"kind": "drone", "drone_id": 19, "frame": 28, "time_s": 28.0, "timestamp": "2025-01-01T00:00:28", "mode": "SUM_MIN", "is_static": false, "battery": 50.0}}, {"type": "Feature", "geometry": {"type": "Point", "coordinates": [965480.0714918551, 1949445.7720426933]}, "properties": {"kind": "drone", "drone_id": 20, "frame": 28, "time_s": 28.0, "timestamp": "2025-01-01T00:00:28", "mode": "SUM_MIN", "is_static": false, "battery": 42.38926174496639}}, {"type": "Feature", "geometry": {"type": "Point", "coordinates": [961972.6686065281, 1951730.1136619265]}, "properties": {"kind": "base_A", "drone_id": 0, "frame": 28, "time_s": 28.0, "timestamp": "2025-01-01T00:00:28", "mode": "SUM_MIN", "is_static": true, "battery": 50.0}}, {"type": "Feature", "geometry": {"type": "Point", "coordinates": [966389.3981658287, 1948730.1136619265]}, "properties": {"kind": "base_B", "drone_id": 0, "frame": 28, "time_s": 28.0, "timestamp": "2025-01-01T00:00:28", "mode": "SUM_MIN", "is_static": true, "battery": 50.0}}, {"type": "Feature", "geometry": {"type": "Point", "coordinates": [965970.0113902718, 1949837.9805941642]}, "properties": {"kind": "drone", "drone_id": 1, "frame": 29, "time_s": 29.0, "timestamp": "2025-01-01T00:00:29", "mode": "SUM_MIN", "is_static": false, "battery": 42.11744966442948}}, {"type": "Feature", "geometry": {"type": "Point", "coordinates": [966222.3789808131, 1949276.542233355]}, "properties": {"kind": "drone", "drone_id": 2, "frame": 29, "time_s": 29.0, "timestamp": "2025-01-01T00:00:29", "mode": "SUM_MIN", "is_static": false, "battery": 43.99999999999942}}, {"type": "Feature", "geometry": {"type": "Point", "coordinates": [963809.8796416994, 1950519.3993762122]}, "properties": {"kind": "drone", "drone_id": 3, "frame": 29, "time_s": 29.0, "timestamp": "2025-01-01T00:00:29", "mode": "SUM_MIN", "is_static": false, "battery": 45.49999999999981}}, {"type": "Feature", "geometry": {"type": "Point", "coordinates": [962121.1301043197, 1951494.3993762122]}, "properties": {"kind": "drone", "drone_id": 4, "frame": 29, "time_s": 29.0, "timestamp": "2025-01-01T00:00:29", "mode": "SUM_MIN", "is_static": false, "battery": 43.99999999999981}}, {"type": "Feature", "geometry": {"type": "Point", "coordinates": [966389.3981658287, 1949249.447151478]}, "properties": {"kind": "drone", "drone_id": 5, "frame": 29, "time_s": 29.0, "timestamp": "2025-01-01T00:00:29", "mode": "SUM_MIN", "is_static": false, "battery": 42.11744966442948}}, {"type": "Feature", "geometry": {"type": "Point", "coordinates": [965829.2927820052, 1950206.7366678014]}, "properties": {"kind": "drone", "drone_id": 6, "frame": 29, "time_s": 29.0, "timestamp": "2025-01-01T00:00:29", "mode": "SUM_MIN", "is_static": false, "battery": 42.11744966442948}}, {"type": "Feature", "geometry": {"type": "Point", "coordinates": [962824.1294351184, 1950871.7048005175]}, "properties": {"kind": "drone", "drone_id": 7, "frame": 29, "time_s": 29.0, "timestamp": "2025-01-01T00:00:29", "mode": "SUM_MIN", "is_static": false, "battery": 42.11744966442948}}, {"type": "Feature", "geometry": {"type": "Point", "coordinates": [966229.2108769882, 1949987.6294875937]}, "properties": {"kind": "drone", "drone_id": 8, "frame": 29, "time_s": 29.0, "timestamp": "2025-01-01T00:00:29", "mode": "SUM_MIN", "is_static": false, "battery": 42.11744966442948}}, {"type": "Feature", "geometry": {"type": "Point", "coordinates": [962956.2260293976, 1951312.2565190694]}, "properties": {"kind": "drone", "drone_id": 9, "frame": 29, "time_s": 29.0, "timestamp": "2025-01-01T00:00:29", "mode": "SUM_MIN", "is_static": false, "battery": 47.00000000000062}}, {"type": "Feature", "geometry": {"type": "Point", "coordinates": [965944.0136724538, 1949437.2565190694]}, "properties": {"kind": "drone", "drone_id": 10, "frame": 29, "time_s": 29.0, "timestamp": "2025-01-01T00:00:29", "mode": "SUM_MIN", "is_static": false, "battery": 48.49999999999981}}, {"type": "Feature", "geometry": {"type": "Point", "coordinates": [965225.8142842439, 1949701.9091291842]}, "properties": {"kind": "drone", "drone_id": 11, "frame": 29, "time_s": 29.0, "timestamp": "2025-01-01T00:00:29", "mode": "SUM_MIN", "is_static": false, "battery": 42.11744966442948}}, {"type": "Feature", "geometry": {"type": "Point", "coordinates": [963782.5942827765, 1949175.0747383218]}, "properties": {"kind": "drone", "drone_id": 12, "frame": 29, "time_s": 29.0, "timestamp": "2025-01-01T00:00:29", "mode": "SUM_MIN", "is_static": false, "battery": 42.11744966442948}}, {"type": "Feature", "geometry": {"type": "Point", "coordinates": [963921.225765043, 1950105.704408582]}, "properties": {"kind": "drone", "drone_id": 13, "frame": 29, "time_s": 29.0, "timestamp": "2025-01-01T00:00:29", "mode": "SUM_MIN", "is_static": false, "battery": 42.11744966442948}}, {"type": "Feature", "geometry": {"type": "Point", "coordinates": [963791.3219544754, 1950830.1136619265]}, "properties": {"kind": "drone", "drone_id": 14, "frame": 29, "time_s": 29.0, "timestamp": "2025-01-01T00:00:29", "mode": "SUM_MIN", "is_static": false, "battery": 44.00000000000082}}, {"type": "Feature", "geometry": {"type": "Point", "coordinates": [962252.3787458789, 1951441.6043861757]}, "properties": {"kind": "drone", "drone_id": 15, "frame": 29, "time_s": 29.0, "timestamp": "2025-01-01T00:00:29", "mode": "SUM_MIN", "is_static": false, "battery": 42.11744966442948}}, {"type": "Feature", "geometry": {"type": "Point", "coordinates": [963531.5143333401, 1950980.1136619265]}, "properties": {"kind": "drone", "drone_id": 16, "frame": 29, "time_s": 29.0, "timestamp": "2025-01-01T00:00:29", "mode": "SUM_MIN", "is_static": false, "battery": 50.0}}, {"type": "Feature", "geometry": {"type": "Point", "coordinates": [965706.7160799322, 1949985.9669758633]}, "properties": {"kind": "drone", "drone_id": 17, "frame": 29, "time_s": 29.0, "timestamp": "2025-01-01T00:00:29", "mode": "SUM_MIN", "is_static": false, "battery": 42.11744966442948}}, {"type": "Feature", "geometry": {"type": "Point", "coordinates": [966259.4943552611, 1951100.5758873841]}, "properties": {"kind": "drone", "drone_id": 18, "frame": 29, "time_s": 29.0, "timestamp": "2025-01-01T00:00:29", "mode": "SUM_MIN", "is_static": false, "battery": 42.11744966442948}}, {"type": "Feature", "geometry": {"type": "Point", "coordinates": [962622.1876593664, 1951505.1136619265]}, "properties": {"kind": "drone", "drone_id": 19, "frame": 29, "time_s": 29.0, "timestamp": "2025-01-01T00:00:29", "mode": "SUM_MIN", "is_static": false, "battery": 50.0}}, {"type": "Feature", "geometry": {"type": "Point", "coordinates": [965480.0714918551, 1949485.0165110936]}, "properties": {"kind": "drone", "drone_id": 20, "frame": 29, "time_s": 29.0, "timestamp": "2025-01-01T00:00:29", "mode": "SUM_MIN", "is_static": false, "battery": 42.11744966442948}}, {"type": "Feature", "geometry": {"type": "Point", "coordinates": [961972.6686065281, 1951730.1136619265]}, "properties": {"kind": "base_A", "drone_id": 0, "frame": 29, "time_s": 29.0, "timestamp": "2025-01-01T00:00:29", "mode": "SUM_MIN", "is_static": true, "battery": 50.0}}, {"type": "Feature", "geometry": {"type": "Point", "coordinates": [966389.3981658287, 1948730.1136619265]}, "properties": {"kind": "base_B", "drone_id": 0, "frame": 29, "time_s": 29.0, "timestamp": "2025-01-01T00:00:29", "mode": "SUM_MIN", "is_static": true, "battery": 50.0}}, {"type": "Feature", "geometry": {"type": "Point", "coordinates": [965935.8784695588, 1949818.273943202]}, "properties": {"kind": "drone", "drone_id": 1, "frame": 30, "time_s": 30.0, "timestamp": "2025-01-01T00:00:30", "mode": "SUM_MIN", "is_static": false, "battery": 41.84563758389256}}, {"type": "Feature", "geometry": {"type": "Point", "coordinates": [966222.3789808131, 1949276.542233355]}, "properties": {"kind": "drone", "drone_id": 2, "frame": 30, "time_s": 30.0, "timestamp": "2025-01-01T00:00:30", "mode": "SUM_MIN", "is_static": false, "battery": 43.99999999999942}}, {"type": "Feature", "geometry": {"type": "Point", "coordinates": [963809.8796416994, 1950519.3993762122]}, "properties": {"kind": "drone", "drone_id": 3, "frame": 30, "time_s": 30.0, "timestamp": "2025-01-01T00:00:30", "mode": "SUM_MIN", "is_static": false, "battery": 45.49999999999981}}, {"type": "Feature", "geometry": {"type": "Point", "coordinates": [962121.1301043197, 1951494.3993762122]}, "properties": {"kind": "drone", "drone_id": 4, "frame": 30, "time_s": 30.0, "timestamp": "2025-01-01T00:00:30", "mode": "SUM_MIN", "is_static": false, "battery": 43.99999999999981}}, {"type": "Feature", "geometry": {"type": "Point", "coordinates": [966389.3981658287, 1949237.8550038533]}, "properties": {"kind": "drone", "drone_id": 5, "frame": 30, "time_s": 30.0, "timestamp": "2025-01-01T00:00:30", "mode": "SUM_MIN", "is_static": false, "battery": 41.84563758389256}}, {"type": "Feature", "geometry": {"type": "Point", "coordinates": [965794.6163635333, 1950186.716228262]}, "properties": {"kind": "drone", "drone_id": 6, "frame": 30, "time_s": 30.0, "timestamp": "2025-01-01T00:00:30", "mode": "SUM_MIN", "is_static": false, "battery": 41.84563758389256}}, {"type": "Feature", "geometry": {"type": "Point", "coordinates": [962857.7790280588, 1950891.1324020599]}, "properties": {"kind": "drone", "drone_id": 7, "frame": 30, "time_s": 30.0, "timestamp": "2025-01-01T00:00:30", "mode": "SUM_MIN", "is_static": false, "battery": 41.84563758389257}}, {"type": "Feature", "geometry": {"type": "Point", "coordinates": [966196.8166067499, 1949968.9266469514]}, "properties": {"kind": "drone", "drone_id": 8, "frame": 30, "time_s": 30.0, "timestamp": "2025-01-01T00:00:30", "mode": "SUM_MIN", "is_static": false, "battery": 41.84563758389257}}, {"type": "Feature", "geometry": {"type": "Point", "coordinates": [962956.2260293976, 1951312.2565190694]}, "properties": {"kind": "drone", "drone_id": 9, "frame": 30, "time_s": 30.0, "timestamp": "2025-01-01T00:00:30", "mode": "SUM_MIN", "is_static": false, "battery": 47.00000000000062}}, {"type": "Feature", "geometry": {"type": "Point", "coordinates": [965944.0136724538, 1949437.2565190694]}, "properties": {"kind": "drone", "drone_id": 10, "frame": 30, "time_s": 30.0, "timestamp": "2025-01-01T00:00:30", "mode": "SUM_MIN", "is_static": false, "battery": 48.49999999999981}}, {"type": "Feature", "geometry": {"type": "Point", "coordinates": [965190.4352203633, 1949722.3352412393]}, "properties": {"kind": "drone", "drone_id": 11, "frame": 30, "time_s": 30.0, "timestamp": "2025-01-01T00:00:30", "mode": "SUM_MIN", "is_static": false, "battery": 41.84563758389257}}, {"type": "Feature", "geometry": {"type": "Point", "coordinates": [963791.3219544754, 1949209.1847057184]}, "properties": {"kind": "drone", "drone_id": 12, "frame": 30, "time_s": 30.0, "timestamp": "2025-01-01T00:00:30", "mode": "SUM_MIN", "is_static": false, "battery": 41.84563758389257}}, {"type": "Feature", "geometry": {"type": "Point", "coordinates": [963921.225765043, 1950133.9285975574]}, "properties": {"kind": "drone", "drone_id": 13, "frame": 30, "time_s": 30.0, "timestamp": "2025-01-01T00:00:30", "mode": "SUM_MIN", "is_static": false, "battery": 41.84563758389256}}, {"type": "Feature", "geometry": {"type": "Point", "coordinates": [963791.3219544754, 1950830.1136619265]}, "properties": {"kind": "drone", "drone_id": 14, "frame": 30, "time_s": 30.0, "timestamp": "2025-01-01T00:00:30", "mode": "SUM_MIN", "is_static": false, "battery": 44.00000000000082}}, {"type": "Feature", "geometry": {"type": "Point", "coordinates": [962278.9018543331, 1951456.9175099817]}, "properties": {"kind": "drone", "drone_id": 15, "frame": 30, "time_s": 30.0, "timestamp": "2025-01-01T00:00:30", "mode": "SUM_MIN", "is_static": false, "battery": 41.84563758389256}}, {"type": "Feature", "geometry": {"type": "Point", "coordinates": [963531.5143333401, 1950980.1136619265]}, "properties": {"kind": "drone", "drone_id": 16, "frame": 30, "time_s": 30.0, "timestamp": "2025-01-01T00:00:30", "mode": "SUM_MIN", "is_static": false, "battery": 50.0}}, {"type": "Feature", "geometry": {"type": "Point", "coordinates": [965674.1521765006, 1949967.166197451]}, "properties": {"kind": "drone", "drone_id": 17, "frame": 30, "time_s": 30.0, "timestamp": "2025-01-01T00:00:30", "mode": "SUM_MIN", "is_static": false, "battery": 41.84563758389257}}, {"type": "Feature", "geometry": {"type": "Point", "coordinates": [966259.4943552611, 1951074.421509809]}, "properties": {"kind": "drone", "drone_id": 18, "frame": 30, "time_s": 30.0, "timestamp": "2025-01-01T00:00:30", "mode": "SUM_MIN", "is_static": false, "battery": 41.84563758389257}}, {"type": "Feature", "geometry": {"type": "Point", "coordinates": [962622.1876593664, 1951505.1136619265]}, "properties": {"kind": "drone", "drone_id": 19, "frame": 30, "time_s": 30.0, "timestamp": "2025-01-01T00:00:30", "mode": "SUM_MIN", "is_static": false, "battery": 50.0}}, {"type": "Feature", "geometry": {"type": "Point", "coordinates": [965480.0714918551, 1949523.718779046]}, "properties": {"kind": "drone", "drone_id": 20, "frame": 30, "time_s": 30.0, "timestamp": "2025-01-01T00:00:30", "mode": "SUM_MIN", "is_static": false, "battery": 41.84563758389256}}, {"type": "Feature", "geometry": {"type": "Point", "coordinates": [961972.6686065281, 1951730.1136619265]}, "properties": {"kind": "base_A", "drone_id": 0, "frame": 30, "time_s": 30.0, "timestamp": "2025-01-01T00:00:30", "mode": "SUM_MIN", "is_static": true, "battery": 50.0}}, {"type": "Feature", "geometry": {"type": "Point", "coordinates": [966389.3981658287, 1948730.1136619265]}, "properties": {"kind": "base_B", "drone_id": 0, "frame": 30, "time_s": 30.0, "timestamp": "2025-01-01T00:00:30", "mode": "SUM_MIN", "is_static": true, "battery": 50.0}}, {"type": "Feature", "geometry": {"type": "Point", "coordinates": [965901.9624670942, 1949798.6925300495]}, "properties": {"kind": "drone", "drone_id": 1, "frame": 31, "time_s": 31.0, "timestamp": "2025-01-01T00:00:31", "mode": "SUM_MIN", "is_static": false, "battery": 41.57382550335565}}, {"type": "Feature", "geometry": {"type": "Point", "coordinates": [966222.3789808131, 1949276.542233355]}, "properties": {"kind": "drone", "drone_id": 2, "frame": 31, "time_s": 31.0, "timestamp": "2025-01-01T00:00:31", "mode": "SUM_MIN", "is_static": false, "battery": 43.99999999999942}}, {"type": "Feature", "geometry": {"type": "Point", "coordinates": [963809.8796416994, 1950519.3993762122]}, "properties": {"kind": "drone", "drone_id": 3, "frame": 31, "time_s": 31.0, "timestamp": "2025-01-01T00:00:31", "mode": "SUM_MIN", "is_static": false, "battery": 45.49999999999981}}, {"type": "Feature", "geometry": {"type": "Point", "coordinates": [962121.1301043197, 1951494.3993762122]}, "properties": {"kind": "drone", "drone_id": 4, "frame": 31, "time_s": 31.0, "timestamp": "2025-01-01T00:00:31", "mode": "SUM_MIN", "is_static": false, "battery": 43.99999999999981}}, {"type": "Feature", "geometry": {"type": "Point", "coordinates": [966389.3981658287, 1949226.3365255282]}, "properties": {"kind": "drone", "drone_id": 5, "frame": 31, "time_s": 31.0, "timestamp": "2025-01-01T00:00:31", "mode": "SUM_MIN", "is_static": false, "battery": 41.57382550335565}}, {"type": "Feature", "geometry": {"type": "Point", "coordinates": [965760.1603172945, 1950166.823020691]}, "properties": {"kind": "drone", "drone_id": 6, "frame": 31, "time_s": 31.0, "timestamp": "2025-01-01T00:00:31", "mode": "SUM_MIN", "is_static": false, "battery": 41.57382550335565}}, {"type": "Feature", "geometry": {"type": "Point", "coordinates": [962890.8440665688, 1950910.2225109441]}, "properties": {"kind": "drone", "drone_id": 7, "frame": 31, "time_s": 31.0, "timestamp": "2025-01-01T00:00:31", "mode": "SUM_MIN", "is_static": false, "battery": 41.57382550335565}}, {"type": "Feature", "geometry": {"type": "Point", "coordinates": [966163.9528377382, 1949949.9527410658]}, "properties": {"kind": "drone", "drone_id": 8, "frame": 31, "time_s": 31.0, "timestamp": "2025-01-01T00:00:31", "mode": "SUM_MIN", "is_static": false, "battery": 41.57382550335565}}, {"type": "Feature", "geometry": {"type": "Point", "coordinates": [962956.2260293976, 1951312.2565190694]}, "properties": {"kind": "drone", "drone_id": 9, "frame": 31, "time_s": 31.0, "timestamp": "2025-01-01T00:00:31", "mode": "SUM_MIN", "is_static": false, "battery": 47.00000000000062}}, {"type": "Feature", "geometry": {"type": "Point", "coordinates": [965944.0136724538, 1949437.2565190694]}, "properties": {"kind": "drone", "drone_id": 10, "frame": 31, "time_s": 31.0, "timestamp": "2025-01-01T00:00:31", "mode": "SUM_MIN", "is_static": false, "battery": 48.49999999999981}}, {"type": "Feature", "geometry": {"type": "Point", "coordinates": [965154.8529328108, 1949742.878684536]}, "properties": {"kind": "drone", "drone_id": 11, "frame": 31, "time_s": 31.0, "timestamp": "2025-01-01T00:00:31", "mode": "SUM_MIN", "is_static": false, "battery": 41.57382550335565}}, {"type": "Feature", "geometry": {"type": "Point", "coordinates": [963791.3219544754, 1949248.363527667]}, "properties": {"kind": "drone", "drone_id": 12, "frame": 31, "time_s": 31.0, "timestamp": "2025-01-01T00:00:31", "mode": "SUM_MIN", "is_static": false, "battery": 41.57382550335565}}, {"type": "Feature", "geometry": {"type": "Point", "coordinates": [963921.225765043, 1950159.9125558375]}, "properties": {"kind": "drone", "drone_id": 13, "frame": 31, "time_s": 31.0, "timestamp": "2025-01-01T00:00:31", "mode": "SUM_MIN", "is_static": false, "battery": 41.57382550335565}}, {"type": "Feature", "geometry": {"type": "Point", "coordinates": [963791.3219544754, 1950830.1136619265]}, "properties": {"kind": "drone", "drone_id": 14, "frame": 31, "time_s": 31.0, "timestamp": "2025-01-01T00:00:31", "mode": "SUM_MIN", "is_static": false, "battery": 44.00000000000082}}, {"type": "Feature", "geometry": {"type": "Point", "coordinates": [962303.3197514828, 1951471.015189474]}, "properties": {"kind": "drone", "drone_id": 15, "frame": 31, "time_s": 31.0, "timestamp": "2025-01-01T00:00:31", "mode": "SUM_MIN", "is_static": false, "battery": 41.57382550335565}}, {"type": "Feature", "geometry": {"type": "Point", "coordinates": [963531.5143333401, 1950980.1136619265]}, "properties": {"kind": "drone", "drone_id": 16, "frame": 31, "time_s": 31.0, "timestamp": "2025-01-01T00:00:31", "mode": "SUM_MIN", "is_static": false, "battery": 50.0}}, {"type": "Feature", "geometry": {"type": "Point", "coordinates": [965641.1163157568, 1949948.0929343577]}, "properties": {"kind": "drone", "drone_id": 17, "frame": 31, "time_s": 31.0, "timestamp": "2025-01-01T00:00:31", "mode": "SUM_MIN", "is_static": false, "battery": 41.57382550335565}}, {"type": "Feature", "geometry": {"type": "Point", "coordinates": [966259.4943552611, 1951047.606811794]}, "properties": {"kind": "drone", "drone_id": 18, "frame": 31, "time_s": 31.0, "timestamp": "2025-01-01T00:00:31", "mode": "SUM_MIN", "is_static": false, "battery": 41.57382550335565}}, {"type": "Feature", "geometry": {"type": "Point", "coordinates": [962622.1876593664, 1951505.1136619265]}, "properties": {"kind": "drone", "drone_id": 19, "frame": 31, "time_s": 31.0, "timestamp": "2025-01-01T00:00:31", "mode": "SUM_MIN", "is_static": false, "battery": 50.0}}, {"type": "Feature", "geometry": {"type": "Point", "coordinates": [965474.3253643556, 1949558.431190185]}, "properties": {"kind": "drone", "drone_id": 20, "frame": 31, "time_s": 31.0, "timestamp": "2025-01-01T00:00:31", "mode": "SUM_MIN", "is_static": false, "battery": 41.57382550335565}}, {"type": "Feature", "geometry": {"type": "Point", "coordinates": [961972.6686065281, 1951730.1136619265]}, "properties": {"kind": "base_A", "drone_id": 0, "frame": 31, "time_s": 31.0, "timestamp": "2025-01-01T00:00:31", "mode": "SUM_MIN", "is_static": true, "battery": 50.0}}, {"type": "Feature", "geometry": {"type": "Point", "coordinates": [966389.3981658287, 1948730.1136619265]}, "properties": {"kind": "base_B", "drone_id": 0, "frame": 31, "time_s": 31.0, "timestamp": "2025-01-01T00:00:31", "mode": "SUM_MIN", "is_static": true, "battery": 50.0}}, {"type": "Feature", "geometry": {"type": "Point", "coordinates": [965868.3534873815, 1949779.288376565]}, "properties": {"kind": "drone", "drone_id": 1, "frame": 32, "time_s": 32.0, "timestamp": "2025-01-01T00:00:32", "mode": "SUM_MIN", "is_static": false, "battery": 41.30201342281873}}, {"type": "Feature", "geometry": {"type": "Point", "coordinates": [966222.3789808131, 1949276.542233355]}, "properties": {"kind": "drone", "drone_id": 2, "frame": 32, "time_s": 32.0, "timestamp": "2025-01-01T00:00:32", "mode": "SUM_MIN", "is_static": false, "battery": 43.99999999999942}}, {"type": "Feature", "geometry": {"type": "Point", "coordinates": [963809.8796416994, 1950519.3993762122]}, "properties": {"kind": "drone", "drone_id": 3, "frame": 32, "time_s": 32.0, "timestamp": "2025-01-01T00:00:32", "mode": "SUM_MIN", "is_static": false, "battery": 45.49999999999981}}, {"type": "Feature", "geometry": {"type": "Point", "coordinates": [962121.1301043197, 1951494.3993762122]}, "properties": {"kind": "drone", "drone_id": 4, "frame": 32, "time_s": 32.0, "timestamp": "2025-01-01T00:00:32", "mode": "SUM_MIN", "is_static": false, "battery": 43.99999999999981}}, {"type": "Feature", "geometry": {"type": "Point", "coordinates": [966389.3981658287, 1949214.9223175962]}, "properties": {"kind": "drone", "drone_id": 5, "frame": 32, "time_s": 32.0, "timestamp": "2025-01-01T00:00:32", "mode": "SUM_MIN", "is_static": false, "battery": 41.30201342281873}}, {"type": "Feature", "geometry": {"type": "Point", "coordinates": [965739.8791129903, 1950139.1061286537]}, "properties": {"kind": "drone", "drone_id": 6, "frame": 32, "time_s": 32.0, "timestamp": "2025-01-01T00:00:32", "mode": "SUM_MIN", "is_static": false, "battery": 41.30201342281873}}, {"type": "Feature", "geometry": {"type": "Point", "coordinates": [962923.211411081, 1950928.9098060115]}, "properties": {"kind": "drone", "drone_id": 7, "frame": 32, "time_s": 32.0, "timestamp": "2025-01-01T00:00:32", "mode": "SUM_MIN", "is_static": false, "battery": 41.30201342281873}}, {"type": "Feature", "geometry": {"type": "Point", "coordinates": [966130.6607942358, 1949930.7315707877]}, "properties": {"kind": "drone", "drone_id": 8, "frame": 32, "time_s": 32.0, "timestamp": "2025-01-01T00:00:32", "mode": "SUM_MIN", "is_static": false, "battery": 41.30201342281873}}, {"type": "Feature", "geometry": {"type": "Point", "coordinates": [962956.2260293976, 1951312.2565190694]}, "properties": {"kind": "drone", "drone_id": 9, "frame": 32, "time_s": 32.0, "timestamp": "2025-01-01T00:00:32", "mode": "SUM_MIN", "is_static": false, "battery": 47.00000000000062}}, {"type": "Feature", "geometry": {"type": "Point", "coordinates": [965944.0136724538, 1949437.2565190694]}, "properties": {"kind": "drone", "drone_id": 10, "frame": 32, "time_s": 32.0, "timestamp": "2025-01-01T00:00:32", "mode": "SUM_MIN", "is_static": false, "battery": 48.49999999999981}}, {"type": "Feature", "geometry": {"type": "Point", "coordinates": [965119.132743481, 1949763.5017454613]}, "properties": {"kind": "drone", "drone_id": 11, "frame": 32, "time_s": 32.0, "timestamp": "2025-01-01T00:00:32", "mode": "SUM_MIN", "is_static": false, "battery": 41.30201342281873}}, {"type": "Feature", "geometry": {"type": "Point", "coordinates": [963791.3219544754, 1949287.4872136605]}, "properties": {"kind": "drone", "drone_id": 12, "frame": 32, "time_s": 32.0, "timestamp": "2025-01-01T00:00:32", "mode": "SUM_MIN", "is_static": false, "battery": 41.30201342281873}}, {"type": "Feature", "geometry": {"type": "Point", "coordinates": [963921.225765043, 1950183.4466257838]}, "properties": {"kind": "drone", "drone_id": 13, "frame": 32, "time_s": 32.0, "timestamp": "2025-01-01T00:00:32", "mode": "SUM_MIN", "is_static": false, "battery": 41.30201342281873}}, {"type": "Feature", "geometry": {"type": "Point", "coordinates": [963791.3219544754, 1950830.1136619265]}, "properties": {"kind": "drone", "drone_id": 14, "frame": 32, "time_s": 32.0, "timestamp": "2025-01-01T00:00:32", "mode": "SUM_MIN", "is_static": false, "battery": 44.00000000000082}}, {"type": "Feature", "geometry": {"type": "Point", "coordinates": [962325.4354158194, 1951483.783674232]}, "properties": {"kind": "drone", "drone_id": 15, "frame": 32, "time_s": 32.0, "timestamp": "2025-01-01T00:00:32", "mode": "SUM_MIN", "is_static": false, "battery": 41.30201342281873}}, {"type": "Feature", "geometry": {"type": "Point", "coordinates": [963531.5143333401, 1950980.1136619265]}, "properties": {"kind": "drone", "drone_id": 16, "frame": 32, "time_s": 32.0, "timestamp": "2025-01-01T00:00:32", "mode": "SUM_MIN", "is_static": false, "battery": 50.0}}, {"type": "Feature", "geometry": {"type": "Point", "coordinates": [965609.9753024228, 1949927.428562208]}, "properties": {"kind": "drone", "drone_id": 17, "frame": 32, "time_s": 32.0, "timestamp": "2025-01-01T00:00:32", "mode": "SUM_MIN", "is_static": false, "battery": 41.30201342281873}}, {"type": "Feature", "geometry": {"type": "Point", "coordinates": [966259.4943552611, 1951020.1466320003]}, "properties": {"kind": "drone", "drone_id": 18, "frame": 32, "time_s": 32.0, "timestamp": "2025-01-01T00:00:32", "mode": "SUM_MIN", "is_static": false, "battery": 41.30201342281873}}, {"type": "Feature", "geometry": {"type": "Point", "coordinates": [962622.1876593664, 1951505.1136619265]}, "properties": {"kind": "drone", "drone_id": 19, "frame": 32, "time_s": 32.0, "timestamp": "2025-01-01T00:00:32", "mode": "SUM_MIN", "is_static": false, "battery": 50.0}}, {"type": "Feature", "geometry": {"type": "Point", "coordinates": [965442.0854185881, 1949577.0449315526]}, "properties": {"kind": "drone", "drone_id": 20, "frame": 32, "time_s": 32.0, "timestamp": "2025-01-01T00:00:32", "mode": "SUM_MIN", "is_static": false, "battery": 41.30201342281873}}, {"type": "Feature", "geometry": {"type": "Point", "coordinates": [961972.6686065281, 1951730.1136619265]}, "properties": {"kind": "base_A", "drone_id": 0, "frame": 32, "time_s": 32.0, "timestamp": "2025-01-01T00:00:32", "mode": "SUM_MIN", "is_static": true, "battery": 50.0}}, {"type": "Feature", "geometry": {"type": "Point", "coordinates": [966389.3981658287, 1948730.1136619265]}, "properties": {"kind": "base_B", "drone_id": 0, "frame": 32, "time_s": 32.0, "timestamp": "2025-01-01T00:00:32", "mode": "SUM_MIN", "is_static": true, "battery": 50.0}}, {"type": "Feature", "geometry": {"type": "Point", "coordinates": [965835.1416349239, 1949760.1135046084]}, "properties": {"kind": "drone", "drone_id": 1, "frame": 33, "time_s": 33.0, "timestamp": "2025-01-01T00:00:33", "mode": "SUM_MIN", "is_static": false, "battery": 41.03020134228182}}, {"type": "Feature", "geometry": {"type": "Point", "coordinates": [966222.3789808131, 1949276.542233355]}, "properties": {"kind": "drone", "drone_id": 2, "frame": 33, "time_s": 33.0, "timestamp": "2025-01-01T00:00:33", "mode": "SUM_MIN", "is_static": false, "battery": 43.99999999999942}}, {"type": "Feature", "geometry": {"type": "Point", "coordinates": [963809.8796416994, 1950519.3993762122]}, "properties": {"kind": "drone", "drone_id": 3, "frame": 33, "time_s": 33.0, "timestamp": "2025-01-01T00:00:33", "mode": "SUM_MIN", "is_static": false, "battery": 45.49999999999981}}, {"type": "Feature", "geometry": {"type": "Point", "coordinates": [962121.1301043197, 1951494.3993762122]}, "properties": {"kind": "drone", "drone_id": 4, "frame": 33, "time_s": 33.0, "timestamp": "2025-01-01T00:00:33", "mode": "SUM_MIN", "is_static": false, "battery": 43.99999999999981}}, {"type": "Feature", "geometry": {"type": "Point", "coordinates": [966389.3981658287, 1949203.6429811511]}, "properties": {"kind": "drone", "drone_id": 5, "frame": 33, "time_s": 33.0, "timestamp": "2025-01-01T00:00:33", "mode": "SUM_MIN", "is_static": false, "battery": 41.03020134228182}}, {"type": "Feature", "geometry": {"type": "Point", "coordinates": [965739.8791129903, 1950100.145742597]}, "properties": {"kind": "drone", "drone_id": 6, "frame": 33, "time_s": 33.0, "timestamp": "2025-01-01T00:00:33", "mode": "SUM_MIN", "is_static": false, "battery": 41.03020134228181}}, {"type": "Feature", "geometry": {"type": "Point", "coordinates": [962954.7679220285, 1950947.1289661017]}, "properties": {"kind": "drone", "drone_id": 7, "frame": 33, "time_s": 33.0, "timestamp": "2025-01-01T00:00:33", "mode": "SUM_MIN", "is_static": false, "battery": 41.03020134228182}}, {"type": "Feature", "geometry": {"type": "Point", "coordinates": [966096.981700525, 1949911.2869369679]}, "properties": {"kind": "drone", "drone_id": 8, "frame": 33, "time_s": 33.0, "timestamp": "2025-01-01T00:00:33", "mode": "SUM_MIN", "is_static": false, "battery": 41.03020134228182}}, {"type": "Feature", "geometry": {"type": "Point", "coordinates": [962956.2260293976, 1951312.2565190694]}, "properties": {"kind": "drone", "drone_id": 9, "frame": 33, "time_s": 33.0, "timestamp": "2025-01-01T00:00:33", "mode": "SUM_MIN", "is_static": false, "battery": 47.00000000000062}}, {"type": "Feature", "geometry": {"type": "Point", "coordinates": [965944.0136724538, 1949437.2565190694]}, "properties": {"kind": "drone", "drone_id": 10, "frame": 33, "time_s": 33.0, "timestamp": "2025-01-01T00:00:33", "mode": "SUM_MIN", "is_static": false, "battery": 48.49999999999981}}, {"type": "Feature", "geometry": {"type": "Point", "coordinates": [965083.3399742683, 1949784.1667104012]}, "properties": {"kind": "drone", "drone_id": 11, "frame": 33, "time_s": 33.0, "timestamp": "2025-01-01T00:00:33", "mode": "SUM_MIN", "is_static": false, "battery": 41.03020134228182}}, {"type": "Feature", "geometry": {"type": "Point", "coordinates": [963791.3219544754, 1949326.4706967971]}, "properties": {"kind": "drone", "drone_id": 12, "frame": 33, "time_s": 33.0, "timestamp": "2025-01-01T00:00:33", "mode": "SUM_MIN", "is_static": false, "battery": 41.03020134228182}}, {"type": "Feature", "geometry": {"type": "Point", "coordinates": [963921.225765043, 1950204.3211497574]}, "properties": {"kind": "drone", "drone_id": 13, "frame": 33, "time_s": 33.0, "timestamp": "2025-01-01T00:00:33", "mode": "SUM_MIN", "is_static": false, "battery": 41.03020134228182}}, {"type": "Feature", "geometry": {"type": "Point", "coordinates": [963791.3219544754, 1950830.1136619265]}, "properties": {"kind": "drone", "drone_id": 14, "frame": 33, "time_s": 33.0, "timestamp": "2025-01-01T00:00:33", "mode": "SUM_MIN", "is_static": false, "battery": 44.00000000000082}}, {"type": "Feature", "geometry": {"type": "Point", "coordinates": [962345.0518258344, 1951495.1092138346]}, "properties": {"kind": "drone", "drone_id": 15, "frame": 33, "time_s": 33.0, "timestamp": "2025-01-01T00:00:33", "mode": "SUM_MIN", "is_static": false, "battery": 41.03020134228182}}, {"type": "Feature", "geometry": {"type": "Point", "coordinates": [963531.5143333401, 1950980.1136619265]}, "properties": {"kind": "drone", "drone_id": 16, "frame": 33, "time_s": 33.0, "timestamp": "2025-01-01T00:00:33", "mode": "SUM_MIN", "is_static": false, "battery": 50.0}}, {"type": "Feature", "geometry": {"type": "Point", "coordinates": [965609.9753024228, 1949888.3356502014]}, "properties": {"kind": "drone", "drone_id": 17, "frame": 33, "time_s": 33.0, "timestamp": "2025-01-01T00:00:33", "mode": "SUM_MIN", "is_static": false, "battery": 41.03020134228182}}, {"type": "Feature", "geometry": {"type": "Point", "coordinates": [966259.4943552611, 1950992.0558090901]}, "properties": {"kind": "drone", "drone_id": 18, "frame": 33, "time_s": 33.0, "timestamp": "2025-01-01T00:00:33", "mode": "SUM_MIN", "is_static": false, "battery": 41.03020134228182}}, {"type": "Feature", "geometry": {"type": "Point", "coordinates": [962622.1876593664, 1951505.1136619265]}, "properties": {"kind": "drone", "drone_id": 19, "frame": 33, "time_s": 33.0, "timestamp": "2025-01-01T00:00:33", "mode": "SUM_MIN", "is_static": false, "battery": 50.0}}, {"type": "Feature", "geometry": {"type": "Point", "coordinates": [965410.6531149227, 1949595.1923805352]}, "properties": {"kind": "drone", "drone_id": 20, "frame": 33, "time_s": 33.0, "timestamp": "2025-01-01T00:00:33", "mode": "SUM_MIN", "is_static": false, "battery": 41.03020134228182}}, {"type": "Feature", "geometry": {"type": "Point", "coordinates": [961972.6686065281, 1951730.1136619265]}, "properties": {"kind": "base_A", "drone_id": 0, "frame": 33, "time_s": 33.0, "timestamp": "2025-01-01T00:00:33", "mode": "SUM_MIN", "is_static": true, "battery": 50.0}}, {"type": "Feature", "geometry": {"type": "Point", "coordinates": [966389.3981658287, 1948730.1136619265]}, "properties": {"kind": "base_B", "drone_id": 0, "frame": 33, "time_s": 33.0, "timestamp": "2025-01-01T00:00:33", "mode": "SUM_MIN", "is_static": true, "battery": 50.0}}, {"type": "Feature", "geometry": {"type": "Point", "coordinates": [965802.4170142246, 1949741.2199360386]}, "properties": {"kind": "drone", "drone_id": 1, "frame": 34, "time_s": 34.0, "timestamp": "2025-01-01T00:00:34", "mode": "SUM_MIN", "is_static": false, "battery": 40.7583892617449}}, {"type": "Feature", "geometry": {"type": "Point", "coordinates": [966222.3789808131, 1949276.542233355]}, "properties": {"kind": "drone", "drone_id": 2, "frame": 34, "time_s": 34.0, "timestamp": "2025-01-01T00:00:34", "mode": "SUM_MIN", "is_static": false, "battery": 43.99999999999942}}, {"type": "Feature", "geometry": {"type": "Point", "coordinates": [963809.8796416994, 1950519.3993762122]}, "properties": {"kind": "drone", "drone_id": 3, "frame": 34, "time_s": 34.0, "timestamp": "2025-01-01T00:00:34", "mode": "SUM_MIN", "is_static": false, "battery": 45.49999999999981}}, {"type": "Feature", "geometry": {"type": "Point", "coordinates": [962121.1301043197, 1951494.3993762122]}, "properties": {"kind": "drone", "drone_id": 4, "frame": 34, "time_s": 34.0, "timestamp": "2025-01-01T00:00:34", "mode": "SUM_MIN", "is_static": false, "battery": 43.99999999999981}}, {"type": "Feature", "geometry": {"type": "Point", "coordinates": [966389.3981658287, 1949192.5291172864]}, "properties": {"kind": "drone", "drone_id": 5, "frame": 34, "time_s": 34.0, "timestamp": "2025-01-01T00:00:34", "mode": "SUM_MIN", "is_static": false, "battery": 40.7583892617449}}, {"type": "Feature", "geometry": {"type": "Point", "coordinates": [965739.8791129903, 1950061.7569216893]}, "properties": {"kind": "drone", "drone_id": 6, "frame": 34, "time_s": 34.0, "timestamp": "2025-01-01T00:00:34", "mode": "SUM_MIN", "is_static": false, "battery": 40.7583892617449}}, {"type": "Feature", "geometry": {"type": "Point", "coordinates": [962985.4004598439, 1950964.8146700554]}, "properties": {"kind": "drone", "drone_id": 7, "frame": 34, "time_s": 34.0, "timestamp": "2025-01-01T00:00:34", "mode": "SUM_MIN", "is_static": false, "battery": 40.7583892617449}}, {"type": "Feature", "geometry": {"type": "Point", "coordinates": [966062.9567808886, 1949891.6426404568]}, "properties": {"kind": "drone", "drone_id": 8, "frame": 34, "time_s": 34.0, "timestamp": "2025-01-01T00:00:34", "mode": "SUM_MIN", "is_static": false, "battery": 40.7583892617449}}, {"type": "Feature", "geometry": {"type": "Point", "coordinates": [962956.2260293976, 1951312.2565190694]}, "properties": {"kind": "drone", "drone_id": 9, "frame": 34, "time_s": 34.0, "timestamp": "2025-01-01T00:00:34", "mode": "SUM_MIN", "is_static": false, "battery": 47.00000000000062}}, {"type": "Feature", "geometry": {"type": "Point", "coordinates": [965944.0136724538, 1949437.2565190694]}, "properties": {"kind": "drone", "drone_id": 10, "frame": 34, "time_s": 34.0, "timestamp": "2025-01-01T00:00:34", "mode": "SUM_MIN", "is_static": false, "battery": 48.49999999999981}}, {"type": "Feature", "geometry": {"type": "Point", "coordinates": [965047.5399470674, 1949804.8358657425]}, "properties": {"kind": "drone", "drone_id": 11, "frame": 34, "time_s": 34.0, "timestamp": "2025-01-01T00:00:34", "mode": "SUM_MIN", "is_static": false, "battery": 40.7583892617449}}, {"type": "Feature", "geometry": {"type": "Point", "coordinates": [963791.3219544754, 1949365.2289101747]}, "properties": {"kind": "drone", "drone_id": 12, "frame": 34, "time_s": 34.0, "timestamp": "2025-01-01T00:00:34", "mode": "SUM_MIN", "is_static": false, "battery": 40.7583892617449}}, {"type": "Feature", "geometry": {"type": "Point", "coordinates": [963921.225765043, 1950222.3264701196]}, "properties": {"kind": "drone", "drone_id": 13, "frame": 34, "time_s": 34.0, "timestamp": "2025-01-01T00:00:34", "mode": "SUM_MIN", "is_static": false, "battery": 40.7583892617449}}, {"type": "Feature", "geometry": {"type": "Point", "coordinates": [963791.3219544754, 1950830.1136619265]}, "properties": {"kind": "drone", "drone_id": 14, "frame": 34, "time_s": 34.0, "timestamp": "2025-01-01T00:00:34", "mode": "SUM_MIN", "is_static": false, "battery": 44.00000000000082}}, {"type": "Feature", "geometry": {"type": "Point", "coordinates": [962361.9719600192, 1951504.878057861]}, "properties": {"kind": "drone", "drone_id": 15, "frame": 34, "time_s": 34.0, "timestamp": "2025-01-01T00:00:34", "mode": "SUM_MIN", "is_static": false, "battery": 40.7583892617449}}, {"type": "Feature", "geometry": {"type": "Point", "coordinates": [963531.5143333401, 1950980.1136619265]}, "properties": {"kind": "drone", "drone_id": 16, "frame": 34, "time_s": 34.0, "timestamp": "2025-01-01T00:00:34", "mode": "SUM_MIN", "is_static": false, "battery": 50.0}}, {"type": "Feature", "geometry": {"type": "Point", "coordinates": [965609.9753024228, 1949848.8413217375]}, "properties": {"kind": "drone", "drone_id": 17, "frame": 34, "time_s": 34.0, "timestamp": "2025-01-01T00:00:34", "mode": "SUM_MIN", "is_static": false, "battery": 40.7583892617449}}, {"type": "Feature", "geometry": {"type": "Point", "coordinates": [966259.4943552611, 1950963.3491817247]}, "properties": {"kind": "drone", "drone_id": 18, "frame": 34, "time_s": 34.0, "timestamp": "2025-01-01T00:00:34", "mode": "SUM_MIN", "is_static": false, "battery": 40.7583892617449}}, {"type": "Feature", "geometry": {"type": "Point", "coordinates": [962622.1876593664, 1951505.1136619265]}, "properties": {"kind": "drone", "drone_id": 19, "frame": 34, "time_s": 34.0, "timestamp": "2025-01-01T00:00:34", "mode": "SUM_MIN", "is_static": false, "battery": 50.0}}, {"type": "Feature", "geometry": {"type": "Point", "coordinates": [965380.141147606, 1949612.808473079]}, "properties": {"kind": "drone", "drone_id": 20, "frame": 34, "time_s": 34.0, "timestamp": "2025-01-01T00:00:34", "mode": "SUM_MIN", "is_static": false, "battery": 40.7583892617449}}, {"type": "Feature", "geometry": {"type": "Point", "coordinates": [961972.6686065281, 1951730.1136619265]}, "properties": {"kind": "base_A", "drone_id": 0, "frame": 34, "time_s": 34.0, "timestamp": "2025-01-01T00:00:34", "mode": "SUM_MIN", "is_static": true, "battery": 50.0}}, {"type": "Feature", "geometry": {"type": "Point", "coordinates": [966389.3981658287, 1948730.1136619265]}, "properties": {"kind": "base_B", "drone_id": 0, "frame": 34, "time_s": 34.0, "timestamp": "2025-01-01T00:00:34", "mode": "SUM_MIN", "is_static": true, "battery": 50.0}}, {"type": "Feature", "geometry": {"type": "Point", "coordinates": [965770.2697297869, 1949722.6596927147]}, "properties": {"kind": "drone", "drone_id": 1, "frame": 35, "time_s": 35.0, "timestamp": "2025-01-01T00:00:35", "mode": "SUM_MIN", "is_static": false, "battery": 40.48657718120799}}, {"type": "Feature", "geometry": {"type": "Point", "coordinates": [966222.3789808131, 1949276.542233355]}, "properties": {"kind": "drone", "drone_id": 2, "frame": 35, "time_s": 35.0, "timestamp": "2025-01-01T00:00:35", "mode": "SUM_MIN", "is_static": false, "battery": 43.99999999999942}}, {"type": "Feature", "geometry": {"type": "Point", "coordinates": [963809.8796416994, 1950519.3993762122]}, "properties": {"kind": "drone", "drone_id": 3, "frame": 35, "time_s": 35.0, "timestamp": "2025-01-01T00:00:35", "mode": "SUM_MIN", "is_static": false, "battery": 45.49999999999981}}, {"type": "Feature", "geometry": {"type": "Point", "coordinates": [962121.1301043197, 1951494.3993762122]}, "properties": {"kind": "drone", "drone_id": 4, "frame": 35, "time_s": 35.0, "timestamp": "2025-01-01T00:00:35", "mode": "SUM_MIN", "is_static": false, "battery": 43.99999999999981}}, {"type": "Feature", "geometry": {"type": "Point", "coordinates": [966389.3981658287, 1949181.6113270961]}, "properties": {"kind": "drone", "drone_id": 5, "frame": 35, "time_s": 35.0, "timestamp": "2025-01-01T00:00:35", "mode": "SUM_MIN", "is_static": false, "battery": 40.48657718120799}}, {"type": "Feature", "geometry": {"type": "Point", "coordinates": [965739.8791129903, 1950024.045366335]}, "properties": {"kind": "drone", "drone_id": 6, "frame": 35, "time_s": 35.0, "timestamp": "2025-01-01T00:00:35", "mode": "SUM_MIN", "is_static": false, "battery": 40.48657718120799}}, {"type": "Feature", "geometry": {"type": "Point", "coordinates": [963014.9958849603, 1950981.9015967129]}, "properties": {"kind": "drone", "drone_id": 7, "frame": 35, "time_s": 35.0, "timestamp": "2025-01-01T00:00:35", "mode": "SUM_MIN", "is_static": false, "battery": 40.48657718120799}}, {"type": "Feature", "geometry": {"type": "Point", "coordinates": [966028.627259609, 1949871.8224821049]}, "properties": {"kind": "drone", "drone_id": 8, "frame": 35, "time_s": 35.0, "timestamp": "2025-01-01T00:00:35", "mode": "SUM_MIN", "is_static": false, "battery": 40.48657718120799}}, {"type": "Feature", "geometry": {"type": "Point", "coordinates": [962956.2260293976, 1951312.2565190694]}, "properties": {"kind": "drone", "drone_id": 9, "frame": 35, "time_s": 35.0, "timestamp": "2025-01-01T00:00:35", "mode": "SUM_MIN", "is_static": false, "battery": 47.00000000000062}}, {"type": "Feature", "geometry": {"type": "Point", "coordinates": [965944.0136724538, 1949437.2565190694]}, "properties": {"kind": "drone", "drone_id": 10, "frame": 35, "time_s": 35.0, "timestamp": "2025-01-01T00:00:35", "mode": "SUM_MIN", "is_static": false, "battery": 48.49999999999981}}, {"type": "Feature", "geometry": {"type": "Point", "coordinates": [965011.7979837727, 1949825.4714978721]}, "properties": {"kind": "drone", "drone_id": 11, "frame": 35, "time_s": 35.0, "timestamp": "2025-01-01T00:00:35", "mode": "SUM_MIN", "is_static": false, "battery": 40.48657718120799}}, {"type": "Feature", "geometry": {"type": "Point", "coordinates": [963791.3219544754, 1949403.6767868917]}, "properties": {"kind": "drone", "drone_id": 12, "frame": 35, "time_s": 35.0, "timestamp": "2025-01-01T00:00:35", "mode": "SUM_MIN", "is_static": false, "battery": 40.48657718120799}}, {"type": "Feature", "geometry": {"type": "Point", "coordinates": [963921.225765043, 1950237.2529292319]}, "properties": {"kind": "drone", "drone_id": 13, "frame": 35, "time_s": 35.0, "timestamp": "2025-01-01T00:00:35", "mode": "SUM_MIN", "is_static": false, "battery": 40.48657718120799}}, {"type": "Feature", "geometry": {"type": "Point", "coordinates": [963791.3219544754, 1950830.1136619265]}, "properties": {"kind": "drone", "drone_id": 14, "frame": 35, "time_s": 35.0, "timestamp": "2025-01-01T00:00:35", "mode": "SUM_MIN", "is_static": false, "battery": 44.00000000000082}}, {"type": "Feature", "geometry": {"type": "Point", "coordinates": [962375.9987968652, 1951512.9764558899]}, "properties": {"kind": "drone", "drone_id": 15, "frame": 35, "time_s": 35.0, "timestamp": "2025-01-01T00:00:35", "mode": "SUM_MIN", "is_static": false, "battery": 40.48657718120799}}, {"type": "Feature", "geometry": {"type": "Point", "coordinates": [963531.5143333401, 1950980.1136619265]}, "properties": {"kind": "drone", "drone_id": 16, "frame": 35, "time_s": 35.0, "timestamp": "2025-01-01T00:00:35", "mode": "SUM_MIN", "is_static": false, "battery": 50.0}}, {"type": "Feature", "geometry": {"type": "Point", "coordinates": [965609.9753024228, 1949808.9934277846]}, "properties": {"kind": "drone", "drone_id": 17, "frame": 35, "time_s": 35.0, "timestamp": "2025-01-01T00:00:35", "mode": "SUM_MIN", "is_static": false, "battery": 40.48657718120799}}, {"type": "Feature", "geometry": {"type": "Point", "coordinates": [966259.4943552611, 1950934.0415885656]}, "properties": {"kind": "drone", "drone_id": 18, "frame": 35, "time_s": 35.0, "timestamp": "2025-01-01T00:00:35", "mode": "SUM_MIN", "is_static": false, "battery": 40.48657718120799}}, {"type": "Feature", "geometry": {"type": "Point", "coordinates": [962622.1876593664, 1951505.1136619265]}, "properties": {"kind": "drone", "drone_id": 19, "frame": 35, "time_s": 35.0, "timestamp": "2025-01-01T00:00:35", "mode": "SUM_MIN", "is_static": false, "battery": 50.0}}, {"type": "Feature", "geometry": {"type": "Point", "coordinates": [965350.6622108847, 1949629.8281451303]}, "properties": {"kind": "drone", "drone_id": 20, "frame": 35, "time_s": 35.0, "timestamp": "2025-01-01T00:00:35", "mode": "SUM_MIN", "is_static": false, "battery": 40.48657718120799}}, {"type": "Feature", "geometry": {"type": "Point", "coordinates": [961972.6686065281, 1951730.1136619265]}, "properties": {"kind": "base_A", "drone_id": 0, "frame": 35, "time_s": 35.0, "timestamp": "2025-01-01T00:00:35", "mode": "SUM_MIN", "is_static": true, "battery": 50.0}}, {"type": "Feature", "geometry": {"type": "Point", "coordinates": [966389.3981658287, 1948730.1136619265]}, "properties": {"kind": "base_B", "drone_id": 0, "frame": 35, "time_s": 35.0, "timestamp": "2025-01-01T00:00:35", "mode": "SUM_MIN", "is_static": true, "battery": 50.0}}, {"type": "Feature", "geometry": {"type": "Point", "coordinates": [965738.789886114, 1949704.484796496]}, "properties": {"kind": "drone", "drone_id": 1, "frame": 36, "time_s": 36.0, "timestamp": "2025-01-01T00:00:36", "mode": "SUM_MIN", "is_static": false, "battery": 40.21476510067107}}, {"type": "Feature", "geometry": {"type": "Point", "coordinates": [966222.3789808131, 1949276.542233355]}, "properties": {"kind": "drone", "drone_id": 2, "frame": 36, "time_s": 36.0, "timestamp": "2025-01-01T00:00:36", "mode": "SUM_MIN", "is_static": false, "battery": 43.99999999999942}}, {"type": "Feature", "geometry": {"type": "Point", "coordinates": [963809.8796416994, 1950519.3993762122]}, "properties": {"kind": "drone", "drone_id": 3, "frame": 36, "time_s": 36.0, "timestamp": "2025-01-01T00:00:36", "mode": "SUM_MIN", "is_static": false, "battery": 45.49999999999981}}, {"type": "Feature", "geometry": {"type": "Point", "coordinates": [962121.1301043197, 1951494.3993762122]}, "properties": {"kind": "drone", "drone_id": 4, "frame": 36, "time_s": 36.0, "timestamp": "2025-01-01T00:00:36", "mode": "SUM_MIN", "is_static": false, "battery": 43.99999999999981}}, {"type": "Feature", "geometry": {"type": "Point", "coordinates": [966389.3981658287, 1949170.9202116732]}, "properties": {"kind": "drone", "drone_id": 5, "frame": 36, "time_s": 36.0, "timestamp": "2025-01-01T00:00:36", "mode": "SUM_MIN", "is_static": false, "battery": 40.21476510067107}}, {"type": "Feature", "geometry": {"type": "Point", "coordinates": [965739.8791129903, 1949987.1167769383]}, "properties": {"kind": "drone", "drone_id": 6, "frame": 36, "time_s": 36.0, "timestamp": "2025-01-01T00:00:36", "mode": "SUM_MIN", "is_static": false, "battery": 40.21476510067107}}, {"type": "Feature", "geometry": {"type": "Point", "coordinates": [963043.4410578101, 1950998.324424915]}, "properties": {"kind": "drone", "drone_id": 7, "frame": 36, "time_s": 36.0, "timestamp": "2025-01-01T00:00:36", "mode": "SUM_MIN", "is_static": false, "battery": 40.21476510067107}}, {"type": "Feature", "geometry": {"type": "Point", "coordinates": [965994.034360969, 1949851.8502627627]}, "properties": {"kind": "drone", "drone_id": 8, "frame": 36, "time_s": 36.0, "timestamp": "2025-01-01T00:00:36", "mode": "SUM_MIN", "is_static": false, "battery": 40.21476510067107}}, {"type": "Feature", "geometry": {"type": "Point", "coordinates": [962956.2260293976, 1951312.2565190694]}, "properties": {"kind": "drone", "drone_id": 9, "frame": 36, "time_s": 36.0, "timestamp": "2025-01-01T00:00:36", "mode": "SUM_MIN", "is_static": false, "battery": 47.00000000000062}}, {"type": "Feature", "geometry": {"type": "Point", "coordinates": [965944.0136724538, 1949437.2565190694]}, "properties": {"kind": "drone", "drone_id": 10, "frame": 36, "time_s": 36.0, "timestamp": "2025-01-01T00:00:36", "mode": "SUM_MIN", "is_static": false, "battery": 48.49999999999981}}, {"type": "Feature", "geometry": {"type": "Point", "coordinates": [964976.1794062788, 1949846.0358931764]}, "properties": {"kind": "drone", "drone_id": 11, "frame": 36, "time_s": 36.0, "timestamp": "2025-01-01T00:00:36", "mode": "SUM_MIN", "is_static": false, "battery": 40.21476510067107}}, {"type": "Feature", "geometry": {"type": "Point", "coordinates": [963791.3219544754, 1949441.7292600456]}, "properties": {"kind": "drone", "drone_id": 12, "frame": 36, "time_s": 36.0, "timestamp": "2025-01-01T00:00:36", "mode": "SUM_MIN", "is_static": false, "battery": 40.21476510067107}}, {"type": "Feature", "geometry": {"type": "Point", "coordinates": [963921.225765043, 1950248.8908694552]}, "properties": {"kind": "drone", "drone_id": 13, "frame": 36, "time_s": 36.0, "timestamp": "2025-01-01T00:00:36", "mode": "SUM_MIN", "is_static": false, "battery": 40.21476510067107}}, {"type": "Feature", "geometry": {"type": "Point", "coordinates": [963791.3219544754, 1950830.1136619265]}, "properties": {"kind": "drone", "drone_id": 14, "frame": 36, "time_s": 36.0, "timestamp": "2025-01-01T00:00:36", "mode": "SUM_MIN", "is_static": false, "battery": 44.00000000000082}}, {"type": "Feature", "geometry": {"type": "Point", "coordinates": [962386.9353148638, 1951519.2906575005]}, "properties": {"kind": "drone", "drone_id": 15, "frame": 36, "time_s": 36.0, "timestamp": "2025-01-01T00:00:36", "mode": "SUM_MIN", "is_static": false, "battery": 40.21476510067107}}, {"type": "Feature", "geometry": {"type": "Point", "coordinates": [963531.5143333401, 1950980.1136619265]}, "properties": {"kind": "drone", "drone_id": 16, "frame": 36, "time_s": 36.0, "timestamp": "2025-01-01T00:00:36", "mode": "SUM_MIN", "is_static": false, "battery": 50.0}}, {"type": "Feature", "geometry": {"type": "Point", "coordinates": [965609.9753024228, 1949768.8398193114]}, "properties": {"kind": "drone", "drone_id": 17, "frame": 36, "time_s": 36.0, "timestamp": "2025-01-01T00:00:36", "mode": "SUM_MIN", "is_static": false, "battery": 40.21476510067107}}, {"type": "Feature", "geometry": {"type": "Point", "coordinates": [966259.4943552611, 1950904.1478682742]}, "properties": {"kind": "drone", "drone_id": 18, "frame": 36, "time_s": 36.0, "timestamp": "2025-01-01T00:00:36", "mode": "SUM_MIN", "is_static": false, "battery": 40.21476510067107}}, {"type": "Feature", "geometry": {"type": "Point", "coordinates": [962622.1876593664, 1951505.1136619265]}, "properties": {"kind": "drone", "drone_id": 19, "frame": 36, "time_s": 36.0, "timestamp": "2025-01-01T00:00:36", "mode": "SUM_MIN", "is_static": false, "battery": 50.0}}, {"type": "Feature", "geometry": {"type": "Point", "coordinates": [965322.3289990057, 1949646.1863326356]}, "properties": {"kind": "drone", "drone_id": 20, "frame": 36, "time_s": 36.0, "timestamp": "2025-01-01T00:00:36", "mode": "SUM_MIN", "is_static": false, "battery": 40.21476510067107}}, {"type": "Feature", "geometry": {"type": "Point", "coordinates": [961972.6686065281, 1951730.1136619265]}, "properties": {"kind": "base_A", "drone_id": 0, "frame": 36, "time_s": 36.0, "timestamp": "2025-01-01T00:00:36", "mode": "SUM_MIN", "is_static": true, "battery": 50.0}}, {"type": "Feature", "geometry": {"type": "Point", "coordinates": [966389.3981658287, 1948730.1136619265]}, "properties": {"kind": "base_B", "drone_id": 0, "frame": 36, "time_s": 36.0, "timestamp": "2025-01-01T00:00:36", "mode": "SUM_MIN", "is_static": true, "battery": 50.0}}, {"type": "Feature", "geometry": {"type": "Point", "coordinates": [965708.0675877092, 1949686.747269242]}, "properties": {"kind": "drone", "drone_id": 1, "frame": 37, "time_s": 37.0, "timestamp": "2025-01-01T00:00:37", "mode": "SUM_MIN", "is_static": false, "battery": 39.94295302013416}}, {"type": "Feature", "geometry": {"type": "Point", "coordinates": [966222.3789808131, 1949276.542233355]}, "properties": {"kind": "drone", "drone_id": 2, "frame": 37, "time_s": 37.0, "timestamp": "2025-01-01T00:00:37", "mode": "SUM_MIN", "is_static": false, "battery": 43.99999999999942}}, {"type": "Feature", "geometry": {"type": "Point", "coordinates": [963809.8796416994, 1950519.3993762122]}, "properties": {"kind": "drone", "drone_id": 3, "frame": 37, "time_s": 37.0, "timestamp": "2025-01-01T00:00:37", "mode": "SUM_MIN", "is_static": false, "battery": 45.49999999999981}}, {"type": "Feature", "geometry": {"type": "Point", "coordinates": [962121.1301043197, 1951494.3993762122]}, "properties": {"kind": "drone", "drone_id": 4, "frame": 37, "time_s": 37.0, "timestamp": "2025-01-01T00:00:37", "mode": "SUM_MIN", "is_static": false, "battery": 43.99999999999981}}, {"type": "Feature", "geometry": {"type": "Point", "coordinates": [966389.3981658287, 1949160.486372112]}, "properties": {"kind": "drone", "drone_id": 5, "frame": 37, "time_s": 37.0, "timestamp": "2025-01-01T00:00:37", "mode": "SUM_MIN", "is_static": false, "battery": 39.94295302013416}}, {"type": "Feature", "geometry": {"type": "Point", "coordinates": [965739.8791129903, 1949951.076853904]}, "properties": {"kind": "drone", "drone_id": 6, "frame": 37, "time_s": 37.0, "timestamp": "2025-01-01T00:00:37", "mode": "SUM_MIN", "is_static": false, "battery": 39.94295302013416}}, {"type": "Feature", "geometry": {"type": "Point", "coordinates": [963070.6228388264, 1951014.0178335018]}, "properties": {"kind": "drone", "drone_id": 7, "frame": 37, "time_s": 37.0, "timestamp": "2025-01-01T00:00:37", "mode": "SUM_MIN", "is_static": false, "battery": 39.94295302013416}}, {"type": "Feature", "geometry": {"type": "Point", "coordinates": [965959.2193092507, 1949831.7497832815]}, "properties": {"kind": "drone", "drone_id": 8, "frame": 37, "time_s": 37.0, "timestamp": "2025-01-01T00:00:37", "mode": "SUM_MIN", "is_static": false, "battery": 39.94295302013416}}, {"type": "Feature", "geometry": {"type": "Point", "coordinates": [962956.2260293976, 1951312.2565190694]}, "properties": {"kind": "drone", "drone_id": 9, "frame": 37, "time_s": 37.0, "timestamp": "2025-01-01T00:00:37", "mode": "SUM_MIN", "is_static": false, "battery": 47.00000000000062}}, {"type": "Feature", "geometry": {"type": "Point", "coordinates": [965944.0136724538, 1949437.2565190694]}, "properties": {"kind": "drone", "drone_id": 10, "frame": 37, "time_s": 37.0, "timestamp": "2025-01-01T00:00:37", "mode": "SUM_MIN", "is_static": false, "battery": 48.49999999999981}}, {"type": "Feature", "geometry": {"type": "Point", "coordinates": [964940.7495364803, 1949843.7359858109]}, "properties": {"kind": "drone", "drone_id": 11, "frame": 37, "time_s": 37.0, "timestamp": "2025-01-01T00:00:37", "mode": "SUM_MIN", "is_static": false, "battery": 39.94295302013416}}, {"type": "Feature", "geometry": {"type": "Point", "coordinates": [963791.3219544754, 1949479.301262735]}, "properties": {"kind": "drone", "drone_id": 12, "frame": 37, "time_s": 37.0, "timestamp": "2025-01-01T00:00:37", "mode": "SUM_MIN", "is_static": false, "battery": 39.94295302013416}}, {"type": "Feature", "geometry": {"type": "Point", "coordinates": [963921.225765043, 1950257.0306331508]}, "properties": {"kind": "drone", "drone_id": 13, "frame": 37, "time_s": 37.0, "timestamp": "2025-01-01T00:00:37", "mode": "SUM_MIN", "is_static": false, "battery": 39.94295302013416}}, {"type": "Feature", "geometry": {"type": "Point", "coordinates": [963791.3219544754, 1950830.1136619265]}, "properties": {"kind": "drone", "drone_id": 14, "frame": 37, "time_s": 37.0, "timestamp": "2025-01-01T00:00:37", "mode": "SUM_MIN", "is_static": false, "battery": 44.00000000000082}}, {"type": "Feature", "geometry": {"type": "Point", "coordinates": [962394.5844925066, 1951523.7069122717]}, "properties": {"kind": "drone", "drone_id": 15, "frame": 37, "time_s": 37.0, "timestamp": "2025-01-01T00:00:37", "mode": "SUM_MIN", "is_static": false, "battery": 39.94295302013416}}, {"type": "Feature", "geometry": {"type": "Point", "coordinates": [963531.5143333401, 1950980.1136619265]}, "properties": {"kind": "drone", "drone_id": 16, "frame": 37, "time_s": 37.0, "timestamp": "2025-01-01T00:00:37", "mode": "SUM_MIN", "is_static": false, "battery": 50.0}}, {"type": "Feature", "geometry": {"type": "Point", "coordinates": [965609.9753024228, 1949728.428347286]}, "properties": {"kind": "drone", "drone_id": 17, "frame": 37, "time_s": 37.0, "timestamp": "2025-01-01T00:00:37", "mode": "SUM_MIN", "is_static": false, "battery": 39.94295302013416}}, {"type": "Feature", "geometry": {"type": "Point", "coordinates": [966259.4943552611, 1950873.6828595125]}, "properties": {"kind": "drone", "drone_id": 18, "frame": 37, "time_s": 37.0, "timestamp": "2025-01-01T00:00:37", "mode": "SUM_MIN", "is_static": false, "battery": 39.94295302013416}}, {"type": "Feature", "geometry": {"type": "Point", "coordinates": [962622.1876593664, 1951505.1136619265]}, "properties": {"kind": "drone", "drone_id": 19, "frame": 37, "time_s": 37.0, "timestamp": "2025-01-01T00:00:37", "mode": "SUM_MIN", "is_static": false, "battery": 50.0}}, {"type": "Feature", "geometry": {"type": "Point", "coordinates": [965295.2542062158, 1949661.817971541]}, "properties": {"kind": "drone", "drone_id": 20, "frame": 37, "time_s": 37.0, "timestamp": "2025-01-01T00:00:37", "mode": "SUM_MIN", "is_static": false, "battery": 39.94295302013416}}, {"type": "Feature", "geometry": {"type": "Point", "coordinates": [961972.6686065281, 1951730.1136619265]}, "properties": {"kind": "base_A", "drone_id": 0, "frame": 37, "time_s": 37.0, "timestamp": "2025-01-01T00:00:37", "mode": "SUM_MIN", "is_static": true, "battery": 50.0}}, {"type": "Feature", "geometry": {"type": "Point", "coordinates": [966389.3981658287, 1948730.1136619265]}, "properties": {"kind": "base_B", "drone_id": 0, "frame": 37, "time_s": 37.0, "timestamp": "2025-01-01T00:00:37", "mode": "SUM_MIN", "is_static": true, "battery": 50.0}}, {"type": "Feature", "geometry": {"type": "Point", "coordinates": [965678.1929390756, 1949669.4991328116]}, "properties": {"kind": "drone", "drone_id": 1, "frame": 38, "time_s": 38.0, "timestamp": "2025-01-01T00:00:38", "mode": "SUM_MIN", "is_static": false, "battery": 39.671140939597244}}, {"type": "Feature", "geometry": {"type": "Point", "coordinates": [966222.3789808131, 1949276.542233355]}, "properties": {"kind": "drone", "drone_id": 2, "frame": 38, "time_s": 38.0, "timestamp": "2025-01-01T00:00:38", "mode": "SUM_MIN", "is_static": false, "battery": 43.99999999999942}}, {"type": "Feature", "geometry": {"type": "Point", "coordinates": [963809.8796416994, 1950519.3993762122]}, "properties": {"kind": "drone", "drone_id": 3, "frame": 38, "time_s": 38.0, "timestamp": "2025-01-01T00:00:38", "mode": "SUM_MIN", "is_static": false, "battery": 45.49999999999981}}, {"type": "Feature", "geometry": {"type": "Point", "coordinates": [962121.1301043197, 1951494.3993762122]}, "properties": {"kind": "drone", "drone_id": 4, "frame": 38, "time_s": 38.0, "timestamp": "2025-01-01T00:00:38", "mode": "SUM_MIN", "is_static": false, "battery": 43.99999999999981}}, {"type": "Feature", "geometry": {"type": "Point", "coordinates": [966389.3981658287, 1949150.3404095059]}, "properties": {"kind": "drone", "drone_id": 5, "frame": 38, "time_s": 38.0, "timestamp": "2025-01-01T00:00:38", "mode": "SUM_MIN", "is_static": false, "battery": 39.671140939597244}}, {"type": "Feature", "geometry": {"type": "Point", "coordinates": [965739.8791129903, 1949916.0312976358]}, "properties": {"kind": "drone", "drone_id": 6, "frame": 38, "time_s": 38.0, "timestamp": "2025-01-01T00:00:38", "mode": "SUM_MIN", "is_static": false, "battery": 39.671140939597244}}, {"type": "Feature", "geometry": {"type": "Point", "coordinates": [963096.428088442, 1951028.916501314]}, "properties": {"kind": "drone", "drone_id": 7, "frame": 38, "time_s": 38.0, "timestamp": "2025-01-01T00:00:38", "mode": "SUM_MIN", "is_static": false, "battery": 39.671140939597244}}, {"type": "Feature", "geometry": {"type": "Point", "coordinates": [965924.2233287368, 1949811.5448445112]}, "properties": {"kind": "drone", "drone_id": 8, "frame": 38, "time_s": 38.0, "timestamp": "2025-01-01T00:00:38", "mode": "SUM_MIN", "is_static": false, "battery": 39.671140939597244}}, {"type": "Feature", "geometry": {"type": "Point", "coordinates": [962956.2260293976, 1951312.2565190694]}, "properties": {"kind": "drone", "drone_id": 9, "frame": 38, "time_s": 38.0, "timestamp": "2025-01-01T00:00:38", "mode": "SUM_MIN", "is_static": false, "battery": 47.00000000000062}}, {"type": "Feature", "geometry": {"type": "Point", "coordinates": [965944.0136724538, 1949437.2565190694]}, "properties": {"kind": "drone", "drone_id": 10, "frame": 38, "time_s": 38.0, "timestamp": "2025-01-01T00:00:38", "mode": "SUM_MIN", "is_static": false, "battery": 48.49999999999981}}, {"type": "Feature", "geometry": {"type": "Point", "coordinates": [964905.5736962715, 1949823.4272049975]}, "properties": {"kind": "drone", "drone_id": 11, "frame": 38, "time_s": 38.0, "timestamp": "2025-01-01T00:00:38", "mode": "SUM_MIN", "is_static": false, "battery": 39.671140939597244}}, {"type": "Feature", "geometry": {"type": "Point", "coordinates": [963822.6669352109, 1949498.210694992]}, "properties": {"kind": "drone", "drone_id": 12, "frame": 38, "time_s": 38.0, "timestamp": "2025-01-01T00:00:38", "mode": "SUM_MIN", "is_static": false, "battery": 39.67114093959725}}, {"type": "Feature", "geometry": {"type": "Point", "coordinates": [963921.225765043, 1950261.4625626805]}, "properties": {"kind": "drone", "drone_id": 13, "frame": 38, "time_s": 38.0, "timestamp": "2025-01-01T00:00:38", "mode": "SUM_MIN", "is_static": false, "battery": 39.671140939597244}}, {"type": "Feature", "geometry": {"type": "Point", "coordinates": [963791.3219544754, 1950830.1136619265]}, "properties": {"kind": "drone", "drone_id": 14, "frame": 38, "time_s": 38.0, "timestamp": "2025-01-01T00:00:38", "mode": "SUM_MIN", "is_static": false, "battery": 44.00000000000082}}, {"type": "Feature", "geometry": {"type": "Point", "coordinates": [962398.749308285, 1951526.1114697824]}, "properties": {"kind": "drone", "drone_id": 15, "frame": 38, "time_s": 38.0, "timestamp": "2025-01-01T00:00:38", "mode": "SUM_MIN", "is_static": false, "battery": 39.671140939597244}}, {"type": "Feature", "geometry": {"type": "Point", "coordinates": [963531.5143333401, 1950980.1136619265]}, "properties": {"kind": "drone", "drone_id": 16, "frame": 38, "time_s": 38.0, "timestamp": "2025-01-01T00:00:38", "mode": "SUM_MIN", "is_static": false, "battery": 50.0}}, {"type": "Feature", "geometry": {"type": "Point", "coordinates": [965609.9753024228, 1949687.806862677]}, "properties": {"kind": "drone", "drone_id": 17, "frame": 38, "time_s": 38.0, "timestamp": "2025-01-01T00:00:38", "mode": "SUM_MIN", "is_static": false, "battery": 39.671140939597244}}, {"type": "Feature", "geometry": {"type": "Point", "coordinates": [966259.4943552611, 1950842.661400942]}, "properties": {"kind": "drone", "drone_id": 18, "frame": 38, "time_s": 38.0, "timestamp": "2025-01-01T00:00:38", "mode": "SUM_MIN", "is_static": false, "battery": 39.671140939597244}}, {"type": "Feature", "geometry": {"type": "Point", "coordinates": [962622.1876593664, 1951505.1136619265]}, "properties": {"kind": "drone", "drone_id": 19, "frame": 38, "time_s": 38.0, "timestamp": "2025-01-01T00:00:38", "mode": "SUM_MIN", "is_static": false, "battery": 50.0}}, {"type": "Feature", "geometry": {"type": "Point", "coordinates": [965269.5505267619, 1949676.657997793]}, "properties": {"kind": "drone", "drone_id": 20, "frame": 38, "time_s": 38.0, "timestamp": "2025-01-01T00:00:38", "mode": "SUM_MIN", "is_static": false, "battery": 39.671140939597244}}, {"type": "Feature", "geometry": {"type": "Point", "coordinates": [961972.6686065281, 1951730.1136619265]}, "properties": {"kind": "base_A", "drone_id": 0, "frame": 38, "time_s": 38.0, "timestamp": "2025-01-01T00:00:38", "mode": "SUM_MIN", "is_static": true, "battery": 50.0}}, {"type": "Feature", "geometry": {"type": "Point", "coordinates": [966389.3981658287, 1948730.1136619265]}, "properties": {"kind": "base_B", "drone_id": 0, "frame": 38, "time_s": 38.0, "timestamp": "2025-01-01T00:00:38", "mode": "SUM_MIN", "is_static": true, "battery": 50.0}}, {"type": "Feature", "geometry": {"type": "Point", "coordinates": [965649.2560447167, 1949652.7924090638]}, "properties": {"kind": "drone", "drone_id": 1, "frame": 39, "time_s": 39.0, "timestamp": "2025-01-01T00:00:39", "mode": "SUM_MIN", "is_static": false, "battery": 39.39932885906033}}, {"type": "Feature", "geometry": {"type": "Point", "coordinates": [966222.3789808131, 1949276.542233355]}, "properties": {"kind": "drone", "drone_id": 2, "frame": 39, "time_s": 39.0, "timestamp": "2025-01-01T00:00:39", "mode": "SUM_MIN", "is_static": false, "battery": 43.99999999999942}}, {"type": "Feature", "geometry": {"type": "Point", "coordinates": [963809.8796416994, 1950519.3993762122]}, "properties": {"kind": "drone", "drone_id": 3, "frame": 39, "time_s": 39.0, "timestamp": "2025-01-01T00:00:39", "mode": "SUM_MIN", "is_static": false, "battery": 45.49999999999981}}, {"type": "Feature", "geometry": {"type": "Point", "coordinates": [962121.1301043197, 1951494.3993762122]}, "properties": {"kind": "drone", "drone_id": 4, "frame": 39, "time_s": 39.0, "timestamp": "2025-01-01T00:00:39", "mode": "SUM_MIN", "is_static": false, "battery": 43.99999999999981}}, {"type": "Feature", "geometry": {"type": "Point", "coordinates": [966389.3981658287, 1949140.5129249485]}, "properties": {"kind": "drone", "drone_id": 5, "frame": 39, "time_s": 39.0, "timestamp": "2025-01-01T00:00:39", "mode": "SUM_MIN", "is_static": false, "battery": 39.39932885906033}}, {"type": "Feature", "geometry": {"type": "Point", "coordinates": [965739.8791129903, 1949882.0858085381]}, "properties": {"kind": "drone", "drone_id": 6, "frame": 39, "time_s": 39.0, "timestamp": "2025-01-01T00:00:39", "mode": "SUM_MIN", "is_static": false, "battery": 39.39932885906033}}, {"type": "Feature", "geometry": {"type": "Point", "coordinates": [963120.7436670896, 1951042.9551071916]}, "properties": {"kind": "drone", "drone_id": 7, "frame": 39, "time_s": 39.0, "timestamp": "2025-01-01T00:00:39", "mode": "SUM_MIN", "is_static": false, "battery": 39.39932885906033}}, {"type": "Feature", "geometry": {"type": "Point", "coordinates": [965889.08764371, 1949791.2592473028]}, "properties": {"kind": "drone", "drone_id": 8, "frame": 39, "time_s": 39.0, "timestamp": "2025-01-01T00:00:39", "mode": "SUM_MIN", "is_static": false, "battery": 39.39932885906033}}, {"type": "Feature", "geometry": {"type": "Point", "coordinates": [962956.2260293976, 1951312.2565190694]}, "properties": {"kind": "drone", "drone_id": 9, "frame": 39, "time_s": 39.0, "timestamp": "2025-01-01T00:00:39", "mode": "SUM_MIN", "is_static": false, "battery": 47.00000000000062}}, {"type": "Feature", "geometry": {"type": "Point", "coordinates": [965944.0136724538, 1949437.2565190694]}, "properties": {"kind": "drone", "drone_id": 10, "frame": 39, "time_s": 39.0, "timestamp": "2025-01-01T00:00:39", "mode": "SUM_MIN", "is_static": false, "battery": 48.49999999999981}}, {"type": "Feature", "geometry": {"type": "Point", "coordinates": [964870.7172075473, 1949803.3028018496]}, "properties": {"kind": "drone", "drone_id": 11, "frame": 39, "time_s": 39.0, "timestamp": "2025-01-01T00:00:39", "mode": "SUM_MIN", "is_static": false, "battery": 39.39932885906033}}, {"type": "Feature", "geometry": {"type": "Point", "coordinates": [963854.15203446, 1949516.388625519]}, "properties": {"kind": "drone", "drone_id": 12, "frame": 39, "time_s": 39.0, "timestamp": "2025-01-01T00:00:39", "mode": "SUM_MIN", "is_static": false, "battery": 39.39932885906033}}, {"type": "Feature", "geometry": {"type": "Point", "coordinates": [963921.225765043, 1950262.2565190694]}, "properties": {"kind": "drone", "drone_id": 13, "frame": 39, "time_s": 39.0, "timestamp": "2025-01-01T00:00:39", "mode": "SUM_MIN", "is_static": false, "battery": 39.5}}, {"type": "Feature", "geometry": {"type": "Point", "coordinates": [963791.3219544754, 1950830.1136619265]}, "properties": {"kind": "drone", "drone_id": 14, "frame": 39, "time_s": 39.0, "timestamp": "2025-01-01T00:00:39", "mode": "SUM_MIN", "is_static": false, "battery": 44.00000000000082}}, {"type": "Feature", "geometry": {"type": "Point", "coordinates": [962399.4954126789, 1951526.542233355]}, "properties": {"kind": "drone", "drone_id": 15, "frame": 39, "time_s": 39.0, "timestamp": "2025-01-01T00:00:39", "mode": "SUM_MIN", "is_static": false, "battery": 39.500000000000625}}, {"type": "Feature", "geometry": {"type": "Point", "coordinates": [963531.5143333401, 1950980.1136619265]}, "properties": {"kind": "drone", "drone_id": 16, "frame": 39, "time_s": 39.0, "timestamp": "2025-01-01T00:00:39", "mode": "SUM_MIN", "is_static": false, "battery": 50.0}}, {"type": "Feature", "geometry": {"type": "Point", "coordinates": [965609.9753024228, 1949647.023216453]}, "properties": {"kind": "drone", "drone_id": 17, "frame": 39, "time_s": 39.0, "timestamp": "2025-01-01T00:00:39", "mode": "SUM_MIN", "is_static": false, "battery": 39.39932885906033}}, {"type": "Feature", "geometry": {"type": "Point", "coordinates": [966259.4943552611, 1950811.0983312237]}, "properties": {"kind": "drone", "drone_id": 18, "frame": 39, "time_s": 39.0, "timestamp": "2025-01-01T00:00:39", "mode": "SUM_MIN", "is_static": false, "battery": 39.39932885906033}}, {"type": "Feature", "geometry": {"type": "Point", "coordinates": [962622.1876593664, 1951505.1136619265]}, "properties": {"kind": "drone", "drone_id": 19, "frame": 39, "time_s": 39.0, "timestamp": "2025-01-01T00:00:39", "mode": "SUM_MIN", "is_static": false, "battery": 50.0}}, {"type": "Feature", "geometry": {"type": "Point", "coordinates": [965245.3306548906, 1949690.6413473377]}, "properties": {"kind": "drone", "drone_id": 20, "frame": 39, "time_s": 39.0, "timestamp": "2025-01-01T00:00:39", "mode": "SUM_MIN", "is_static": false, "battery": 39.39932885906033}}, {"type": "Feature", "geometry": {"type": "Point", "coordinates": [961972.6686065281, 1951730.1136619265]}, "properties": {"kind": "base_A", "drone_id": 0, "frame": 39, "time_s": 39.0, "timestamp": "2025-01-01T00:00:39", "mode": "SUM_MIN", "is_static": true, "battery": 50.0}}, {"type": "Feature", "geometry": {"type": "Point", "coordinates": [966389.3981658287, 1948730.1136619265]}, "properties": {"kind": "base_B", "drone_id": 0, "frame": 39, "time_s": 39.0, "timestamp": "2025-01-01T00:00:39", "mode": "SUM_MIN", "is_static": true, "battery": 50.0}}, {"type": "Feature", "geometry": {"type": "Point", "coordinates": [965621.3470091356, 1949636.6791198582]}, "properties": {"kind": "drone", "drone_id": 1, "frame": 40, "time_s": 40.0, "timestamp": "2025-01-01T00:00:40", "mode": "SUM_MIN", "is_static": false, "battery": 39.127516778523415}}, {"type": "Feature", "geometry": {"type": "Point", "coordinates": [966222.3789808131, 1949276.542233355]}, "properties": {"kind": "drone", "drone_id": 2, "frame": 40, "time_s": 40.0, "timestamp": "2025-01-01T00:00:40", "mode": "SUM_MIN", "is_static": false, "battery": 43.99999999999942}}, {"type": "Feature", "geometry": {"type": "Point", "coordinates": [963809.8796416994, 1950519.3993762122]}, "properties": {"kind": "drone", "drone_id": 3, "frame": 40, "time_s": 40.0, "timestamp": "2025-01-01T00:00:40", "mode": "SUM_MIN", "is_static": false, "battery": 45.49999999999981}}, {"type": "Feature", "geometry": {"type": "Point", "coordinates": [962121.1301043197, 1951494.3993762122]}, "properties": {"kind": "drone", "drone_id": 4, "frame": 40, "time_s": 40.0, "timestamp": "2025-01-01T00:00:40", "mode": "SUM_MIN", "is_static": false, "battery": 43.99999999999981}}, {"type": "Feature", "geometry": {"type": "Point", "coordinates": [966389.3981658287, 1949131.0345195334]}, "properties": {"kind": "drone", "drone_id": 5, "frame": 40, "time_s": 40.0, "timestamp": "2025-01-01T00:00:40", "mode": "SUM_MIN", "is_static": false, "battery": 39.127516778523415}}, {"type": "Feature", "geometry": {"type": "Point", "coordinates": [965739.8791129903, 1949849.3460870155]}, "properties": {"kind": "drone", "drone_id": 6, "frame": 40, "time_s": 40.0, "timestamp": "2025-01-01T00:00:40", "mode": "SUM_MIN", "is_static": false, "battery": 39.127516778523415}}, {"type": "Feature", "geometry": {"type": "Point", "coordinates": [963143.1267880221, 1951056.4894850159]}, "properties": {"kind": "drone", "drone_id": 7, "frame": 40, "time_s": 40.0, "timestamp": "2025-01-01T00:00:40", "mode": "SUM_MIN", "is_static": false, "battery": 39.127516778523415}}, {"type": "Feature", "geometry": {"type": "Point", "coordinates": [965853.8534784525, 1949770.9167925068]}, "properties": {"kind": "drone", "drone_id": 8, "frame": 40, "time_s": 40.0, "timestamp": "2025-01-01T00:00:40", "mode": "SUM_MIN", "is_static": false, "battery": 39.127516778523415}}, {"type": "Feature", "geometry": {"type": "Point", "coordinates": [962956.2260293976, 1951312.2565190694]}, "properties": {"kind": "drone", "drone_id": 9, "frame": 40, "time_s": 40.0, "timestamp": "2025-01-01T00:00:40", "mode": "SUM_MIN", "is_static": false, "battery": 47.00000000000062}}, {"type": "Feature", "geometry": {"type": "Point", "coordinates": [965944.0136724538, 1949437.2565190694]}, "properties": {"kind": "drone", "drone_id": 10, "frame": 40, "time_s": 40.0, "timestamp": "2025-01-01T00:00:40", "mode": "SUM_MIN", "is_static": false, "battery": 48.49999999999981}}, {"type": "Feature", "geometry": {"type": "Point", "coordinates": [964836.2453922019, 1949783.4004899804]}, "properties": {"kind": "drone", "drone_id": 11, "frame": 40, "time_s": 40.0, "timestamp": "2025-01-01T00:00:40", "mode": "SUM_MIN", "is_static": false, "battery": 39.127516778523415}}, {"type": "Feature", "geometry": {"type": "Point", "coordinates": [963885.0000237863, 1949534.1987204603]}, "properties": {"kind": "drone", "drone_id": 12, "frame": 40, "time_s": 40.0, "timestamp": "2025-01-01T00:00:40", "mode": "SUM_MIN", "is_static": false, "battery": 39.127516778523415}}, {"type": "Feature", "geometry": {"type": "Point", "coordinates": [963921.225765043, 1950262.2565190694]}, "properties": {"kind": "drone", "drone_id": 13, "frame": 40, "time_s": 40.0, "timestamp": "2025-01-01T00:00:40", "mode": "SUM_MIN", "is_static": false, "battery": 39.5}}, {"type": "Feature", "geometry": {"type": "Point", "coordinates": [963791.3219544754, 1950830.1136619265]}, "properties": {"kind": "drone", "drone_id": 14, "frame": 40, "time_s": 40.0, "timestamp": "2025-01-01T00:00:40", "mode": "SUM_MIN", "is_static": false, "battery": 44.00000000000082}}, {"type": "Feature", "geometry": {"type": "Point", "coordinates": [962399.4954126789, 1951526.542233355]}, "properties": {"kind": "drone", "drone_id": 15, "frame": 40, "time_s": 40.0, "timestamp": "2025-01-01T00:00:40", "mode": "SUM_MIN", "is_static": false, "battery": 39.500000000000625}}, {"type": "Feature", "geometry": {"type": "Point", "coordinates": [963531.5143333401, 1950980.1136619265]}, "properties": {"kind": "drone", "drone_id": 16, "frame": 40, "time_s": 40.0, "timestamp": "2025-01-01T00:00:40", "mode": "SUM_MIN", "is_static": false, "battery": 50.0}}, {"type": "Feature", "geometry": {"type": "Point", "coordinates": [965589.2007365961, 1949618.119460754]}, "properties": {"kind": "drone", "drone_id": 17, "frame": 40, "time_s": 40.0, "timestamp": "2025-01-01T00:00:40", "mode": "SUM_MIN", "is_static": false, "battery": 39.127516778523415}}, {"type": "Feature", "geometry": {"type": "Point", "coordinates": [966259.4943552611, 1950779.00848902]}, "properties": {"kind": "drone", "drone_id": 18, "frame": 40, "time_s": 40.0, "timestamp": "2025-01-01T00:00:40", "mode": "SUM_MIN", "is_static": false, "battery": 39.127516778523415}}, {"type": "Feature", "geometry": {"type": "Point", "coordinates": [962622.1876593664, 1951505.1136619265]}, "properties": {"kind": "drone", "drone_id": 19, "frame": 40, "time_s": 40.0, "timestamp": "2025-01-01T00:00:40", "mode": "SUM_MIN", "is_static": false, "battery": 50.0}}, {"type": "Feature", "geometry": {"type": "Point", "coordinates": [965222.7072848487, 1949703.7029561214]}, "properties": {"kind": "drone", "drone_id": 20, "frame": 40, "time_s": 40.0, "timestamp": "2025-01-01T00:00:40", "mode": "SUM_MIN", "is_static": false, "battery": 39.127516778523415}}, {"type": "Feature", "geometry": {"type": "Point", "coordinates": [961972.6686065281, 1951730.1136619265]}, "properties": {"kind": "base_A", "drone_id": 0, "frame": 40, "time_s": 40.0, "timestamp": "2025-01-01T00:00:40", "mode": "SUM_MIN", "is_static": true, "battery": 50.0}}, {"type": "Feature", "geometry": {"type": "Point", "coordinates": [966389.3981658287, 1948730.1136619265]}, "properties": {"kind": "base_B", "drone_id": 0, "frame": 40, "time_s": 40.0, "timestamp": "2025-01-01T00:00:40", "mode": "SUM_MIN", "is_static": true, "battery": 50.0}}, {"type": "Feature", "geometry": {"type": "Point", "coordinates": [965594.5559368356, 1949621.211287054]}, "properties": {"kind": "drone", "drone_id": 1, "frame": 41, "time_s": 41.0, "timestamp": "2025-01-01T00:00:41", "mode": "SUM_MIN", "is_static": false, "battery": 38.8557046979865}}, {"type": "Feature", "geometry": {"type": "Point", "coordinates": [966222.3789808131, 1949276.542233355]}, "properties": {"kind": "drone", "drone_id": 2, "frame": 41, "time_s": 41.0, "timestamp": "2025-01-01T00:00:41", "mode": "SUM_MIN", "is_static": false, "battery": 43.99999999999942}}, {"type": "Feature", "geometry": {"type": "Point", "coordinates": [963809.8796416994, 1950519.3993762122]}, "properties": {"kind": "drone", "drone_id": 3, "frame": 41, "time_s": 41.0, "timestamp": "2025-01-01T00:00:41", "mode": "SUM_MIN", "is_static": false, "battery": 45.49999999999981}}, {"type": "Feature", "geometry": {"type": "Point", "coordinates": [962121.1301043197, 1951494.3993762122]}, "properties": {"kind": "drone", "drone_id": 4, "frame": 41, "time_s": 41.0, "timestamp": "2025-01-01T00:00:41", "mode": "SUM_MIN", "is_static": false, "battery": 43.99999999999981}}, {"type": "Feature", "geometry": {"type": "Point", "coordinates": [966389.3981658287, 1949121.9357943544]}, "properties": {"kind": "drone", "drone_id": 5, "frame": 41, "time_s": 41.0, "timestamp": "2025-01-01T00:00:41", "mode": "SUM_MIN", "is_static": false, "battery": 38.8557046979865}}, {"type": "Feature", "geometry": {"type": "Point", "coordinates": [965739.8791129903, 1949817.917833472]}, "properties": {"kind": "drone", "drone_id": 6, "frame": 41, "time_s": 41.0, "timestamp": "2025-01-01T00:00:41", "mode": "SUM_MIN", "is_static": false, "battery": 38.8557046979865}}, {"type": "Feature", "geometry": {"type": "Point", "coordinates": [963159.9376965408, 1951073.9598936215]}, "properties": {"kind": "drone", "drone_id": 7, "frame": 41, "time_s": 41.0, "timestamp": "2025-01-01T00:00:41", "mode": "SUM_MIN", "is_static": false, "battery": 38.8557046979865}}, {"type": "Feature", "geometry": {"type": "Point", "coordinates": [965818.5620572473, 1949750.541280974]}, "properties": {"kind": "drone", "drone_id": 8, "frame": 41, "time_s": 41.0, "timestamp": "2025-01-01T00:00:41", "mode": "SUM_MIN", "is_static": false, "battery": 38.8557046979865}}, {"type": "Feature", "geometry": {"type": "Point", "coordinates": [962956.2260293976, 1951312.2565190694]}, "properties": {"kind": "drone", "drone_id": 9, "frame": 41, "time_s": 41.0, "timestamp": "2025-01-01T00:00:41", "mode": "SUM_MIN", "is_static": false, "battery": 47.00000000000062}}, {"type": "Feature", "geometry": {"type": "Point", "coordinates": [965944.0136724538, 1949437.2565190694]}, "properties": {"kind": "drone", "drone_id": 10, "frame": 41, "time_s": 41.0, "timestamp": "2025-01-01T00:00:41", "mode": "SUM_MIN", "is_static": false, "battery": 48.49999999999981}}, {"type": "Feature", "geometry": {"type": "Point", "coordinates": [964802.2235721301, 1949763.7579830035]}, "properties": {"kind": "drone", "drone_id": 11, "frame": 41, "time_s": 41.0, "timestamp": "2025-01-01T00:00:41", "mode": "SUM_MIN", "is_static": false, "battery": 38.8557046979865}}, {"type": "Feature", "geometry": {"type": "Point", "coordinates": [963915.1372330921, 1949551.5984463657]}, "properties": {"kind": "drone", "drone_id": 12, "frame": 41, "time_s": 41.0, "timestamp": "2025-01-01T00:00:41", "mode": "SUM_MIN", "is_static": false, "battery": 38.8557046979865}}, {"type": "Feature", "geometry": {"type": "Point", "coordinates": [963921.225765043, 1950262.2565190694]}, "properties": {"kind": "drone", "drone_id": 13, "frame": 41, "time_s": 41.0, "timestamp": "2025-01-01T00:00:41", "mode": "SUM_MIN", "is_static": false, "battery": 39.5}}, {"type": "Feature", "geometry": {"type": "Point", "coordinates": [963791.3219544754, 1950830.1136619265]}, "properties": {"kind": "drone", "drone_id": 14, "frame": 41, "time_s": 41.0, "timestamp": "2025-01-01T00:00:41", "mode": "SUM_MIN", "is_static": false, "battery": 44.00000000000082}}, {"type": "Feature", "geometry": {"type": "Point", "coordinates": [962399.4954126789, 1951526.542233355]}, "properties": {"kind": "drone", "drone_id": 15, "frame": 41, "time_s": 41.0, "timestamp": "2025-01-01T00:00:41", "mode": "SUM_MIN", "is_static": false, "battery": 39.500000000000625}}, {"type": "Feature", "geometry": {"type": "Point", "coordinates": [963531.5143333401, 1950980.1136619265]}, "properties": {"kind": "drone", "drone_id": 16, "frame": 41, "time_s": 41.0, "timestamp": "2025-01-01T00:00:41", "mode": "SUM_MIN", "is_static": false, "battery": 50.0}}, {"type": "Feature", "geometry": {"type": "Point", "coordinates": [965553.7245112133, 1949597.6372524796]}, "properties": {"kind": "drone", "drone_id": 17, "frame": 41, "time_s": 41.0, "timestamp": "2025-01-01T00:00:41", "mode": "SUM_MIN", "is_static": false, "battery": 38.8557046979865}}, {"type": "Feature", "geometry": {"type": "Point", "coordinates": [966259.4943552611, 1950746.406712992]}, "properties": {"kind": "drone", "drone_id": 18, "frame": 41, "time_s": 41.0, "timestamp": "2025-01-01T00:00:41", "mode": "SUM_MIN", "is_static": false, "battery": 38.8557046979865}}, {"type": "Feature", "geometry": {"type": "Point", "coordinates": [962622.1876593664, 1951505.1136619265]}, "properties": {"kind": "drone", "drone_id": 19, "frame": 41, "time_s": 41.0, "timestamp": "2025-01-01T00:00:41", "mode": "SUM_MIN", "is_static": false, "battery": 50.0}}, {"type": "Feature", "geometry": {"type": "Point", "coordinates": [965201.7931108831, 1949715.7777600903]}, "properties": {"kind": "drone", "drone_id": 20, "frame": 41, "time_s": 41.0, "timestamp": "2025-01-01T00:00:41", "mode": "SUM_MIN", "is_static": false, "battery": 38.8557046979865}}, {"type": "Feature", "geometry": {"type": "Point", "coordinates": [961972.6686065281, 1951730.1136619265]}, "properties": {"kind": "base_A", "drone_id": 0, "frame": 41, "time_s": 41.0, "timestamp": "2025-01-01T00:00:41", "mode": "SUM_MIN", "is_static": true, "battery": 50.0}}, {"type": "Feature", "geometry": {"type": "Point", "coordinates": [966389.3981658287, 1948730.1136619265]}, "properties": {"kind": "base_B", "drone_id": 0, "frame": 41, "time_s": 41.0, "timestamp": "2025-01-01T00:00:41", "mode": "SUM_MIN", "is_static": true, "battery": 50.0}}, {"type": "Feature", "geometry": {"type": "Point", "coordinates": [965568.9729323199, 1949606.4409325102]}, "properties": {"kind": "drone", "drone_id": 1, "frame": 42, "time_s": 42.0, "timestamp": "2025-01-01T00:00:42", "mode": "SUM_MIN", "is_static": false, "battery": 38.58389261744959}}, {"type": "Feature", "geometry": {"type": "Point", "coordinates": [966222.3789808131, 1949276.542233355]}, "properties": {"kind": "drone", "drone_id": 2, "frame": 42, "time_s": 42.0, "timestamp": "2025-01-01T00:00:42", "mode": "SUM_MIN", "is_static": false, "battery": 43.99999999999942}}, {"type": "Feature", "geometry": {"type": "Point", "coordinates": [963809.8796416994, 1950519.3993762122]}, "properties": {"kind": "drone", "drone_id": 3, "frame": 42, "time_s": 42.0, "timestamp": "2025-01-01T00:00:42", "mode": "SUM_MIN", "is_static": false, "battery": 45.49999999999981}}, {"type": "Feature", "geometry": {"type": "Point", "coordinates": [962121.1301043197, 1951494.3993762122]}, "properties": {"kind": "drone", "drone_id": 4, "frame": 42, "time_s": 42.0, "timestamp": "2025-01-01T00:00:42", "mode": "SUM_MIN", "is_static": false, "battery": 43.99999999999981}}, {"type": "Feature", "geometry": {"type": "Point", "coordinates": [966389.3981658287, 1949113.247350505]}, "properties": {"kind": "drone", "drone_id": 5, "frame": 42, "time_s": 42.0, "timestamp": "2025-01-01T00:00:42", "mode": "SUM_MIN", "is_static": false, "battery": 38.58389261744959}}, {"type": "Feature", "geometry": {"type": "Point", "coordinates": [965739.8791129903, 1949787.906748312]}, "properties": {"kind": "drone", "drone_id": 6, "frame": 42, "time_s": 42.0, "timestamp": "2025-01-01T00:00:42", "mode": "SUM_MIN", "is_static": false, "battery": 38.583892617449585}}, {"type": "Feature", "geometry": {"type": "Point", "coordinates": [963175.2841613, 1951089.908407629]}, "properties": {"kind": "drone", "drone_id": 7, "frame": 42, "time_s": 42.0, "timestamp": "2025-01-01T00:00:42", "mode": "SUM_MIN", "is_static": false, "battery": 38.58389261744959}}, {"type": "Feature", "geometry": {"type": "Point", "coordinates": [965783.2546043765, 1949730.1565135545]}, "properties": {"kind": "drone", "drone_id": 8, "frame": 42, "time_s": 42.0, "timestamp": "2025-01-01T00:00:42", "mode": "SUM_MIN", "is_static": false, "battery": 38.58389261744959}}, {"type": "Feature", "geometry": {"type": "Point", "coordinates": [962956.2260293976, 1951312.2565190694]}, "properties": {"kind": "drone", "drone_id": 9, "frame": 42, "time_s": 42.0, "timestamp": "2025-01-01T00:00:42", "mode": "SUM_MIN", "is_static": false, "battery": 47.00000000000062}}, {"type": "Feature", "geometry": {"type": "Point", "coordinates": [965944.0136724538, 1949437.2565190694]}, "properties": {"kind": "drone", "drone_id": 10, "frame": 42, "time_s": 42.0, "timestamp": "2025-01-01T00:00:42", "mode": "SUM_MIN", "is_static": false, "battery": 48.49999999999981}}, {"type": "Feature", "geometry": {"type": "Point", "coordinates": [964768.7170692262, 1949744.4129945324]}, "properties": {"kind": "drone", "drone_id": 11, "frame": 42, "time_s": 42.0, "timestamp": "2025-01-01T00:00:42", "mode": "SUM_MIN", "is_static": false, "battery": 38.58389261744959}}, {"type": "Feature", "geometry": {"type": "Point", "coordinates": [963921.225765043, 1949581.9768776407]}, "properties": {"kind": "drone", "drone_id": 12, "frame": 42, "time_s": 42.0, "timestamp": "2025-01-01T00:00:42", "mode": "SUM_MIN", "is_static": false, "battery": 38.58389261744959}}, {"type": "Feature", "geometry": {"type": "Point", "coordinates": [963921.225765043, 1950262.2565190694]}, "properties": {"kind": "drone", "drone_id": 13, "frame": 42, "time_s": 42.0, "timestamp": "2025-01-01T00:00:42", "mode": "SUM_MIN", "is_static": false, "battery": 39.5}}, {"type": "Feature", "geometry": {"type": "Point", "coordinates": [963791.3219544754, 1950830.1136619265]}, "properties": {"kind": "drone", "drone_id": 14, "frame": 42, "time_s": 42.0, "timestamp": "2025-01-01T00:00:42", "mode": "SUM_MIN", "is_static": false, "battery": 44.00000000000082}}, {"type": "Feature", "geometry": {"type": "Point", "coordinates": [962399.4954126789, 1951526.542233355]}, "properties": {"kind": "drone", "drone_id": 15, "frame": 42, "time_s": 42.0, "timestamp": "2025-01-01T00:00:42", "mode": "SUM_MIN", "is_static": false, "battery": 39.500000000000625}}, {"type": "Feature", "geometry": {"type": "Point", "coordinates": [963531.5143333401, 1950980.1136619265]}, "properties": {"kind": "drone", "drone_id": 16, "frame": 42, "time_s": 42.0, "timestamp": "2025-01-01T00:00:42", "mode": "SUM_MIN", "is_static": false, "battery": 50.0}}, {"type": "Feature", "geometry": {"type": "Point", "coordinates": [965518.2321702148, 1949577.14573985]}, "properties": {"kind": "drone", "drone_id": 17, "frame": 42, "time_s": 42.0, "timestamp": "2025-01-01T00:00:42", "mode": "SUM_MIN", "is_static": false, "battery": 38.58389261744959}}, {"type": "Feature", "geometry": {"type": "Point", "coordinates": [966259.4943552611, 1950713.307841801]}, "properties": {"kind": "drone", "drone_id": 18, "frame": 42, "time_s": 42.0, "timestamp": "2025-01-01T00:00:42", "mode": "SUM_MIN", "is_static": false, "battery": 38.58389261744959}}, {"type": "Feature", "geometry": {"type": "Point", "coordinates": [962622.1876593664, 1951505.1136619265]}, "properties": {"kind": "drone", "drone_id": 19, "frame": 42, "time_s": 42.0, "timestamp": "2025-01-01T00:00:42", "mode": "SUM_MIN", "is_static": false, "battery": 50.0}}, {"type": "Feature", "geometry": {"type": "Point", "coordinates": [965182.7008272404, 1949726.800695191]}, "properties": {"kind": "drone", "drone_id": 20, "frame": 42, "time_s": 42.0, "timestamp": "2025-01-01T00:00:42", "mode": "SUM_MIN", "is_static": false, "battery": 38.58389261744959}}, {"type": "Feature", "geometry": {"type": "Point", "coordinates": [961972.6686065281, 1951730.1136619265]}, "properties": {"kind": "base_A", "drone_id": 0, "frame": 42, "time_s": 42.0, "timestamp": "2025-01-01T00:00:42", "mode": "SUM_MIN", "is_static": true, "battery": 50.0}}, {"type": "Feature", "geometry": {"type": "Point", "coordinates": [966389.3981658287, 1948730.1136619265]}, "properties": {"kind": "base_B", "drone_id": 0, "frame": 42, "time_s": 42.0, "timestamp": "2025-01-01T00:00:42", "mode": "SUM_MIN", "is_static": true, "battery": 50.0}}, {"type": "Feature", "geometry": {"type": "Point", "coordinates": [965544.6881000918, 1949592.420078086]}, "properties": {"kind": "drone", "drone_id": 1, "frame": 43, "time_s": 43.0, "timestamp": "2025-01-01T00:00:43", "mode": "SUM_MIN", "is_static": false, "battery": 38.312080536912674}}, {"type": "Feature", "geometry": {"type": "Point", "coordinates": [966222.3789808131, 1949276.542233355]}, "properties": {"kind": "drone", "drone_id": 2, "frame": 43, "time_s": 43.0, "timestamp": "2025-01-01T00:00:43", "mode": "SUM_MIN", "is_static": false, "battery": 43.99999999999942}}, {"type": "Feature", "geometry": {"type": "Point", "coordinates": [963809.8796416994, 1950519.3993762122]}, "properties": {"kind": "drone", "drone_id": 3, "frame": 43, "time_s": 43.0, "timestamp": "2025-01-01T00:00:43", "mode": "SUM_MIN", "is_static": false, "battery": 45.49999999999981}}, {"type": "Feature", "geometry": {"type": "Point", "coordinates": [962121.1301043197, 1951494.3993762122]}, "properties": {"kind": "drone", "drone_id": 4, "frame": 43, "time_s": 43.0, "timestamp": "2025-01-01T00:00:43", "mode": "SUM_MIN", "is_static": false, "battery": 43.99999999999981}}, {"type": "Feature", "geometry": {"type": "Point", "coordinates": [966389.3981658287, 1949104.9997890792]}, "properties": {"kind": "drone", "drone_id": 5, "frame": 43, "time_s": 43.0, "timestamp": "2025-01-01T00:00:43", "mode": "SUM_MIN", "is_static": false, "battery": 38.312080536912674}}, {"type": "Feature", "geometry": {"type": "Point", "coordinates": [965739.8791129903, 1949759.4185319399]}, "properties": {"kind": "drone", "drone_id": 6, "frame": 43, "time_s": 43.0, "timestamp": "2025-01-01T00:00:43", "mode": "SUM_MIN", "is_static": false, "battery": 38.312080536912674}}, {"type": "Feature", "geometry": {"type": "Point", "coordinates": [963189.0755981494, 1951104.2408892286]}, "properties": {"kind": "drone", "drone_id": 7, "frame": 43, "time_s": 43.0, "timestamp": "2025-01-01T00:00:43", "mode": "SUM_MIN", "is_static": false, "battery": 38.312080536912674}}, {"type": "Feature", "geometry": {"type": "Point", "coordinates": [965747.9723441228, 1949709.7862910994]}, "properties": {"kind": "drone", "drone_id": 8, "frame": 43, "time_s": 43.0, "timestamp": "2025-01-01T00:00:43", "mode": "SUM_MIN", "is_static": false, "battery": 38.312080536912674}}, {"type": "Feature", "geometry": {"type": "Point", "coordinates": [962956.2260293976, 1951312.2565190694]}, "properties": {"kind": "drone", "drone_id": 9, "frame": 43, "time_s": 43.0, "timestamp": "2025-01-01T00:00:43", "mode": "SUM_MIN", "is_static": false, "battery": 47.00000000000062}}, {"type": "Feature", "geometry": {"type": "Point", "coordinates": [965944.0136724538, 1949437.2565190694]}, "properties": {"kind": "drone", "drone_id": 10, "frame": 43, "time_s": 43.0, "timestamp": "2025-01-01T00:00:43", "mode": "SUM_MIN", "is_static": false, "battery": 48.49999999999981}}, {"type": "Feature", "geometry": {"type": "Point", "coordinates": [964735.791205385, 1949725.4032381803]}, "properties": {"kind": "drone", "drone_id": 11, "frame": 43, "time_s": 43.0, "timestamp": "2025-01-01T00:00:43", "mode": "SUM_MIN", "is_static": false, "battery": 38.312080536912674}}, {"type": "Feature", "geometry": {"type": "Point", "coordinates": [963921.225765043, 1949614.8796526]}, "properties": {"kind": "drone", "drone_id": 12, "frame": 43, "time_s": 43.0, "timestamp": "2025-01-01T00:00:43", "mode": "SUM_MIN", "is_static": false, "battery": 38.312080536912674}}, {"type": "Feature", "geometry": {"type": "Point", "coordinates": [963921.225765043, 1950262.2565190694]}, "properties": {"kind": "drone", "drone_id": 13, "frame": 43, "time_s": 43.0, "timestamp": "2025-01-01T00:00:43", "mode": "SUM_MIN", "is_static": false, "battery": 39.5}}, {"type": "Feature", "geometry": {"type": "Point", "coordinates": [963791.3219544754, 1950830.1136619265]}, "properties": {"kind": "drone", "drone_id": 14, "frame": 43, "time_s": 43.0, "timestamp": "2025-01-01T00:00:43", "mode": "SUM_MIN", "is_static": false, "battery": 44.00000000000082}}, {"type": "Feature", "geometry": {"type": "Point", "coordinates": [962399.4954126789, 1951526.542233355]}, "properties": {"kind": "drone", "drone_id": 15, "frame": 43, "time_s": 43.0, "timestamp": "2025-01-01T00:00:43", "mode": "SUM_MIN", "is_static": false, "battery": 39.500000000000625}}, {"type": "Feature", "geometry": {"type": "Point", "coordinates": [963531.5143333401, 1950980.1136619265]}, "properties": {"kind": "drone", "drone_id": 16, "frame": 43, "time_s": 43.0, "timestamp": "2025-01-01T00:00:43", "mode": "SUM_MIN", "is_static": false, "battery": 50.0}}, {"type": "Feature", "geometry": {"type": "Point", "coordinates": [965482.765153755, 1949556.6688483495]}, "properties": {"kind": "drone", "drone_id": 17, "frame": 43, "time_s": 43.0, "timestamp": "2025-01-01T00:00:43", "mode": "SUM_MIN", "is_static": false, "battery": 38.312080536912674}}, {"type": "Feature", "geometry": {"type": "Point", "coordinates": [966259.4943552611, 1950679.7267141093]}, "properties": {"kind": "drone", "drone_id": 18, "frame": 43, "time_s": 43.0, "timestamp": "2025-01-01T00:00:43", "mode": "SUM_MIN", "is_static": false, "battery": 38.312080536912674}}, {"type": "Feature", "geometry": {"type": "Point", "coordinates": [962622.1876593664, 1951505.1136619265]}, "properties": {"kind": "drone", "drone_id": 19, "frame": 43, "time_s": 43.0, "timestamp": "2025-01-01T00:00:43", "mode": "SUM_MIN", "is_static": false, "battery": 50.0}}, {"type": "Feature", "geometry": {"type": "Point", "coordinates": [965165.5431281675, 1949736.7066973692]}, "properties": {"kind": "drone", "drone_id": 20, "frame": 43, "time_s": 43.0, "timestamp": "2025-01-01T00:00:43", "mode": "SUM_MIN", "is_static": false, "battery": 38.312080536912674}}, {"type": "Feature", "geometry": {"type": "Point", "coordinates": [961972.6686065281, 1951730.1136619265]}, "properties": {"kind": "base_A", "drone_id": 0, "frame": 43, "time_s": 43.0, "timestamp": "2025-01-01T00:00:43", "mode": "SUM_MIN", "is_static": true, "battery": 50.0}}, {"type": "Feature", "geometry": {"type": "Point", "coordinates": [966389.3981658287, 1948730.1136619265]}, "properties": {"kind": "base_B", "drone_id": 0, "frame": 43, "time_s": 43.0, "timestamp": "2025-01-01T00:00:43", "mode": "SUM_MIN", "is_static": true, "battery": 50.0}}, {"type": "Feature", "geometry": {"type": "Point", "coordinates": [965521.7915446545, 1949579.2007456408]}, "properties": {"kind": "drone", "drone_id": 1, "frame": 44, "time_s": 44.0, "timestamp": "2025-01-01T00:00:44", "mode": "SUM_MIN", "is_static": false, "battery": 38.040268456375756}}, {"type": "Feature", "geometry": {"type": "Point", "coordinates": [966222.3789808131, 1949276.542233355]}, "properties": {"kind": "drone", "drone_id": 2, "frame": 44, "time_s": 44.0, "timestamp": "2025-01-01T00:00:44", "mode": "SUM_MIN", "is_static": false, "battery": 43.99999999999942}}, {"type": "Feature", "geometry": {"type": "Point", "coordinates": [963809.8796416994, 1950519.3993762122]}, "properties": {"kind": "drone", "drone_id": 3, "frame": 44, "time_s": 44.0, "timestamp": "2025-01-01T00:00:44", "mode": "SUM_MIN", "is_static": false, "battery": 45.49999999999981}}, {"type": "Feature", "geometry": {"type": "Point", "coordinates": [962121.1301043197, 1951494.3993762122]}, "properties": {"kind": "drone", "drone_id": 4, "frame": 44, "time_s": 44.0, "timestamp": "2025-01-01T00:00:44", "mode": "SUM_MIN", "is_static": false, "battery": 43.99999999999981}}, {"type": "Feature", "geometry": {"type": "Point", "coordinates": [966389.3981658287, 1949097.2237111703]}, "properties": {"kind": "drone", "drone_id": 5, "frame": 44, "time_s": 44.0, "timestamp": "2025-01-01T00:00:44", "mode": "SUM_MIN", "is_static": false, "battery": 38.040268456375756}}, {"type": "Feature", "geometry": {"type": "Point", "coordinates": [965739.8791129903, 1949732.55888476]}, "properties": {"kind": "drone", "drone_id": 6, "frame": 44, "time_s": 44.0, "timestamp": "2025-01-01T00:00:44", "mode": "SUM_MIN", "is_static": false, "battery": 38.040268456375756}}, {"type": "Feature", "geometry": {"type": "Point", "coordinates": [963201.2214229392, 1951116.86320061]}, "properties": {"kind": "drone", "drone_id": 7, "frame": 44, "time_s": 44.0, "timestamp": "2025-01-01T00:00:44", "mode": "SUM_MIN", "is_static": false, "battery": 38.040268456375756}}, {"type": "Feature", "geometry": {"type": "Point", "coordinates": [965712.7565007688, 1949689.4544144592]}, "properties": {"kind": "drone", "drone_id": 8, "frame": 44, "time_s": 44.0, "timestamp": "2025-01-01T00:00:44", "mode": "SUM_MIN", "is_static": false, "battery": 38.040268456375756}}, {"type": "Feature", "geometry": {"type": "Point", "coordinates": [962956.2260293976, 1951312.2565190694]}, "properties": {"kind": "drone", "drone_id": 9, "frame": 44, "time_s": 44.0, "timestamp": "2025-01-01T00:00:44", "mode": "SUM_MIN", "is_static": false, "battery": 47.00000000000062}}, {"type": "Feature", "geometry": {"type": "Point", "coordinates": [965944.0136724538, 1949437.2565190694]}, "properties": {"kind": "drone", "drone_id": 10, "frame": 44, "time_s": 44.0, "timestamp": "2025-01-01T00:00:44", "mode": "SUM_MIN", "is_static": false, "battery": 48.49999999999981}}, {"type": "Feature", "geometry": {"type": "Point", "coordinates": [964703.5113025008, 1949706.766427561]}, "properties": {"kind": "drone", "drone_id": 11, "frame": 44, "time_s": 44.0, "timestamp": "2025-01-01T00:00:44", "mode": "SUM_MIN", "is_static": false, "battery": 38.040268456375756}}, {"type": "Feature", "geometry": {"type": "Point", "coordinates": [963921.225765043, 1949646.706488781]}, "properties": {"kind": "drone", "drone_id": 12, "frame": 44, "time_s": 44.0, "timestamp": "2025-01-01T00:00:44", "mode": "SUM_MIN", "is_static": false, "battery": 38.040268456375756}}, {"type": "Feature", "geometry": {"type": "Point", "coordinates": [963921.225765043, 1950262.2565190694]}, "properties": {"kind": "drone", "drone_id": 13, "frame": 44, "time_s": 44.0, "timestamp": "2025-01-01T00:00:44", "mode": "SUM_MIN", "is_static": false, "battery": 39.5}}, {"type": "Feature", "geometry": {"type": "Point", "coordinates": [963791.3219544754, 1950830.1136619265]}, "properties": {"kind": "drone", "drone_id": 14, "frame": 44, "time_s": 44.0, "timestamp": "2025-01-01T00:00:44", "mode": "SUM_MIN", "is_static": false, "battery": 44.00000000000082}}, {"type": "Feature", "geometry": {"type": "Point", "coordinates": [962399.4954126789, 1951526.542233355]}, "properties": {"kind": "drone", "drone_id": 15, "frame": 44, "time_s": 44.0, "timestamp": "2025-01-01T00:00:44", "mode": "SUM_MIN", "is_static": false, "battery": 39.500000000000625}}, {"type": "Feature", "geometry": {"type": "Point", "coordinates": [963531.5143333401, 1950980.1136619265]}, "properties": {"kind": "drone", "drone_id": 16, "frame": 44, "time_s": 44.0, "timestamp": "2025-01-01T00:00:44", "mode": "SUM_MIN", "is_static": false, "battery": 50.0}}, {"type": "Feature", "geometry": {"type": "Point", "coordinates": [965447.3649019882, 1949573.9968203905]}, "properties": {"kind": "drone", "drone_id": 17, "frame": 44, "time_s": 44.0, "timestamp": "2025-01-01T00:00:44", "mode": "SUM_MIN", "is_static": false, "battery": 38.040268456375756}}, {"type": "Feature", "geometry": {"type": "Point", "coordinates": [966259.4943552611, 1950645.678168578]}, "properties": {"kind": "drone", "drone_id": 18, "frame": 44, "time_s": 44.0, "timestamp": "2025-01-01T00:00:44", "mode": "SUM_MIN", "is_static": false, "battery": 38.040268456375756}}, {"type": "Feature", "geometry": {"type": "Point", "coordinates": [962622.1876593664, 1951505.1136619265]}, "properties": {"kind": "drone", "drone_id": 19, "frame": 44, "time_s": 44.0, "timestamp": "2025-01-01T00:00:44", "mode": "SUM_MIN", "is_static": false, "battery": 50.0}}, {"type": "Feature", "geometry": {"type": "Point", "coordinates": [965150.4327079112, 1949745.4307025718]}, "properties": {"kind": "drone", "drone_id": 20, "frame": 44, "time_s": 44.0, "timestamp": "2025-01-01T00:00:44", "mode": "SUM_MIN", "is_static": false, "battery": 38.040268456375756}}, {"type": "Feature", "geometry": {"type": "Point", "coordinates": [961972.6686065281, 1951730.1136619265]}, "properties": {"kind": "base_A", "drone_id": 0, "frame": 44, "time_s": 44.0, "timestamp": "2025-01-01T00:00:44", "mode": "SUM_MIN", "is_static": true, "battery": 50.0}}, {"type": "Feature", "geometry": {"type": "Point", "coordinates": [966389.3981658287, 1948730.1136619265]}, "properties": {"kind": "base_B", "drone_id": 0, "frame": 44, "time_s": 44.0, "timestamp": "2025-01-01T00:00:44", "mode": "SUM_MIN", "is_static": true, "battery": 50.0}}, {"type": "Feature", "geometry": {"type": "Point", "coordinates": [965500.3733705113, 1949566.8349570336]}, "properties": {"kind": "drone", "drone_id": 1, "frame": 45, "time_s": 45.0, "timestamp": "2025-01-01T00:00:45", "mode": "SUM_MIN", "is_static": false, "battery": 37.768456375838845}}, {"type": "Feature", "geometry": {"type": "Point", "coordinates": [966222.3789808131, 1949276.542233355]}, "properties": {"kind": "drone", "drone_id": 2, "frame": 45, "time_s": 45.0, "timestamp": "2025-01-01T00:00:45", "mode": "SUM_MIN", "is_static": false, "battery": 43.99999999999942}}, {"type": "Feature", "geometry": {"type": "Point", "coordinates": [963809.8796416994, 1950519.3993762122]}, "properties": {"kind": "drone", "drone_id": 3, "frame": 45, "time_s": 45.0, "timestamp": "2025-01-01T00:00:45", "mode": "SUM_MIN", "is_static": false, "battery": 45.49999999999981}}, {"type": "Feature", "geometry": {"type": "Point", "coordinates": [962121.1301043197, 1951494.3993762122]}, "properties": {"kind": "drone", "drone_id": 4, "frame": 45, "time_s": 45.0, "timestamp": "2025-01-01T00:00:45", "mode": "SUM_MIN", "is_static": false, "battery": 43.99999999999981}}, {"type": "Feature", "geometry": {"type": "Point", "coordinates": [966389.3981658287, 1949089.9497178718]}, "properties": {"kind": "drone", "drone_id": 5, "frame": 45, "time_s": 45.0, "timestamp": "2025-01-01T00:00:45", "mode": "SUM_MIN", "is_static": false, "battery": 37.768456375838845}}, {"type": "Feature", "geometry": {"type": "Point", "coordinates": [965739.8791129903, 1949707.433507176]}, "properties": {"kind": "drone", "drone_id": 6, "frame": 45, "time_s": 45.0, "timestamp": "2025-01-01T00:00:45", "mode": "SUM_MIN", "is_static": false, "battery": 37.768456375838845}}, {"type": "Feature", "geometry": {"type": "Point", "coordinates": [963211.6310515191, 1951127.681203963]}, "properties": {"kind": "drone", "drone_id": 7, "frame": 45, "time_s": 45.0, "timestamp": "2025-01-01T00:00:45", "mode": "SUM_MIN", "is_static": false, "battery": 37.768456375838845}}, {"type": "Feature", "geometry": {"type": "Point", "coordinates": [965677.648298597, 1949669.1846844845]}, "properties": {"kind": "drone", "drone_id": 8, "frame": 45, "time_s": 45.0, "timestamp": "2025-01-01T00:00:45", "mode": "SUM_MIN", "is_static": false, "battery": 37.768456375838845}}, {"type": "Feature", "geometry": {"type": "Point", "coordinates": [962956.2260293976, 1951312.2565190694]}, "properties": {"kind": "drone", "drone_id": 9, "frame": 45, "time_s": 45.0, "timestamp": "2025-01-01T00:00:45", "mode": "SUM_MIN", "is_static": false, "battery": 47.00000000000062}}, {"type": "Feature", "geometry": {"type": "Point", "coordinates": [965944.0136724538, 1949437.2565190694]}, "properties": {"kind": "drone", "drone_id": 10, "frame": 45, "time_s": 45.0, "timestamp": "2025-01-01T00:00:45", "mode": "SUM_MIN", "is_static": false, "battery": 48.49999999999981}}, {"type": "Feature", "geometry": {"type": "Point", "coordinates": [964671.9426824682, 1949688.5402762871]}, "properties": {"kind": "drone", "drone_id": 11, "frame": 45, "time_s": 45.0, "timestamp": "2025-01-01T00:00:45", "mode": "SUM_MIN", "is_static": false, "battery": 37.768456375838845}}, {"type": "Feature", "geometry": {"type": "Point", "coordinates": [963921.225765043, 1949677.3723192813]}, "properties": {"kind": "drone", "drone_id": 12, "frame": 45, "time_s": 45.0, "timestamp": "2025-01-01T00:00:45", "mode": "SUM_MIN", "is_static": false, "battery": 37.768456375838845}}, {"type": "Feature", "geometry": {"type": "Point", "coordinates": [963921.225765043, 1950262.2565190694]}, "properties": {"kind": "drone", "drone_id": 13, "frame": 45, "time_s": 45.0, "timestamp": "2025-01-01T00:00:45", "mode": "SUM_MIN", "is_static": false, "battery": 39.5}}, {"type": "Feature", "geometry": {"type": "Point", "coordinates": [963791.3219544754, 1950830.1136619265]}, "properties": {"kind": "drone", "drone_id": 14, "frame": 45, "time_s": 45.0, "timestamp": "2025-01-01T00:00:45", "mode": "SUM_MIN", "is_static": false, "battery": 44.00000000000082}}, {"type": "Feature", "geometry": {"type": "Point", "coordinates": [962399.4954126789, 1951526.542233355]}, "properties": {"kind": "drone", "drone_id": 15, "frame": 45, "time_s": 45.0, "timestamp": "2025-01-01T00:00:45", "mode": "SUM_MIN", "is_static": false, "battery": 39.500000000000625}}, {"type": "Feature", "geometry": {"type": "Point", "coordinates": [963531.5143333401, 1950980.1136619265]}, "properties": {"kind": "drone", "drone_id": 16, "frame": 45, "time_s": 45.0, "timestamp": "2025-01-01T00:00:45", "mode": "SUM_MIN", "is_static": false, "battery": 50.0}}, {"type": "Feature", "geometry": {"type": "Point", "coordinates": [965412.0728550686, 1949594.3726931796]}, "properties": {"kind": "drone", "drone_id": 17, "frame": 45, "time_s": 45.0, "timestamp": "2025-01-01T00:00:45", "mode": "SUM_MIN", "is_static": false, "battery": 37.768456375838845}}, {"type": "Feature", "geometry": {"type": "Point", "coordinates": [966259.4943552611, 1950611.1770438687]}, "properties": {"kind": "drone", "drone_id": 18, "frame": 45, "time_s": 45.0, "timestamp": "2025-01-01T00:00:45", "mode": "SUM_MIN", "is_static": false, "battery": 37.768456375838845}}, {"type": "Feature", "geometry": {"type": "Point", "coordinates": [962622.1876593664, 1951505.1136619265]}, "properties": {"kind": "drone", "drone_id": 19, "frame": 45, "time_s": 45.0, "timestamp": "2025-01-01T00:00:45", "mode": "SUM_MIN", "is_static": false, "battery": 50.0}}, {"type": "Feature", "geometry": {"type": "Point", "coordinates": [965137.4822607184, 1949752.9076467447]}, "properties": {"kind": "drone", "drone_id": 20, "frame": 45, "time_s": 45.0, "timestamp": "2025-01-01T00:00:45", "mode": "SUM_MIN", "is_static": false, "battery": 37.768456375838845}}, {"type": "Feature", "geometry": {"type": "Point", "coordinates": [961972.6686065281, 1951730.1136619265]}, "properties": {"kind": "base_A", "drone_id": 0, "frame": 45, "time_s": 45.0, "timestamp": "2025-01-01T00:00:45", "mode": "SUM_MIN", "is_static": true, "battery": 50.0}}, {"type": "Feature", "geometry": {"type": "Point", "coordinates": [966389.3981658287, 1948730.1136619265]}, "properties": {"kind": "base_B", "drone_id": 0, "frame": 45, "time_s": 45.0, "timestamp": "2025-01-01T00:00:45", "mode": "SUM_MIN", "is_static": true, "battery": 50.0}}, {"type": "Feature", "geometry": {"type": "Point", "coordinates": [965480.5236821654, 1949555.374734124]}, "properties": {"kind": "drone", "drone_id": 1, "frame": 46, "time_s": 46.0, "timestamp": "2025-01-01T00:00:46", "mode": "SUM_MIN", "is_static": false, "battery": 37.496644295301934}}, {"type": "Feature", "geometry": {"type": "Point", "coordinates": [966222.3789808131, 1949276.542233355]}, "properties": {"kind": "drone", "drone_id": 2, "frame": 46, "time_s": 46.0, "timestamp": "2025-01-01T00:00:46", "mode": "SUM_MIN", "is_static": false, "battery": 43.99999999999942}}, {"type": "Feature", "geometry": {"type": "Point", "coordinates": [963809.8796416994, 1950519.3993762122]}, "properties": {"kind": "drone", "drone_id": 3, "frame": 46, "time_s": 46.0, "timestamp": "2025-01-01T00:00:46", "mode": "SUM_MIN", "is_static": false, "battery": 45.49999999999981}}, {"type": "Feature", "geometry": {"type": "Point", "coordinates": [962121.1301043197, 1951494.3993762122]}, "properties": {"kind": "drone", "drone_id": 4, "frame": 46, "time_s": 46.0, "timestamp": "2025-01-01T00:00:46", "mode": "SUM_MIN", "is_static": false, "battery": 43.99999999999981}}, {"type": "Feature", "geometry": {"type": "Point", "coordinates": [966389.3981658287, 1949083.208410278]}, "properties": {"kind": "drone", "drone_id": 5, "frame": 46, "time_s": 46.0, "timestamp": "2025-01-01T00:00:46", "mode": "SUM_MIN", "is_static": false, "battery": 37.496644295301934}}, {"type": "Feature", "geometry": {"type": "Point", "coordinates": [965727.9393343158, 1949687.880075847]}, "properties": {"kind": "drone", "drone_id": 6, "frame": 46, "time_s": 46.0, "timestamp": "2025-01-01T00:00:46", "mode": "SUM_MIN", "is_static": false, "battery": 37.496644295301934}}, {"type": "Feature", "geometry": {"type": "Point", "coordinates": [963220.213899739, 1951136.6007614774]}, "properties": {"kind": "drone", "drone_id": 7, "frame": 46, "time_s": 46.0, "timestamp": "2025-01-01T00:00:46", "mode": "SUM_MIN", "is_static": false, "battery": 37.496644295301934}}, {"type": "Feature", "geometry": {"type": "Point", "coordinates": [965642.68896189, 1949649.000902026]}, "properties": {"kind": "drone", "drone_id": 8, "frame": 46, "time_s": 46.0, "timestamp": "2025-01-01T00:00:46", "mode": "SUM_MIN", "is_static": false, "battery": 37.496644295301934}}, {"type": "Feature", "geometry": {"type": "Point", "coordinates": [962956.2260293976, 1951312.2565190694]}, "properties": {"kind": "drone", "drone_id": 9, "frame": 46, "time_s": 46.0, "timestamp": "2025-01-01T00:00:46", "mode": "SUM_MIN", "is_static": false, "battery": 47.00000000000062}}, {"type": "Feature", "geometry": {"type": "Point", "coordinates": [965944.0136724538, 1949437.2565190694]}, "properties": {"kind": "drone", "drone_id": 10, "frame": 46, "time_s": 46.0, "timestamp": "2025-01-01T00:00:46", "mode": "SUM_MIN", "is_static": false, "battery": 48.49999999999981}}, {"type": "Feature", "geometry": {"type": "Point", "coordinates": [964641.1506671819, 1949670.7624979727]}, "properties": {"kind": "drone", "drone_id": 11, "frame": 46, "time_s": 46.0, "timestamp": "2025-01-01T00:00:46", "mode": "SUM_MIN", "is_static": false, "battery": 37.496644295301934}}, {"type": "Feature", "geometry": {"type": "Point", "coordinates": [963921.225765043, 1949706.7920771993]}, "properties": {"kind": "drone", "drone_id": 12, "frame": 46, "time_s": 46.0, "timestamp": "2025-01-01T00:00:46", "mode": "SUM_MIN", "is_static": false, "battery": 37.496644295301934}}, {"type": "Feature", "geometry": {"type": "Point", "coordinates": [963921.225765043, 1950262.2565190694]}, "properties": {"kind": "drone", "drone_id": 13, "frame": 46, "time_s": 46.0, "timestamp": "2025-01-01T00:00:46", "mode": "SUM_MIN", "is_static": false, "battery": 39.5}}, {"type": "Feature", "geometry": {"type": "Point", "coordinates": [963791.3219544754, 1950830.1136619265]}, "properties": {"kind": "drone", "drone_id": 14, "frame": 46, "time_s": 46.0, "timestamp": "2025-01-01T00:00:46", "mode": "SUM_MIN", "is_static": false, "battery": 44.00000000000082}}, {"type": "Feature", "geometry": {"type": "Point", "coordinates": [962399.4954126789, 1951526.542233355]}, "properties": {"kind": "drone", "drone_id": 15, "frame": 46, "time_s": 46.0, "timestamp": "2025-01-01T00:00:46", "mode": "SUM_MIN", "is_static": false, "battery": 39.500000000000625}}, {"type": "Feature", "geometry": {"type": "Point", "coordinates": [963531.5143333401, 1950980.1136619265]}, "properties": {"kind": "drone", "drone_id": 16, "frame": 46, "time_s": 46.0, "timestamp": "2025-01-01T00:00:46", "mode": "SUM_MIN", "is_static": false, "battery": 50.0}}, {"type": "Feature", "geometry": {"type": "Point", "coordinates": [965376.9304531504, 1949614.662168387]}, "properties": {"kind": "drone", "drone_id": 17, "frame": 46, "time_s": 46.0, "timestamp": "2025-01-01T00:00:46", "mode": "SUM_MIN", "is_static": false, "battery": 37.496644295301934}}, {"type": "Feature", "geometry": {"type": "Point", "coordinates": [966259.4943552611, 1950576.2381786432]}, "properties": {"kind": "drone", "drone_id": 18, "frame": 46, "time_s": 46.0, "timestamp": "2025-01-01T00:00:46", "mode": "SUM_MIN", "is_static": false, "battery": 37.496644295301934}}, {"type": "Feature", "geometry": {"type": "Point", "coordinates": [962622.1876593664, 1951505.1136619265]}, "properties": {"kind": "drone", "drone_id": 19, "frame": 46, "time_s": 46.0, "timestamp": "2025-01-01T00:00:46", "mode": "SUM_MIN", "is_static": false, "battery": 50.0}}, {"type": "Feature", "geometry": {"type": "Point", "coordinates": [965126.8044808356, 1949759.0724658344]}, "properties": {"kind": "drone", "drone_id": 20, "frame": 46, "time_s": 46.0, "timestamp": "2025-01-01T00:00:46", "mode": "SUM_MIN", "is_static": false, "battery": 37.496644295301934}}, {"type": "Feature", "geometry": {"type": "Point", "coordinates": [961972.6686065281, 1951730.1136619265]}, "properties": {"kind": "base_A", "drone_id": 0, "frame": 46, "time_s": 46.0, "timestamp": "2025-01-01T00:00:46", "mode": "SUM_MIN", "is_static": true, "battery": 50.0}}, {"type": "Feature", "geometry": {"type": "Point", "coordinates": [966389.3981658287, 1948730.1136619265]}, "properties": {"kind": "base_B", "drone_id": 0, "frame": 46, "time_s": 46.0, "timestamp": "2025-01-01T00:00:46", "mode": "SUM_MIN", "is_static": true, "battery": 50.0}}, {"type": "Feature", "geometry": {"type": "Point", "coordinates": [965462.3325841201, 1949565.3552250823]}, "properties": {"kind": "drone", "drone_id": 1, "frame": 47, "time_s": 47.0, "timestamp": "2025-01-01T00:00:47", "mode": "SUM_MIN", "is_static": false, "battery": 37.224832214765016}}, {"type": "Feature", "geometry": {"type": "Point", "coordinates": [966222.3789808131, 1949276.542233355]}, "properties": {"kind": "drone", "drone_id": 2, "frame": 47, "time_s": 47.0, "timestamp": "2025-01-01T00:00:47", "mode": "SUM_MIN", "is_static": false, "battery": 43.99999999999942}}, {"type": "Feature", "geometry": {"type": "Point", "coordinates": [963809.8796416994, 1950519.3993762122]}, "properties": {"kind": "drone", "drone_id": 3, "frame": 47, "time_s": 47.0, "timestamp": "2025-01-01T00:00:47", "mode": "SUM_MIN", "is_static": false, "battery": 45.49999999999981}}, {"type": "Feature", "geometry": {"type": "Point", "coordinates": [962121.1301043197, 1951494.3993762122]}, "properties": {"kind": "drone", "drone_id": 4, "frame": 47, "time_s": 47.0, "timestamp": "2025-01-01T00:00:47", "mode": "SUM_MIN", "is_static": false, "battery": 43.99999999999981}}, {"type": "Feature", "geometry": {"type": "Point", "coordinates": [966389.3981658287, 1949077.030389482]}, "properties": {"kind": "drone", "drone_id": 5, "frame": 47, "time_s": 47.0, "timestamp": "2025-01-01T00:00:47", "mode": "SUM_MIN", "is_static": false, "battery": 37.224832214765016}}, {"type": "Feature", "geometry": {"type": "Point", "coordinates": [965715.786465014, 1949670.33891994]}, "properties": {"kind": "drone", "drone_id": 6, "frame": 47, "time_s": 47.0, "timestamp": "2025-01-01T00:00:47", "mode": "SUM_MIN", "is_static": false, "battery": 37.224832214765016}}, {"type": "Feature", "geometry": {"type": "Point", "coordinates": [963226.879383449, 1951143.527735343]}, "properties": {"kind": "drone", "drone_id": 7, "frame": 47, "time_s": 47.0, "timestamp": "2025-01-01T00:00:47", "mode": "SUM_MIN", "is_static": false, "battery": 37.224832214765016}}, {"type": "Feature", "geometry": {"type": "Point", "coordinates": [965607.91971493, 1949628.9268679342]}, "properties": {"kind": "drone", "drone_id": 8, "frame": 47, "time_s": 47.0, "timestamp": "2025-01-01T00:00:47", "mode": "SUM_MIN", "is_static": false, "battery": 37.224832214765016}}, {"type": "Feature", "geometry": {"type": "Point", "coordinates": [962956.2260293976, 1951312.2565190694]}, "properties": {"kind": "drone", "drone_id": 9, "frame": 47, "time_s": 47.0, "timestamp": "2025-01-01T00:00:47", "mode": "SUM_MIN", "is_static": false, "battery": 47.00000000000062}}, {"type": "Feature", "geometry": {"type": "Point", "coordinates": [965944.0136724538, 1949437.2565190694]}, "properties": {"kind": "drone", "drone_id": 10, "frame": 47, "time_s": 47.0, "timestamp": "2025-01-01T00:00:47", "mode": "SUM_MIN", "is_static": false, "battery": 48.49999999999981}}, {"type": "Feature", "geometry": {"type": "Point", "coordinates": [964611.2005785363, 1949653.4708062308]}, "properties": {"kind": "drone", "drone_id": 11, "frame": 47, "time_s": 47.0, "timestamp": "2025-01-01T00:00:47", "mode": "SUM_MIN", "is_static": false, "battery": 37.224832214765016}}, {"type": "Feature", "geometry": {"type": "Point", "coordinates": [963921.225765043, 1949734.880695633]}, "properties": {"kind": "drone", "drone_id": 12, "frame": 47, "time_s": 47.0, "timestamp": "2025-01-01T00:00:47", "mode": "SUM_MIN", "is_static": false, "battery": 37.224832214765016}}, {"type": "Feature", "geometry": {"type": "Point", "coordinates": [963921.225765043, 1950262.2565190694]}, "properties": {"kind": "drone", "drone_id": 13, "frame": 47, "time_s": 47.0, "timestamp": "2025-01-01T00:00:47", "mode": "SUM_MIN", "is_static": false, "battery": 39.5}}, {"type": "Feature", "geometry": {"type": "Point", "coordinates": [963791.3219544754, 1950830.1136619265]}, "properties": {"kind": "drone", "drone_id": 14, "frame": 47, "time_s": 47.0, "timestamp": "2025-01-01T00:00:47", "mode": "SUM_MIN", "is_static": false, "battery": 44.00000000000082}}, {"type": "Feature", "geometry": {"type": "Point", "coordinates": [962399.4954126789, 1951526.542233355]}, "properties": {"kind": "drone", "drone_id": 15, "frame": 47, "time_s": 47.0, "timestamp": "2025-01-01T00:00:47", "mode": "SUM_MIN", "is_static": false, "battery": 39.500000000000625}}, {"type": "Feature", "geometry": {"type": "Point", "coordinates": [963531.5143333401, 1950980.1136619265]}, "properties": {"kind": "drone", "drone_id": 16, "frame": 47, "time_s": 47.0, "timestamp": "2025-01-01T00:00:47", "mode": "SUM_MIN", "is_static": false, "battery": 50.0}}, {"type": "Feature", "geometry": {"type": "Point", "coordinates": [965341.979136388, 1949634.8413205284]}, "properties": {"kind": "drone", "drone_id": 17, "frame": 47, "time_s": 47.0, "timestamp": "2025-01-01T00:00:47", "mode": "SUM_MIN", "is_static": false, "battery": 37.224832214765016}}, {"type": "Feature", "geometry": {"type": "Point", "coordinates": [966259.4943552611, 1950540.8764115628]}, "properties": {"kind": "drone", "drone_id": 18, "frame": 47, "time_s": 47.0, "timestamp": "2025-01-01T00:00:47", "mode": "SUM_MIN", "is_static": false, "battery": 37.224832214765016}}, {"type": "Feature", "geometry": {"type": "Point", "coordinates": [962622.1876593664, 1951505.1136619265]}, "properties": {"kind": "drone", "drone_id": 19, "frame": 47, "time_s": 47.0, "timestamp": "2025-01-01T00:00:47", "mode": "SUM_MIN", "is_static": false, "battery": 50.0}}, {"type": "Feature", "geometry": {"type": "Point", "coordinates": [965118.5120625097, 1949763.860095787]}, "properties": {"kind": "drone", "drone_id": 20, "frame": 47, "time_s": 47.0, "timestamp": "2025-01-01T00:00:47", "mode": "SUM_MIN", "is_static": false, "battery": 37.224832214765016}}, {"type": "Feature", "geometry": {"type": "Point", "coordinates": [961972.6686065281, 1951730.1136619265]}, "properties": {"kind": "base_A", "drone_id": 0, "frame": 47, "time_s": 47.0, "timestamp": "2025-01-01T00:00:47", "mode": "SUM_MIN", "is_static": true, "battery": 50.0}}, {"type": "Feature", "geometry": {"type": "Point", "coordinates": [966389.3981658287, 1948730.1136619265]}, "properties": {"kind": "base_B", "drone_id": 0, "frame": 47, "time_s": 47.0, "timestamp": "2025-01-01T00:00:47", "mode": "SUM_MIN", "is_static": true, "battery": 50.0}}, {"type": "Feature", "geometry": {"type": "Point", "coordinates": [965445.8901808787, 1949574.8482510198]}, "properties": {"kind": "drone", "drone_id": 1, "frame": 48, "time_s": 48.0, "timestamp": "2025-01-01T00:00:48", "mode": "SUM_MIN", "is_static": false, "battery": 36.9530201342281}}, {"type": "Feature", "geometry": {"type": "Point", "coordinates": [966222.3789808131, 1949276.542233355]}, "properties": {"kind": "drone", "drone_id": 2, "frame": 48, "time_s": 48.0, "timestamp": "2025-01-01T00:00:48", "mode": "SUM_MIN", "is_static": false, "battery": 43.99999999999942}}, {"type": "Feature", "geometry": {"type": "Point", "coordinates": [963809.8796416994, 1950519.3993762122]}, "properties": {"kind": "drone", "drone_id": 3, "frame": 48, "time_s": 48.0, "timestamp": "2025-01-01T00:00:48", "mode": "SUM_MIN", "is_static": false, "battery": 45.49999999999981}}, {"type": "Feature", "geometry": {"type": "Point", "coordinates": [962121.1301043197, 1951494.3993762122]}, "properties": {"kind": "drone", "drone_id": 4, "frame": 48, "time_s": 48.0, "timestamp": "2025-01-01T00:00:48", "mode": "SUM_MIN", "is_static": false, "battery": 43.99999999999981}}, {"type": "Feature", "geometry": {"type": "Point", "coordinates": [966389.3981658287, 1949071.4462565775]}, "properties": {"kind": "drone", "drone_id": 5, "frame": 48, "time_s": 48.0, "timestamp": "2025-01-01T00:00:48", "mode": "SUM_MIN", "is_static": false, "battery": 36.9530201342281}}, {"type": "Feature", "geometry": {"type": "Point", "coordinates": [965704.8018407156, 1949654.4839804508]}, "properties": {"kind": "drone", "drone_id": 6, "frame": 48, "time_s": 48.0, "timestamp": "2025-01-01T00:00:48", "mode": "SUM_MIN", "is_static": false, "battery": 36.9530201342281}}, {"type": "Feature", "geometry": {"type": "Point", "coordinates": [963231.5369184988, 1951148.3679877496]}, "properties": {"kind": "drone", "drone_id": 7, "frame": 48, "time_s": 48.0, "timestamp": "2025-01-01T00:00:48", "mode": "SUM_MIN", "is_static": false, "battery": 36.953020134228105}}, {"type": "Feature", "geometry": {"type": "Point", "coordinates": [965573.3817819998, 1949608.9863830598]}, "properties": {"kind": "drone", "drone_id": 8, "frame": 48, "time_s": 48.0, "timestamp": "2025-01-01T00:00:48", "mode": "SUM_MIN", "is_static": false, "battery": 36.953020134228105}}, {"type": "Feature", "geometry": {"type": "Point", "coordinates": [962956.2260293976, 1951312.2565190694]}, "properties": {"kind": "drone", "drone_id": 9, "frame": 48, "time_s": 48.0, "timestamp": "2025-01-01T00:00:48", "mode": "SUM_MIN", "is_static": false, "battery": 47.00000000000062}}, {"type": "Feature", "geometry": {"type": "Point", "coordinates": [965944.0136724538, 1949437.2565190694]}, "properties": {"kind": "drone", "drone_id": 10, "frame": 48, "time_s": 48.0, "timestamp": "2025-01-01T00:00:48", "mode": "SUM_MIN", "is_static": false, "battery": 48.49999999999981}}, {"type": "Feature", "geometry": {"type": "Point", "coordinates": [964582.1577384259, 1949636.702914675]}, "properties": {"kind": "drone", "drone_id": 11, "frame": 48, "time_s": 48.0, "timestamp": "2025-01-01T00:00:48", "mode": "SUM_MIN", "is_static": false, "battery": 36.9530201342281}}, {"type": "Feature", "geometry": {"type": "Point", "coordinates": [963921.225765043, 1949761.55310768]}, "properties": {"kind": "drone", "drone_id": 12, "frame": 48, "time_s": 48.0, "timestamp": "2025-01-01T00:00:48", "mode": "SUM_MIN", "is_static": false, "battery": 36.953020134228105}}, {"type": "Feature", "geometry": {"type": "Point", "coordinates": [963921.225765043, 1950262.2565190694]}, "properties": {"kind": "drone", "drone_id": 13, "frame": 48, "time_s": 48.0, "timestamp": "2025-01-01T00:00:48", "mode": "SUM_MIN", "is_static": false, "battery": 39.5}}, {"type": "Feature", "geometry": {"type": "Point", "coordinates": [963791.3219544754, 1950830.1136619265]}, "properties": {"kind": "drone", "drone_id": 14, "frame": 48, "time_s": 48.0, "timestamp": "2025-01-01T00:00:48", "mode": "SUM_MIN", "is_static": false, "battery": 44.00000000000082}}, {"type": "Feature", "geometry": {"type": "Point", "coordinates": [962399.4954126789, 1951526.542233355]}, "properties": {"kind": "drone", "drone_id": 15, "frame": 48, "time_s": 48.0, "timestamp": "2025-01-01T00:00:48", "mode": "SUM_MIN", "is_static": false, "battery": 39.500000000000625}}, {"type": "Feature", "geometry": {"type": "Point", "coordinates": [963531.5143333401, 1950980.1136619265]}, "properties": {"kind": "drone", "drone_id": 16, "frame": 48, "time_s": 48.0, "timestamp": "2025-01-01T00:00:48", "mode": "SUM_MIN", "is_static": false, "battery": 50.0}}, {"type": "Feature", "geometry": {"type": "Point", "coordinates": [965307.2603449356, 1949654.8862241195]}, "properties": {"kind": "drone", "drone_id": 17, "frame": 48, "time_s": 48.0, "timestamp": "2025-01-01T00:00:48", "mode": "SUM_MIN", "is_static": false, "battery": 36.9530201342281}}, {"type": "Feature", "geometry": {"type": "Point", "coordinates": [966259.4943552611, 1950505.106581289]}, "properties": {"kind": "drone", "drone_id": 18, "frame": 48, "time_s": 48.0, "timestamp": "2025-01-01T00:00:48", "mode": "SUM_MIN", "is_static": false, "battery": 36.9530201342281}}, {"type": "Feature", "geometry": {"type": "Point", "coordinates": [962622.1876593664, 1951505.1136619265]}, "properties": {"kind": "drone", "drone_id": 19, "frame": 48, "time_s": 48.0, "timestamp": "2025-01-01T00:00:48", "mode": "SUM_MIN", "is_static": false, "battery": 50.0}}, {"type": "Feature", "geometry": {"type": "Point", "coordinates": [965112.7176999875, 1949767.205472549]}, "properties": {"kind": "drone", "drone_id": 20, "frame": 48, "time_s": 48.0, "timestamp": "2025-01-01T00:00:48", "mode": "SUM_MIN", "is_static": false, "battery": 36.9530201342281}}, {"type": "Feature", "geometry": {"type": "Point", "coordinates": [961972.6686065281, 1951730.1136619265]}, "properties": {"kind": "base_A", "drone_id": 0, "frame": 48, "time_s": 48.0, "timestamp": "2025-01-01T00:00:48", "mode": "SUM_MIN", "is_static": true, "battery": 50.0}}, {"type": "Feature", "geometry": {"type": "Point", "coordinates": [966389.3981658287, 1948730.1136619265]}, "properties": {"kind": "base_B", "drone_id": 0, "frame": 48, "time_s": 48.0, "timestamp": "2025-01-01T00:00:48", "mode": "SUM_MIN", "is_static": true, "battery": 50.0}}, {"type": "Feature", "geometry": {"type": "Point", "coordinates": [965431.2865769444, 1949583.2796456825]}, "properties": {"kind": "drone", "drone_id": 1, "frame": 49, "time_s": 49.0, "timestamp": "2025-01-01T00:00:49", "mode": "SUM_MIN", "is_static": false, "battery": 36.681208053691186}}, {"type": "Feature", "geometry": {"type": "Point", "coordinates": [966222.3789808131, 1949276.542233355]}, "properties": {"kind": "drone", "drone_id": 2, "frame": 49, "time_s": 49.0, "timestamp": "2025-01-01T00:00:49", "mode": "SUM_MIN", "is_static": false, "battery": 43.99999999999942}}, {"type": "Feature", "geometry": {"type": "Point", "coordinates": [963809.8796416994, 1950519.3993762122]}, "properties": {"kind": "drone", "drone_id": 3, "frame": 49, "time_s": 49.0, "timestamp": "2025-01-01T00:00:49", "mode": "SUM_MIN", "is_static": false, "battery": 45.49999999999981}}, {"type": "Feature", "geometry": {"type": "Point", "coordinates": [962121.1301043197, 1951494.3993762122]}, "properties": {"kind": "drone", "drone_id": 4, "frame": 49, "time_s": 49.0, "timestamp": "2025-01-01T00:00:49", "mode": "SUM_MIN", "is_static": false, "battery": 43.99999999999981}}, {"type": "Feature", "geometry": {"type": "Point", "coordinates": [966389.3981658287, 1949066.4866126582]}, "properties": {"kind": "drone", "drone_id": 5, "frame": 49, "time_s": 49.0, "timestamp": "2025-01-01T00:00:49", "mode": "SUM_MIN", "is_static": false, "battery": 36.681208053691186}}, {"type": "Feature", "geometry": {"type": "Point", "coordinates": [965695.045657251, 1949640.402142577]}, "properties": {"kind": "drone", "drone_id": 6, "frame": 49, "time_s": 49.0, "timestamp": "2025-01-01T00:00:49", "mode": "SUM_MIN", "is_static": false, "battery": 36.681208053691186}}, {"type": "Feature", "geometry": {"type": "Point", "coordinates": [963234.0959207385, 1951151.0273808872]}, "properties": {"kind": "drone", "drone_id": 7, "frame": 49, "time_s": 49.0, "timestamp": "2025-01-01T00:00:49", "mode": "SUM_MIN", "is_static": false, "battery": 36.681208053691186}}, {"type": "Feature", "geometry": {"type": "Point", "coordinates": [965539.116387382, 1949589.2032482533]}, "properties": {"kind": "drone", "drone_id": 8, "frame": 49, "time_s": 49.0, "timestamp": "2025-01-01T00:00:49", "mode": "SUM_MIN", "is_static": false, "battery": 36.681208053691186}}, {"type": "Feature", "geometry": {"type": "Point", "coordinates": [962956.2260293976, 1951312.2565190694]}, "properties": {"kind": "drone", "drone_id": 9, "frame": 49, "time_s": 49.0, "timestamp": "2025-01-01T00:00:49", "mode": "SUM_MIN", "is_static": false, "battery": 47.00000000000062}}, {"type": "Feature", "geometry": {"type": "Point", "coordinates": [965944.0136724538, 1949437.2565190694]}, "properties": {"kind": "drone", "drone_id": 10, "frame": 49, "time_s": 49.0, "timestamp": "2025-01-01T00:00:49", "mode": "SUM_MIN", "is_static": false, "battery": 48.49999999999981}}, {"type": "Feature", "geometry": {"type": "Point", "coordinates": [964554.0874687452, 1949639.7307869343]}, "properties": {"kind": "drone", "drone_id": 11, "frame": 49, "time_s": 49.0, "timestamp": "2025-01-01T00:00:49", "mode": "SUM_MIN", "is_static": false, "battery": 36.681208053691186}}, {"type": "Feature", "geometry": {"type": "Point", "coordinates": [963921.225765043, 1949786.724246439]}, "properties": {"kind": "drone", "drone_id": 12, "frame": 49, "time_s": 49.0, "timestamp": "2025-01-01T00:00:49", "mode": "SUM_MIN", "is_static": false, "battery": 36.681208053691186}}, {"type": "Feature", "geometry": {"type": "Point", "coordinates": [963921.225765043, 1950262.2565190694]}, "properties": {"kind": "drone", "drone_id": 13, "frame": 49, "time_s": 49.0, "timestamp": "2025-01-01T00:00:49", "mode": "SUM_MIN", "is_static": false, "battery": 39.5}}, {"type": "Feature", "geometry": {"type": "Point", "coordinates": [963791.3219544754, 1950830.1136619265]}, "properties": {"kind": "drone", "drone_id": 14, "frame": 49, "time_s": 49.0, "timestamp": "2025-01-01T00:00:49", "mode": "SUM_MIN", "is_static": false, "battery": 44.00000000000082}}, {"type": "Feature", "geometry": {"type": "Point", "coordinates": [962399.4954126789, 1951526.542233355]}, "properties": {"kind": "drone", "drone_id": 15, "frame": 49, "time_s": 49.0, "timestamp": "2025-01-01T00:00:49", "mode": "SUM_MIN", "is_static": false, "battery": 39.500000000000625}}, {"type": "Feature", "geometry": {"type": "Point", "coordinates": [963531.5143333401, 1950980.1136619265]}, "properties": {"kind": "drone", "drone_id": 16, "frame": 49, "time_s": 49.0, "timestamp": "2025-01-01T00:00:49", "mode": "SUM_MIN", "is_static": false, "battery": 50.0}}, {"type": "Feature", "geometry": {"type": "Point", "coordinates": [965272.8155189472, 1949674.772953676]}, "properties": {"kind": "drone", "drone_id": 17, "frame": 49, "time_s": 49.0, "timestamp": "2025-01-01T00:00:49", "mode": "SUM_MIN", "is_static": false, "battery": 36.681208053691186}}, {"type": "Feature", "geometry": {"type": "Point", "coordinates": [966259.4943552611, 1950468.9435264838]}, "properties": {"kind": "drone", "drone_id": 18, "frame": 49, "time_s": 49.0, "timestamp": "2025-01-01T00:00:49", "mode": "SUM_MIN", "is_static": false, "battery": 36.681208053691186}}, {"type": "Feature", "geometry": {"type": "Point", "coordinates": [962622.1876593664, 1951505.1136619265]}, "properties": {"kind": "drone", "drone_id": 19, "frame": 49, "time_s": 49.0, "timestamp": "2025-01-01T00:00:49", "mode": "SUM_MIN", "is_static": false, "battery": 50.0}}, {"type": "Feature", "geometry": {"type": "Point", "coordinates": [965109.5340875159, 1949769.0435320665]}, "properties": {"kind": "drone", "drone_id": 20, "frame": 49, "time_s": 49.0, "timestamp": "2025-01-01T00:00:49", "mode": "SUM_MIN", "is_static": false, "battery": 36.681208053691186}}, {"type": "Feature", "geometry": {"type": "Point", "coordinates": [961972.6686065281, 1951730.1136619265]}, "properties": {"kind": "base_A", "drone_id": 0, "frame": 49, "time_s": 49.0, "timestamp": "2025-01-01T00:00:49", "mode": "SUM_MIN", "is_static": true, "battery": 50.0}}, {"type": "Feature", "geometry": {"type": "Point", "coordinates": [966389.3981658287, 1948730.1136619265]}, "properties": {"kind": "base_B", "drone_id": 0, "frame": 49, "time_s": 49.0, "timestamp": "2025-01-01T00:00:49", "mode": "SUM_MIN", "is_static": true, "battery": 50.0}}, {"type": "Feature", "geometry": {"type": "Point", "coordinates": [965418.6118768203, 1949590.597387211]}, "properties": {"kind": "drone", "drone_id": 1, "frame": 50, "time_s": 50.0, "timestamp": "2025-01-01T00:00:50", "mode": "SUM_MIN", "is_static": false, "battery": 36.409395973154275}}, {"type": "Feature", "geometry": {"type": "Point", "coordinates": [966222.3789808131, 1949276.542233355]}, "properties": {"kind": "drone", "drone_id": 2, "frame": 50, "time_s": 50.0, "timestamp": "2025-01-01T00:00:50", "mode": "SUM_MIN", "is_static": false, "battery": 43.99999999999942}}, {"type": "Feature", "geometry": {"type": "Point", "coordinates": [963809.8796416994, 1950519.3993762122]}, "properties": {"kind": "drone", "drone_id": 3, "frame": 50, "time_s": 50.0, "timestamp": "2025-01-01T00:00:50", "mode": "SUM_MIN", "is_static": false, "battery": 45.49999999999981}}, {"type": "Feature", "geometry": {"type": "Point", "coordinates": [962121.1301043197, 1951494.3993762122]}, "properties": {"kind": "drone", "drone_id": 4, "frame": 50, "time_s": 50.0, "timestamp": "2025-01-01T00:00:50", "mode": "SUM_MIN", "is_static": false, "battery": 43.99999999999981}}, {"type": "Feature", "geometry": {"type": "Point", "coordinates": [966389.3981658287, 1949062.182058818]}, "properties": {"kind": "drone", "drone_id": 5, "frame": 50, "time_s": 50.0, "timestamp": "2025-01-01T00:00:50", "mode": "SUM_MIN", "is_static": false, "battery": 36.409395973154275}}, {"type": "Feature", "geometry": {"type": "Point", "coordinates": [965686.5781104508, 1949628.1802915158]}, "properties": {"kind": "drone", "drone_id": 6, "frame": 50, "time_s": 50.0, "timestamp": "2025-01-01T00:00:50", "mode": "SUM_MIN", "is_static": false, "battery": 36.40939597315427}}, {"type": "Feature", "geometry": {"type": "Point", "coordinates": [963234.5913377568, 1951151.542233355]}, "properties": {"kind": "drone", "drone_id": 7, "frame": 50, "time_s": 50.0, "timestamp": "2025-01-01T00:00:50", "mode": "SUM_MIN", "is_static": false, "battery": 36.50000000000047}}, {"type": "Feature", "geometry": {"type": "Point", "coordinates": [965505.1647553591, 1949569.6012643653]}, "properties": {"kind": "drone", "drone_id": 8, "frame": 50, "time_s": 50.0, "timestamp": "2025-01-01T00:00:50", "mode": "SUM_MIN", "is_static": false, "battery": 36.409395973154275}}, {"type": "Feature", "geometry": {"type": "Point", "coordinates": [962956.2260293976, 1951312.2565190694]}, "properties": {"kind": "drone", "drone_id": 9, "frame": 50, "time_s": 50.0, "timestamp": "2025-01-01T00:00:50", "mode": "SUM_MIN", "is_static": false, "battery": 47.00000000000062}}, {"type": "Feature", "geometry": {"type": "Point", "coordinates": [965944.0136724538, 1949437.2565190694]}, "properties": {"kind": "drone", "drone_id": 10, "frame": 50, "time_s": 50.0, "timestamp": "2025-01-01T00:00:50", "mode": "SUM_MIN", "is_static": false, "battery": 48.49999999999981}}, {"type": "Feature", "geometry": {"type": "Point", "coordinates": [964527.0550913889, 1949655.3379372777]}, "properties": {"kind": "drone", "drone_id": 11, "frame": 50, "time_s": 50.0, "timestamp": "2025-01-01T00:00:50", "mode": "SUM_MIN", "is_static": false, "battery": 36.409395973154275}}, {"type": "Feature", "geometry": {"type": "Point", "coordinates": [963921.225765043, 1949810.3090450077]}, "properties": {"kind": "drone", "drone_id": 12, "frame": 50, "time_s": 50.0, "timestamp": "2025-01-01T00:00:50", "mode": "SUM_MIN", "is_static": false, "battery": 36.409395973154275}}, {"type": "Feature", "geometry": {"type": "Point", "coordinates": [963921.225765043, 1950262.2565190694]}, "properties": {"kind": "drone", "drone_id": 13, "frame": 50, "time_s": 50.0, "timestamp": "2025-01-01T00:00:50", "mode": "SUM_MIN", "is_static": false, "battery": 39.5}}, {"type": "Feature", "geometry": {"type": "Point", "coordinates": [963791.3219544754, 1950830.1136619265]}, "properties": {"kind": "drone", "drone_id": 14, "frame": 50, "time_s": 50.0, "timestamp": "2025-01-01T00:00:50", "mode": "SUM_MIN", "is_static": false, "battery": 44.00000000000082}}, {"type": "Feature", "geometry": {"type": "Point", "coordinates": [962399.4954126789, 1951526.542233355]}, "properties": {"kind": "drone", "drone_id": 15, "frame": 50, "time_s": 50.0, "timestamp": "2025-01-01T00:00:50", "mode": "SUM_MIN", "is_static": false, "battery": 39.500000000000625}}, {"type": "Feature", "geometry": {"type": "Point", "coordinates": [963531.5143333401, 1950980.1136619265]}, "properties": {"kind": "drone", "drone_id": 16, "frame": 50, "time_s": 50.0, "timestamp": "2025-01-01T00:00:50", "mode": "SUM_MIN", "is_static": false, "battery": 50.0}}, {"type": "Feature", "geometry": {"type": "Point", "coordinates": [965238.6860985773, 1949694.4775837138]}, "properties": {"kind": "drone", "drone_id": 17, "frame": 50, "time_s": 50.0, "timestamp": "2025-01-01T00:00:50", "mode": "SUM_MIN", "is_static": false, "battery": 36.40939597315427}}, {"type": "Feature", "geometry": {"type": "Point", "coordinates": [966239.825553383, 1950443.7578738676]}, "properties": {"kind": "drone", "drone_id": 18, "frame": 50, "time_s": 50.0, "timestamp": "2025-01-01T00:00:50", "mode": "SUM_MIN", "is_static": false, "battery": 36.409395973154275}}, {"type": "Feature", "geometry": {"type": "Point", "coordinates": [962622.1876593664, 1951505.1136619265]}, "properties": {"kind": "drone", "drone_id": 19, "frame": 50, "time_s": 50.0, "timestamp": "2025-01-01T00:00:50", "mode": "SUM_MIN", "is_static": false, "battery": 50.0}}, {"type": "Feature", "geometry": {"type": "Point", "coordinates": [965108.917747376, 1949769.3993762122]}, "properties": {"kind": "drone", "drone_id": 20, "frame": 50, "time_s": 50.0, "timestamp": "2025-01-01T00:00:50", "mode": "SUM_MIN", "is_static": false, "battery": 36.499999999998835}}, {"type": "Feature", "geometry": {"type": "Point", "coordinates": [961972.6686065281, 1951730.1136619265]}, "properties": {"kind": "base_A", "drone_id": 0, "frame": 50, "time_s": 50.0, "timestamp": "2025-01-01T00:00:50", "mode": "SUM_MIN", "is_static": true, "battery": 50.0}}, {"type": "Feature", "geometry": {"type": "Point", "coordinates": [966389.3981658287, 1948730.1136619265]}, "properties": {"kind": "base_B", "drone_id": 0, "frame": 50, "time_s": 50.0, "timestamp": "2025-01-01T00:00:50", "mode": "SUM_MIN", "is_static": true, "battery": 50.0}}, {"type": "Feature", "geometry": {"type": "Point", "coordinates": [965407.9561850099, 1949596.7494537462]}, "properties": {"kind": "drone", "drone_id": 1, "frame": 51, "time_s": 51.0, "timestamp": "2025-01-01T00:00:51", "mode": "SUM_MIN", "is_static": false, "battery": 36.13758389261736}}, {"type": "Feature", "geometry": {"type": "Point", "coordinates": [966222.3789808131, 1949276.542233355]}, "properties": {"kind": "drone", "drone_id": 2, "frame": 51, "time_s": 51.0, "timestamp": "2025-01-01T00:00:51", "mode": "SUM_MIN", "is_static": false, "battery": 43.99999999999942}}, {"type": "Feature", "geometry": {"type": "Point", "coordinates": [963809.8796416994, 1950519.3993762122]}, "properties": {"kind": "drone", "drone_id": 3, "frame": 51, "time_s": 51.0, "timestamp": "2025-01-01T00:00:51", "mode": "SUM_MIN", "is_static": false, "battery": 45.49999999999981}}, {"type": "Feature", "geometry": {"type": "Point", "coordinates": [962121.1301043197, 1951494.3993762122]}, "properties": {"kind": "drone", "drone_id": 4, "frame": 51, "time_s": 51.0, "timestamp": "2025-01-01T00:00:51", "mode": "SUM_MIN", "is_static": false, "battery": 43.99999999999981}}, {"type": "Feature", "geometry": {"type": "Point", "coordinates": [966389.3981658287, 1949058.5631961501]}, "properties": {"kind": "drone", "drone_id": 5, "frame": 51, "time_s": 51.0, "timestamp": "2025-01-01T00:00:51", "mode": "SUM_MIN", "is_static": false, "battery": 36.13758389261736}}, {"type": "Feature", "geometry": {"type": "Point", "coordinates": [965679.459396145, 1949617.9053124639]}, "properties": {"kind": "drone", "drone_id": 6, "frame": 51, "time_s": 51.0, "timestamp": "2025-01-01T00:00:51", "mode": "SUM_MIN", "is_static": false, "battery": 36.13758389261736}}, {"type": "Feature", "geometry": {"type": "Point", "coordinates": [963234.5913377568, 1951151.542233355]}, "properties": {"kind": "drone", "drone_id": 7, "frame": 51, "time_s": 51.0, "timestamp": "2025-01-01T00:00:51", "mode": "SUM_MIN", "is_static": false, "battery": 36.50000000000047}}, {"type": "Feature", "geometry": {"type": "Point", "coordinates": [965471.5681102134, 1949560.0230916063]}, "properties": {"kind": "drone", "drone_id": 8, "frame": 51, "time_s": 51.0, "timestamp": "2025-01-01T00:00:51", "mode": "SUM_MIN", "is_static": false, "battery": 36.13758389261736}}, {"type": "Feature", "geometry": {"type": "Point", "coordinates": [962956.2260293976, 1951312.2565190694]}, "properties": {"kind": "drone", "drone_id": 9, "frame": 51, "time_s": 51.0, "timestamp": "2025-01-01T00:00:51", "mode": "SUM_MIN", "is_static": false, "battery": 47.00000000000062}}, {"type": "Feature", "geometry": {"type": "Point", "coordinates": [965944.0136724538, 1949437.2565190694]}, "properties": {"kind": "drone", "drone_id": 10, "frame": 51, "time_s": 51.0, "timestamp": "2025-01-01T00:00:51", "mode": "SUM_MIN", "is_static": false, "battery": 48.49999999999981}}, {"type": "Feature", "geometry": {"type": "Point", "coordinates": [964501.1259282515, 1949670.308146595]}, "properties": {"kind": "drone", "drone_id": 11, "frame": 51, "time_s": 51.0, "timestamp": "2025-01-01T00:00:51", "mode": "SUM_MIN", "is_static": false, "battery": 36.13758389261736}}, {"type": "Feature", "geometry": {"type": "Point", "coordinates": [963921.225765043, 1949832.2224364842]}, "properties": {"kind": "drone", "drone_id": 12, "frame": 51, "time_s": 51.0, "timestamp": "2025-01-01T00:00:51", "mode": "SUM_MIN", "is_static": false, "battery": 36.13758389261736}}, {"type": "Feature", "geometry": {"type": "Point", "coordinates": [963921.225765043, 1950262.2565190694]}, "properties": {"kind": "drone", "drone_id": 13, "frame": 51, "time_s": 51.0, "timestamp": "2025-01-01T00:00:51", "mode": "SUM_MIN", "is_static": false, "battery": 39.5}}, {"type": "Feature", "geometry": {"type": "Point", "coordinates": [963791.3219544754, 1950830.1136619265]}, "properties": {"kind": "drone", "drone_id": 14, "frame": 51, "time_s": 51.0, "timestamp": "2025-01-01T00:00:51", "mode": "SUM_MIN", "is_static": false, "battery": 44.00000000000082}}, {"type": "Feature", "geometry": {"type": "Point", "coordinates": [962399.4954126789, 1951526.542233355]}, "properties": {"kind": "drone", "drone_id": 15, "frame": 51, "time_s": 51.0, "timestamp": "2025-01-01T00:00:51", "mode": "SUM_MIN", "is_static": false, "battery": 39.500000000000625}}, {"type": "Feature", "geometry": {"type": "Point", "coordinates": [963531.5143333401, 1950980.1136619265]}, "properties": {"kind": "drone", "drone_id": 16, "frame": 51, "time_s": 51.0, "timestamp": "2025-01-01T00:00:51", "mode": "SUM_MIN", "is_static": false, "battery": 50.0}}, {"type": "Feature", "geometry": {"type": "Point", "coordinates": [965204.9135239802, 1949713.9761887486]}, "properties": {"kind": "drone", "drone_id": 17, "frame": 51, "time_s": 51.0, "timestamp": "2025-01-01T00:00:51", "mode": "SUM_MIN", "is_static": false, "battery": 36.13758389261736}}, {"type": "Feature", "geometry": {"type": "Point", "coordinates": [966207.8648963493, 1950425.3053799255]}, "properties": {"kind": "drone", "drone_id": 18, "frame": 51, "time_s": 51.0, "timestamp": "2025-01-01T00:00:51", "mode": "SUM_MIN", "is_static": false, "battery": 36.13758389261736}}, {"type": "Feature", "geometry": {"type": "Point", "coordinates": [962622.1876593664, 1951505.1136619265]}, "properties": {"kind": "drone", "drone_id": 19, "frame": 51, "time_s": 51.0, "timestamp": "2025-01-01T00:00:51", "mode": "SUM_MIN", "is_static": false, "battery": 50.0}}, {"type": "Feature", "geometry": {"type": "Point", "coordinates": [965108.917747376, 1949769.3993762122]}, "properties": {"kind": "drone", "drone_id": 20, "frame": 51, "time_s": 51.0, "timestamp": "2025-01-01T00:00:51", "mode": "SUM_MIN", "is_static": false, "battery": 36.499999999998835}}, {"type": "Feature", "geometry": {"type": "Point", "coordinates": [961972.6686065281, 1951730.1136619265]}, "properties": {"kind": "base_A", "drone_id": 0, "frame": 51, "time_s": 51.0, "timestamp": "2025-01-01T00:00:51", "mode": "SUM_MIN", "is_static": true, "battery": 50.0}}, {"type": "Feature", "geometry": {"type": "Point", "coordinates": [966389.3981658287, 1948730.1136619265]}, "properties": {"kind": "base_B", "drone_id": 0, "frame": 51, "time_s": 51.0, "timestamp": "2025-01-01T00:00:51", "mode": "SUM_MIN", "is_static": true, "battery": 50.0}}, {"type": "Feature", "geometry": {"type": "Point", "coordinates": [965399.4096060164, 1949601.6838234288]}, "properties": {"kind": "drone", "drone_id": 1, "frame": 52, "time_s": 52.0, "timestamp": "2025-01-01T00:00:52", "mode": "SUM_MIN", "is_static": false, "battery": 35.86577181208044}}, {"type": "Feature", "geometry": {"type": "Point", "coordinates": [966222.3789808131, 1949276.542233355]}, "properties": {"kind": "drone", "drone_id": 2, "frame": 52, "time_s": 52.0, "timestamp": "2025-01-01T00:00:52", "mode": "SUM_MIN", "is_static": false, "battery": 43.99999999999942}}, {"type": "Feature", "geometry": {"type": "Point", "coordinates": [963809.8796416994, 1950519.3993762122]}, "properties": {"kind": "drone", "drone_id": 3, "frame": 52, "time_s": 52.0, "timestamp": "2025-01-01T00:00:52", "mode": "SUM_MIN", "is_static": false, "battery": 45.49999999999981}}, {"type": "Feature", "geometry": {"type": "Point", "coordinates": [962121.1301043197, 1951494.3993762122]}, "properties": {"kind": "drone", "drone_id": 4, "frame": 52, "time_s": 52.0, "timestamp": "2025-01-01T00:00:52", "mode": "SUM_MIN", "is_static": false, "battery": 43.99999999999981}}, {"type": "Feature", "geometry": {"type": "Point", "coordinates": [966389.3981658287, 1949055.6606257488]}, "properties": {"kind": "drone", "drone_id": 5, "frame": 52, "time_s": 52.0, "timestamp": "2025-01-01T00:00:52", "mode": "SUM_MIN", "is_static": false, "battery": 35.86577181208044}}, {"type": "Feature", "geometry": {"type": "Point", "coordinates": [965673.749710164, 1949609.6640906187]}, "properties": {"kind": "drone", "drone_id": 6, "frame": 52, "time_s": 52.0, "timestamp": "2025-01-01T00:00:52", "mode": "SUM_MIN", "is_static": false, "battery": 35.86577181208044}}, {"type": "Feature", "geometry": {"type": "Point", "coordinates": [963234.5913377568, 1951151.542233355]}, "properties": {"kind": "drone", "drone_id": 7, "frame": 52, "time_s": 52.0, "timestamp": "2025-01-01T00:00:52", "mode": "SUM_MIN", "is_static": false, "battery": 36.50000000000047}}, {"type": "Feature", "geometry": {"type": "Point", "coordinates": [965438.3676762277, 1949579.1913711051]}, "properties": {"kind": "drone", "drone_id": 8, "frame": 52, "time_s": 52.0, "timestamp": "2025-01-01T00:00:52", "mode": "SUM_MIN", "is_static": false, "battery": 35.86577181208044}}, {"type": "Feature", "geometry": {"type": "Point", "coordinates": [962956.2260293976, 1951312.2565190694]}, "properties": {"kind": "drone", "drone_id": 9, "frame": 52, "time_s": 52.0, "timestamp": "2025-01-01T00:00:52", "mode": "SUM_MIN", "is_static": false, "battery": 47.00000000000062}}, {"type": "Feature", "geometry": {"type": "Point", "coordinates": [965944.0136724538, 1949437.2565190694]}, "properties": {"kind": "drone", "drone_id": 10, "frame": 52, "time_s": 52.0, "timestamp": "2025-01-01T00:00:52", "mode": "SUM_MIN", "is_static": false, "battery": 48.49999999999981}}, {"type": "Feature", "geometry": {"type": "Point", "coordinates": [964476.3653012274, 1949684.6037012725]}, "properties": {"kind": "drone", "drone_id": 11, "frame": 52, "time_s": 52.0, "timestamp": "2025-01-01T00:00:52", "mode": "SUM_MIN", "is_static": false, "battery": 35.86577181208044}}, {"type": "Feature", "geometry": {"type": "Point", "coordinates": [963921.225765043, 1949852.3793539663]}, "properties": {"kind": "drone", "drone_id": 12, "frame": 52, "time_s": 52.0, "timestamp": "2025-01-01T00:00:52", "mode": "SUM_MIN", "is_static": false, "battery": 35.865771812080446}}, {"type": "Feature", "geometry": {"type": "Point", "coordinates": [963921.225765043, 1950262.2565190694]}, "properties": {"kind": "drone", "drone_id": 13, "frame": 52, "time_s": 52.0, "timestamp": "2025-01-01T00:00:52", "mode": "SUM_MIN", "is_static": false, "battery": 39.5}}, {"type": "Feature", "geometry": {"type": "Point", "coordinates": [963791.3219544754, 1950830.1136619265]}, "properties": {"kind": "drone", "drone_id": 14, "frame": 52, "time_s": 52.0, "timestamp": "2025-01-01T00:00:52", "mode": "SUM_MIN", "is_static": false, "battery": 44.00000000000082}}, {"type": "Feature", "geometry": {"type": "Point", "coordinates": [962399.4954126789, 1951526.542233355]}, "properties": {"kind": "drone", "drone_id": 15, "frame": 52, "time_s": 52.0, "timestamp": "2025-01-01T00:00:52", "mode": "SUM_MIN", "is_static": false, "battery": 39.500000000000625}}, {"type": "Feature", "geometry": {"type": "Point", "coordinates": [963531.5143333401, 1950980.1136619265]}, "properties": {"kind": "drone", "drone_id": 16, "frame": 52, "time_s": 52.0, "timestamp": "2025-01-01T00:00:52", "mode": "SUM_MIN", "is_static": false, "battery": 50.0}}, {"type": "Feature", "geometry": {"type": "Point", "coordinates": [965171.53923531, 1949733.2448432965]}, "properties": {"kind": "drone", "drone_id": 17, "frame": 52, "time_s": 52.0, "timestamp": "2025-01-01T00:00:52", "mode": "SUM_MIN", "is_static": false, "battery": 35.86577181208044}}, {"type": "Feature", "geometry": {"type": "Point", "coordinates": [966175.6022488553, 1950406.6785317103]}, "properties": {"kind": "drone", "drone_id": 18, "frame": 52, "time_s": 52.0, "timestamp": "2025-01-01T00:00:52", "mode": "SUM_MIN", "is_static": false, "battery": 35.86577181208044}}, {"type": "Feature", "geometry": {"type": "Point", "coordinates": [962622.1876593664, 1951505.1136619265]}, "properties": {"kind": "drone", "drone_id": 19, "frame": 52, "time_s": 52.0, "timestamp": "2025-01-01T00:00:52", "mode": "SUM_MIN", "is_static": false, "battery": 50.0}}, {"type": "Feature", "geometry": {"type": "Point", "coordinates": [965108.917747376, 1949769.3993762122]}, "properties": {"kind": "drone", "drone_id": 20, "frame": 52, "time_s": 52.0, "timestamp": "2025-01-01T00:00:52", "mode": "SUM_MIN", "is_static": false, "battery": 36.499999999998835}}, {"type": "Feature", "geometry": {"type": "Point", "coordinates": [961972.6686065281, 1951730.1136619265]}, "properties": {"kind": "base_A", "drone_id": 0, "frame": 52, "time_s": 52.0, "timestamp": "2025-01-01T00:00:52", "mode": "SUM_MIN", "is_static": true, "battery": 50.0}}, {"type": "Feature", "geometry": {"type": "Point", "coordinates": [966389.3981658287, 1948730.1136619265]}, "properties": {"kind": "base_B", "drone_id": 0, "frame": 52, "time_s": 52.0, "timestamp": "2025-01-01T00:00:52", "mode": "SUM_MIN", "is_static": true, "battery": 50.0}}, {"type": "Feature", "geometry": {"type": "Point", "coordinates": [965393.0622443429, 1949605.3484743997]}, "properties": {"kind": "drone", "drone_id": 1, "frame": 53, "time_s": 53.0, "timestamp": "2025-01-01T00:00:53", "mode": "SUM_MIN", "is_static": false, "battery": 35.59395973154353}}, {"type": "Feature", "geometry": {"type": "Point", "coordinates": [966222.3789808131, 1949276.542233355]}, "properties": {"kind": "drone", "drone_id": 2, "frame": 53, "time_s": 53.0, "timestamp": "2025-01-01T00:00:53", "mode": "SUM_MIN", "is_static": false, "battery": 43.99999999999942}}, {"type": "Feature", "geometry": {"type": "Point", "coordinates": [963809.8796416994, 1950519.3993762122]}, "properties": {"kind": "drone", "drone_id": 3, "frame": 53, "time_s": 53.0, "timestamp": "2025-01-01T00:00:53", "mode": "SUM_MIN", "is_static": false, "battery": 45.49999999999981}}, {"type": "Feature", "geometry": {"type": "Point", "coordinates": [962121.1301043197, 1951494.3993762122]}, "properties": {"kind": "drone", "drone_id": 4, "frame": 53, "time_s": 53.0, "timestamp": "2025-01-01T00:00:53", "mode": "SUM_MIN", "is_static": false, "battery": 43.99999999999981}}, {"type": "Feature", "geometry": {"type": "Point", "coordinates": [966389.3981658287, 1949053.504948707]}, "properties": {"kind": "drone", "drone_id": 5, "frame": 53, "time_s": 53.0, "timestamp": "2025-01-01T00:00:53", "mode": "SUM_MIN", "is_static": false, "battery": 35.59395973154353}}, {"type": "Feature", "geometry": {"type": "Point", "coordinates": [965669.5092483383, 1949603.5435111772]}, "properties": {"kind": "drone", "drone_id": 6, "frame": 53, "time_s": 53.0, "timestamp": "2025-01-01T00:00:53", "mode": "SUM_MIN", "is_static": false, "battery": 35.59395973154353}}, {"type": "Feature", "geometry": {"type": "Point", "coordinates": [963234.5913377568, 1951151.542233355]}, "properties": {"kind": "drone", "drone_id": 7, "frame": 53, "time_s": 53.0, "timestamp": "2025-01-01T00:00:53", "mode": "SUM_MIN", "is_static": false, "battery": 36.50000000000047}}, {"type": "Feature", "geometry": {"type": "Point", "coordinates": [965405.6046776844, 1949598.1070971335]}, "properties": {"kind": "drone", "drone_id": 8, "frame": 53, "time_s": 53.0, "timestamp": "2025-01-01T00:00:53", "mode": "SUM_MIN", "is_static": false, "battery": 35.59395973154353}}, {"type": "Feature", "geometry": {"type": "Point", "coordinates": [962956.2260293976, 1951312.2565190694]}, "properties": {"kind": "drone", "drone_id": 9, "frame": 53, "time_s": 53.0, "timestamp": "2025-01-01T00:00:53", "mode": "SUM_MIN", "is_static": false, "battery": 47.00000000000062}}, {"type": "Feature", "geometry": {"type": "Point", "coordinates": [965944.0136724538, 1949437.2565190694]}, "properties": {"kind": "drone", "drone_id": 10, "frame": 53, "time_s": 53.0, "timestamp": "2025-01-01T00:00:53", "mode": "SUM_MIN", "is_static": false, "battery": 48.49999999999981}}, {"type": "Feature", "geometry": {"type": "Point", "coordinates": [964452.8385322114, 1949698.186887697]}, "properties": {"kind": "drone", "drone_id": 11, "frame": 53, "time_s": 53.0, "timestamp": "2025-01-01T00:00:53", "mode": "SUM_MIN", "is_static": false, "battery": 35.59395973154353}}, {"type": "Feature", "geometry": {"type": "Point", "coordinates": [963921.225765043, 1949870.6947305524]}, "properties": {"kind": "drone", "drone_id": 12, "frame": 53, "time_s": 53.0, "timestamp": "2025-01-01T00:00:53", "mode": "SUM_MIN", "is_static": false, "battery": 35.59395973154353}}, {"type": "Feature", "geometry": {"type": "Point", "coordinates": [963921.225765043, 1950262.2565190694]}, "properties": {"kind": "drone", "drone_id": 13, "frame": 53, "time_s": 53.0, "timestamp": "2025-01-01T00:00:53", "mode": "SUM_MIN", "is_static": false, "battery": 39.5}}, {"type": "Feature", "geometry": {"type": "Point", "coordinates": [963791.3219544754, 1950830.1136619265]}, "properties": {"kind": "drone", "drone_id": 14, "frame": 53, "time_s": 53.0, "timestamp": "2025-01-01T00:00:53", "mode": "SUM_MIN", "is_static": false, "battery": 44.00000000000082}}, {"type": "Feature", "geometry": {"type": "Point", "coordinates": [962399.4954126789, 1951526.542233355]}, "properties": {"kind": "drone", "drone_id": 15, "frame": 53, "time_s": 53.0, "timestamp": "2025-01-01T00:00:53", "mode": "SUM_MIN", "is_static": false, "battery": 39.500000000000625}}, {"type": "Feature", "geometry": {"type": "Point", "coordinates": [963531.5143333401, 1950980.1136619265]}, "properties": {"kind": "drone", "drone_id": 16, "frame": 53, "time_s": 53.0, "timestamp": "2025-01-01T00:00:53", "mode": "SUM_MIN", "is_static": false, "battery": 50.0}}, {"type": "Feature", "geometry": {"type": "Point", "coordinates": [965138.604672721, 1949752.2596218728]}, "properties": {"kind": "drone", "drone_id": 17, "frame": 53, "time_s": 53.0, "timestamp": "2025-01-01T00:00:53", "mode": "SUM_MIN", "is_static": false, "battery": 35.59395973154353}}, {"type": "Feature", "geometry": {"type": "Point", "coordinates": [966143.0504615591, 1950387.8847485522]}, "properties": {"kind": "drone", "drone_id": 18, "frame": 53, "time_s": 53.0, "timestamp": "2025-01-01T00:00:53", "mode": "SUM_MIN", "is_static": false, "battery": 35.59395973154353}}, {"type": "Feature", "geometry": {"type": "Point", "coordinates": [962622.1876593664, 1951505.1136619265]}, "properties": {"kind": "drone", "drone_id": 19, "frame": 53, "time_s": 53.0, "timestamp": "2025-01-01T00:00:53", "mode": "SUM_MIN", "is_static": false, "battery": 50.0}}, {"type": "Feature", "geometry": {"type": "Point", "coordinates": [965108.917747376, 1949769.3993762122]}, "properties": {"kind": "drone", "drone_id": 20, "frame": 53, "time_s": 53.0, "timestamp": "2025-01-01T00:00:53", "mode": "SUM_MIN", "is_static": false, "battery": 36.499999999998835}}, {"type": "Feature", "geometry": {"type": "Point", "coordinates": [961972.6686065281, 1951730.1136619265]}, "properties": {"kind": "base_A", "drone_id": 0, "frame": 53, "time_s": 53.0, "timestamp": "2025-01-01T00:00:53", "mode": "SUM_MIN", "is_static": true, "battery": 50.0}}, {"type": "Feature", "geometry": {"type": "Point", "coordinates": [966389.3981658287, 1948730.1136619265]}, "properties": {"kind": "base_B", "drone_id": 0, "frame": 53, "time_s": 53.0, "timestamp": "2025-01-01T00:00:53", "mode": "SUM_MIN", "is_static": true, "battery": 50.0}}, {"type": "Feature", "geometry": {"type": "Point", "coordinates": [965389.0042044928, 1949607.6913847993]}, "properties": {"kind": "drone", "drone_id": 1, "frame": 54, "time_s": 54.0, "timestamp": "2025-01-01T00:00:54", "mode": "SUM_MIN", "is_static": false, "battery": 35.32214765100662}}, {"type": "Feature", "geometry": {"type": "Point", "coordinates": [966222.3789808131, 1949276.542233355]}, "properties": {"kind": "drone", "drone_id": 2, "frame": 54, "time_s": 54.0, "timestamp": "2025-01-01T00:00:54", "mode": "SUM_MIN", "is_static": false, "battery": 43.99999999999942}}, {"type": "Feature", "geometry": {"type": "Point", "coordinates": [963809.8796416994, 1950519.3993762122]}, "properties": {"kind": "drone", "drone_id": 3, "frame": 54, "time_s": 54.0, "timestamp": "2025-01-01T00:00:54", "mode": "SUM_MIN", "is_static": false, "battery": 45.49999999999981}}, {"type": "Feature", "geometry": {"type": "Point", "coordinates": [962121.1301043197, 1951494.3993762122]}, "properties": {"kind": "drone", "drone_id": 4, "frame": 54, "time_s": 54.0, "timestamp": "2025-01-01T00:00:54", "mode": "SUM_MIN", "is_static": false, "battery": 43.99999999999981}}, {"type": "Feature", "geometry": {"type": "Point", "coordinates": [966389.3981658287, 1949052.126766119]}, "properties": {"kind": "drone", "drone_id": 5, "frame": 54, "time_s": 54.0, "timestamp": "2025-01-01T00:00:54", "mode": "SUM_MIN", "is_static": false, "battery": 35.32214765100662}}, {"type": "Feature", "geometry": {"type": "Point", "coordinates": [965666.798206498, 1949599.6304593368]}, "properties": {"kind": "drone", "drone_id": 6, "frame": 54, "time_s": 54.0, "timestamp": "2025-01-01T00:00:54", "mode": "SUM_MIN", "is_static": false, "battery": 35.32214765100662}}, {"type": "Feature", "geometry": {"type": "Point", "coordinates": [963234.5913377568, 1951151.542233355]}, "properties": {"kind": "drone", "drone_id": 7, "frame": 54, "time_s": 54.0, "timestamp": "2025-01-01T00:00:54", "mode": "SUM_MIN", "is_static": false, "battery": 36.50000000000047}}, {"type": "Feature", "geometry": {"type": "Point", "coordinates": [965373.3203388661, 1949616.7464688409]}, "properties": {"kind": "drone", "drone_id": 8, "frame": 54, "time_s": 54.0, "timestamp": "2025-01-01T00:00:54", "mode": "SUM_MIN", "is_static": false, "battery": 35.32214765100662}}, {"type": "Feature", "geometry": {"type": "Point", "coordinates": [962956.2260293976, 1951312.2565190694]}, "properties": {"kind": "drone", "drone_id": 9, "frame": 54, "time_s": 54.0, "timestamp": "2025-01-01T00:00:54", "mode": "SUM_MIN", "is_static": false, "battery": 47.00000000000062}}, {"type": "Feature", "geometry": {"type": "Point", "coordinates": [965944.0136724538, 1949437.2565190694]}, "properties": {"kind": "drone", "drone_id": 10, "frame": 54, "time_s": 54.0, "timestamp": "2025-01-01T00:00:54", "mode": "SUM_MIN", "is_static": false, "battery": 48.49999999999981}}, {"type": "Feature", "geometry": {"type": "Point", "coordinates": [964429.5927959648, 1949701.5057964541]}, "properties": {"kind": "drone", "drone_id": 11, "frame": 54, "time_s": 54.0, "timestamp": "2025-01-01T00:00:54", "mode": "SUM_MIN", "is_static": false, "battery": 35.32214765100662}}, {"type": "Feature", "geometry": {"type": "Point", "coordinates": [963921.225765043, 1949887.0834993403]}, "properties": {"kind": "drone", "drone_id": 12, "frame": 54, "time_s": 54.0, "timestamp": "2025-01-01T00:00:54", "mode": "SUM_MIN", "is_static": false, "battery": 35.32214765100662}}, {"type": "Feature", "geometry": {"type": "Point", "coordinates": [963921.225765043, 1950262.2565190694]}, "properties": {"kind": "drone", "drone_id": 13, "frame": 54, "time_s": 54.0, "timestamp": "2025-01-01T00:00:54", "mode": "SUM_MIN", "is_static": false, "battery": 39.5}}, {"type": "Feature", "geometry": {"type": "Point", "coordinates": [963791.3219544754, 1950830.1136619265]}, "properties": {"kind": "drone", "drone_id": 14, "frame": 54, "time_s": 54.0, "timestamp": "2025-01-01T00:00:54", "mode": "SUM_MIN", "is_static": false, "battery": 44.00000000000082}}, {"type": "Feature", "geometry": {"type": "Point", "coordinates": [962399.4954126789, 1951526.542233355]}, "properties": {"kind": "drone", "drone_id": 15, "frame": 54, "time_s": 54.0, "timestamp": "2025-01-01T00:00:54", "mode": "SUM_MIN", "is_static": false, "battery": 39.500000000000625}}, {"type": "Feature", "geometry": {"type": "Point", "coordinates": [963531.5143333401, 1950980.1136619265]}, "properties": {"kind": "drone", "drone_id": 16, "frame": 54, "time_s": 54.0, "timestamp": "2025-01-01T00:00:54", "mode": "SUM_MIN", "is_static": false, "battery": 50.0}}, {"type": "Feature", "geometry": {"type": "Point", "coordinates": [965106.1512763674, 1949770.9965989937]}, "properties": {"kind": "drone", "drone_id": 17, "frame": 54, "time_s": 54.0, "timestamp": "2025-01-01T00:00:54", "mode": "SUM_MIN", "is_static": false, "battery": 35.32214765100662}}, {"type": "Feature", "geometry": {"type": "Point", "coordinates": [966110.2223851185, 1950368.931449782]}, "properties": {"kind": "drone", "drone_id": 18, "frame": 54, "time_s": 54.0, "timestamp": "2025-01-01T00:00:54", "mode": "SUM_MIN", "is_static": false, "battery": 35.32214765100662}}, {"type": "Feature", "geometry": {"type": "Point", "coordinates": [962622.1876593664, 1951505.1136619265]}, "properties": {"kind": "drone", "drone_id": 19, "frame": 54, "time_s": 54.0, "timestamp": "2025-01-01T00:00:54", "mode": "SUM_MIN", "is_static": false, "battery": 50.0}}, {"type": "Feature", "geometry": {"type": "Point", "coordinates": [965108.917747376, 1949769.3993762122]}, "properties": {"kind": "drone", "drone_id": 20, "frame": 54, "time_s": 54.0, "timestamp": "2025-01-01T00:00:54", "mode": "SUM_MIN", "is_static": false, "battery": 36.499999999998835}}, {"type": "Feature", "geometry": {"type": "Point", "coordinates": [961972.6686065281, 1951730.1136619265]}, "properties": {"kind": "base_A", "drone_id": 0, "frame": 54, "time_s": 54.0, "timestamp": "2025-01-01T00:00:54", "mode": "SUM_MIN", "is_static": true, "battery": 50.0}}, {"type": "Feature", "geometry": {"type": "Point", "coordinates": [966389.3981658287, 1948730.1136619265]}, "properties": {"kind": "base_B", "drone_id": 0, "frame": 54, "time_s": 54.0, "timestamp": "2025-01-01T00:00:54", "mode": "SUM_MIN", "is_static": true, "battery": 50.0}}, {"type": "Feature", "geometry": {"type": "Point", "coordinates": [965387.3255909692, 1949608.660532769]}, "properties": {"kind": "drone", "drone_id": 1, "frame": 55, "time_s": 55.0, "timestamp": "2025-01-01T00:00:55", "mode": "SUM_MIN", "is_static": false, "battery": 35.0503355704697}}, {"type": "Feature", "geometry": {"type": "Point", "coordinates": [966222.3789808131, 1949276.542233355]}, "properties": {"kind": "drone", "drone_id": 2, "frame": 55, "time_s": 55.0, "timestamp": "2025-01-01T00:00:55", "mode": "SUM_MIN", "is_static": false, "battery": 43.99999999999942}}, {"type": "Feature", "geometry": {"type": "Point", "coordinates": [963809.8796416994, 1950519.3993762122]}, "properties": {"kind": "drone", "drone_id": 3, "frame": 55, "time_s": 55.0, "timestamp": "2025-01-01T00:00:55", "mode": "SUM_MIN", "is_static": false, "battery": 45.49999999999981}}, {"type": "Feature", "geometry": {"type": "Point", "coordinates": [962121.1301043197, 1951494.3993762122]}, "properties": {"kind": "drone", "drone_id": 4, "frame": 55, "time_s": 55.0, "timestamp": "2025-01-01T00:00:55", "mode": "SUM_MIN", "is_static": false, "battery": 43.99999999999981}}, {"type": "Feature", "geometry": {"type": "Point", "coordinates": [966389.3981658287, 1949051.556679078]}, "properties": {"kind": "drone", "drone_id": 5, "frame": 55, "time_s": 55.0, "timestamp": "2025-01-01T00:00:55", "mode": "SUM_MIN", "is_static": false, "battery": 35.0503355704697}}, {"type": "Feature", "geometry": {"type": "Point", "coordinates": [965665.6767804737, 1949598.0118202942]}, "properties": {"kind": "drone", "drone_id": 6, "frame": 55, "time_s": 55.0, "timestamp": "2025-01-01T00:00:55", "mode": "SUM_MIN", "is_static": false, "battery": 35.0503355704697}}, {"type": "Feature", "geometry": {"type": "Point", "coordinates": [963234.5913377568, 1951151.542233355]}, "properties": {"kind": "drone", "drone_id": 7, "frame": 55, "time_s": 55.0, "timestamp": "2025-01-01T00:00:55", "mode": "SUM_MIN", "is_static": false, "battery": 36.50000000000047}}, {"type": "Feature", "geometry": {"type": "Point", "coordinates": [965341.5558840553, 1949635.0856853765]}, "properties": {"kind": "drone", "drone_id": 8, "frame": 55, "time_s": 55.0, "timestamp": "2025-01-01T00:00:55", "mode": "SUM_MIN", "is_static": false, "battery": 35.0503355704697}}, {"type": "Feature", "geometry": {"type": "Point", "coordinates": [962956.2260293976, 1951312.2565190694]}, "properties": {"kind": "drone", "drone_id": 9, "frame": 55, "time_s": 55.0, "timestamp": "2025-01-01T00:00:55", "mode": "SUM_MIN", "is_static": false, "battery": 47.00000000000062}}, {"type": "Feature", "geometry": {"type": "Point", "coordinates": [965944.0136724538, 1949437.2565190694]}, "properties": {"kind": "drone", "drone_id": 10, "frame": 55, "time_s": 55.0, "timestamp": "2025-01-01T00:00:55", "mode": "SUM_MIN", "is_static": false, "battery": 48.49999999999981}}, {"type": "Feature", "geometry": {"type": "Point", "coordinates": [964406.6533098996, 1949694.1479528681]}, "properties": {"kind": "drone", "drone_id": 11, "frame": 55, "time_s": 55.0, "timestamp": "2025-01-01T00:00:55", "mode": "SUM_MIN", "is_static": false, "battery": 35.0503355704697}}, {"type": "Feature", "geometry": {"type": "Point", "coordinates": [963921.225765043, 1949901.4605934282]}, "properties": {"kind": "drone", "drone_id": 12, "frame": 55, "time_s": 55.0, "timestamp": "2025-01-01T00:00:55", "mode": "SUM_MIN", "is_static": false, "battery": 35.0503355704697}}, {"type": "Feature", "geometry": {"type": "Point", "coordinates": [963921.225765043, 1950262.2565190694]}, "properties": {"kind": "drone", "drone_id": 13, "frame": 55, "time_s": 55.0, "timestamp": "2025-01-01T00:00:55", "mode": "SUM_MIN", "is_static": false, "battery": 39.5}}, {"type": "Feature", "geometry": {"type": "Point", "coordinates": [963791.3219544754, 1950830.1136619265]}, "properties": {"kind": "drone", "drone_id": 14, "frame": 55, "time_s": 55.0, "timestamp": "2025-01-01T00:00:55", "mode": "SUM_MIN", "is_static": false, "battery": 44.00000000000082}}, {"type": "Feature", "geometry": {"type": "Point", "coordinates": [962399.4954126789, 1951526.542233355]}, "properties": {"kind": "drone", "drone_id": 15, "frame": 55, "time_s": 55.0, "timestamp": "2025-01-01T00:00:55", "mode": "SUM_MIN", "is_static": false, "battery": 39.500000000000625}}, {"type": "Feature", "geometry": {"type": "Point", "coordinates": [963531.5143333401, 1950980.1136619265]}, "properties": {"kind": "drone", "drone_id": 16, "frame": 55, "time_s": 55.0, "timestamp": "2025-01-01T00:00:55", "mode": "SUM_MIN", "is_static": false, "battery": 50.0}}, {"type": "Feature", "geometry": {"type": "Point", "coordinates": [965074.2204864036, 1949789.4318491747]}, "properties": {"kind": "drone", "drone_id": 17, "frame": 55, "time_s": 55.0, "timestamp": "2025-01-01T00:00:55", "mode": "SUM_MIN", "is_static": false, "battery": 35.0503355704697}}, {"type": "Feature", "geometry": {"type": "Point", "coordinates": [966077.1308701914, 1950349.8260547312]}, "properties": {"kind": "drone", "drone_id": 18, "frame": 55, "time_s": 55.0, "timestamp": "2025-01-01T00:00:55", "mode": "SUM_MIN", "is_static": false, "battery": 35.0503355704697}}, {"type": "Feature", "geometry": {"type": "Point", "coordinates": [962622.1876593664, 1951505.1136619265]}, "properties": {"kind": "drone", "drone_id": 19, "frame": 55, "time_s": 55.0, "timestamp": "2025-01-01T00:00:55", "mode": "SUM_MIN", "is_static": false, "battery": 50.0}}, {"type": "Feature", "geometry": {"type": "Point", "coordinates": [965108.917747376, 1949769.3993762122]}, "properties": {"kind": "drone", "drone_id": 20, "frame": 55, "time_s": 55.0, "timestamp": "2025-01-01T00:00:55", "mode": "SUM_MIN", "is_static": false, "battery": 36.499999999998835}}, {"type": "Feature", "geometry": {"type": "Point", "coordinates": [961972.6686065281, 1951730.1136619265]}, "properties": {"kind": "base_A", "drone_id": 0, "frame": 55, "time_s": 55.0, "timestamp": "2025-01-01T00:00:55", "mode": "SUM_MIN", "is_static": true, "battery": 50.0}}, {"type": "Feature", "geometry": {"type": "Point", "coordinates": [966389.3981658287, 1948730.1136619265]}, "properties": {"kind": "base_B", "drone_id": 0, "frame": 55, "time_s": 55.0, "timestamp": "2025-01-01T00:00:55", "mode": "SUM_MIN", "is_static": true, "battery": 50.0}}, {"type": "Feature", "geometry": {"type": "Point", "coordinates": [965387.2830557353, 1949608.6850904978]}, "properties": {"kind": "drone", "drone_id": 1, "frame": 56, "time_s": 56.0, "timestamp": "2025-01-01T00:00:56", "mode": "SUM_MIN", "is_static": false, "battery": 34.99999999999965}}, {"type": "Feature", "geometry": {"type": "Point", "coordinates": [966222.3789808131, 1949276.542233355]}, "properties": {"kind": "drone", "drone_id": 2, "frame": 56, "time_s": 56.0, "timestamp": "2025-01-01T00:00:56", "mode": "SUM_MIN", "is_static": false, "battery": 43.99999999999942}}, {"type": "Feature", "geometry": {"type": "Point", "coordinates": [963809.8796416994, 1950519.3993762122]}, "properties": {"kind": "drone", "drone_id": 3, "frame": 56, "time_s": 56.0, "timestamp": "2025-01-01T00:00:56", "mode": "SUM_MIN", "is_static": false, "battery": 45.49999999999981}}, {"type": "Feature", "geometry": {"type": "Point", "coordinates": [962121.1301043197, 1951494.3993762122]}, "properties": {"kind": "drone", "drone_id": 4, "frame": 56, "time_s": 56.0, "timestamp": "2025-01-01T00:00:56", "mode": "SUM_MIN", "is_static": false, "battery": 43.99999999999981}}, {"type": "Feature", "geometry": {"type": "Point", "coordinates": [966389.3981658287, 1949051.542233355]}, "properties": {"kind": "drone", "drone_id": 5, "frame": 56, "time_s": 56.0, "timestamp": "2025-01-01T00:00:56", "mode": "SUM_MIN", "is_static": false, "battery": 35.00000000000081}}, {"type": "Feature", "geometry": {"type": "Point", "coordinates": [965665.6483640946, 1949597.9708047837]}, "properties": {"kind": "drone", "drone_id": 6, "frame": 56, "time_s": 56.0, "timestamp": "2025-01-01T00:00:56", "mode": "SUM_MIN", "is_static": false, "battery": 35.00000000000085}}, {"type": "Feature", "geometry": {"type": "Point", "coordinates": [963234.5913377568, 1951151.542233355]}, "properties": {"kind": "drone", "drone_id": 7, "frame": 56, "time_s": 56.0, "timestamp": "2025-01-01T00:00:56", "mode": "SUM_MIN", "is_static": false, "battery": 36.50000000000047}}, {"type": "Feature", "geometry": {"type": "Point", "coordinates": [965310.3525375345, 1949653.10094589]}, "properties": {"kind": "drone", "drone_id": 8, "frame": 56, "time_s": 56.0, "timestamp": "2025-01-01T00:00:56", "mode": "SUM_MIN", "is_static": false, "battery": 34.77852348993279}}, {"type": "Feature", "geometry": {"type": "Point", "coordinates": [962956.2260293976, 1951312.2565190694]}, "properties": {"kind": "drone", "drone_id": 9, "frame": 56, "time_s": 56.0, "timestamp": "2025-01-01T00:00:56", "mode": "SUM_MIN", "is_static": false, "battery": 47.00000000000062}}, {"type": "Feature", "geometry": {"type": "Point", "coordinates": [965944.0136724538, 1949437.2565190694]}, "properties": {"kind": "drone", "drone_id": 10, "frame": 56, "time_s": 56.0, "timestamp": "2025-01-01T00:00:56", "mode": "SUM_MIN", "is_static": false, "battery": 48.49999999999981}}, {"type": "Feature", "geometry": {"type": "Point", "coordinates": [964385.2859507276, 1949687.2943692182]}, "properties": {"kind": "drone", "drone_id": 11, "frame": 56, "time_s": 56.0, "timestamp": "2025-01-01T00:00:56", "mode": "SUM_MIN", "is_static": false, "battery": 34.77852348993278}}, {"type": "Feature", "geometry": {"type": "Point", "coordinates": [963921.225765043, 1949913.740945914]}, "properties": {"kind": "drone", "drone_id": 12, "frame": 56, "time_s": 56.0, "timestamp": "2025-01-01T00:00:56", "mode": "SUM_MIN", "is_static": false, "battery": 34.77852348993278}}, {"type": "Feature", "geometry": {"type": "Point", "coordinates": [963921.225765043, 1950262.2565190694]}, "properties": {"kind": "drone", "drone_id": 13, "frame": 56, "time_s": 56.0, "timestamp": "2025-01-01T00:00:56", "mode": "SUM_MIN", "is_static": false, "battery": 39.5}}, {"type": "Feature", "geometry": {"type": "Point", "coordinates": [963791.3219544754, 1950830.1136619265]}, "properties": {"kind": "drone", "drone_id": 14, "frame": 56, "time_s": 56.0, "timestamp": "2025-01-01T00:00:56", "mode": "SUM_MIN", "is_static": false, "battery": 44.00000000000082}}, {"type": "Feature", "geometry": {"type": "Point", "coordinates": [962399.4954126789, 1951526.542233355]}, "properties": {"kind": "drone", "drone_id": 15, "frame": 56, "time_s": 56.0, "timestamp": "2025-01-01T00:00:56", "mode": "SUM_MIN", "is_static": false, "battery": 39.500000000000625}}, {"type": "Feature", "geometry": {"type": "Point", "coordinates": [963531.5143333401, 1950980.1136619265]}, "properties": {"kind": "drone", "drone_id": 16, "frame": 56, "time_s": 56.0, "timestamp": "2025-01-01T00:00:56", "mode": "SUM_MIN", "is_static": false, "battery": 50.0}}, {"type": "Feature", "geometry": {"type": "Point", "coordinates": [965042.8537429835, 1949807.541446932]}, "properties": {"kind": "drone", "drone_id": 17, "frame": 56, "time_s": 56.0, "timestamp": "2025-01-01T00:00:56", "mode": "SUM_MIN", "is_static": false, "battery": 34.77852348993278}}, {"type": "Feature", "geometry": {"type": "Point", "coordinates": [966043.7887674356, 1950330.5759827297]}, "properties": {"kind": "drone", "drone_id": 18, "frame": 56, "time_s": 56.0, "timestamp": "2025-01-01T00:00:56", "mode": "SUM_MIN", "is_static": false, "battery": 34.77852348993278}}, {"type": "Feature", "geometry": {"type": "Point", "coordinates": [962622.1876593664, 1951505.1136619265]}, "properties": {"kind": "drone", "drone_id": 19, "frame": 56, "time_s": 56.0, "timestamp": "2025-01-01T00:00:56", "mode": "SUM_MIN", "is_static": false, "battery": 50.0}}, {"type": "Feature", "geometry": {"type": "Point", "coordinates": [965108.917747376, 1949769.3993762122]}, "properties": {"kind": "drone", "drone_id": 20, "frame": 56, "time_s": 56.0, "timestamp": "2025-01-01T00:00:56", "mode": "SUM_MIN", "is_static": false, "battery": 36.499999999998835}}, {"type": "Feature", "geometry": {"type": "Point", "coordinates": [961972.6686065281, 1951730.1136619265]}, "properties": {"kind": "base_A", "drone_id": 0, "frame": 56, "time_s": 56.0, "timestamp": "2025-01-01T00:00:56", "mode": "SUM_MIN", "is_static": true, "battery": 50.0}}, {"type": "Feature", "geometry": {"type": "Point", "coordinates": [966389.3981658287, 1948730.1136619265]}, "properties": {"kind": "base_B", "drone_id": 0, "frame": 56, "time_s": 56.0, "timestamp": "2025-01-01T00:00:56", "mode": "SUM_MIN", "is_static": true, "battery": 50.0}}, {"type": "Feature", "geometry": {"type": "Point", "coordinates": [965387.2830557353, 1949608.6850904978]}, "properties": {"kind": "drone", "drone_id": 1, "frame": 57, "time_s": 57.0, "timestamp": "2025-01-01T00:00:57", "mode": "SUM_MIN", "is_static": false, "battery": 34.99999999999965}}, {"type": "Feature", "geometry": {"type": "Point", "coordinates": [966222.3789808131, 1949276.542233355]}, "properties": {"kind": "drone", "drone_id": 2, "frame": 57, "time_s": 57.0, "timestamp": "2025-01-01T00:00:57", "mode": "SUM_MIN", "is_static": false, "battery": 43.99999999999942}}, {"type": "Feature", "geometry": {"type": "Point", "coordinates": [963809.8796416994, 1950519.3993762122]}, "properties": {"kind": "drone", "drone_id": 3, "frame": 57, "time_s": 57.0, "timestamp": "2025-01-01T00:00:57", "mode": "SUM_MIN", "is_static": false, "battery": 45.49999999999981}}, {"type": "Feature", "geometry": {"type": "Point", "coordinates": [962121.1301043197, 1951494.3993762122]}, "properties": {"kind": "drone", "drone_id": 4, "frame": 57, "time_s": 57.0, "timestamp": "2025-01-01T00:00:57", "mode": "SUM_MIN", "is_static": false, "battery": 43.99999999999981}}, {"type": "Feature", "geometry": {"type": "Point", "coordinates": [966389.3981658287, 1949051.542233355]}, "properties": {"kind": "drone", "drone_id": 5, "frame": 57, "time_s": 57.0, "timestamp": "2025-01-01T00:00:57", "mode": "SUM_MIN", "is_static": false, "battery": 35.00000000000081}}, {"type": "Feature", "geometry": {"type": "Point", "coordinates": [965665.6483640946, 1949597.9708047837]}, "properties": {"kind": "drone", "drone_id": 6, "frame": 57, "time_s": 57.0, "timestamp": "2025-01-01T00:00:57", "mode": "SUM_MIN", "is_static": false, "battery": 35.00000000000085}}, {"type": "Feature", "geometry": {"type": "Point", "coordinates": [963234.5913377568, 1951151.542233355]}, "properties": {"kind": "drone", "drone_id": 7, "frame": 57, "time_s": 57.0, "timestamp": "2025-01-01T00:00:57", "mode": "SUM_MIN", "is_static": false, "battery": 36.50000000000047}}, {"type": "Feature", "geometry": {"type": "Point", "coordinates": [965279.7515235863, 1949670.7684495305]}, "properties": {"kind": "drone", "drone_id": 8, "frame": 57, "time_s": 57.0, "timestamp": "2025-01-01T00:00:57", "mode": "SUM_MIN", "is_static": false, "battery": 34.50671140939587}}, {"type": "Feature", "geometry": {"type": "Point", "coordinates": [962956.2260293976, 1951312.2565190694]}, "properties": {"kind": "drone", "drone_id": 9, "frame": 57, "time_s": 57.0, "timestamp": "2025-01-01T00:00:57", "mode": "SUM_MIN", "is_static": false, "battery": 47.00000000000062}}, {"type": "Feature", "geometry": {"type": "Point", "coordinates": [965944.0136724538, 1949437.2565190694]}, "properties": {"kind": "drone", "drone_id": 10, "frame": 57, "time_s": 57.0, "timestamp": "2025-01-01T00:00:57", "mode": "SUM_MIN", "is_static": false, "battery": 48.49999999999981}}, {"type": "Feature", "geometry": {"type": "Point", "coordinates": [964365.5625415051, 1949680.9680827605]}, "properties": {"kind": "drone", "drone_id": 11, "frame": 57, "time_s": 57.0, "timestamp": "2025-01-01T00:00:57", "mode": "SUM_MIN", "is_static": false, "battery": 34.50671140939587}}, {"type": "Feature", "geometry": {"type": "Point", "coordinates": [963921.225765043, 1949923.839489896]}, "properties": {"kind": "drone", "drone_id": 12, "frame": 57, "time_s": 57.0, "timestamp": "2025-01-01T00:00:57", "mode": "SUM_MIN", "is_static": false, "battery": 34.50671140939587}}, {"type": "Feature", "geometry": {"type": "Point", "coordinates": [963921.225765043, 1950262.2565190694]}, "properties": {"kind": "drone", "drone_id": 13, "frame": 57, "time_s": 57.0, "timestamp": "2025-01-01T00:00:57", "mode": "SUM_MIN", "is_static": false, "battery": 39.5}}, {"type": "Feature", "geometry": {"type": "Point", "coordinates": [963791.3219544754, 1950830.1136619265]}, "properties": {"kind": "drone", "drone_id": 14, "frame": 57, "time_s": 57.0, "timestamp": "2025-01-01T00:00:57", "mode": "SUM_MIN", "is_static": false, "battery": 44.00000000000082}}, {"type": "Feature", "geometry": {"type": "Point", "coordinates": [962399.4954126789, 1951526.542233355]}, "properties": {"kind": "drone", "drone_id": 15, "frame": 57, "time_s": 57.0, "timestamp": "2025-01-01T00:00:57", "mode": "SUM_MIN", "is_static": false, "battery": 39.500000000000625}}, {"type": "Feature", "geometry": {"type": "Point", "coordinates": [963531.5143333401, 1950980.1136619265]}, "properties": {"kind": "drone", "drone_id": 16, "frame": 57, "time_s": 57.0, "timestamp": "2025-01-01T00:00:57", "mode": "SUM_MIN", "is_static": false, "battery": 50.0}}, {"type": "Feature", "geometry": {"type": "Point", "coordinates": [965012.0924862619, 1949825.3014667807]}, "properties": {"kind": "drone", "drone_id": 17, "frame": 57, "time_s": 57.0, "timestamp": "2025-01-01T00:00:57", "mode": "SUM_MIN", "is_static": false, "battery": 34.50671140939587}}, {"type": "Feature", "geometry": {"type": "Point", "coordinates": [966010.208927509, 1950311.1886531087]}, "properties": {"kind": "drone", "drone_id": 18, "frame": 57, "time_s": 57.0, "timestamp": "2025-01-01T00:00:57", "mode": "SUM_MIN", "is_static": false, "battery": 34.50671140939587}}, {"type": "Feature", "geometry": {"type": "Point", "coordinates": [962622.1876593664, 1951505.1136619265]}, "properties": {"kind": "drone", "drone_id": 19, "frame": 57, "time_s": 57.0, "timestamp": "2025-01-01T00:00:57", "mode": "SUM_MIN", "is_static": false, "battery": 50.0}}, {"type": "Feature", "geometry": {"type": "Point", "coordinates": [965108.917747376, 1949769.3993762122]}, "properties": {"kind": "drone", "drone_id": 20, "frame": 57, "time_s": 57.0, "timestamp": "2025-01-01T00:00:57", "mode": "SUM_MIN", "is_static": false, "battery": 36.499999999998835}}, {"type": "Feature", "geometry": {"type": "Point", "coordinates": [961972.6686065281, 1951730.1136619265]}, "properties": {"kind": "base_A", "drone_id": 0, "frame": 57, "time_s": 57.0, "timestamp": "2025-01-01T00:00:57", "mode": "SUM_MIN", "is_static": true, "battery": 50.0}}, {"type": "Feature", "geometry": {"type": "Point", "coordinates": [966389.3981658287, 1948730.1136619265]}, "properties": {"kind": "base_B", "drone_id": 0, "frame": 57, "time_s": 57.0, "timestamp": "2025-01-01T00:00:57", "mode": "SUM_MIN", "is_static": true, "battery": 50.0}}, {"type": "Feature", "geometry": {"type": "Point", "coordinates": [965387.2830557353, 1949608.6850904978]}, "properties": {"kind": "drone", "drone_id": 1, "frame": 58, "time_s": 58.0, "timestamp": "2025-01-01T00:00:58", "mode": "SUM_MIN", "is_static": false, "battery": 34.99999999999965}}, {"type": "Feature", "geometry": {"type": "Point", "coordinates": [966222.3789808131, 1949276.542233355]}, "properties": {"kind": "drone", "drone_id": 2, "frame": 58, "time_s": 58.0, "timestamp": "2025-01-01T00:00:58", "mode": "SUM_MIN", "is_static": false, "battery": 43.99999999999942}}, {"type": "Feature", "geometry": {"type": "Point", "coordinates": [963809.8796416994, 1950519.3993762122]}, "properties": {"kind": "drone", "drone_id": 3, "frame": 58, "time_s": 58.0, "timestamp": "2025-01-01T00:00:58", "mode": "SUM_MIN", "is_static": false, "battery": 45.49999999999981}}, {"type": "Feature", "geometry": {"type": "Point", "coordinates": [962121.1301043197, 1951494.3993762122]}, "properties": {"kind": "drone", "drone_id": 4, "frame": 58, "time_s": 58.0, "timestamp": "2025-01-01T00:00:58", "mode": "SUM_MIN", "is_static": false, "battery": 43.99999999999981}}, {"type": "Feature", "geometry": {"type": "Point", "coordinates": [966389.3981658287, 1949051.542233355]}, "properties": {"kind": "drone", "drone_id": 5, "frame": 58, "time_s": 58.0, "timestamp": "2025-01-01T00:00:58", "mode": "SUM_MIN", "is_static": false, "battery": 35.00000000000081}}, {"type": "Feature", "geometry": {"type": "Point", "coordinates": [965665.6483640946, 1949597.9708047837]}, "properties": {"kind": "drone", "drone_id": 6, "frame": 58, "time_s": 58.0, "timestamp": "2025-01-01T00:00:58", "mode": "SUM_MIN", "is_static": false, "battery": 35.00000000000085}}, {"type": "Feature", "geometry": {"type": "Point", "coordinates": [963234.5913377568, 1951151.542233355]}, "properties": {"kind": "drone", "drone_id": 7, "frame": 58, "time_s": 58.0, "timestamp": "2025-01-01T00:00:58", "mode": "SUM_MIN", "is_static": false, "battery": 36.50000000000047}}, {"type": "Feature", "geometry": {"type": "Point", "coordinates": [965249.7940664932, 1949688.0643954475]}, "properties": {"kind": "drone", "drone_id": 8, "frame": 58, "time_s": 58.0, "timestamp": "2025-01-01T00:00:58", "mode": "SUM_MIN", "is_static": false, "battery": 34.23489932885896}}, {"type": "Feature", "geometry": {"type": "Point", "coordinates": [962956.2260293976, 1951312.2565190694]}, "properties": {"kind": "drone", "drone_id": 9, "frame": 58, "time_s": 58.0, "timestamp": "2025-01-01T00:00:58", "mode": "SUM_MIN", "is_static": false, "battery": 47.00000000000062}}, {"type": "Feature", "geometry": {"type": "Point", "coordinates": [965944.0136724538, 1949437.2565190694]}, "properties": {"kind": "drone", "drone_id": 10, "frame": 58, "time_s": 58.0, "timestamp": "2025-01-01T00:00:58", "mode": "SUM_MIN", "is_static": false, "battery": 48.49999999999981}}, {"type": "Feature", "geometry": {"type": "Point", "coordinates": [964347.5549052879, 1949675.1921307507]}, "properties": {"kind": "drone", "drone_id": 11, "frame": 58, "time_s": 58.0, "timestamp": "2025-01-01T00:00:58", "mode": "SUM_MIN", "is_static": false, "battery": 34.23489932885896}}, {"type": "Feature", "geometry": {"type": "Point", "coordinates": [963921.225765043, 1949931.6711584718]}, "properties": {"kind": "drone", "drone_id": 12, "frame": 58, "time_s": 58.0, "timestamp": "2025-01-01T00:00:58", "mode": "SUM_MIN", "is_static": false, "battery": 34.23489932885896}}, {"type": "Feature", "geometry": {"type": "Point", "coordinates": [963921.225765043, 1950262.2565190694]}, "properties": {"kind": "drone", "drone_id": 13, "frame": 58, "time_s": 58.0, "timestamp": "2025-01-01T00:00:58", "mode": "SUM_MIN", "is_static": false, "battery": 39.5}}, {"type": "Feature", "geometry": {"type": "Point", "coordinates": [963791.3219544754, 1950830.1136619265]}, "properties": {"kind": "drone", "drone_id": 14, "frame": 58, "time_s": 58.0, "timestamp": "2025-01-01T00:00:58", "mode": "SUM_MIN", "is_static": false, "battery": 44.00000000000082}}, {"type": "Feature", "geometry": {"type": "Point", "coordinates": [962399.4954126789, 1951526.542233355]}, "properties": {"kind": "drone", "drone_id": 15, "frame": 58, "time_s": 58.0, "timestamp": "2025-01-01T00:00:58", "mode": "SUM_MIN", "is_static": false, "battery": 39.500000000000625}}, {"type": "Feature", "geometry": {"type": "Point", "coordinates": [963531.5143333401, 1950980.1136619265]}, "properties": {"kind": "drone", "drone_id": 16, "frame": 58, "time_s": 58.0, "timestamp": "2025-01-01T00:00:58", "mode": "SUM_MIN", "is_static": false, "battery": 50.0}}, {"type": "Feature", "geometry": {"type": "Point", "coordinates": [964981.9781563925, 1949842.6879832374]}, "properties": {"kind": "drone", "drone_id": 17, "frame": 58, "time_s": 58.0, "timestamp": "2025-01-01T00:00:58", "mode": "SUM_MIN", "is_static": false, "battery": 34.23489932885896}}, {"type": "Feature", "geometry": {"type": "Point", "coordinates": [965976.4042010695, 1950291.6714851991]}, "properties": {"kind": "drone", "drone_id": 18, "frame": 58, "time_s": 58.0, "timestamp": "2025-01-01T00:00:58", "mode": "SUM_MIN", "is_static": false, "battery": 34.23489932885896}}, {"type": "Feature", "geometry": {"type": "Point", "coordinates": [962622.1876593664, 1951505.1136619265]}, "properties": {"kind": "drone", "drone_id": 19, "frame": 58, "time_s": 58.0, "timestamp": "2025-01-01T00:00:58", "mode": "SUM_MIN", "is_static": false, "battery": 50.0}}, {"type": "Feature", "geometry": {"type": "Point", "coordinates": [965108.917747376, 1949769.3993762122]}, "properties": {"kind": "drone", "drone_id": 20, "frame": 58, "time_s": 58.0, "timestamp": "2025-01-01T00:00:58", "mode": "SUM_MIN", "is_static": false, "battery": 36.499999999998835}}, {"type": "Feature", "geometry": {"type": "Point", "coordinates": [961972.6686065281, 1951730.1136619265]}, "properties": {"kind": "base_A", "drone_id": 0, "frame": 58, "time_s": 58.0, "timestamp": "2025-01-01T00:00:58", "mode": "SUM_MIN", "is_static": true, "battery": 50.0}}, {"type": "Feature", "geometry": {"type": "Point", "coordinates": [966389.3981658287, 1948730.1136619265]}, "properties": {"kind": "base_B", "drone_id": 0, "frame": 58, "time_s": 58.0, "timestamp": "2025-01-01T00:00:58", "mode": "SUM_MIN", "is_static": true, "battery": 50.0}}, {"type": "Feature", "geometry": {"type": "Point", "coordinates": [965387.2830557353, 1949608.6850904978]}, "properties": {"kind": "drone", "drone_id": 1, "frame": 59, "time_s": 59.0, "timestamp": "2025-01-01T00:00:59", "mode": "SUM_MIN", "is_static": false, "battery": 34.99999999999965}}, {"type": "Feature", "geometry": {"type": "Point", "coordinates": [966222.3789808131, 1949276.542233355]}, "properties": {"kind": "drone", "drone_id": 2, "frame": 59, "time_s": 59.0, "timestamp": "2025-01-01T00:00:59", "mode": "SUM_MIN", "is_static": false, "battery": 43.99999999999942}}, {"type": "Feature", "geometry": {"type": "Point", "coordinates": [963809.8796416994, 1950519.3993762122]}, "properties": {"kind": "drone", "drone_id": 3, "frame": 59, "time_s": 59.0, "timestamp": "2025-01-01T00:00:59", "mode": "SUM_MIN", "is_static": false, "battery": 45.49999999999981}}, {"type": "Feature", "geometry": {"type": "Point", "coordinates": [962121.1301043197, 1951494.3993762122]}, "properties": {"kind": "drone", "drone_id": 4, "frame": 59, "time_s": 59.0, "timestamp": "2025-01-01T00:00:59", "mode": "SUM_MIN", "is_static": false, "battery": 43.99999999999981}}, {"type": "Feature", "geometry": {"type": "Point", "coordinates": [966389.3981658287, 1949051.542233355]}, "properties": {"kind": "drone", "drone_id": 5, "frame": 59, "time_s": 59.0, "timestamp": "2025-01-01T00:00:59", "mode": "SUM_MIN", "is_static": false, "battery": 35.00000000000081}}, {"type": "Feature", "geometry": {"type": "Point", "coordinates": [965665.6483640946, 1949597.9708047837]}, "properties": {"kind": "drone", "drone_id": 6, "frame": 59, "time_s": 59.0, "timestamp": "2025-01-01T00:00:59", "mode": "SUM_MIN", "is_static": false, "battery": 35.00000000000085}}, {"type": "Feature", "geometry": {"type": "Point", "coordinates": [963234.5913377568, 1951151.542233355]}, "properties": {"kind": "drone", "drone_id": 7, "frame": 59, "time_s": 59.0, "timestamp": "2025-01-01T00:00:59", "mode": "SUM_MIN", "is_static": false, "battery": 36.50000000000047}}, {"type": "Feature", "geometry": {"type": "Point", "coordinates": [965220.5213905377, 1949704.9649827902]}, "properties": {"kind": "drone", "drone_id": 8, "frame": 59, "time_s": 59.0, "timestamp": "2025-01-01T00:00:59", "mode": "SUM_MIN", "is_static": false, "battery": 33.96308724832204}}, {"type": "Feature", "geometry": {"type": "Point", "coordinates": [962956.2260293976, 1951312.2565190694]}, "properties": {"kind": "drone", "drone_id": 9, "frame": 59, "time_s": 59.0, "timestamp": "2025-01-01T00:00:59", "mode": "SUM_MIN", "is_static": false, "battery": 47.00000000000062}}, {"type": "Feature", "geometry": {"type": "Point", "coordinates": [965944.0136724538, 1949437.2565190694]}, "properties": {"kind": "drone", "drone_id": 10, "frame": 59, "time_s": 59.0, "timestamp": "2025-01-01T00:00:59", "mode": "SUM_MIN", "is_static": false, "battery": 48.49999999999981}}, {"type": "Feature", "geometry": {"type": "Point", "coordinates": [964331.3348651322, 1949669.9895504452]}, "properties": {"kind": "drone", "drone_id": 11, "frame": 59, "time_s": 59.0, "timestamp": "2025-01-01T00:00:59", "mode": "SUM_MIN", "is_static": false, "battery": 33.96308724832204}}, {"type": "Feature", "geometry": {"type": "Point", "coordinates": [963921.225765043, 1949937.1508847398]}, "properties": {"kind": "drone", "drone_id": 12, "frame": 59, "time_s": 59.0, "timestamp": "2025-01-01T00:00:59", "mode": "SUM_MIN", "is_static": false, "battery": 33.96308724832204}}, {"type": "Feature", "geometry": {"type": "Point", "coordinates": [963921.225765043, 1950262.2565190694]}, "properties": {"kind": "drone", "drone_id": 13, "frame": 59, "time_s": 59.0, "timestamp": "2025-01-01T00:00:59", "mode": "SUM_MIN", "is_static": false, "battery": 39.5}}, {"type": "Feature", "geometry": {"type": "Point", "coordinates": [963791.3219544754, 1950830.1136619265]}, "properties": {"kind": "drone", "drone_id": 14, "frame": 59, "time_s": 59.0, "timestamp": "2025-01-01T00:00:59", "mode": "SUM_MIN", "is_static": false, "battery": 44.00000000000082}}, {"type": "Feature", "geometry": {"type": "Point", "coordinates": [962399.4954126789, 1951526.542233355]}, "properties": {"kind": "drone", "drone_id": 15, "frame": 59, "time_s": 59.0, "timestamp": "2025-01-01T00:00:59", "mode": "SUM_MIN", "is_static": false, "battery": 39.500000000000625}}, {"type": "Feature", "geometry": {"type": "Point", "coordinates": [963531.5143333401, 1950980.1136619265]}, "properties": {"kind": "drone", "drone_id": 16, "frame": 59, "time_s": 59.0, "timestamp": "2025-01-01T00:00:59", "mode": "SUM_MIN", "is_static": false, "battery": 50.0}}, {"type": "Feature", "geometry": {"type": "Point", "coordinates": [964952.5521935299, 1949850.5502530357]}, "properties": {"kind": "drone", "drone_id": 17, "frame": 59, "time_s": 59.0, "timestamp": "2025-01-01T00:00:59", "mode": "SUM_MIN", "is_static": false, "battery": 33.96308724832204}}, {"type": "Feature", "geometry": {"type": "Point", "coordinates": [965942.387438775, 1950272.0318983314]}, "properties": {"kind": "drone", "drone_id": 18, "frame": 59, "time_s": 59.0, "timestamp": "2025-01-01T00:00:59", "mode": "SUM_MIN", "is_static": false, "battery": 33.96308724832204}}, {"type": "Feature", "geometry": {"type": "Point", "coordinates": [962622.1876593664, 1951505.1136619265]}, "properties": {"kind": "drone", "drone_id": 19, "frame": 59, "time_s": 59.0, "timestamp": "2025-01-01T00:00:59", "mode": "SUM_MIN", "is_static": false, "battery": 50.0}}, {"type": "Feature", "geometry": {"type": "Point", "coordinates": [965108.917747376, 1949769.3993762122]}, "properties": {"kind": "drone", "drone_id": 20, "frame": 59, "time_s": 59.0, "timestamp": "2025-01-01T00:00:59", "mode": "SUM_MIN", "is_static": false, "battery": 36.499999999998835}}, {"type": "Feature", "geometry": {"type": "Point", "coordinates": [961972.6686065281, 1951730.1136619265]}, "properties": {"kind": "base_A", "drone_id": 0, "frame": 59, "time_s": 59.0, "timestamp": "2025-01-01T00:00:59", "mode": "SUM_MIN", "is_static": true, "battery": 50.0}}, {"type": "Feature", "geometry": {"type": "Point", "coordinates": [966389.3981658287, 1948730.1136619265]}, "properties": {"kind": "base_B", "drone_id": 0, "frame": 59, "time_s": 59.0, "timestamp": "2025-01-01T00:00:59", "mode": "SUM_MIN", "is_static": true, "battery": 50.0}}, {"type": "Feature", "geometry": {"type": "Point", "coordinates": [965387.2830557353, 1949608.6850904978]}, "properties": {"kind": "drone", "drone_id": 1, "frame": 60, "time_s": 60.0, "timestamp": "2025-01-01T00:01:00", "mode": "SUM_MIN", "is_static": false, "battery": 34.99999999999965}}, {"type": "Feature", "geometry": {"type": "Point", "coordinates": [966222.3789808131, 1949276.542233355]}, "properties": {"kind": "drone", "drone_id": 2, "frame": 60, "time_s": 60.0, "timestamp": "2025-01-01T00:01:00", "mode": "SUM_MIN", "is_static": false, "battery": 43.99999999999942}}, {"type": "Feature", "geometry": {"type": "Point", "coordinates": [963809.8796416994, 1950519.3993762122]}, "properties": {"kind": "drone", "drone_id": 3, "frame": 60, "time_s": 60.0, "timestamp": "2025-01-01T00:01:00", "mode": "SUM_MIN", "is_static": false, "battery": 45.49999999999981}}, {"type": "Feature", "geometry": {"type": "Point", "coordinates": [962121.1301043197, 1951494.3993762122]}, "properties": {"kind": "drone", "drone_id": 4, "frame": 60, "time_s": 60.0, "timestamp": "2025-01-01T00:01:00", "mode": "SUM_MIN", "is_static": false, "battery": 43.99999999999981}}, {"type": "Feature", "geometry": {"type": "Point", "coordinates": [966389.3981658287, 1949051.542233355]}, "properties": {"kind": "drone", "drone_id": 5, "frame": 60, "time_s": 60.0, "timestamp": "2025-01-01T00:01:00", "mode": "SUM_MIN", "is_static": false, "battery": 35.00000000000081}}, {"type": "Feature", "geometry": {"type": "Point", "coordinates": [965665.6483640946, 1949597.9708047837]}, "properties": {"kind": "drone", "drone_id": 6, "frame": 60, "time_s": 60.0, "timestamp": "2025-01-01T00:01:00", "mode": "SUM_MIN", "is_static": false, "battery": 35.00000000000085}}, {"type": "Feature", "geometry": {"type": "Point", "coordinates": [963234.5913377568, 1951151.542233355]}, "properties": {"kind": "drone", "drone_id": 7, "frame": 60, "time_s": 60.0, "timestamp": "2025-01-01T00:01:00", "mode": "SUM_MIN", "is_static": false, "battery": 36.50000000000047}}, {"type": "Feature", "geometry": {"type": "Point", "coordinates": [965191.9747200024, 1949721.4464107084]}, "properties": {"kind": "drone", "drone_id": 8, "frame": 60, "time_s": 60.0, "timestamp": "2025-01-01T00:01:00", "mode": "SUM_MIN", "is_static": false, "battery": 33.69127516778513}}, {"type": "Feature", "geometry": {"type": "Point", "coordinates": [962956.2260293976, 1951312.2565190694]}, "properties": {"kind": "drone", "drone_id": 9, "frame": 60, "time_s": 60.0, "timestamp": "2025-01-01T00:01:00", "mode": "SUM_MIN", "is_static": false, "battery": 47.00000000000062}}, {"type": "Feature", "geometry": {"type": "Point", "coordinates": [965944.0136724538, 1949437.2565190694]}, "properties": {"kind": "drone", "drone_id": 10, "frame": 60, "time_s": 60.0, "timestamp": "2025-01-01T00:01:00", "mode": "SUM_MIN", "is_static": false, "battery": 48.49999999999981}}, {"type": "Feature", "geometry": {"type": "Point", "coordinates": [964316.974244094, 1949665.3833790997]}, "properties": {"kind": "drone", "drone_id": 11, "frame": 60, "time_s": 60.0, "timestamp": "2025-01-01T00:01:00", "mode": "SUM_MIN", "is_static": false, "battery": 33.69127516778513}}, {"type": "Feature", "geometry": {"type": "Point", "coordinates": [963921.225765043, 1949940.193601798]}, "properties": {"kind": "drone", "drone_id": 12, "frame": 60, "time_s": 60.0, "timestamp": "2025-01-01T00:01:00", "mode": "SUM_MIN", "is_static": false, "battery": 33.69127516778513}}, {"type": "Feature", "geometry": {"type": "Point", "coordinates": [963921.225765043, 1950262.2565190694]}, "properties": {"kind": "drone", "drone_id": 13, "frame": 60, "time_s": 60.0, "timestamp": "2025-01-01T00:01:00", "mode": "SUM_MIN", "is_static": false, "battery": 39.5}}, {"type": "Feature", "geometry": {"type": "Point", "coordinates": [963791.3219544754, 1950830.1136619265]}, "properties": {"kind": "drone", "drone_id": 14, "frame": 60, "time_s": 60.0, "timestamp": "2025-01-01T00:01:00", "mode": "SUM_MIN", "is_static": false, "battery": 44.00000000000082}}, {"type": "Feature", "geometry": {"type": "Point", "coordinates": [962399.4954126789, 1951526.542233355]}, "properties": {"kind": "drone", "drone_id": 15, "frame": 60, "time_s": 60.0, "timestamp": "2025-01-01T00:01:00", "mode": "SUM_MIN", "is_static": false, "battery": 39.500000000000625}}, {"type": "Feature", "geometry": {"type": "Point", "coordinates": [963531.5143333401, 1950980.1136619265]}, "properties": {"kind": "drone", "drone_id": 16, "frame": 60, "time_s": 60.0, "timestamp": "2025-01-01T00:01:00", "mode": "SUM_MIN", "is_static": false, "battery": 50.0}}, {"type": "Feature", "geometry": {"type": "Point", "coordinates": [964923.8560378281, 1949833.9825198166]}, "properties": {"kind": "drone", "drone_id": 17, "frame": 60, "time_s": 60.0, "timestamp": "2025-01-01T00:01:00", "mode": "SUM_MIN", "is_static": false, "battery": 33.69127516778513}}, {"type": "Feature", "geometry": {"type": "Point", "coordinates": [965908.1714912836, 1950252.2773118366]}, "properties": {"kind": "drone", "drone_id": 18, "frame": 60, "time_s": 60.0, "timestamp": "2025-01-01T00:01:00", "mode": "SUM_MIN", "is_static": false, "battery": 33.69127516778513}}, {"type": "Feature", "geometry": {"type": "Point", "coordinates": [962622.1876593664, 1951505.1136619265]}, "properties": {"kind": "drone", "drone_id": 19, "frame": 60, "time_s": 60.0, "timestamp": "2025-01-01T00:01:00", "mode": "SUM_MIN", "is_static": false, "battery": 50.0}}, {"type": "Feature", "geometry": {"type": "Point", "coordinates": [965108.917747376, 1949769.3993762122]}, "properties": {"kind": "drone", "drone_id": 20, "frame": 60, "time_s": 60.0, "timestamp": "2025-01-01T00:01:00", "mode": "SUM_MIN", "is_static": false, "battery": 36.499999999998835}}, {"type": "Feature", "geometry": {"type": "Point", "coordinates": [961972.6686065281, 1951730.1136619265]}, "properties": {"kind": "base_A", "drone_id": 0, "frame": 60, "time_s": 60.0, "timestamp": "2025-01-01T00:01:00", "mode": "SUM_MIN", "is_static": true, "battery": 50.0}}, {"type": "Feature", "geometry": {"type": "Point", "coordinates": [966389.3981658287, 1948730.1136619265]}, "properties": {"kind": "base_B", "drone_id": 0, "frame": 60, "time_s": 60.0, "timestamp": "2025-01-01T00:01:00", "mode": "SUM_MIN", "is_static": true, "battery": 50.0}}, {"type": "Feature", "geometry": {"type": "Point", "coordinates": [965387.2830557353, 1949608.6850904978]}, "properties": {"kind": "drone", "drone_id": 1, "frame": 61, "time_s": 61.0, "timestamp": "2025-01-01T00:01:01", "mode": "SUM_MIN", "is_static": false, "battery": 34.99999999999965}}, {"type": "Feature", "geometry": {"type": "Point", "coordinates": [966222.3789808131, 1949276.542233355]}, "properties": {"kind": "drone", "drone_id": 2, "frame": 61, "time_s": 61.0, "timestamp": "2025-01-01T00:01:01", "mode": "SUM_MIN", "is_static": false, "battery": 43.99999999999942}}, {"type": "Feature", "geometry": {"type": "Point", "coordinates": [963809.8796416994, 1950519.3993762122]}, "properties": {"kind": "drone", "drone_id": 3, "frame": 61, "time_s": 61.0, "timestamp": "2025-01-01T00:01:01", "mode": "SUM_MIN", "is_static": false, "battery": 45.49999999999981}}, {"type": "Feature", "geometry": {"type": "Point", "coordinates": [962121.1301043197, 1951494.3993762122]}, "properties": {"kind": "drone", "drone_id": 4, "frame": 61, "time_s": 61.0, "timestamp": "2025-01-01T00:01:01", "mode": "SUM_MIN", "is_static": false, "battery": 43.99999999999981}}, {"type": "Feature", "geometry": {"type": "Point", "coordinates": [966389.3981658287, 1949051.542233355]}, "properties": {"kind": "drone", "drone_id": 5, "frame": 61, "time_s": 61.0, "timestamp": "2025-01-01T00:01:01", "mode": "SUM_MIN", "is_static": false, "battery": 35.00000000000081}}, {"type": "Feature", "geometry": {"type": "Point", "coordinates": [965665.6483640946, 1949597.9708047837]}, "properties": {"kind": "drone", "drone_id": 6, "frame": 61, "time_s": 61.0, "timestamp": "2025-01-01T00:01:01", "mode": "SUM_MIN", "is_static": false, "battery": 35.00000000000085}}, {"type": "Feature", "geometry": {"type": "Point", "coordinates": [963234.5913377568, 1951151.542233355]}, "properties": {"kind": "drone", "drone_id": 7, "frame": 61, "time_s": 61.0, "timestamp": "2025-01-01T00:01:01", "mode": "SUM_MIN", "is_static": false, "battery": 36.50000000000047}}, {"type": "Feature", "geometry": {"type": "Point", "coordinates": [965164.1952791698, 1949737.484878351]}, "properties": {"kind": "drone", "drone_id": 8, "frame": 61, "time_s": 61.0, "timestamp": "2025-01-01T00:01:01", "mode": "SUM_MIN", "is_static": false, "battery": 33.41946308724821}}, {"type": "Feature", "geometry": {"type": "Point", "coordinates": [962956.2260293976, 1951312.2565190694]}, "properties": {"kind": "drone", "drone_id": 9, "frame": 61, "time_s": 61.0, "timestamp": "2025-01-01T00:01:01", "mode": "SUM_MIN", "is_static": false, "battery": 47.00000000000062}}, {"type": "Feature", "geometry": {"type": "Point", "coordinates": [965944.0136724538, 1949437.2565190694]}, "properties": {"kind": "drone", "drone_id": 10, "frame": 61, "time_s": 61.0, "timestamp": "2025-01-01T00:01:01", "mode": "SUM_MIN", "is_static": false, "battery": 48.49999999999981}}, {"type": "Feature", "geometry": {"type": "Point", "coordinates": [964304.5448652293, 1949661.39665397]}, "properties": {"kind": "drone", "drone_id": 11, "frame": 61, "time_s": 61.0, "timestamp": "2025-01-01T00:01:01", "mode": "SUM_MIN", "is_static": false, "battery": 33.41946308724821}}, {"type": "Feature", "geometry": {"type": "Point", "coordinates": [963921.225765043, 1949940.8279476408]}, "properties": {"kind": "drone", "drone_id": 12, "frame": 61, "time_s": 61.0, "timestamp": "2025-01-01T00:01:01", "mode": "SUM_MIN", "is_static": false, "battery": 33.500000000000234}}, {"type": "Feature", "geometry": {"type": "Point", "coordinates": [963921.225765043, 1950262.2565190694]}, "properties": {"kind": "drone", "drone_id": 13, "frame": 61, "time_s": 61.0, "timestamp": "2025-01-01T00:01:01", "mode": "SUM_MIN", "is_static": false, "battery": 39.5}}, {"type": "Feature", "geometry": {"type": "Point", "coordinates": [963791.3219544754, 1950830.1136619265]}, "properties": {"kind": "drone", "drone_id": 14, "frame": 61, "time_s": 61.0, "timestamp": "2025-01-01T00:01:01", "mode": "SUM_MIN", "is_static": false, "battery": 44.00000000000082}}, {"type": "Feature", "geometry": {"type": "Point", "coordinates": [962399.4954126789, 1951526.542233355]}, "properties": {"kind": "drone", "drone_id": 15, "frame": 61, "time_s": 61.0, "timestamp": "2025-01-01T00:01:01", "mode": "SUM_MIN", "is_static": false, "battery": 39.500000000000625}}, {"type": "Feature", "geometry": {"type": "Point", "coordinates": [963531.5143333401, 1950980.1136619265]}, "properties": {"kind": "drone", "drone_id": 16, "frame": 61, "time_s": 61.0, "timestamp": "2025-01-01T00:01:01", "mode": "SUM_MIN", "is_static": false, "battery": 50.0}}, {"type": "Feature", "geometry": {"type": "Point", "coordinates": [964895.9311294416, 1949817.8600664425]}, "properties": {"kind": "drone", "drone_id": 17, "frame": 61, "time_s": 61.0, "timestamp": "2025-01-01T00:01:01", "mode": "SUM_MIN", "is_static": false, "battery": 33.41946308724821}}, {"type": "Feature", "geometry": {"type": "Point", "coordinates": [965873.7692092527, 1950232.4151450454]}, "properties": {"kind": "drone", "drone_id": 18, "frame": 61, "time_s": 61.0, "timestamp": "2025-01-01T00:01:01", "mode": "SUM_MIN", "is_static": false, "battery": 33.41946308724821}}, {"type": "Feature", "geometry": {"type": "Point", "coordinates": [962622.1876593664, 1951505.1136619265]}, "properties": {"kind": "drone", "drone_id": 19, "frame": 61, "time_s": 61.0, "timestamp": "2025-01-01T00:01:01", "mode": "SUM_MIN", "is_static": false, "battery": 50.0}}, {"type": "Feature", "geometry": {"type": "Point", "coordinates": [965108.917747376, 1949769.3993762122]}, "properties": {"kind": "drone", "drone_id": 20, "frame": 61, "time_s": 61.0, "timestamp": "2025-01-01T00:01:01", "mode": "SUM_MIN", "is_static": false, "battery": 36.499999999998835}}, {"type": "Feature", "geometry": {"type": "Point", "coordinates": [961972.6686065281, 1951730.1136619265]}, "properties": {"kind": "base_A", "drone_id": 0, "frame": 61, "time_s": 61.0, "timestamp": "2025-01-01T00:01:01", "mode": "SUM_MIN", "is_static": true, "battery": 50.0}}, {"type": "Feature", "geometry": {"type": "Point", "coordinates": [966389.3981658287, 1948730.1136619265]}, "properties": {"kind": "base_B", "drone_id": 0, "frame": 61, "time_s": 61.0, "timestamp": "2025-01-01T00:01:01", "mode": "SUM_MIN", "is_static": true, "battery": 50.0}}, {"type": "Feature", "geometry": {"type": "Point", "coordinates": [965387.2830557353, 1949608.6850904978]}, "properties": {"kind": "drone", "drone_id": 1, "frame": 62, "time_s": 62.0, "timestamp": "2025-01-01T00:01:02", "mode": "SUM_MIN", "is_static": false, "battery": 34.99999999999965}}, {"type": "Feature", "geometry": {"type": "Point", "coordinates": [966222.3789808131, 1949276.542233355]}, "properties": {"kind": "drone", "drone_id": 2, "frame": 62, "time_s": 62.0, "timestamp": "2025-01-01T00:01:02", "mode": "SUM_MIN", "is_static": false, "battery": 43.99999999999942}}, {"type": "Feature", "geometry": {"type": "Point", "coordinates": [963809.8796416994, 1950519.3993762122]}, "properties": {"kind": "drone", "drone_id": 3, "frame": 62, "time_s": 62.0, "timestamp": "2025-01-01T00:01:02", "mode": "SUM_MIN", "is_static": false, "battery": 45.49999999999981}}, {"type": "Feature", "geometry": {"type": "Point", "coordinates": [962121.1301043197, 1951494.3993762122]}, "properties": {"kind": "drone", "drone_id": 4, "frame": 62, "time_s": 62.0, "timestamp": "2025-01-01T00:01:02", "mode": "SUM_MIN", "is_static": false, "battery": 43.99999999999981}}, {"type": "Feature", "geometry": {"type": "Point", "coordinates": [966389.3981658287, 1949051.542233355]}, "properties": {"kind": "drone", "drone_id": 5, "frame": 62, "time_s": 62.0, "timestamp": "2025-01-01T00:01:02", "mode": "SUM_MIN", "is_static": false, "battery": 35.00000000000081}}, {"type": "Feature", "geometry": {"type": "Point", "coordinates": [965665.6483640946, 1949597.9708047837]}, "properties": {"kind": "drone", "drone_id": 6, "frame": 62, "time_s": 62.0, "timestamp": "2025-01-01T00:01:02", "mode": "SUM_MIN", "is_static": false, "battery": 35.00000000000085}}, {"type": "Feature", "geometry": {"type": "Point", "coordinates": [963234.5913377568, 1951151.542233355]}, "properties": {"kind": "drone", "drone_id": 7, "frame": 62, "time_s": 62.0, "timestamp": "2025-01-01T00:01:02", "mode": "SUM_MIN", "is_static": false, "battery": 36.50000000000047}}, {"type": "Feature", "geometry": {"type": "Point", "coordinates": [965137.2242923224, 1949753.0565848674]}, "properties": {"kind": "drone", "drone_id": 8, "frame": 62, "time_s": 62.0, "timestamp": "2025-01-01T00:01:02", "mode": "SUM_MIN", "is_static": false, "battery": 33.1476510067113}}, {"type": "Feature", "geometry": {"type": "Point", "coordinates": [962956.2260293976, 1951312.2565190694]}, "properties": {"kind": "drone", "drone_id": 9, "frame": 62, "time_s": 62.0, "timestamp": "2025-01-01T00:01:02", "mode": "SUM_MIN", "is_static": false, "battery": 47.00000000000062}}, {"type": "Feature", "geometry": {"type": "Point", "coordinates": [965944.0136724538, 1949437.2565190694]}, "properties": {"kind": "drone", "drone_id": 10, "frame": 62, "time_s": 62.0, "timestamp": "2025-01-01T00:01:02", "mode": "SUM_MIN", "is_static": false, "battery": 48.49999999999981}}, {"type": "Feature", "geometry": {"type": "Point", "coordinates": [964294.1185515942, 1949658.0524123122]}, "properties": {"kind": "drone", "drone_id": 11, "frame": 62, "time_s": 62.0, "timestamp": "2025-01-01T00:01:02", "mode": "SUM_MIN", "is_static": false, "battery": 33.1476510067113}}, {"type": "Feature", "geometry": {"type": "Point", "coordinates": [963921.225765043, 1949940.8279476408]}, "properties": {"kind": "drone", "drone_id": 12, "frame": 62, "time_s": 62.0, "timestamp": "2025-01-01T00:01:02", "mode": "SUM_MIN", "is_static": false, "battery": 33.500000000000234}}, {"type": "Feature", "geometry": {"type": "Point", "coordinates": [963921.225765043, 1950262.2565190694]}, "properties": {"kind": "drone", "drone_id": 13, "frame": 62, "time_s": 62.0, "timestamp": "2025-01-01T00:01:02", "mode": "SUM_MIN", "is_static": false, "battery": 39.5}}, {"type": "Feature", "geometry": {"type": "Point", "coordinates": [963791.3219544754, 1950830.1136619265]}, "properties": {"kind": "drone", "drone_id": 14, "frame": 62, "time_s": 62.0, "timestamp": "2025-01-01T00:01:02", "mode": "SUM_MIN", "is_static": false, "battery": 44.00000000000082}}, {"type": "Feature", "geometry": {"type": "Point", "coordinates": [962399.4954126789, 1951526.542233355]}, "properties": {"kind": "drone", "drone_id": 15, "frame": 62, "time_s": 62.0, "timestamp": "2025-01-01T00:01:02", "mode": "SUM_MIN", "is_static": false, "battery": 39.500000000000625}}, {"type": "Feature", "geometry": {"type": "Point", "coordinates": [963531.5143333401, 1950980.1136619265]}, "properties": {"kind": "drone", "drone_id": 16, "frame": 62, "time_s": 62.0, "timestamp": "2025-01-01T00:01:02", "mode": "SUM_MIN", "is_static": false, "battery": 50.0}}, {"type": "Feature", "geometry": {"type": "Point", "coordinates": [964868.8189085246, 1949802.2068183976]}, "properties": {"kind": "drone", "drone_id": 17, "frame": 62, "time_s": 62.0, "timestamp": "2025-01-01T00:01:02", "mode": "SUM_MIN", "is_static": false, "battery": 33.1476510067113}}, {"type": "Feature", "geometry": {"type": "Point", "coordinates": [965839.1934433405, 1950212.4528172885]}, "properties": {"kind": "drone", "drone_id": 18, "frame": 62, "time_s": 62.0, "timestamp": "2025-01-01T00:01:02", "mode": "SUM_MIN", "is_static": false, "battery": 33.1476510067113}}, {"type": "Feature", "geometry": {"type": "Point", "coordinates": [962622.1876593664, 1951505.1136619265]}, "properties": {"kind": "drone", "drone_id": 19, "frame": 62, "time_s": 62.0, "timestamp": "2025-01-01T00:01:02", "mode": "SUM_MIN", "is_static": false, "battery": 50.0}}, {"type": "Feature", "geometry": {"type": "Point", "coordinates": [965108.917747376, 1949769.3993762122]}, "properties": {"kind": "drone", "drone_id": 20, "frame": 62, "time_s": 62.0, "timestamp": "2025-01-01T00:01:02", "mode": "SUM_MIN", "is_static": false, "battery": 36.499999999998835}}, {"type": "Feature", "geometry": {"type": "Point", "coordinates": [961972.6686065281, 1951730.1136619265]}, "properties": {"kind": "base_A", "drone_id": 0, "frame": 62, "time_s": 62.0, "timestamp": "2025-01-01T00:01:02", "mode": "SUM_MIN", "is_static": true, "battery": 50.0}}, {"type": "Feature", "geometry": {"type": "Point", "coordinates": [966389.3981658287, 1948730.1136619265]}, "properties": {"kind": "base_B", "drone_id": 0, "frame": 62, "time_s": 62.0, "timestamp": "2025-01-01T00:01:02", "mode": "SUM_MIN", "is_static": true, "battery": 50.0}}, {"type": "Feature", "geometry": {"type": "Point", "coordinates": [965387.2830557353, 1949608.6850904978]}, "properties": {"kind": "drone", "drone_id": 1, "frame": 63, "time_s": 63.0, "timestamp": "2025-01-01T00:01:03", "mode": "SUM_MIN", "is_static": false, "battery": 34.99999999999965}}, {"type": "Feature", "geometry": {"type": "Point", "coordinates": [966222.3789808131, 1949276.542233355]}, "properties": {"kind": "drone", "drone_id": 2, "frame": 63, "time_s": 63.0, "timestamp": "2025-01-01T00:01:03", "mode": "SUM_MIN", "is_static": false, "battery": 43.99999999999942}}, {"type": "Feature", "geometry": {"type": "Point", "coordinates": [963809.8796416994, 1950519.3993762122]}, "properties": {"kind": "drone", "drone_id": 3, "frame": 63, "time_s": 63.0, "timestamp": "2025-01-01T00:01:03", "mode": "SUM_MIN", "is_static": false, "battery": 45.49999999999981}}, {"type": "Feature", "geometry": {"type": "Point", "coordinates": [962121.1301043197, 1951494.3993762122]}, "properties": {"kind": "drone", "drone_id": 4, "frame": 63, "time_s": 63.0, "timestamp": "2025-01-01T00:01:03", "mode": "SUM_MIN", "is_static": false, "battery": 43.99999999999981}}, {"type": "Feature", "geometry": {"type": "Point", "coordinates": [966389.3981658287, 1949051.542233355]}, "properties": {"kind": "drone", "drone_id": 5, "frame": 63, "time_s": 63.0, "timestamp": "2025-01-01T00:01:03", "mode": "SUM_MIN", "is_static": false, "battery": 35.00000000000081}}, {"type": "Feature", "geometry": {"type": "Point", "coordinates": [965665.6483640946, 1949597.9708047837]}, "properties": {"kind": "drone", "drone_id": 6, "frame": 63, "time_s": 63.0, "timestamp": "2025-01-01T00:01:03", "mode": "SUM_MIN", "is_static": false, "battery": 35.00000000000085}}, {"type": "Feature", "geometry": {"type": "Point", "coordinates": [963234.5913377568, 1951151.542233355]}, "properties": {"kind": "drone", "drone_id": 7, "frame": 63, "time_s": 63.0, "timestamp": "2025-01-01T00:01:03", "mode": "SUM_MIN", "is_static": false, "battery": 36.50000000000047}}, {"type": "Feature", "geometry": {"type": "Point", "coordinates": [965111.1029837428, 1949768.1377294075]}, "properties": {"kind": "drone", "drone_id": 8, "frame": 63, "time_s": 63.0, "timestamp": "2025-01-01T00:01:03", "mode": "SUM_MIN", "is_static": false, "battery": 32.87583892617438}}, {"type": "Feature", "geometry": {"type": "Point", "coordinates": [962956.2260293976, 1951312.2565190694]}, "properties": {"kind": "drone", "drone_id": 9, "frame": 63, "time_s": 63.0, "timestamp": "2025-01-01T00:01:03", "mode": "SUM_MIN", "is_static": false, "battery": 47.00000000000062}}, {"type": "Feature", "geometry": {"type": "Point", "coordinates": [965944.0136724538, 1949437.2565190694]}, "properties": {"kind": "drone", "drone_id": 10, "frame": 63, "time_s": 63.0, "timestamp": "2025-01-01T00:01:03", "mode": "SUM_MIN", "is_static": false, "battery": 48.49999999999981}}, {"type": "Feature", "geometry": {"type": "Point", "coordinates": [964285.7671262446, 1949655.3736913824]}, "properties": {"kind": "drone", "drone_id": 11, "frame": 63, "time_s": 63.0, "timestamp": "2025-01-01T00:01:03", "mode": "SUM_MIN", "is_static": false, "battery": 32.87583892617438}}, {"type": "Feature", "geometry": {"type": "Point", "coordinates": [963921.225765043, 1949940.8279476408]}, "properties": {"kind": "drone", "drone_id": 12, "frame": 63, "time_s": 63.0, "timestamp": "2025-01-01T00:01:03", "mode": "SUM_MIN", "is_static": false, "battery": 33.500000000000234}}, {"type": "Feature", "geometry": {"type": "Point", "coordinates": [963921.225765043, 1950262.2565190694]}, "properties": {"kind": "drone", "drone_id": 13, "frame": 63, "time_s": 63.0, "timestamp": "2025-01-01T00:01:03", "mode": "SUM_MIN", "is_static": false, "battery": 39.5}}, {"type": "Feature", "geometry": {"type": "Point", "coordinates": [963791.3219544754, 1950830.1136619265]}, "properties": {"kind": "drone", "drone_id": 14, "frame": 63, "time_s": 63.0, "timestamp": "2025-01-01T00:01:03", "mode": "SUM_MIN", "is_static": false, "battery": 44.00000000000082}}, {"type": "Feature", "geometry": {"type": "Point", "coordinates": [962399.4954126789, 1951526.542233355]}, "properties": {"kind": "drone", "drone_id": 15, "frame": 63, "time_s": 63.0, "timestamp": "2025-01-01T00:01:03", "mode": "SUM_MIN", "is_static": false, "battery": 39.500000000000625}}, {"type": "Feature", "geometry": {"type": "Point", "coordinates": [963531.5143333401, 1950980.1136619265]}, "properties": {"kind": "drone", "drone_id": 16, "frame": 63, "time_s": 63.0, "timestamp": "2025-01-01T00:01:03", "mode": "SUM_MIN", "is_static": false, "battery": 50.0}}, {"type": "Feature", "geometry": {"type": "Point", "coordinates": [964842.5608152311, 1949787.0467011663]}, "properties": {"kind": "drone", "drone_id": 17, "frame": 63, "time_s": 63.0, "timestamp": "2025-01-01T00:01:03", "mode": "SUM_MIN", "is_static": false, "battery": 32.87583892617438}}, {"type": "Feature", "geometry": {"type": "Point", "coordinates": [965804.4570442048, 1950192.3977478968]}, "properties": {"kind": "drone", "drone_id": 18, "frame": 63, "time_s": 63.0, "timestamp": "2025-01-01T00:01:03", "mode": "SUM_MIN", "is_static": false, "battery": 32.87583892617438}}, {"type": "Feature", "geometry": {"type": "Point", "coordinates": [962622.1876593664, 1951505.1136619265]}, "properties": {"kind": "drone", "drone_id": 19, "frame": 63, "time_s": 63.0, "timestamp": "2025-01-01T00:01:03", "mode": "SUM_MIN", "is_static": false, "battery": 50.0}}, {"type": "Feature", "geometry": {"type": "Point", "coordinates": [965108.917747376, 1949769.3993762122]}, "properties": {"kind": "drone", "drone_id": 20, "frame": 63, "time_s": 63.0, "timestamp": "2025-01-01T00:01:03", "mode": "SUM_MIN", "is_static": false, "battery": 36.499999999998835}}, {"type": "Feature", "geometry": {"type": "Point", "coordinates": [961972.6686065281, 1951730.1136619265]}, "properties": {"kind": "base_A", "drone_id": 0, "frame": 63, "time_s": 63.0, "timestamp": "2025-01-01T00:01:03", "mode": "SUM_MIN", "is_static": true, "battery": 50.0}}, {"type": "Feature", "geometry": {"type": "Point", "coordinates": [966389.3981658287, 1948730.1136619265]}, "properties": {"kind": "base_B", "drone_id": 0, "frame": 63, "time_s": 63.0, "timestamp": "2025-01-01T00:01:03", "mode": "SUM_MIN", "is_static": true, "battery": 50.0}}, {"type": "Feature", "geometry": {"type": "Point", "coordinates": [965387.2830557353, 1949608.6850904978]}, "properties": {"kind": "drone", "drone_id": 1, "frame": 64, "time_s": 64.0, "timestamp": "2025-01-01T00:01:04", "mode": "SUM_MIN", "is_static": false, "battery": 34.99999999999965}}, {"type": "Feature", "geometry": {"type": "Point", "coordinates": [966222.3789808131, 1949276.542233355]}, "properties": {"kind": "drone", "drone_id": 2, "frame": 64, "time_s": 64.0, "timestamp": "2025-01-01T00:01:04", "mode": "SUM_MIN", "is_static": false, "battery": 43.99999999999942}}, {"type": "Feature", "geometry": {"type": "Point", "coordinates": [963809.8796416994, 1950519.3993762122]}, "properties": {"kind": "drone", "drone_id": 3, "frame": 64, "time_s": 64.0, "timestamp": "2025-01-01T00:01:04", "mode": "SUM_MIN", "is_static": false, "battery": 45.49999999999981}}, {"type": "Feature", "geometry": {"type": "Point", "coordinates": [962121.1301043197, 1951494.3993762122]}, "properties": {"kind": "drone", "drone_id": 4, "frame": 64, "time_s": 64.0, "timestamp": "2025-01-01T00:01:04", "mode": "SUM_MIN", "is_static": false, "battery": 43.99999999999981}}, {"type": "Feature", "geometry": {"type": "Point", "coordinates": [966389.3981658287, 1949051.542233355]}, "properties": {"kind": "drone", "drone_id": 5, "frame": 64, "time_s": 64.0, "timestamp": "2025-01-01T00:01:04", "mode": "SUM_MIN", "is_static": false, "battery": 35.00000000000081}}, {"type": "Feature", "geometry": {"type": "Point", "coordinates": [965665.6483640946, 1949597.9708047837]}, "properties": {"kind": "drone", "drone_id": 6, "frame": 64, "time_s": 64.0, "timestamp": "2025-01-01T00:01:04", "mode": "SUM_MIN", "is_static": false, "battery": 35.00000000000085}}, {"type": "Feature", "geometry": {"type": "Point", "coordinates": [963234.5913377568, 1951151.542233355]}, "properties": {"kind": "drone", "drone_id": 7, "frame": 64, "time_s": 64.0, "timestamp": "2025-01-01T00:01:04", "mode": "SUM_MIN", "is_static": false, "battery": 36.50000000000047}}, {"type": "Feature", "geometry": {"type": "Point", "coordinates": [965085.8725777136, 1949782.7045111202]}, "properties": {"kind": "drone", "drone_id": 8, "frame": 64, "time_s": 64.0, "timestamp": "2025-01-01T00:01:04", "mode": "SUM_MIN", "is_static": false, "battery": 32.60402684563746}}, {"type": "Feature", "geometry": {"type": "Point", "coordinates": [962956.2260293976, 1951312.2565190694]}, "properties": {"kind": "drone", "drone_id": 9, "frame": 64, "time_s": 64.0, "timestamp": "2025-01-01T00:01:04", "mode": "SUM_MIN", "is_static": false, "battery": 47.00000000000062}}, {"type": "Feature", "geometry": {"type": "Point", "coordinates": [965944.0136724538, 1949437.2565190694]}, "properties": {"kind": "drone", "drone_id": 10, "frame": 64, "time_s": 64.0, "timestamp": "2025-01-01T00:01:04", "mode": "SUM_MIN", "is_static": false, "battery": 48.49999999999981}}, {"type": "Feature", "geometry": {"type": "Point", "coordinates": [964279.5624122367, 1949653.3835284365]}, "properties": {"kind": "drone", "drone_id": 11, "frame": 64, "time_s": 64.0, "timestamp": "2025-01-01T00:01:04", "mode": "SUM_MIN", "is_static": false, "battery": 32.60402684563746}}, {"type": "Feature", "geometry": {"type": "Point", "coordinates": [963921.225765043, 1949940.8279476408]}, "properties": {"kind": "drone", "drone_id": 12, "frame": 64, "time_s": 64.0, "timestamp": "2025-01-01T00:01:04", "mode": "SUM_MIN", "is_static": false, "battery": 33.500000000000234}}, {"type": "Feature", "geometry": {"type": "Point", "coordinates": [963921.225765043, 1950262.2565190694]}, "properties": {"kind": "drone", "drone_id": 13, "frame": 64, "time_s": 64.0, "timestamp": "2025-01-01T00:01:04", "mode": "SUM_MIN", "is_static": false, "battery": 39.5}}, {"type": "Feature", "geometry": {"type": "Point", "coordinates": [963791.3219544754, 1950830.1136619265]}, "properties": {"kind": "drone", "drone_id": 14, "frame": 64, "time_s": 64.0, "timestamp": "2025-01-01T00:01:04", "mode": "SUM_MIN", "is_static": false, "battery": 44.00000000000082}}, {"type": "Feature", "geometry": {"type": "Point", "coordinates": [962399.4954126789, 1951526.542233355]}, "properties": {"kind": "drone", "drone_id": 15, "frame": 64, "time_s": 64.0, "timestamp": "2025-01-01T00:01:04", "mode": "SUM_MIN", "is_static": false, "battery": 39.500000000000625}}, {"type": "Feature", "geometry": {"type": "Point", "coordinates": [963531.5143333401, 1950980.1136619265]}, "properties": {"kind": "drone", "drone_id": 16, "frame": 64, "time_s": 64.0, "timestamp": "2025-01-01T00:01:04", "mode": "SUM_MIN", "is_static": false, "battery": 50.0}}, {"type": "Feature", "geometry": {"type": "Point", "coordinates": [964817.1982897156, 1949772.4036402327]}, "properties": {"kind": "drone", "drone_id": 17, "frame": 64, "time_s": 64.0, "timestamp": "2025-01-01T00:01:04", "mode": "SUM_MIN", "is_static": false, "battery": 32.60402684563747}}, {"type": "Feature", "geometry": {"type": "Point", "coordinates": [965769.5728625036, 1950172.257356201]}, "properties": {"kind": "drone", "drone_id": 18, "frame": 64, "time_s": 64.0, "timestamp": "2025-01-01T00:01:04", "mode": "SUM_MIN", "is_static": false, "battery": 32.60402684563746}}, {"type": "Feature", "geometry": {"type": "Point", "coordinates": [962622.1876593664, 1951505.1136619265]}, "properties": {"kind": "drone", "drone_id": 19, "frame": 64, "time_s": 64.0, "timestamp": "2025-01-01T00:01:04", "mode": "SUM_MIN", "is_static": false, "battery": 50.0}}, {"type": "Feature", "geometry": {"type": "Point", "coordinates": [965108.917747376, 1949769.3993762122]}, "properties": {"kind": "drone", "drone_id": 20, "frame": 64, "time_s": 64.0, "timestamp": "2025-01-01T00:01:04", "mode": "SUM_MIN", "is_static": false, "battery": 36.499999999998835}}, {"type": "Feature", "geometry": {"type": "Point", "coordinates": [961972.6686065281, 1951730.1136619265]}, "properties": {"kind": "base_A", "drone_id": 0, "frame": 64, "time_s": 64.0, "timestamp": "2025-01-01T00:01:04", "mode": "SUM_MIN", "is_static": true, "battery": 50.0}}, {"type": "Feature", "geometry": {"type": "Point", "coordinates": [966389.3981658287, 1948730.1136619265]}, "properties": {"kind": "base_B", "drone_id": 0, "frame": 64, "time_s": 64.0, "timestamp": "2025-01-01T00:01:04", "mode": "SUM_MIN", "is_static": true, "battery": 50.0}}, {"type": "Feature", "geometry": {"type": "Point", "coordinates": [965387.2830557353, 1949608.6850904978]}, "properties": {"kind": "drone", "drone_id": 1, "frame": 65, "time_s": 65.0, "timestamp": "2025-01-01T00:01:05", "mode": "SUM_MIN", "is_static": false, "battery": 34.99999999999965}}, {"type": "Feature", "geometry": {"type": "Point", "coordinates": [966222.3789808131, 1949276.542233355]}, "properties": {"kind": "drone", "drone_id": 2, "frame": 65, "time_s": 65.0, "timestamp": "2025-01-01T00:01:05", "mode": "SUM_MIN", "is_static": false, "battery": 43.99999999999942}}, {"type": "Feature", "geometry": {"type": "Point", "coordinates": [963809.8796416994, 1950519.3993762122]}, "properties": {"kind": "drone", "drone_id": 3, "frame": 65, "time_s": 65.0, "timestamp": "2025-01-01T00:01:05", "mode": "SUM_MIN", "is_static": false, "battery": 45.49999999999981}}, {"type": "Feature", "geometry": {"type": "Point", "coordinates": [962121.1301043197, 1951494.3993762122]}, "properties": {"kind": "drone", "drone_id": 4, "frame": 65, "time_s": 65.0, "timestamp": "2025-01-01T00:01:05", "mode": "SUM_MIN", "is_static": false, "battery": 43.99999999999981}}, {"type": "Feature", "geometry": {"type": "Point", "coordinates": [966389.3981658287, 1949051.542233355]}, "properties": {"kind": "drone", "drone_id": 5, "frame": 65, "time_s": 65.0, "timestamp": "2025-01-01T00:01:05", "mode": "SUM_MIN", "is_static": false, "battery": 35.00000000000081}}, {"type": "Feature", "geometry": {"type": "Point", "coordinates": [965665.6483640946, 1949597.9708047837]}, "properties": {"kind": "drone", "drone_id": 6, "frame": 65, "time_s": 65.0, "timestamp": "2025-01-01T00:01:05", "mode": "SUM_MIN", "is_static": false, "battery": 35.00000000000085}}, {"type": "Feature", "geometry": {"type": "Point", "coordinates": [963234.5913377568, 1951151.542233355]}, "properties": {"kind": "drone", "drone_id": 7, "frame": 65, "time_s": 65.0, "timestamp": "2025-01-01T00:01:05", "mode": "SUM_MIN", "is_static": false, "battery": 36.50000000000047}}, {"type": "Feature", "geometry": {"type": "Point", "coordinates": [965061.5742985171, 1949796.7331291551]}, "properties": {"kind": "drone", "drone_id": 8, "frame": 65, "time_s": 65.0, "timestamp": "2025-01-01T00:01:05", "mode": "SUM_MIN", "is_static": false, "battery": 32.33221476510056}}, {"type": "Feature", "geometry": {"type": "Point", "coordinates": [962956.2260293976, 1951312.2565190694]}, "properties": {"kind": "drone", "drone_id": 9, "frame": 65, "time_s": 65.0, "timestamp": "2025-01-01T00:01:05", "mode": "SUM_MIN", "is_static": false, "battery": 47.00000000000062}}, {"type": "Feature", "geometry": {"type": "Point", "coordinates": [965944.0136724538, 1949437.2565190694]}, "properties": {"kind": "drone", "drone_id": 10, "frame": 65, "time_s": 65.0, "timestamp": "2025-01-01T00:01:05", "mode": "SUM_MIN", "is_static": false, "battery": 48.49999999999981}}, {"type": "Feature", "geometry": {"type": "Point", "coordinates": [964275.5762326266, 1949652.1049607303]}, "properties": {"kind": "drone", "drone_id": 11, "frame": 65, "time_s": 65.0, "timestamp": "2025-01-01T00:01:05", "mode": "SUM_MIN", "is_static": false, "battery": 32.33221476510055}}, {"type": "Feature", "geometry": {"type": "Point", "coordinates": [963921.225765043, 1949940.8279476408]}, "properties": {"kind": "drone", "drone_id": 12, "frame": 65, "time_s": 65.0, "timestamp": "2025-01-01T00:01:05", "mode": "SUM_MIN", "is_static": false, "battery": 33.500000000000234}}, {"type": "Feature", "geometry": {"type": "Point", "coordinates": [963921.225765043, 1950262.2565190694]}, "properties": {"kind": "drone", "drone_id": 13, "frame": 65, "time_s": 65.0, "timestamp": "2025-01-01T00:01:05", "mode": "SUM_MIN", "is_static": false, "battery": 39.5}}, {"type": "Feature", "geometry": {"type": "Point", "coordinates": [963791.3219544754, 1950830.1136619265]}, "properties": {"kind": "drone", "drone_id": 14, "frame": 65, "time_s": 65.0, "timestamp": "2025-01-01T00:01:05", "mode": "SUM_MIN", "is_static": false, "battery": 44.00000000000082}}, {"type": "Feature", "geometry": {"type": "Point", "coordinates": [962399.4954126789, 1951526.542233355]}, "properties": {"kind": "drone", "drone_id": 15, "frame": 65, "time_s": 65.0, "timestamp": "2025-01-01T00:01:05", "mode": "SUM_MIN", "is_static": false, "battery": 39.500000000000625}}, {"type": "Feature", "geometry": {"type": "Point", "coordinates": [963531.5143333401, 1950980.1136619265]}, "properties": {"kind": "drone", "drone_id": 16, "frame": 65, "time_s": 65.0, "timestamp": "2025-01-01T00:01:05", "mode": "SUM_MIN", "is_static": false, "battery": 50.0}}, {"type": "Feature", "geometry": {"type": "Point", "coordinates": [964792.7727721323, 1949758.3015610809]}, "properties": {"kind": "drone", "drone_id": 17, "frame": 65, "time_s": 65.0, "timestamp": "2025-01-01T00:01:05", "mode": "SUM_MIN", "is_static": false, "battery": 32.33221476510055}}, {"type": "Feature", "geometry": {"type": "Point", "coordinates": [965734.5537488945, 1950152.0390615321]}, "properties": {"kind": "drone", "drone_id": 18, "frame": 65, "time_s": 65.0, "timestamp": "2025-01-01T00:01:05", "mode": "SUM_MIN", "is_static": false, "battery": 32.33221476510056}}, {"type": "Feature", "geometry": {"type": "Point", "coordinates": [962622.1876593664, 1951505.1136619265]}, "properties": {"kind": "drone", "drone_id": 19, "frame": 65, "time_s": 65.0, "timestamp": "2025-01-01T00:01:05", "mode": "SUM_MIN", "is_static": false, "battery": 50.0}}, {"type": "Feature", "geometry": {"type": "Point", "coordinates": [965108.917747376, 1949769.3993762122]}, "properties": {"kind": "drone", "drone_id": 20, "frame": 65, "time_s": 65.0, "timestamp": "2025-01-01T00:01:05", "mode": "SUM_MIN", "is_static": false, "battery": 36.499999999998835}}, {"type": "Feature", "geometry": {"type": "Point", "coordinates": [961972.6686065281, 1951730.1136619265]}, "properties": {"kind": "base_A", "drone_id": 0, "frame": 65, "time_s": 65.0, "timestamp": "2025-01-01T00:01:05", "mode": "SUM_MIN", "is_static": true, "battery": 50.0}}, {"type": "Feature", "geometry": {"type": "Point", "coordinates": [966389.3981658287, 1948730.1136619265]}, "properties": {"kind": "base_B", "drone_id": 0, "frame": 65, "time_s": 65.0, "timestamp": "2025-01-01T00:01:05", "mode": "SUM_MIN", "is_static": true, "battery": 50.0}}, {"type": "Feature", "geometry": {"type": "Point", "coordinates": [965387.2830557353, 1949608.6850904978]}, "properties": {"kind": "drone", "drone_id": 1, "frame": 66, "time_s": 66.0, "timestamp": "2025-01-01T00:01:06", "mode": "SUM_MIN", "is_static": false, "battery": 34.99999999999965}}, {"type": "Feature", "geometry": {"type": "Point", "coordinates": [966222.3789808131, 1949276.542233355]}, "properties": {"kind": "drone", "drone_id": 2, "frame": 66, "time_s": 66.0, "timestamp": "2025-01-01T00:01:06", "mode": "SUM_MIN", "is_static": false, "battery": 43.99999999999942}}, {"type": "Feature", "geometry": {"type": "Point", "coordinates": [963809.8796416994, 1950519.3993762122]}, "properties": {"kind": "drone", "drone_id": 3, "frame": 66, "time_s": 66.0, "timestamp": "2025-01-01T00:01:06", "mode": "SUM_MIN", "is_static": false, "battery": 45.49999999999981}}, {"type": "Feature", "geometry": {"type": "Point", "coordinates": [962121.1301043197, 1951494.3993762122]}, "properties": {"kind": "drone", "drone_id": 4, "frame": 66, "time_s": 66.0, "timestamp": "2025-01-01T00:01:06", "mode": "SUM_MIN", "is_static": false, "battery": 43.99999999999981}}, {"type": "Feature", "geometry": {"type": "Point", "coordinates": [966389.3981658287, 1949051.542233355]}, "properties": {"kind": "drone", "drone_id": 5, "frame": 66, "time_s": 66.0, "timestamp": "2025-01-01T00:01:06", "mode": "SUM_MIN", "is_static": false, "battery": 35.00000000000081}}, {"type": "Feature", "geometry": {"type": "Point", "coordinates": [965665.6483640946, 1949597.9708047837]}, "properties": {"kind": "drone", "drone_id": 6, "frame": 66, "time_s": 66.0, "timestamp": "2025-01-01T00:01:06", "mode": "SUM_MIN", "is_static": false, "battery": 35.00000000000085}}, {"type": "Feature", "geometry": {"type": "Point", "coordinates": [963234.5913377568, 1951151.542233355]}, "properties": {"kind": "drone", "drone_id": 7, "frame": 66, "time_s": 66.0, "timestamp": "2025-01-01T00:01:06", "mode": "SUM_MIN", "is_static": false, "battery": 36.50000000000047}}, {"type": "Feature", "geometry": {"type": "Point", "coordinates": [965038.249370436, 1949810.1997826616]}, "properties": {"kind": "drone", "drone_id": 8, "frame": 66, "time_s": 66.0, "timestamp": "2025-01-01T00:01:06", "mode": "SUM_MIN", "is_static": false, "battery": 32.06040268456364}}, {"type": "Feature", "geometry": {"type": "Point", "coordinates": [962956.2260293976, 1951312.2565190694]}, "properties": {"kind": "drone", "drone_id": 9, "frame": 66, "time_s": 66.0, "timestamp": "2025-01-01T00:01:06", "mode": "SUM_MIN", "is_static": false, "battery": 47.00000000000062}}, {"type": "Feature", "geometry": {"type": "Point", "coordinates": [965944.0136724538, 1949437.2565190694]}, "properties": {"kind": "drone", "drone_id": 10, "frame": 66, "time_s": 66.0, "timestamp": "2025-01-01T00:01:06", "mode": "SUM_MIN", "is_static": false, "battery": 48.49999999999981}}, {"type": "Feature", "geometry": {"type": "Point", "coordinates": [964273.8804104701, 1949651.56102552]}, "properties": {"kind": "drone", "drone_id": 11, "frame": 66, "time_s": 66.0, "timestamp": "2025-01-01T00:01:06", "mode": "SUM_MIN", "is_static": false, "battery": 32.06040268456364}}, {"type": "Feature", "geometry": {"type": "Point", "coordinates": [963921.225765043, 1949940.8279476408]}, "properties": {"kind": "drone", "drone_id": 12, "frame": 66, "time_s": 66.0, "timestamp": "2025-01-01T00:01:06", "mode": "SUM_MIN", "is_static": false, "battery": 33.500000000000234}}, {"type": "Feature", "geometry": {"type": "Point", "coordinates": [963921.225765043, 1950262.2565190694]}, "properties": {"kind": "drone", "drone_id": 13, "frame": 66, "time_s": 66.0, "timestamp": "2025-01-01T00:01:06", "mode": "SUM_MIN", "is_static": false, "battery": 39.5}}, {"type": "Feature", "geometry": {"type": "Point", "coordinates": [963791.3219544754, 1950830.1136619265]}, "properties": {"kind": "drone", "drone_id": 14, "frame": 66, "time_s": 66.0, "timestamp": "2025-01-01T00:01:06", "mode": "SUM_MIN", "is_static": false, "battery": 44.00000000000082}}, {"type": "Feature", "geometry": {"type": "Point", "coordinates": [962399.4954126789, 1951526.542233355]}, "properties": {"kind": "drone", "drone_id": 15, "frame": 66, "time_s": 66.0, "timestamp": "2025-01-01T00:01:06", "mode": "SUM_MIN", "is_static": false, "battery": 39.500000000000625}}, {"type": "Feature", "geometry": {"type": "Point", "coordinates": [963531.5143333401, 1950980.1136619265]}, "properties": {"kind": "drone", "drone_id": 16, "frame": 66, "time_s": 66.0, "timestamp": "2025-01-01T00:01:06", "mode": "SUM_MIN", "is_static": false, "battery": 50.0}}, {"type": "Feature", "geometry": {"type": "Point", "coordinates": [964769.3257026355, 1949744.764389195]}, "properties": {"kind": "drone", "drone_id": 17, "frame": 66, "time_s": 66.0, "timestamp": "2025-01-01T00:01:06", "mode": "SUM_MIN", "is_static": false, "battery": 32.06040268456364}}, {"type": "Feature", "geometry": {"type": "Point", "coordinates": [965699.4125540357, 1950131.7502832208]}, "properties": {"kind": "drone", "drone_id": 18, "frame": 66, "time_s": 66.0, "timestamp": "2025-01-01T00:01:06", "mode": "SUM_MIN", "is_static": false, "battery": 32.06040268456364}}, {"type": "Feature", "geometry": {"type": "Point", "coordinates": [962622.1876593664, 1951505.1136619265]}, "properties": {"kind": "drone", "drone_id": 19, "frame": 66, "time_s": 66.0, "timestamp": "2025-01-01T00:01:06", "mode": "SUM_MIN", "is_static": false, "battery": 50.0}}, {"type": "Feature", "geometry": {"type": "Point", "coordinates": [965108.917747376, 1949769.3993762122]}, "properties": {"kind": "drone", "drone_id": 20, "frame": 66, "time_s": 66.0, "timestamp": "2025-01-01T00:01:06", "mode": "SUM_MIN", "is_static": false, "battery": 36.499999999998835}}, {"type": "Feature", "geometry": {"type": "Point", "coordinates": [961972.6686065281, 1951730.1136619265]}, "properties": {"kind": "base_A", "drone_id": 0, "frame": 66, "time_s": 66.0, "timestamp": "2025-01-01T00:01:06", "mode": "SUM_MIN", "is_static": true, "battery": 50.0}}, {"type": "Feature", "geometry": {"type": "Point", "coordinates": [966389.3981658287, 1948730.1136619265]}, "properties": {"kind": "base_B", "drone_id": 0, "frame": 66, "time_s": 66.0, "timestamp": "2025-01-01T00:01:06", "mode": "SUM_MIN", "is_static": true, "battery": 50.0}}, {"type": "Feature", "geometry": {"type": "Point", "coordinates": [965387.2830557353, 1949608.6850904978]}, "properties": {"kind": "drone", "drone_id": 1, "frame": 67, "time_s": 67.0, "timestamp": "2025-01-01T00:01:07", "mode": "SUM_MIN", "is_static": false, "battery": 34.99999999999965}}, {"type": "Feature", "geometry": {"type": "Point", "coordinates": [966222.3789808131, 1949276.542233355]}, "properties": {"kind": "drone", "drone_id": 2, "frame": 67, "time_s": 67.0, "timestamp": "2025-01-01T00:01:07", "mode": "SUM_MIN", "is_static": false, "battery": 43.99999999999942}}, {"type": "Feature", "geometry": {"type": "Point", "coordinates": [963809.8796416994, 1950519.3993762122]}, "properties": {"kind": "drone", "drone_id": 3, "frame": 67, "time_s": 67.0, "timestamp": "2025-01-01T00:01:07", "mode": "SUM_MIN", "is_static": false, "battery": 45.49999999999981}}, {"type": "Feature", "geometry": {"type": "Point", "coordinates": [962121.1301043197, 1951494.3993762122]}, "properties": {"kind": "drone", "drone_id": 4, "frame": 67, "time_s": 67.0, "timestamp": "2025-01-01T00:01:07", "mode": "SUM_MIN", "is_static": false, "battery": 43.99999999999981}}, {"type": "Feature", "geometry": {"type": "Point", "coordinates": [966389.3981658287, 1949051.542233355]}, "properties": {"kind": "drone", "drone_id": 5, "frame": 67, "time_s": 67.0, "timestamp": "2025-01-01T00:01:07", "mode": "SUM_MIN", "is_static": false, "battery": 35.00000000000081}}, {"type": "Feature", "geometry": {"type": "Point", "coordinates": [965665.6483640946, 1949597.9708047837]}, "properties": {"kind": "drone", "drone_id": 6, "frame": 67, "time_s": 67.0, "timestamp": "2025-01-01T00:01:07", "mode": "SUM_MIN", "is_static": false, "battery": 35.00000000000085}}, {"type": "Feature", "geometry": {"type": "Point", "coordinates": [963234.5913377568, 1951151.542233355]}, "properties": {"kind": "drone", "drone_id": 7, "frame": 67, "time_s": 67.0, "timestamp": "2025-01-01T00:01:07", "mode": "SUM_MIN", "is_static": false, "battery": 36.50000000000047}}, {"type": "Feature", "geometry": {"type": "Point", "coordinates": [965015.9390177528, 1949823.0806707891]}, "properties": {"kind": "drone", "drone_id": 8, "frame": 67, "time_s": 67.0, "timestamp": "2025-01-01T00:01:07", "mode": "SUM_MIN", "is_static": false, "battery": 31.788590604026723}}, {"type": "Feature", "geometry": {"type": "Point", "coordinates": [962956.2260293976, 1951312.2565190694]}, "properties": {"kind": "drone", "drone_id": 9, "frame": 67, "time_s": 67.0, "timestamp": "2025-01-01T00:01:07", "mode": "SUM_MIN", "is_static": false, "battery": 47.00000000000062}}, {"type": "Feature", "geometry": {"type": "Point", "coordinates": [965944.0136724538, 1949437.2565190694]}, "properties": {"kind": "drone", "drone_id": 10, "frame": 67, "time_s": 67.0, "timestamp": "2025-01-01T00:01:07", "mode": "SUM_MIN", "is_static": false, "battery": 48.49999999999981}}, {"type": "Feature", "geometry": {"type": "Point", "coordinates": [964273.8218222981, 1949651.542233355]}, "properties": {"kind": "drone", "drone_id": 11, "frame": 67, "time_s": 67.0, "timestamp": "2025-01-01T00:01:07", "mode": "SUM_MIN", "is_static": false, "battery": 32.00000000000027}}, {"type": "Feature", "geometry": {"type": "Point", "coordinates": [963921.225765043, 1949940.8279476408]}, "properties": {"kind": "drone", "drone_id": 12, "frame": 67, "time_s": 67.0, "timestamp": "2025-01-01T00:01:07", "mode": "SUM_MIN", "is_static": false, "battery": 33.500000000000234}}, {"type": "Feature", "geometry": {"type": "Point", "coordinates": [963921.225765043, 1950262.2565190694]}, "properties": {"kind": "drone", "drone_id": 13, "frame": 67, "time_s": 67.0, "timestamp": "2025-01-01T00:01:07", "mode": "SUM_MIN", "is_static": false, "battery": 39.5}}, {"type": "Feature", "geometry": {"type": "Point", "coordinates": [963791.3219544754, 1950830.1136619265]}, "properties": {"kind": "drone", "drone_id": 14, "frame": 67, "time_s": 67.0, "timestamp": "2025-01-01T00:01:07", "mode": "SUM_MIN", "is_static": false, "battery": 44.00000000000082}}, {"type": "Feature", "geometry": {"type": "Point", "coordinates": [962399.4954126789, 1951526.542233355]}, "properties": {"kind": "drone", "drone_id": 15, "frame": 67, "time_s": 67.0, "timestamp": "2025-01-01T00:01:07", "mode": "SUM_MIN", "is_static": false, "battery": 39.500000000000625}}, {"type": "Feature", "geometry": {"type": "Point", "coordinates": [963531.5143333401, 1950980.1136619265]}, "properties": {"kind": "drone", "drone_id": 16, "frame": 67, "time_s": 67.0, "timestamp": "2025-01-01T00:01:07", "mode": "SUM_MIN", "is_static": false, "battery": 50.0}}, {"type": "Feature", "geometry": {"type": "Point", "coordinates": [964746.8985213792, 1949731.8160500596]}, "properties": {"kind": "drone", "drone_id": 17, "frame": 67, "time_s": 67.0, "timestamp": "2025-01-01T00:01:07", "mode": "SUM_MIN", "is_static": false, "battery": 31.788590604026723}}, {"type": "Feature", "geometry": {"type": "Point", "coordinates": [965664.1621285848, 1950111.3984405976]}, "properties": {"kind": "drone", "drone_id": 18, "frame": 67, "time_s": 67.0, "timestamp": "2025-01-01T00:01:07", "mode": "SUM_MIN", "is_static": false, "battery": 31.788590604026723}}, {"type": "Feature", "geometry": {"type": "Point", "coordinates": [962622.1876593664, 1951505.1136619265]}, "properties": {"kind": "drone", "drone_id": 19, "frame": 67, "time_s": 67.0, "timestamp": "2025-01-01T00:01:07", "mode": "SUM_MIN", "is_static": false, "battery": 50.0}}, {"type": "Feature", "geometry": {"type": "Point", "coordinates": [965108.917747376, 1949769.3993762122]}, "properties": {"kind": "drone", "drone_id": 20, "frame": 67, "time_s": 67.0, "timestamp": "2025-01-01T00:01:07", "mode": "SUM_MIN", "is_static": false, "battery": 36.499999999998835}}, {"type": "Feature", "geometry": {"type": "Point", "coordinates": [961972.6686065281, 1951730.1136619265]}, "properties": {"kind": "base_A", "drone_id": 0, "frame": 67, "time_s": 67.0, "timestamp": "2025-01-01T00:01:07", "mode": "SUM_MIN", "is_static": true, "battery": 50.0}}, {"type": "Feature", "geometry": {"type": "Point", "coordinates": [966389.3981658287, 1948730.1136619265]}, "properties": {"kind": "base_B", "drone_id": 0, "frame": 67, "time_s": 67.0, "timestamp": "2025-01-01T00:01:07", "mode": "SUM_MIN", "is_static": true, "battery": 50.0}}, {"type": "Feature", "geometry": {"type": "Point", "coordinates": [965387.2830557353, 1949608.6850904978]}, "properties": {"kind": "drone", "drone_id": 1, "frame": 68, "time_s": 68.0, "timestamp": "2025-01-01T00:01:08", "mode": "SUM_MIN", "is_static": false, "battery": 34.99999999999965}}, {"type": "Feature", "geometry": {"type": "Point", "coordinates": [966222.3789808131, 1949276.542233355]}, "properties": {"kind": "drone", "drone_id": 2, "frame": 68, "time_s": 68.0, "timestamp": "2025-01-01T00:01:08", "mode": "SUM_MIN", "is_static": false, "battery": 43.99999999999942}}, {"type": "Feature", "geometry": {"type": "Point", "coordinates": [963809.8796416994, 1950519.3993762122]}, "properties": {"kind": "drone", "drone_id": 3, "frame": 68, "time_s": 68.0, "timestamp": "2025-01-01T00:01:08", "mode": "SUM_MIN", "is_static": false, "battery": 45.49999999999981}}, {"type": "Feature", "geometry": {"type": "Point", "coordinates": [962121.1301043197, 1951494.3993762122]}, "properties": {"kind": "drone", "drone_id": 4, "frame": 68, "time_s": 68.0, "timestamp": "2025-01-01T00:01:08", "mode": "SUM_MIN", "is_static": false, "battery": 43.99999999999981}}, {"type": "Feature", "geometry": {"type": "Point", "coordinates": [966389.3981658287, 1949051.542233355]}, "properties": {"kind": "drone", "drone_id": 5, "frame": 68, "time_s": 68.0, "timestamp": "2025-01-01T00:01:08", "mode": "SUM_MIN", "is_static": false, "battery": 35.00000000000081}}, {"type": "Feature", "geometry": {"type": "Point", "coordinates": [965665.6483640946, 1949597.9708047837]}, "properties": {"kind": "drone", "drone_id": 6, "frame": 68, "time_s": 68.0, "timestamp": "2025-01-01T00:01:08", "mode": "SUM_MIN", "is_static": false, "battery": 35.00000000000085}}, {"type": "Feature", "geometry": {"type": "Point", "coordinates": [963234.5913377568, 1951151.542233355]}, "properties": {"kind": "drone", "drone_id": 7, "frame": 68, "time_s": 68.0, "timestamp": "2025-01-01T00:01:08", "mode": "SUM_MIN", "is_static": false, "battery": 36.50000000000047}}, {"type": "Feature", "geometry": {"type": "Point", "coordinates": [964994.6844647501, 1949835.3519926867]}, "properties": {"kind": "drone", "drone_id": 8, "frame": 68, "time_s": 68.0, "timestamp": "2025-01-01T00:01:08", "mode": "SUM_MIN", "is_static": false, "battery": 31.51677852348981}}, {"type": "Feature", "geometry": {"type": "Point", "coordinates": [962956.2260293976, 1951312.2565190694]}, "properties": {"kind": "drone", "drone_id": 9, "frame": 68, "time_s": 68.0, "timestamp": "2025-01-01T00:01:08", "mode": "SUM_MIN", "is_static": false, "battery": 47.00000000000062}}, {"type": "Feature", "geometry": {"type": "Point", "coordinates": [965944.0136724538, 1949437.2565190694]}, "properties": {"kind": "drone", "drone_id": 10, "frame": 68, "time_s": 68.0, "timestamp": "2025-01-01T00:01:08", "mode": "SUM_MIN", "is_static": false, "battery": 48.49999999999981}}, {"type": "Feature", "geometry": {"type": "Point", "coordinates": [964273.8218222981, 1949651.542233355]}, "properties": {"kind": "drone", "drone_id": 11, "frame": 68, "time_s": 68.0, "timestamp": "2025-01-01T00:01:08", "mode": "SUM_MIN", "is_static": false, "battery": 32.00000000000027}}, {"type": "Feature", "geometry": {"type": "Point", "coordinates": [963921.225765043, 1949940.8279476408]}, "properties": {"kind": "drone", "drone_id": 12, "frame": 68, "time_s": 68.0, "timestamp": "2025-01-01T00:01:08", "mode": "SUM_MIN", "is_static": false, "battery": 33.500000000000234}}, {"type": "Feature", "geometry": {"type": "Point", "coordinates": [963921.225765043, 1950262.2565190694]}, "properties": {"kind": "drone", "drone_id": 13, "frame": 68, "time_s": 68.0, "timestamp": "2025-01-01T00:01:08", "mode": "SUM_MIN", "is_static": false, "battery": 39.5}}, {"type": "Feature", "geometry": {"type": "Point", "coordinates": [963791.3219544754, 1950830.1136619265]}, "properties": {"kind": "drone", "drone_id": 14, "frame": 68, "time_s": 68.0, "timestamp": "2025-01-01T00:01:08", "mode": "SUM_MIN", "is_static": false, "battery": 44.00000000000082}}, {"type": "Feature", "geometry": {"type": "Point", "coordinates": [962399.4954126789, 1951526.542233355]}, "properties": {"kind": "drone", "drone_id": 15, "frame": 68, "time_s": 68.0, "timestamp": "2025-01-01T00:01:08", "mode": "SUM_MIN", "is_static": false, "battery": 39.500000000000625}}, {"type": "Feature", "geometry": {"type": "Point", "coordinates": [963531.5143333401, 1950980.1136619265]}, "properties": {"kind": "drone", "drone_id": 16, "frame": 68, "time_s": 68.0, "timestamp": "2025-01-01T00:01:08", "mode": "SUM_MIN", "is_static": false, "battery": 50.0}}, {"type": "Feature", "geometry": {"type": "Point", "coordinates": [964725.5326685179, 1949719.4804691586]}, "properties": {"kind": "drone", "drone_id": 17, "frame": 68, "time_s": 68.0, "timestamp": "2025-01-01T00:01:08", "mode": "SUM_MIN", "is_static": false, "battery": 31.51677852348981}}, {"type": "Feature", "geometry": {"type": "Point", "coordinates": [965628.8153231998, 1950090.9909529937]}, "properties": {"kind": "drone", "drone_id": 18, "frame": 68, "time_s": 68.0, "timestamp": "2025-01-01T00:01:08", "mode": "SUM_MIN", "is_static": false, "battery": 31.51677852348981}}, {"type": "Feature", "geometry": {"type": "Point", "coordinates": [962622.1876593664, 1951505.1136619265]}, "properties": {"kind": "drone", "drone_id": 19, "frame": 68, "time_s": 68.0, "timestamp": "2025-01-01T00:01:08", "mode": "SUM_MIN", "is_static": false, "battery": 50.0}}, {"type": "Feature", "geometry": {"type": "Point", "coordinates": [965108.917747376, 1949769.3993762122]}, "properties": {"kind": "drone", "drone_id": 20, "frame": 68, "time_s": 68.0, "timestamp": "2025-01-01T00:01:08", "mode": "SUM_MIN", "is_static": false, "battery": 36.499999999998835}}, {"type": "Feature", "geometry": {"type": "Point", "coordinates": [961972.6686065281, 1951730.1136619265]}, "properties": {"kind": "base_A", "drone_id": 0, "frame": 68, "time_s": 68.0, "timestamp": "2025-01-01T00:01:08", "mode": "SUM_MIN", "is_static": true, "battery": 50.0}}, {"type": "Feature", "geometry": {"type": "Point", "coordinates": [966389.3981658287, 1948730.1136619265]}, "properties": {"kind": "base_B", "drone_id": 0, "frame": 68, "time_s": 68.0, "timestamp": "2025-01-01T00:01:08", "mode": "SUM_MIN", "is_static": true, "battery": 50.0}}, {"type": "Feature", "geometry": {"type": "Point", "coordinates": [965387.2830557353, 1949608.6850904978]}, "properties": {"kind": "drone", "drone_id": 1, "frame": 69, "time_s": 69.0, "timestamp": "2025-01-01T00:01:09", "mode": "SUM_MIN", "is_static": false, "battery": 34.99999999999965}}, {"type": "Feature", "geometry": {"type": "Point", "coordinates": [966222.3789808131, 1949276.542233355]}, "properties": {"kind": "drone", "drone_id": 2, "frame": 69, "time_s": 69.0, "timestamp": "2025-01-01T00:01:09", "mode": "SUM_MIN", "is_static": false, "battery": 43.99999999999942}}, {"type": "Feature", "geometry": {"type": "Point", "coordinates": [963809.8796416994, 1950519.3993762122]}, "properties": {"kind": "drone", "drone_id": 3, "frame": 69, "time_s": 69.0, "timestamp": "2025-01-01T00:01:09", "mode": "SUM_MIN", "is_static": false, "battery": 45.49999999999981}}, {"type": "Feature", "geometry": {"type": "Point", "coordinates": [962121.1301043197, 1951494.3993762122]}, "properties": {"kind": "drone", "drone_id": 4, "frame": 69, "time_s": 69.0, "timestamp": "2025-01-01T00:01:09", "mode": "SUM_MIN", "is_static": false, "battery": 43.99999999999981}}, {"type": "Feature", "geometry": {"type": "Point", "coordinates": [966389.3981658287, 1949051.542233355]}, "properties": {"kind": "drone", "drone_id": 5, "frame": 69, "time_s": 69.0, "timestamp": "2025-01-01T00:01:09", "mode": "SUM_MIN", "is_static": false, "battery": 35.00000000000081}}, {"type": "Feature", "geometry": {"type": "Point", "coordinates": [965665.6483640946, 1949597.9708047837]}, "properties": {"kind": "drone", "drone_id": 6, "frame": 69, "time_s": 69.0, "timestamp": "2025-01-01T00:01:09", "mode": "SUM_MIN", "is_static": false, "battery": 35.00000000000085}}, {"type": "Feature", "geometry": {"type": "Point", "coordinates": [963234.5913377568, 1951151.542233355]}, "properties": {"kind": "drone", "drone_id": 7, "frame": 69, "time_s": 69.0, "timestamp": "2025-01-01T00:01:09", "mode": "SUM_MIN", "is_static": false, "battery": 36.50000000000047}}, {"type": "Feature", "geometry": {"type": "Point", "coordinates": [964974.5269357102, 1949846.9899475041]}, "properties": {"kind": "drone", "drone_id": 8, "frame": 69, "time_s": 69.0, "timestamp": "2025-01-01T00:01:09", "mode": "SUM_MIN", "is_static": false, "battery": 31.244966442952897}}, {"type": "Feature", "geometry": {"type": "Point", "coordinates": [962956.2260293976, 1951312.2565190694]}, "properties": {"kind": "drone", "drone_id": 9, "frame": 69, "time_s": 69.0, "timestamp": "2025-01-01T00:01:09", "mode": "SUM_MIN", "is_static": false, "battery": 47.00000000000062}}, {"type": "Feature", "geometry": {"type": "Point", "coordinates": [965944.0136724538, 1949437.2565190694]}, "properties": {"kind": "drone", "drone_id": 10, "frame": 69, "time_s": 69.0, "timestamp": "2025-01-01T00:01:09", "mode": "SUM_MIN", "is_static": false, "battery": 48.49999999999981}}, {"type": "Feature", "geometry": {"type": "Point", "coordinates": [964273.8218222981, 1949651.542233355]}, "properties": {"kind": "drone", "drone_id": 11, "frame": 69, "time_s": 69.0, "timestamp": "2025-01-01T00:01:09", "mode": "SUM_MIN", "is_static": false, "battery": 32.00000000000027}}, {"type": "Feature", "geometry": {"type": "Point", "coordinates": [963921.225765043, 1949940.8279476408]}, "properties": {"kind": "drone", "drone_id": 12, "frame": 69, "time_s": 69.0, "timestamp": "2025-01-01T00:01:09", "mode": "SUM_MIN", "is_static": false, "battery": 33.500000000000234}}, {"type": "Feature", "geometry": {"type": "Point", "coordinates": [963921.225765043, 1950262.2565190694]}, "properties": {"kind": "drone", "drone_id": 13, "frame": 69, "time_s": 69.0, "timestamp": "2025-01-01T00:01:09", "mode": "SUM_MIN", "is_static": false, "battery": 39.5}}, {"type": "Feature", "geometry": {"type": "Point", "coordinates": [963791.3219544754, 1950830.1136619265]}, "properties": {"kind": "drone", "drone_id": 14, "frame": 69, "time_s": 69.0, "timestamp": "2025-01-01T00:01:09", "mode": "SUM_MIN", "is_static": false, "battery": 44.00000000000082}}, {"type": "Feature", "geometry": {"type": "Point", "coordinates": [962399.4954126789, 1951526.542233355]}, "properties": {"kind": "drone", "drone_id": 15, "frame": 69, "time_s": 69.0, "timestamp": "2025-01-01T00:01:09", "mode": "SUM_MIN", "is_static": false, "battery": 39.500000000000625}}, {"type": "Feature", "geometry": {"type": "Point", "coordinates": [963531.5143333401, 1950980.1136619265]}, "properties": {"kind": "drone", "drone_id": 16, "frame": 69, "time_s": 69.0, "timestamp": "2025-01-01T00:01:09", "mode": "SUM_MIN", "is_static": false, "battery": 50.0}}, {"type": "Feature", "geometry": {"type": "Point", "coordinates": [964705.2695842057, 1949707.7815719766]}, "properties": {"kind": "drone", "drone_id": 17, "frame": 69, "time_s": 69.0, "timestamp": "2025-01-01T00:01:09", "mode": "SUM_MIN", "is_static": false, "battery": 31.244966442952894}}, {"type": "Feature", "geometry": {"type": "Point", "coordinates": [965609.9753024228, 1950060.9568175527]}, "properties": {"kind": "drone", "drone_id": 18, "frame": 69, "time_s": 69.0, "timestamp": "2025-01-01T00:01:09", "mode": "SUM_MIN", "is_static": false, "battery": 31.244966442952894}}, {"type": "Feature", "geometry": {"type": "Point", "coordinates": [962622.1876593664, 1951505.1136619265]}, "properties": {"kind": "drone", "drone_id": 19, "frame": 69, "time_s": 69.0, "timestamp": "2025-01-01T00:01:09", "mode": "SUM_MIN", "is_static": false, "battery": 50.0}}, {"type": "Feature", "geometry": {"type": "Point", "coordinates": [965108.917747376, 1949769.3993762122]}, "properties": {"kind": "drone", "drone_id": 20, "frame": 69, "time_s": 69.0, "timestamp": "2025-01-01T00:01:09", "mode": "SUM_MIN", "is_static": false, "battery": 36.499999999998835}}, {"type": "Feature", "geometry": {"type": "Point", "coordinates": [961972.6686065281, 1951730.1136619265]}, "properties": {"kind": "base_A", "drone_id": 0, "frame": 69, "time_s": 69.0, "timestamp": "2025-01-01T00:01:09", "mode": "SUM_MIN", "is_static": true, "battery": 50.0}}, {"type": "Feature", "geometry": {"type": "Point", "coordinates": [966389.3981658287, 1948730.1136619265]}, "properties": {"kind": "base_B", "drone_id": 0, "frame": 69, "time_s": 69.0, "timestamp": "2025-01-01T00:01:09", "mode": "SUM_MIN", "is_static": true, "battery": 50.0}}, {"type": "Feature", "geometry": {"type": "Point", "coordinates": [965387.2830557353, 1949608.6850904978]}, "properties": {"kind": "drone", "drone_id": 1, "frame": 70, "time_s": 70.0, "timestamp": "2025-01-01T00:01:10", "mode": "SUM_MIN", "is_static": false, "battery": 34.99999999999965}}, {"type": "Feature", "geometry": {"type": "Point", "coordinates": [966222.3789808131, 1949276.542233355]}, "properties": {"kind": "drone", "drone_id": 2, "frame": 70, "time_s": 70.0, "timestamp": "2025-01-01T00:01:10", "mode": "SUM_MIN", "is_static": false, "battery": 43.99999999999942}}, {"type": "Feature", "geometry": {"type": "Point", "coordinates": [963809.8796416994, 1950519.3993762122]}, "properties": {"kind": "drone", "drone_id": 3, "frame": 70, "time_s": 70.0, "timestamp": "2025-01-01T00:01:10", "mode": "SUM_MIN", "is_static": false, "battery": 45.49999999999981}}, {"type": "Feature", "geometry": {"type": "Point", "coordinates": [962121.1301043197, 1951494.3993762122]}, "properties": {"kind": "drone", "drone_id": 4, "frame": 70, "time_s": 70.0, "timestamp": "2025-01-01T00:01:10", "mode": "SUM_MIN", "is_static": false, "battery": 43.99999999999981}}, {"type": "Feature", "geometry": {"type": "Point", "coordinates": [966389.3981658287, 1949051.542233355]}, "properties": {"kind": "drone", "drone_id": 5, "frame": 70, "time_s": 70.0, "timestamp": "2025-01-01T00:01:10", "mode": "SUM_MIN", "is_static": false, "battery": 35.00000000000081}}, {"type": "Feature", "geometry": {"type": "Point", "coordinates": [965665.6483640946, 1949597.9708047837]}, "properties": {"kind": "drone", "drone_id": 6, "frame": 70, "time_s": 70.0, "timestamp": "2025-01-01T00:01:10", "mode": "SUM_MIN", "is_static": false, "battery": 35.00000000000085}}, {"type": "Feature", "geometry": {"type": "Point", "coordinates": [963234.5913377568, 1951151.542233355]}, "properties": {"kind": "drone", "drone_id": 7, "frame": 70, "time_s": 70.0, "timestamp": "2025-01-01T00:01:10", "mode": "SUM_MIN", "is_static": false, "battery": 36.50000000000047}}, {"type": "Feature", "geometry": {"type": "Point", "coordinates": [964955.507654916, 1949852.2565894625]}, "properties": {"kind": "drone", "drone_id": 8, "frame": 70, "time_s": 70.0, "timestamp": "2025-01-01T00:01:10", "mode": "SUM_MIN", "is_static": false, "battery": 30.973154362415983}}, {"type": "Feature", "geometry": {"type": "Point", "coordinates": [962956.2260293976, 1951312.2565190694]}, "properties": {"kind": "drone", "drone_id": 9, "frame": 70, "time_s": 70.0, "timestamp": "2025-01-01T00:01:10", "mode": "SUM_MIN", "is_static": false, "battery": 47.00000000000062}}, {"type": "Feature", "geometry": {"type": "Point", "coordinates": [965944.0136724538, 1949437.2565190694]}, "properties": {"kind": "drone", "drone_id": 10, "frame": 70, "time_s": 70.0, "timestamp": "2025-01-01T00:01:10", "mode": "SUM_MIN", "is_static": false, "battery": 48.49999999999981}}, {"type": "Feature", "geometry": {"type": "Point", "coordinates": [964273.8218222981, 1949651.542233355]}, "properties": {"kind": "drone", "drone_id": 11, "frame": 70, "time_s": 70.0, "timestamp": "2025-01-01T00:01:10", "mode": "SUM_MIN", "is_static": false, "battery": 32.00000000000027}}, {"type": "Feature", "geometry": {"type": "Point", "coordinates": [963921.225765043, 1949940.8279476408]}, "properties": {"kind": "drone", "drone_id": 12, "frame": 70, "time_s": 70.0, "timestamp": "2025-01-01T00:01:10", "mode": "SUM_MIN", "is_static": false, "battery": 33.500000000000234}}, {"type": "Feature", "geometry": {"type": "Point", "coordinates": [963921.225765043, 1950262.2565190694]}, "properties": {"kind": "drone", "drone_id": 13, "frame": 70, "time_s": 70.0, "timestamp": "2025-01-01T00:01:10", "mode": "SUM_MIN", "is_static": false, "battery": 39.5}}, {"type": "Feature", "geometry": {"type": "Point", "coordinates": [963791.3219544754, 1950830.1136619265]}, "properties": {"kind": "drone", "drone_id": 14, "frame": 70, "time_s": 70.0, "timestamp": "2025-01-01T00:01:10", "mode": "SUM_MIN", "is_static": false, "battery": 44.00000000000082}}, {"type": "Feature", "geometry": {"type": "Point", "coordinates": [962399.4954126789, 1951526.542233355]}, "properties": {"kind": "drone", "drone_id": 15, "frame": 70, "time_s": 70.0, "timestamp": "2025-01-01T00:01:10", "mode": "SUM_MIN", "is_static": false, "battery": 39.500000000000625}}, {"type": "Feature", "geometry": {"type": "Point", "coordinates": [963531.5143333401, 1950980.1136619265]}, "properties": {"kind": "drone", "drone_id": 16, "frame": 70, "time_s": 70.0, "timestamp": "2025-01-01T00:01:10", "mode": "SUM_MIN", "is_static": false, "battery": 50.0}}, {"type": "Feature", "geometry": {"type": "Point", "coordinates": [964685.2862572857, 1949698.4615600815]}, "properties": {"kind": "drone", "drone_id": 17, "frame": 70, "time_s": 70.0, "timestamp": "2025-01-01T00:01:10", "mode": "SUM_MIN", "is_static": false, "battery": 30.97315436241598}}, {"type": "Feature", "geometry": {"type": "Point", "coordinates": [965609.9753024228, 1950019.963778406]}, "properties": {"kind": "drone", "drone_id": 18, "frame": 70, "time_s": 70.0, "timestamp": "2025-01-01T00:01:10", "mode": "SUM_MIN", "is_static": false, "battery": 30.973154362415983}}, {"type": "Feature", "geometry": {"type": "Point", "coordinates": [962622.1876593664, 1951505.1136619265]}, "properties": {"kind": "drone", "drone_id": 19, "frame": 70, "time_s": 70.0, "timestamp": "2025-01-01T00:01:10", "mode": "SUM_MIN", "is_static": false, "battery": 50.0}}, {"type": "Feature", "geometry": {"type": "Point", "coordinates": [965108.917747376, 1949769.3993762122]}, "properties": {"kind": "drone", "drone_id": 20, "frame": 70, "time_s": 70.0, "timestamp": "2025-01-01T00:01:10", "mode": "SUM_MIN", "is_static": false, "battery": 36.499999999998835}}, {"type": "Feature", "geometry": {"type": "Point", "coordinates": [961972.6686065281, 1951730.1136619265]}, "properties": {"kind": "base_A", "drone_id": 0, "frame": 70, "time_s": 70.0, "timestamp": "2025-01-01T00:01:10", "mode": "SUM_MIN", "is_static": true, "battery": 50.0}}, {"type": "Feature", "geometry": {"type": "Point", "coordinates": [966389.3981658287, 1948730.1136619265]}, "properties": {"kind": "base_B", "drone_id": 0, "frame": 70, "time_s": 70.0, "timestamp": "2025-01-01T00:01:10", "mode": "SUM_MIN", "is_static": true, "battery": 50.0}}, {"type": "Feature", "geometry": {"type": "Point", "coordinates": [965387.2830557353, 1949608.6850904978]}, "properties": {"kind": "drone", "drone_id": 1, "frame": 71, "time_s": 71.0, "timestamp": "2025-01-01T00:01:11", "mode": "SUM_MIN", "is_static": false, "battery": 34.99999999999965}}, {"type": "Feature", "geometry": {"type": "Point", "coordinates": [966222.3789808131, 1949276.542233355]}, "properties": {"kind": "drone", "drone_id": 2, "frame": 71, "time_s": 71.0, "timestamp": "2025-01-01T00:01:11", "mode": "SUM_MIN", "is_static": false, "battery": 43.99999999999942}}, {"type": "Feature", "geometry": {"type": "Point", "coordinates": [963809.8796416994, 1950519.3993762122]}, "properties": {"kind": "drone", "drone_id": 3, "frame": 71, "time_s": 71.0, "timestamp": "2025-01-01T00:01:11", "mode": "SUM_MIN", "is_static": false, "battery": 45.49999999999981}}, {"type": "Feature", "geometry": {"type": "Point", "coordinates": [962121.1301043197, 1951494.3993762122]}, "properties": {"kind": "drone", "drone_id": 4, "frame": 71, "time_s": 71.0, "timestamp": "2025-01-01T00:01:11", "mode": "SUM_MIN", "is_static": false, "battery": 43.99999999999981}}, {"type": "Feature", "geometry": {"type": "Point", "coordinates": [966389.3981658287, 1949051.542233355]}, "properties": {"kind": "drone", "drone_id": 5, "frame": 71, "time_s": 71.0, "timestamp": "2025-01-01T00:01:11", "mode": "SUM_MIN", "is_static": false, "battery": 35.00000000000081}}, {"type": "Feature", "geometry": {"type": "Point", "coordinates": [965665.6483640946, 1949597.9708047837]}, "properties": {"kind": "drone", "drone_id": 6, "frame": 71, "time_s": 71.0, "timestamp": "2025-01-01T00:01:11", "mode": "SUM_MIN", "is_static": false, "battery": 35.00000000000085}}, {"type": "Feature", "geometry": {"type": "Point", "coordinates": [963234.5913377568, 1951151.542233355]}, "properties": {"kind": "drone", "drone_id": 7, "frame": 71, "time_s": 71.0, "timestamp": "2025-01-01T00:01:11", "mode": "SUM_MIN", "is_static": false, "battery": 36.50000000000047}}, {"type": "Feature", "geometry": {"type": "Point", "coordinates": [964937.6678466498, 1949841.9567713577]}, "properties": {"kind": "drone", "drone_id": 8, "frame": 71, "time_s": 71.0, "timestamp": "2025-01-01T00:01:11", "mode": "SUM_MIN", "is_static": false, "battery": 30.701342281879068}}, {"type": "Feature", "geometry": {"type": "Point", "coordinates": [962956.2260293976, 1951312.2565190694]}, "properties": {"kind": "drone", "drone_id": 9, "frame": 71, "time_s": 71.0, "timestamp": "2025-01-01T00:01:11", "mode": "SUM_MIN", "is_static": false, "battery": 47.00000000000062}}, {"type": "Feature", "geometry": {"type": "Point", "coordinates": [965944.0136724538, 1949437.2565190694]}, "properties": {"kind": "drone", "drone_id": 10, "frame": 71, "time_s": 71.0, "timestamp": "2025-01-01T00:01:11", "mode": "SUM_MIN", "is_static": false, "battery": 48.49999999999981}}, {"type": "Feature", "geometry": {"type": "Point", "coordinates": [964273.8218222981, 1949651.542233355]}, "properties": {"kind": "drone", "drone_id": 11, "frame": 71, "time_s": 71.0, "timestamp": "2025-01-01T00:01:11", "mode": "SUM_MIN", "is_static": false, "battery": 32.00000000000027}}, {"type": "Feature", "geometry": {"type": "Point", "coordinates": [963921.225765043, 1949940.8279476408]}, "properties": {"kind": "drone", "drone_id": 12, "frame": 71, "time_s": 71.0, "timestamp": "2025-01-01T00:01:11", "mode": "SUM_MIN", "is_static": false, "battery": 33.500000000000234}}, {"type": "Feature", "geometry": {"type": "Point", "coordinates": [963921.225765043, 1950262.2565190694]}, "properties": {"kind": "drone", "drone_id": 13, "frame": 71, "time_s": 71.0, "timestamp": "2025-01-01T00:01:11", "mode": "SUM_MIN", "is_static": false, "battery": 39.5}}, {"type": "Feature", "geometry": {"type": "Point", "coordinates": [963791.3219544754, 1950830.1136619265]}, "properties": {"kind": "drone", "drone_id": 14, "frame": 71, "time_s": 71.0, "timestamp": "2025-01-01T00:01:11", "mode": "SUM_MIN", "is_static": false, "battery": 44.00000000000082}}, {"type": "Feature", "geometry": {"type": "Point", "coordinates": [962399.4954126789, 1951526.542233355]}, "properties": {"kind": "drone", "drone_id": 15, "frame": 71, "time_s": 71.0, "timestamp": "2025-01-01T00:01:11", "mode": "SUM_MIN", "is_static": false, "battery": 39.500000000000625}}, {"type": "Feature", "geometry": {"type": "Point", "coordinates": [963531.5143333401, 1950980.1136619265]}, "properties": {"kind": "drone", "drone_id": 16, "frame": 71, "time_s": 71.0, "timestamp": "2025-01-01T00:01:11", "mode": "SUM_MIN", "is_static": false, "battery": 50.0}}, {"type": "Feature", "geometry": {"type": "Point", "coordinates": [964666.283746007, 1949690.23323133]}, "properties": {"kind": "drone", "drone_id": 17, "frame": 71, "time_s": 71.0, "timestamp": "2025-01-01T00:01:11", "mode": "SUM_MIN", "is_static": false, "battery": 30.701342281879064}}, {"type": "Feature", "geometry": {"type": "Point", "coordinates": [965609.9753024228, 1949978.903965282]}, "properties": {"kind": "drone", "drone_id": 18, "frame": 71, "time_s": 71.0, "timestamp": "2025-01-01T00:01:11", "mode": "SUM_MIN", "is_static": false, "battery": 30.701342281879068}}, {"type": "Feature", "geometry": {"type": "Point", "coordinates": [962622.1876593664, 1951505.1136619265]}, "properties": {"kind": "drone", "drone_id": 19, "frame": 71, "time_s": 71.0, "timestamp": "2025-01-01T00:01:11", "mode": "SUM_MIN", "is_static": false, "battery": 50.0}}, {"type": "Feature", "geometry": {"type": "Point", "coordinates": [965108.917747376, 1949769.3993762122]}, "properties": {"kind": "drone", "drone_id": 20, "frame": 71, "time_s": 71.0, "timestamp": "2025-01-01T00:01:11", "mode": "SUM_MIN", "is_static": false, "battery": 36.499999999998835}}, {"type": "Feature", "geometry": {"type": "Point", "coordinates": [961972.6686065281, 1951730.1136619265]}, "properties": {"kind": "base_A", "drone_id": 0, "frame": 71, "time_s": 71.0, "timestamp": "2025-01-01T00:01:11", "mode": "SUM_MIN", "is_static": true, "battery": 50.0}}, {"type": "Feature", "geometry": {"type": "Point", "coordinates": [966389.3981658287, 1948730.1136619265]}, "properties": {"kind": "base_B", "drone_id": 0, "frame": 71, "time_s": 71.0, "timestamp": "2025-01-01T00:01:11", "mode": "SUM_MIN", "is_static": true, "battery": 50.0}}, {"type": "Feature", "geometry": {"type": "Point", "coordinates": [965387.2830557353, 1949608.6850904978]}, "properties": {"kind": "drone", "drone_id": 1, "frame": 72, "time_s": 72.0, "timestamp": "2025-01-01T00:01:12", "mode": "SUM_MIN", "is_static": false, "battery": 34.99999999999965}}, {"type": "Feature", "geometry": {"type": "Point", "coordinates": [966222.3789808131, 1949276.542233355]}, "properties": {"kind": "drone", "drone_id": 2, "frame": 72, "time_s": 72.0, "timestamp": "2025-01-01T00:01:12", "mode": "SUM_MIN", "is_static": false, "battery": 43.99999999999942}}, {"type": "Feature", "geometry": {"type": "Point", "coordinates": [963809.8796416994, 1950519.3993762122]}, "properties": {"kind": "drone", "drone_id": 3, "frame": 72, "time_s": 72.0, "timestamp": "2025-01-01T00:01:12", "mode": "SUM_MIN", "is_static": false, "battery": 45.49999999999981}}, {"type": "Feature", "geometry": {"type": "Point", "coordinates": [962121.1301043197, 1951494.3993762122]}, "properties": {"kind": "drone", "drone_id": 4, "frame": 72, "time_s": 72.0, "timestamp": "2025-01-01T00:01:12", "mode": "SUM_MIN", "is_static": false, "battery": 43.99999999999981}}, {"type": "Feature", "geometry": {"type": "Point", "coordinates": [966389.3981658287, 1949051.542233355]}, "properties": {"kind": "drone", "drone_id": 5, "frame": 72, "time_s": 72.0, "timestamp": "2025-01-01T00:01:12", "mode": "SUM_MIN", "is_static": false, "battery": 35.00000000000081}}, {"type": "Feature", "geometry": {"type": "Point", "coordinates": [965665.6483640946, 1949597.9708047837]}, "properties": {"kind": "drone", "drone_id": 6, "frame": 72, "time_s": 72.0, "timestamp": "2025-01-01T00:01:12", "mode": "SUM_MIN", "is_static": false, "battery": 35.00000000000085}}, {"type": "Feature", "geometry": {"type": "Point", "coordinates": [963234.5913377568, 1951151.542233355]}, "properties": {"kind": "drone", "drone_id": 7, "frame": 72, "time_s": 72.0, "timestamp": "2025-01-01T00:01:12", "mode": "SUM_MIN", "is_static": false, "battery": 36.50000000000047}}, {"type": "Feature", "geometry": {"type": "Point", "coordinates": [964921.048735194, 1949832.3617228852]}, "properties": {"kind": "drone", "drone_id": 8, "frame": 72, "time_s": 72.0, "timestamp": "2025-01-01T00:01:12", "mode": "SUM_MIN", "is_static": false, "battery": 30.429530201342153}}, {"type": "Feature", "geometry": {"type": "Point", "coordinates": [962956.2260293976, 1951312.2565190694]}, "properties": {"kind": "drone", "drone_id": 9, "frame": 72, "time_s": 72.0, "timestamp": "2025-01-01T00:01:12", "mode": "SUM_MIN", "is_static": false, "battery": 47.00000000000062}}, {"type": "Feature", "geometry": {"type": "Point", "coordinates": [965944.0136724538, 1949437.2565190694]}, "properties": {"kind": "drone", "drone_id": 10, "frame": 72, "time_s": 72.0, "timestamp": "2025-01-01T00:01:12", "mode": "SUM_MIN", "is_static": false, "battery": 48.49999999999981}}, {"type": "Feature", "geometry": {"type": "Point", "coordinates": [964273.8218222981, 1949651.542233355]}, "properties": {"kind": "drone", "drone_id": 11, "frame": 72, "time_s": 72.0, "timestamp": "2025-01-01T00:01:12", "mode": "SUM_MIN", "is_static": false, "battery": 32.00000000000027}}, {"type": "Feature", "geometry": {"type": "Point", "coordinates": [963921.225765043, 1949940.8279476408]}, "properties": {"kind": "drone", "drone_id": 12, "frame": 72, "time_s": 72.0, "timestamp": "2025-01-01T00:01:12", "mode": "SUM_MIN", "is_static": false, "battery": 33.500000000000234}}, {"type": "Feature", "geometry": {"type": "Point", "coordinates": [963921.225765043, 1950262.2565190694]}, "properties": {"kind": "drone", "drone_id": 13, "frame": 72, "time_s": 72.0, "timestamp": "2025-01-01T00:01:12", "mode": "SUM_MIN", "is_static": false, "battery": 39.5}}, {"type": "Feature", "geometry": {"type": "Point", "coordinates": [963791.3219544754, 1950830.1136619265]}, "properties": {"kind": "drone", "drone_id": 14, "frame": 72, "time_s": 72.0, "timestamp": "2025-01-01T00:01:12", "mode": "SUM_MIN", "is_static": false, "battery": 44.00000000000082}}, {"type": "Feature", "geometry": {"type": "Point", "coordinates": [962399.4954126789, 1951526.542233355]}, "properties": {"kind": "drone", "drone_id": 15, "frame": 72, "time_s": 72.0, "timestamp": "2025-01-01T00:01:12", "mode": "SUM_MIN", "is_static": false, "battery": 39.500000000000625}}, {"type": "Feature", "geometry": {"type": "Point", "coordinates": [963531.5143333401, 1950980.1136619265]}, "properties": {"kind": "drone", "drone_id": 16, "frame": 72, "time_s": 72.0, "timestamp": "2025-01-01T00:01:12", "mode": "SUM_MIN", "is_static": false, "battery": 50.0}}, {"type": "Feature", "geometry": {"type": "Point", "coordinates": [964648.5814900093, 1949682.5679296309]}, "properties": {"kind": "drone", "drone_id": 17, "frame": 72, "time_s": 72.0, "timestamp": "2025-01-01T00:01:12", "mode": "SUM_MIN", "is_static": false, "battery": 30.42953020134215}}, {"type": "Feature", "geometry": {"type": "Point", "coordinates": [965609.9753024228, 1949937.7922168425]}, "properties": {"kind": "drone", "drone_id": 18, "frame": 72, "time_s": 72.0, "timestamp": "2025-01-01T00:01:12", "mode": "SUM_MIN", "is_static": false, "battery": 30.42953020134215}}, {"type": "Feature", "geometry": {"type": "Point", "coordinates": [962622.1876593664, 1951505.1136619265]}, "properties": {"kind": "drone", "drone_id": 19, "frame": 72, "time_s": 72.0, "timestamp": "2025-01-01T00:01:12", "mode": "SUM_MIN", "is_static": false, "battery": 50.0}}, {"type": "Feature", "geometry": {"type": "Point", "coordinates": [965108.917747376, 1949769.3993762122]}, "properties": {"kind": "drone", "drone_id": 20, "frame": 72, "time_s": 72.0, "timestamp": "2025-01-01T00:01:12", "mode": "SUM_MIN", "is_static": false, "battery": 36.499999999998835}}, {"type": "Feature", "geometry": {"type": "Point", "coordinates": [961972.6686065281, 1951730.1136619265]}, "properties": {"kind": "base_A", "drone_id": 0, "frame": 72, "time_s": 72.0, "timestamp": "2025-01-01T00:01:12", "mode": "SUM_MIN", "is_static": true, "battery": 50.0}}, {"type": "Feature", "geometry": {"type": "Point", "coordinates": [966389.3981658287, 1948730.1136619265]}, "properties": {"kind": "base_B", "drone_id": 0, "frame": 72, "time_s": 72.0, "timestamp": "2025-01-01T00:01:12", "mode": "SUM_MIN", "is_static": true, "battery": 50.0}}, {"type": "Feature", "geometry": {"type": "Point", "coordinates": [965387.2830557353, 1949608.6850904978]}, "properties": {"kind": "drone", "drone_id": 1, "frame": 73, "time_s": 73.0, "timestamp": "2025-01-01T00:01:13", "mode": "SUM_MIN", "is_static": false, "battery": 34.99999999999965}}, {"type": "Feature", "geometry": {"type": "Point", "coordinates": [966222.3789808131, 1949276.542233355]}, "properties": {"kind": "drone", "drone_id": 2, "frame": 73, "time_s": 73.0, "timestamp": "2025-01-01T00:01:13", "mode": "SUM_MIN", "is_static": false, "battery": 43.99999999999942}}, {"type": "Feature", "geometry": {"type": "Point", "coordinates": [963809.8796416994, 1950519.3993762122]}, "properties": {"kind": "drone", "drone_id": 3, "frame": 73, "time_s": 73.0, "timestamp": "2025-01-01T00:01:13", "mode": "SUM_MIN", "is_static": false, "battery": 45.49999999999981}}, {"type": "Feature", "geometry": {"type": "Point", "coordinates": [962121.1301043197, 1951494.3993762122]}, "properties": {"kind": "drone", "drone_id": 4, "frame": 73, "time_s": 73.0, "timestamp": "2025-01-01T00:01:13", "mode": "SUM_MIN", "is_static": false, "battery": 43.99999999999981}}, {"type": "Feature", "geometry": {"type": "Point", "coordinates": [966389.3981658287, 1949051.542233355]}, "properties": {"kind": "drone", "drone_id": 5, "frame": 73, "time_s": 73.0, "timestamp": "2025-01-01T00:01:13", "mode": "SUM_MIN", "is_static": false, "battery": 35.00000000000081}}, {"type": "Feature", "geometry": {"type": "Point", "coordinates": [965665.6483640946, 1949597.9708047837]}, "properties": {"kind": "drone", "drone_id": 6, "frame": 73, "time_s": 73.0, "timestamp": "2025-01-01T00:01:13", "mode": "SUM_MIN", "is_static": false, "battery": 35.00000000000085}}, {"type": "Feature", "geometry": {"type": "Point", "coordinates": [963234.5913377568, 1951151.542233355]}, "properties": {"kind": "drone", "drone_id": 7, "frame": 73, "time_s": 73.0, "timestamp": "2025-01-01T00:01:13", "mode": "SUM_MIN", "is_static": false, "battery": 36.50000000000047}}, {"type": "Feature", "geometry": {"type": "Point", "coordinates": [964905.6915448315, 1949823.4952448953]}, "properties": {"kind": "drone", "drone_id": 8, "frame": 73, "time_s": 73.0, "timestamp": "2025-01-01T00:01:13", "mode": "SUM_MIN", "is_static": false, "battery": 30.15771812080524}}, {"type": "Feature", "geometry": {"type": "Point", "coordinates": [962956.2260293976, 1951312.2565190694]}, "properties": {"kind": "drone", "drone_id": 9, "frame": 73, "time_s": 73.0, "timestamp": "2025-01-01T00:01:13", "mode": "SUM_MIN", "is_static": false, "battery": 47.00000000000062}}, {"type": "Feature", "geometry": {"type": "Point", "coordinates": [965944.0136724538, 1949437.2565190694]}, "properties": {"kind": "drone", "drone_id": 10, "frame": 73, "time_s": 73.0, "timestamp": "2025-01-01T00:01:13", "mode": "SUM_MIN", "is_static": false, "battery": 48.49999999999981}}, {"type": "Feature", "geometry": {"type": "Point", "coordinates": [964273.8218222981, 1949651.542233355]}, "properties": {"kind": "drone", "drone_id": 11, "frame": 73, "time_s": 73.0, "timestamp": "2025-01-01T00:01:13", "mode": "SUM_MIN", "is_static": false, "battery": 32.00000000000027}}, {"type": "Feature", "geometry": {"type": "Point", "coordinates": [963921.225765043, 1949940.8279476408]}, "properties": {"kind": "drone", "drone_id": 12, "frame": 73, "time_s": 73.0, "timestamp": "2025-01-01T00:01:13", "mode": "SUM_MIN", "is_static": false, "battery": 33.500000000000234}}, {"type": "Feature", "geometry": {"type": "Point", "coordinates": [963921.225765043, 1950262.2565190694]}, "properties": {"kind": "drone", "drone_id": 13, "frame": 73, "time_s": 73.0, "timestamp": "2025-01-01T00:01:13", "mode": "SUM_MIN", "is_static": false, "battery": 39.5}}, {"type": "Feature", "geometry": {"type": "Point", "coordinates": [963791.3219544754, 1950830.1136619265]}, "properties": {"kind": "drone", "drone_id": 14, "frame": 73, "time_s": 73.0, "timestamp": "2025-01-01T00:01:13", "mode": "SUM_MIN", "is_static": false, "battery": 44.00000000000082}}, {"type": "Feature", "geometry": {"type": "Point", "coordinates": [962399.4954126789, 1951526.542233355]}, "properties": {"kind": "drone", "drone_id": 15, "frame": 73, "time_s": 73.0, "timestamp": "2025-01-01T00:01:13", "mode": "SUM_MIN", "is_static": false, "battery": 39.500000000000625}}, {"type": "Feature", "geometry": {"type": "Point", "coordinates": [963531.5143333401, 1950980.1136619265]}, "properties": {"kind": "drone", "drone_id": 16, "frame": 73, "time_s": 73.0, "timestamp": "2025-01-01T00:01:13", "mode": "SUM_MIN", "is_static": false, "battery": 50.0}}, {"type": "Feature", "geometry": {"type": "Point", "coordinates": [964632.2234003529, 1949675.4846690309]}, "properties": {"kind": "drone", "drone_id": 17, "frame": 73, "time_s": 73.0, "timestamp": "2025-01-01T00:01:13", "mode": "SUM_MIN", "is_static": false, "battery": 30.157718120805235}}, {"type": "Feature", "geometry": {"type": "Point", "coordinates": [965609.9753024228, 1949896.6433717492]}, "properties": {"kind": "drone", "drone_id": 18, "frame": 73, "time_s": 73.0, "timestamp": "2025-01-01T00:01:13", "mode": "SUM_MIN", "is_static": false, "battery": 30.157718120805235}}, {"type": "Feature", "geometry": {"type": "Point", "coordinates": [962622.1876593664, 1951505.1136619265]}, "properties": {"kind": "drone", "drone_id": 19, "frame": 73, "time_s": 73.0, "timestamp": "2025-01-01T00:01:13", "mode": "SUM_MIN", "is_static": false, "battery": 50.0}}, {"type": "Feature", "geometry": {"type": "Point", "coordinates": [965108.917747376, 1949769.3993762122]}, "properties": {"kind": "drone", "drone_id": 20, "frame": 73, "time_s": 73.0, "timestamp": "2025-01-01T00:01:13", "mode": "SUM_MIN", "is_static": false, "battery": 36.499999999998835}}, {"type": "Feature", "geometry": {"type": "Point", "coordinates": [961972.6686065281, 1951730.1136619265]}, "properties": {"kind": "base_A", "drone_id": 0, "frame": 73, "time_s": 73.0, "timestamp": "2025-01-01T00:01:13", "mode": "SUM_MIN", "is_static": true, "battery": 50.0}}, {"type": "Feature", "geometry": {"type": "Point", "coordinates": [966389.3981658287, 1948730.1136619265]}, "properties": {"kind": "base_B", "drone_id": 0, "frame": 73, "time_s": 73.0, "timestamp": "2025-01-01T00:01:13", "mode": "SUM_MIN", "is_static": true, "battery": 50.0}}, {"type": "Feature", "geometry": {"type": "Point", "coordinates": [965387.2830557353, 1949608.6850904978]}, "properties": {"kind": "drone", "drone_id": 1, "frame": 74, "time_s": 74.0, "timestamp": "2025-01-01T00:01:14", "mode": "SUM_MIN", "is_static": false, "battery": 34.99999999999965}}, {"type": "Feature", "geometry": {"type": "Point", "coordinates": [966222.3789808131, 1949276.542233355]}, "properties": {"kind": "drone", "drone_id": 2, "frame": 74, "time_s": 74.0, "timestamp": "2025-01-01T00:01:14", "mode": "SUM_MIN", "is_static": false, "battery": 43.99999999999942}}, {"type": "Feature", "geometry": {"type": "Point", "coordinates": [963809.8796416994, 1950519.3993762122]}, "properties": {"kind": "drone", "drone_id": 3, "frame": 74, "time_s": 74.0, "timestamp": "2025-01-01T00:01:14", "mode": "SUM_MIN", "is_static": false, "battery": 45.49999999999981}}, {"type": "Feature", "geometry": {"type": "Point", "coordinates": [962121.1301043197, 1951494.3993762122]}, "properties": {"kind": "drone", "drone_id": 4, "frame": 74, "time_s": 74.0, "timestamp": "2025-01-01T00:01:14", "mode": "SUM_MIN", "is_static": false, "battery": 43.99999999999981}}, {"type": "Feature", "geometry": {"type": "Point", "coordinates": [966389.3981658287, 1949051.542233355]}, "properties": {"kind": "drone", "drone_id": 5, "frame": 74, "time_s": 74.0, "timestamp": "2025-01-01T00:01:14", "mode": "SUM_MIN", "is_static": false, "battery": 35.00000000000081}}, {"type": "Feature", "geometry": {"type": "Point", "coordinates": [965665.6483640946, 1949597.9708047837]}, "properties": {"kind": "drone", "drone_id": 6, "frame": 74, "time_s": 74.0, "timestamp": "2025-01-01T00:01:14", "mode": "SUM_MIN", "is_static": false, "battery": 35.00000000000085}}, {"type": "Feature", "geometry": {"type": "Point", "coordinates": [963234.5913377568, 1951151.542233355]}, "properties": {"kind": "drone", "drone_id": 7, "frame": 74, "time_s": 74.0, "timestamp": "2025-01-01T00:01:14", "mode": "SUM_MIN", "is_static": false, "battery": 36.50000000000047}}, {"type": "Feature", "geometry": {"type": "Point", "coordinates": [964891.6374998445, 1949815.3811382388]}, "properties": {"kind": "drone", "drone_id": 8, "frame": 74, "time_s": 74.0, "timestamp": "2025-01-01T00:01:14", "mode": "SUM_MIN", "is_static": false, "battery": 29.885906040268324}}, {"type": "Feature", "geometry": {"type": "Point", "coordinates": [962956.2260293976, 1951312.2565190694]}, "properties": {"kind": "drone", "drone_id": 9, "frame": 74, "time_s": 74.0, "timestamp": "2025-01-01T00:01:14", "mode": "SUM_MIN", "is_static": false, "battery": 47.00000000000062}}, {"type": "Feature", "geometry": {"type": "Point", "coordinates": [965944.0136724538, 1949437.2565190694]}, "properties": {"kind": "drone", "drone_id": 10, "frame": 74, "time_s": 74.0, "timestamp": "2025-01-01T00:01:14", "mode": "SUM_MIN", "is_static": false, "battery": 48.49999999999981}}, {"type": "Feature", "geometry": {"type": "Point", "coordinates": [964273.8218222981, 1949651.542233355]}, "properties": {"kind": "drone", "drone_id": 11, "frame": 74, "time_s": 74.0, "timestamp": "2025-01-01T00:01:14", "mode": "SUM_MIN", "is_static": false, "battery": 32.00000000000027}}, {"type": "Feature", "geometry": {"type": "Point", "coordinates": [963921.225765043, 1949940.8279476408]}, "properties": {"kind": "drone", "drone_id": 12, "frame": 74, "time_s": 74.0, "timestamp": "2025-01-01T00:01:14", "mode": "SUM_MIN", "is_static": false, "battery": 33.500000000000234}}, {"type": "Feature", "geometry": {"type": "Point", "coordinates": [963921.225765043, 1950262.2565190694]}, "properties": {"kind": "drone", "drone_id": 13, "frame": 74, "time_s": 74.0, "timestamp": "2025-01-01T00:01:14", "mode": "SUM_MIN", "is_static": false, "battery": 39.5}}, {"type": "Feature", "geometry": {"type": "Point", "coordinates": [963791.3219544754, 1950830.1136619265]}, "properties": {"kind": "drone", "drone_id": 14, "frame": 74, "time_s": 74.0, "timestamp": "2025-01-01T00:01:14", "mode": "SUM_MIN", "is_static": false, "battery": 44.00000000000082}}, {"type": "Feature", "geometry": {"type": "Point", "coordinates": [962399.4954126789, 1951526.542233355]}, "properties": {"kind": "drone", "drone_id": 15, "frame": 74, "time_s": 74.0, "timestamp": "2025-01-01T00:01:14", "mode": "SUM_MIN", "is_static": false, "battery": 39.500000000000625}}, {"type": "Feature", "geometry": {"type": "Point", "coordinates": [963531.5143333401, 1950980.1136619265]}, "properties": {"kind": "drone", "drone_id": 16, "frame": 74, "time_s": 74.0, "timestamp": "2025-01-01T00:01:14", "mode": "SUM_MIN", "is_static": false, "battery": 50.0}}, {"type": "Feature", "geometry": {"type": "Point", "coordinates": [964617.2533880977, 1949669.002463577]}, "properties": {"kind": "drone", "drone_id": 17, "frame": 74, "time_s": 74.0, "timestamp": "2025-01-01T00:01:14", "mode": "SUM_MIN", "is_static": false, "battery": 29.88590604026832}}, {"type": "Feature", "geometry": {"type": "Point", "coordinates": [965609.9753024228, 1949855.4722686633]}, "properties": {"kind": "drone", "drone_id": 18, "frame": 74, "time_s": 74.0, "timestamp": "2025-01-01T00:01:14", "mode": "SUM_MIN", "is_static": false, "battery": 29.88590604026832}}, {"type": "Feature", "geometry": {"type": "Point", "coordinates": [962622.1876593664, 1951505.1136619265]}, "properties": {"kind": "drone", "drone_id": 19, "frame": 74, "time_s": 74.0, "timestamp": "2025-01-01T00:01:14", "mode": "SUM_MIN", "is_static": false, "battery": 50.0}}, {"type": "Feature", "geometry": {"type": "Point", "coordinates": [965108.917747376, 1949769.3993762122]}, "properties": {"kind": "drone", "drone_id": 20, "frame": 74, "time_s": 74.0, "timestamp": "2025-01-01T00:01:14", "mode": "SUM_MIN", "is_static": false, "battery": 36.499999999998835}}, {"type": "Feature", "geometry": {"type": "Point", "coordinates": [961972.6686065281, 1951730.1136619265]}, "properties": {"kind": "base_A", "drone_id": 0, "frame": 74, "time_s": 74.0, "timestamp": "2025-01-01T00:01:14", "mode": "SUM_MIN", "is_static": true, "battery": 50.0}}, {"type": "Feature", "geometry": {"type": "Point", "coordinates": [966389.3981658287, 1948730.1136619265]}, "properties": {"kind": "base_B", "drone_id": 0, "frame": 74, "time_s": 74.0, "timestamp": "2025-01-01T00:01:14", "mode": "SUM_MIN", "is_static": true, "battery": 50.0}}, {"type": "Feature", "geometry": {"type": "Point", "coordinates": [965387.2830557353, 1949608.6850904978]}, "properties": {"kind": "drone", "drone_id": 1, "frame": 75, "time_s": 75.0, "timestamp": "2025-01-01T00:01:15", "mode": "SUM_MIN", "is_static": false, "battery": 34.99999999999965}}, {"type": "Feature", "geometry": {"type": "Point", "coordinates": [966222.3789808131, 1949276.542233355]}, "properties": {"kind": "drone", "drone_id": 2, "frame": 75, "time_s": 75.0, "timestamp": "2025-01-01T00:01:15", "mode": "SUM_MIN", "is_static": false, "battery": 43.99999999999942}}, {"type": "Feature", "geometry": {"type": "Point", "coordinates": [963809.8796416994, 1950519.3993762122]}, "properties": {"kind": "drone", "drone_id": 3, "frame": 75, "time_s": 75.0, "timestamp": "2025-01-01T00:01:15", "mode": "SUM_MIN", "is_static": false, "battery": 45.49999999999981}}, {"type": "Feature", "geometry": {"type": "Point", "coordinates": [962121.1301043197, 1951494.3993762122]}, "properties": {"kind": "drone", "drone_id": 4, "frame": 75, "time_s": 75.0, "timestamp": "2025-01-01T00:01:15", "mode": "SUM_MIN", "is_static": false, "battery": 43.99999999999981}}, {"type": "Feature", "geometry": {"type": "Point", "coordinates": [966389.3981658287, 1949051.542233355]}, "properties": {"kind": "drone", "drone_id": 5, "frame": 75, "time_s": 75.0, "timestamp": "2025-01-01T00:01:15", "mode": "SUM_MIN", "is_static": false, "battery": 35.00000000000081}}, {"type": "Feature", "geometry": {"type": "Point", "coordinates": [965665.6483640946, 1949597.9708047837]}, "properties": {"kind": "drone", "drone_id": 6, "frame": 75, "time_s": 75.0, "timestamp": "2025-01-01T00:01:15", "mode": "SUM_MIN", "is_static": false, "battery": 35.00000000000085}}, {"type": "Feature", "geometry": {"type": "Point", "coordinates": [963234.5913377568, 1951151.542233355]}, "properties": {"kind": "drone", "drone_id": 7, "frame": 75, "time_s": 75.0, "timestamp": "2025-01-01T00:01:15", "mode": "SUM_MIN", "is_static": false, "battery": 36.50000000000047}}, {"type": "Feature", "geometry": {"type": "Point", "coordinates": [964878.9278245157, 1949808.0432037665]}, "properties": {"kind": "drone", "drone_id": 8, "frame": 75, "time_s": 75.0, "timestamp": "2025-01-01T00:01:15", "mode": "SUM_MIN", "is_static": false, "battery": 29.614093959731406}}, {"type": "Feature", "geometry": {"type": "Point", "coordinates": [962956.2260293976, 1951312.2565190694]}, "properties": {"kind": "drone", "drone_id": 9, "frame": 75, "time_s": 75.0, "timestamp": "2025-01-01T00:01:15", "mode": "SUM_MIN", "is_static": false, "battery": 47.00000000000062}}, {"type": "Feature", "geometry": {"type": "Point", "coordinates": [965944.0136724538, 1949437.2565190694]}, "properties": {"kind": "drone", "drone_id": 10, "frame": 75, "time_s": 75.0, "timestamp": "2025-01-01T00:01:15", "mode": "SUM_MIN", "is_static": false, "battery": 48.49999999999981}}, {"type": "Feature", "geometry": {"type": "Point", "coordinates": [964273.8218222981, 1949651.542233355]}, "properties": {"kind": "drone", "drone_id": 11, "frame": 75, "time_s": 75.0, "timestamp": "2025-01-01T00:01:15", "mode": "SUM_MIN", "is_static": false, "battery": 32.00000000000027}}, {"type": "Feature", "geometry": {"type": "Point", "coordinates": [963921.225765043, 1949940.8279476408]}, "properties": {"kind": "drone", "drone_id": 12, "frame": 75, "time_s": 75.0, "timestamp": "2025-01-01T00:01:15", "mode": "SUM_MIN", "is_static": false, "battery": 33.500000000000234}}, {"type": "Feature", "geometry": {"type": "Point", "coordinates": [963921.225765043, 1950262.2565190694]}, "properties": {"kind": "drone", "drone_id": 13, "frame": 75, "time_s": 75.0, "timestamp": "2025-01-01T00:01:15", "mode": "SUM_MIN", "is_static": false, "battery": 39.5}}, {"type": "Feature", "geometry": {"type": "Point", "coordinates": [963791.3219544754, 1950830.1136619265]}, "properties": {"kind": "drone", "drone_id": 14, "frame": 75, "time_s": 75.0, "timestamp": "2025-01-01T00:01:15", "mode": "SUM_MIN", "is_static": false, "battery": 44.00000000000082}}, {"type": "Feature", "geometry": {"type": "Point", "coordinates": [962399.4954126789, 1951526.542233355]}, "properties": {"kind": "drone", "drone_id": 15, "frame": 75, "time_s": 75.0, "timestamp": "2025-01-01T00:01:15", "mode": "SUM_MIN", "is_static": false, "battery": 39.500000000000625}}, {"type": "Feature", "geometry": {"type": "Point", "coordinates": [963531.5143333401, 1950980.1136619265]}, "properties": {"kind": "drone", "drone_id": 16, "frame": 75, "time_s": 75.0, "timestamp": "2025-01-01T00:01:15", "mode": "SUM_MIN", "is_static": false, "battery": 50.0}}, {"type": "Feature", "geometry": {"type": "Point", "coordinates": [964603.715364304, 1949663.1403273158]}, "properties": {"kind": "drone", "drone_id": 17, "frame": 75, "time_s": 75.0, "timestamp": "2025-01-01T00:01:15", "mode": "SUM_MIN", "is_static": false, "battery": 29.614093959731406}}, {"type": "Feature", "geometry": {"type": "Point", "coordinates": [965609.9753024228, 1949814.293746247]}, "properties": {"kind": "drone", "drone_id": 18, "frame": 75, "time_s": 75.0, "timestamp": "2025-01-01T00:01:15", "mode": "SUM_MIN", "is_static": false, "battery": 29.614093959731406}}, {"type": "Feature", "geometry": {"type": "Point", "coordinates": [962622.1876593664, 1951505.1136619265]}, "properties": {"kind": "drone", "drone_id": 19, "frame": 75, "time_s": 75.0, "timestamp": "2025-01-01T00:01:15", "mode": "SUM_MIN", "is_static": false, "battery": 50.0}}, {"type": "Feature", "geometry": {"type": "Point", "coordinates": [965108.917747376, 1949769.3993762122]}, "properties": {"kind": "drone", "drone_id": 20, "frame": 75, "time_s": 75.0, "timestamp": "2025-01-01T00:01:15", "mode": "SUM_MIN", "is_static": false, "battery": 36.499999999998835}}, {"type": "Feature", "geometry": {"type": "Point", "coordinates": [961972.6686065281, 1951730.1136619265]}, "properties": {"kind": "base_A", "drone_id": 0, "frame": 75, "time_s": 75.0, "timestamp": "2025-01-01T00:01:15", "mode": "SUM_MIN", "is_static": true, "battery": 50.0}}, {"type": "Feature", "geometry": {"type": "Point", "coordinates": [966389.3981658287, 1948730.1136619265]}, "properties": {"kind": "base_B", "drone_id": 0, "frame": 75, "time_s": 75.0, "timestamp": "2025-01-01T00:01:15", "mode": "SUM_MIN", "is_static": true, "battery": 50.0}}, {"type": "Feature", "geometry": {"type": "Point", "coordinates": [965387.2830557353, 1949608.6850904978]}, "properties": {"kind": "drone", "drone_id": 1, "frame": 76, "time_s": 76.0, "timestamp": "2025-01-01T00:01:16", "mode": "SUM_MIN", "is_static": false, "battery": 34.99999999999965}}, {"type": "Feature", "geometry": {"type": "Point", "coordinates": [966222.3789808131, 1949276.542233355]}, "properties": {"kind": "drone", "drone_id": 2, "frame": 76, "time_s": 76.0, "timestamp": "2025-01-01T00:01:16", "mode": "SUM_MIN", "is_static": false, "battery": 43.99999999999942}}, {"type": "Feature", "geometry": {"type": "Point", "coordinates": [963809.8796416994, 1950519.3993762122]}, "properties": {"kind": "drone", "drone_id": 3, "frame": 76, "time_s": 76.0, "timestamp": "2025-01-01T00:01:16", "mode": "SUM_MIN", "is_static": false, "battery": 45.49999999999981}}, {"type": "Feature", "geometry": {"type": "Point", "coordinates": [962121.1301043197, 1951494.3993762122]}, "properties": {"kind": "drone", "drone_id": 4, "frame": 76, "time_s": 76.0, "timestamp": "2025-01-01T00:01:16", "mode": "SUM_MIN", "is_static": false, "battery": 43.99999999999981}}, {"type": "Feature", "geometry": {"type": "Point", "coordinates": [966389.3981658287, 1949051.542233355]}, "properties": {"kind": "drone", "drone_id": 5, "frame": 76, "time_s": 76.0, "timestamp": "2025-01-01T00:01:16", "mode": "SUM_MIN", "is_static": false, "battery": 35.00000000000081}}, {"type": "Feature", "geometry": {"type": "Point", "coordinates": [965665.6483640946, 1949597.9708047837]}, "properties": {"kind": "drone", "drone_id": 6, "frame": 76, "time_s": 76.0, "timestamp": "2025-01-01T00:01:16", "mode": "SUM_MIN", "is_static": false, "battery": 35.00000000000085}}, {"type": "Feature", "geometry": {"type": "Point", "coordinates": [963234.5913377568, 1951151.542233355]}, "properties": {"kind": "drone", "drone_id": 7, "frame": 76, "time_s": 76.0, "timestamp": "2025-01-01T00:01:16", "mode": "SUM_MIN", "is_static": false, "battery": 36.50000000000047}}, {"type": "Feature", "geometry": {"type": "Point", "coordinates": [964867.6037431277, 1949801.5052423286]}, "properties": {"kind": "drone", "drone_id": 8, "frame": 76, "time_s": 76.0, "timestamp": "2025-01-01T00:01:16", "mode": "SUM_MIN", "is_static": false, "battery": 29.34228187919449}}, {"type": "Feature", "geometry": {"type": "Point", "coordinates": [962956.2260293976, 1951312.2565190694]}, "properties": {"kind": "drone", "drone_id": 9, "frame": 76, "time_s": 76.0, "timestamp": "2025-01-01T00:01:16", "mode": "SUM_MIN", "is_static": false, "battery": 47.00000000000062}}, {"type": "Feature", "geometry": {"type": "Point", "coordinates": [965944.0136724538, 1949437.2565190694]}, "properties": {"kind": "drone", "drone_id": 10, "frame": 76, "time_s": 76.0, "timestamp": "2025-01-01T00:01:16", "mode": "SUM_MIN", "is_static": false, "battery": 48.49999999999981}}, {"type": "Feature", "geometry": {"type": "Point", "coordinates": [964273.8218222981, 1949651.542233355]}, "properties": {"kind": "drone", "drone_id": 11, "frame": 76, "time_s": 76.0, "timestamp": "2025-01-01T00:01:16", "mode": "SUM_MIN", "is_static": false, "battery": 32.00000000000027}}, {"type": "Feature", "geometry": {"type": "Point", "coordinates": [963921.225765043, 1949940.8279476408]}, "properties": {"kind": "drone", "drone_id": 12, "frame": 76, "time_s": 76.0, "timestamp": "2025-01-01T00:01:16", "mode": "SUM_MIN", "is_static": false, "battery": 33.500000000000234}}, {"type": "Feature", "geometry": {"type": "Point", "coordinates": [963921.225765043, 1950262.2565190694]}, "properties": {"kind": "drone", "drone_id": 13, "frame": 76, "time_s": 76.0, "timestamp": "2025-01-01T00:01:16", "mode": "SUM_MIN", "is_static": false, "battery": 39.5}}, {"type": "Feature", "geometry": {"type": "Point", "coordinates": [963791.3219544754, 1950830.1136619265]}, "properties": {"kind": "drone", "drone_id": 14, "frame": 76, "time_s": 76.0, "timestamp": "2025-01-01T00:01:16", "mode": "SUM_MIN", "is_static": false, "battery": 44.00000000000082}}, {"type": "Feature", "geometry": {"type": "Point", "coordinates": [962399.4954126789, 1951526.542233355]}, "properties": {"kind": "drone", "drone_id": 15, "frame": 76, "time_s": 76.0, "timestamp": "2025-01-01T00:01:16", "mode": "SUM_MIN", "is_static": false, "battery": 39.500000000000625}}, {"type": "Feature", "geometry": {"type": "Point", "coordinates": [963531.5143333401, 1950980.1136619265]}, "properties": {"kind": "drone", "drone_id": 16, "frame": 76, "time_s": 76.0, "timestamp": "2025-01-01T00:01:16", "mode": "SUM_MIN", "is_static": false, "battery": 50.0}}, {"type": "Feature", "geometry": {"type": "Point", "coordinates": [964591.6532400319, 1949657.9172742942]}, "properties": {"kind": "drone", "drone_id": 17, "frame": 76, "time_s": 76.0, "timestamp": "2025-01-01T00:01:16", "mode": "SUM_MIN", "is_static": false, "battery": 29.34228187919449}}, {"type": "Feature", "geometry": {"type": "Point", "coordinates": [965609.9753024228, 1949773.1226431613]}, "properties": {"kind": "drone", "drone_id": 18, "frame": 76, "time_s": 76.0, "timestamp": "2025-01-01T00:01:16", "mode": "SUM_MIN", "is_static": false, "battery": 29.34228187919449}}, {"type": "Feature", "geometry": {"type": "Point", "coordinates": [962622.1876593664, 1951505.1136619265]}, "properties": {"kind": "drone", "drone_id": 19, "frame": 76, "time_s": 76.0, "timestamp": "2025-01-01T00:01:16", "mode": "SUM_MIN", "is_static": false, "battery": 50.0}}, {"type": "Feature", "geometry": {"type": "Point", "coordinates": [965108.917747376, 1949769.3993762122]}, "properties": {"kind": "drone", "drone_id": 20, "frame": 76, "time_s": 76.0, "timestamp": "2025-01-01T00:01:16", "mode": "SUM_MIN", "is_static": false, "battery": 36.499999999998835}}, {"type": "Feature", "geometry": {"type": "Point", "coordinates": [961972.6686065281, 1951730.1136619265]}, "properties": {"kind": "base_A", "drone_id": 0, "frame": 76, "time_s": 76.0, "timestamp": "2025-01-01T00:01:16", "mode": "SUM_MIN", "is_static": true, "battery": 50.0}}, {"type": "Feature", "geometry": {"type": "Point", "coordinates": [966389.3981658287, 1948730.1136619265]}, "properties": {"kind": "base_B", "drone_id": 0, "frame": 76, "time_s": 76.0, "timestamp": "2025-01-01T00:01:16", "mode": "SUM_MIN", "is_static": true, "battery": 50.0}}, {"type": "Feature", "geometry": {"type": "Point", "coordinates": [965387.2830557353, 1949608.6850904978]}, "properties": {"kind": "drone", "drone_id": 1, "frame": 77, "time_s": 77.0, "timestamp": "2025-01-01T00:01:17", "mode": "SUM_MIN", "is_static": false, "battery": 34.99999999999965}}, {"type": "Feature", "geometry": {"type": "Point", "coordinates": [966222.3789808131, 1949276.542233355]}, "properties": {"kind": "drone", "drone_id": 2, "frame": 77, "time_s": 77.0, "timestamp": "2025-01-01T00:01:17", "mode": "SUM_MIN", "is_static": false, "battery": 43.99999999999942}}, {"type": "Feature", "geometry": {"type": "Point", "coordinates": [963809.8796416994, 1950519.3993762122]}, "properties": {"kind": "drone", "drone_id": 3, "frame": 77, "time_s": 77.0, "timestamp": "2025-01-01T00:01:17", "mode": "SUM_MIN", "is_static": false, "battery": 45.49999999999981}}, {"type": "Feature", "geometry": {"type": "Point", "coordinates": [962121.1301043197, 1951494.3993762122]}, "properties": {"kind": "drone", "drone_id": 4, "frame": 77, "time_s": 77.0, "timestamp": "2025-01-01T00:01:17", "mode": "SUM_MIN", "is_static": false, "battery": 43.99999999999981}}, {"type": "Feature", "geometry": {"type": "Point", "coordinates": [966389.3981658287, 1949051.542233355]}, "properties": {"kind": "drone", "drone_id": 5, "frame": 77, "time_s": 77.0, "timestamp": "2025-01-01T00:01:17", "mode": "SUM_MIN", "is_static": false, "battery": 35.00000000000081}}, {"type": "Feature", "geometry": {"type": "Point", "coordinates": [965665.6483640946, 1949597.9708047837]}, "properties": {"kind": "drone", "drone_id": 6, "frame": 77, "time_s": 77.0, "timestamp": "2025-01-01T00:01:17", "mode": "SUM_MIN", "is_static": false, "battery": 35.00000000000085}}, {"type": "Feature", "geometry": {"type": "Point", "coordinates": [963234.5913377568, 1951151.542233355]}, "properties": {"kind": "drone", "drone_id": 7, "frame": 77, "time_s": 77.0, "timestamp": "2025-01-01T00:01:17", "mode": "SUM_MIN", "is_static": false, "battery": 36.50000000000047}}, {"type": "Feature", "geometry": {"type": "Point", "coordinates": [964857.7064799628, 1949795.7910547762]}, "properties": {"kind": "drone", "drone_id": 8, "frame": 77, "time_s": 77.0, "timestamp": "2025-01-01T00:01:17", "mode": "SUM_MIN", "is_static": false, "battery": 29.070469798657577}}, {"type": "Feature", "geometry": {"type": "Point", "coordinates": [962956.2260293976, 1951312.2565190694]}, "properties": {"kind": "drone", "drone_id": 9, "frame": 77, "time_s": 77.0, "timestamp": "2025-01-01T00:01:17", "mode": "SUM_MIN", "is_static": false, "battery": 47.00000000000062}}, {"type": "Feature", "geometry": {"type": "Point", "coordinates": [965944.0136724538, 1949437.2565190694]}, "properties": {"kind": "drone", "drone_id": 10, "frame": 77, "time_s": 77.0, "timestamp": "2025-01-01T00:01:17", "mode": "SUM_MIN", "is_static": false, "battery": 48.49999999999981}}, {"type": "Feature", "geometry": {"type": "Point", "coordinates": [964273.8218222981, 1949651.542233355]}, "properties": {"kind": "drone", "drone_id": 11, "frame": 77, "time_s": 77.0, "timestamp": "2025-01-01T00:01:17", "mode": "SUM_MIN", "is_static": false, "battery": 32.00000000000027}}, {"type": "Feature", "geometry": {"type": "Point", "coordinates": [963921.225765043, 1949940.8279476408]}, "properties": {"kind": "drone", "drone_id": 12, "frame": 77, "time_s": 77.0, "timestamp": "2025-01-01T00:01:17", "mode": "SUM_MIN", "is_static": false, "battery": 33.500000000000234}}, {"type": "Feature", "geometry": {"type": "Point", "coordinates": [963921.225765043, 1950262.2565190694]}, "properties": {"kind": "drone", "drone_id": 13, "frame": 77, "time_s": 77.0, "timestamp": "2025-01-01T00:01:17", "mode": "SUM_MIN", "is_static": false, "battery": 39.5}}, {"type": "Feature", "geometry": {"type": "Point", "coordinates": [963791.3219544754, 1950830.1136619265]}, "properties": {"kind": "drone", "drone_id": 14, "frame": 77, "time_s": 77.0, "timestamp": "2025-01-01T00:01:17", "mode": "SUM_MIN", "is_static": false, "battery": 44.00000000000082}}, {"type": "Feature", "geometry": {"type": "Point", "coordinates": [962399.4954126789, 1951526.542233355]}, "properties": {"kind": "drone", "drone_id": 15, "frame": 77, "time_s": 77.0, "timestamp": "2025-01-01T00:01:17", "mode": "SUM_MIN", "is_static": false, "battery": 39.500000000000625}}, {"type": "Feature", "geometry": {"type": "Point", "coordinates": [963531.5143333401, 1950980.1136619265]}, "properties": {"kind": "drone", "drone_id": 16, "frame": 77, "time_s": 77.0, "timestamp": "2025-01-01T00:01:17", "mode": "SUM_MIN", "is_static": false, "battery": 50.0}}, {"type": "Feature", "geometry": {"type": "Point", "coordinates": [964581.1109263416, 1949653.352318559]}, "properties": {"kind": "drone", "drone_id": 17, "frame": 77, "time_s": 77.0, "timestamp": "2025-01-01T00:01:17", "mode": "SUM_MIN", "is_static": false, "battery": 29.070469798657577}}, {"type": "Feature", "geometry": {"type": "Point", "coordinates": [965609.9753024228, 1949731.973798068]}, "properties": {"kind": "drone", "drone_id": 18, "frame": 77, "time_s": 77.0, "timestamp": "2025-01-01T00:01:17", "mode": "SUM_MIN", "is_static": false, "battery": 29.070469798657577}}, {"type": "Feature", "geometry": {"type": "Point", "coordinates": [962622.1876593664, 1951505.1136619265]}, "properties": {"kind": "drone", "drone_id": 19, "frame": 77, "time_s": 77.0, "timestamp": "2025-01-01T00:01:17", "mode": "SUM_MIN", "is_static": false, "battery": 50.0}}, {"type": "Feature", "geometry": {"type": "Point", "coordinates": [965108.917747376, 1949769.3993762122]}, "properties": {"kind": "drone", "drone_id": 20, "frame": 77, "time_s": 77.0, "timestamp": "2025-01-01T00:01:17", "mode": "SUM_MIN", "is_static": false, "battery": 36.499999999998835}}, {"type": "Feature", "geometry": {"type": "Point", "coordinates": [961972.6686065281, 1951730.1136619265]}, "properties": {"kind": "base_A", "drone_id": 0, "frame": 77, "time_s": 77.0, "timestamp": "2025-01-01T00:01:17", "mode": "SUM_MIN", "is_static": true, "battery": 50.0}}, {"type": "Feature", "geometry": {"type": "Point", "coordinates": [966389.3981658287, 1948730.1136619265]}, "properties": {"kind": "base_B", "drone_id": 0, "frame": 77, "time_s": 77.0, "timestamp": "2025-01-01T00:01:17", "mode": "SUM_MIN", "is_static": true, "battery": 50.0}}, {"type": "Feature", "geometry": {"type": "Point", "coordinates": [965387.2830557353, 1949608.6850904978]}, "properties": {"kind": "drone", "drone_id": 1, "frame": 78, "time_s": 78.0, "timestamp": "2025-01-01T00:01:18", "mode": "SUM_MIN", "is_static": false, "battery": 34.99999999999965}}, {"type": "Feature", "geometry": {"type": "Point", "coordinates": [966222.3789808131, 1949276.542233355]}, "properties": {"kind": "drone", "drone_id": 2, "frame": 78, "time_s": 78.0, "timestamp": "2025-01-01T00:01:18", "mode": "SUM_MIN", "is_static": false, "battery": 43.99999999999942}}, {"type": "Feature", "geometry": {"type": "Point", "coordinates": [963809.8796416994, 1950519.3993762122]}, "properties": {"kind": "drone", "drone_id": 3, "frame": 78, "time_s": 78.0, "timestamp": "2025-01-01T00:01:18", "mode": "SUM_MIN", "is_static": false, "battery": 45.49999999999981}}, {"type": "Feature", "geometry": {"type": "Point", "coordinates": [962121.1301043197, 1951494.3993762122]}, "properties": {"kind": "drone", "drone_id": 4, "frame": 78, "time_s": 78.0, "timestamp": "2025-01-01T00:01:18", "mode": "SUM_MIN", "is_static": false, "battery": 43.99999999999981}}, {"type": "Feature", "geometry": {"type": "Point", "coordinates": [966389.3981658287, 1949051.542233355]}, "properties": {"kind": "drone", "drone_id": 5, "frame": 78, "time_s": 78.0, "timestamp": "2025-01-01T00:01:18", "mode": "SUM_MIN", "is_static": false, "battery": 35.00000000000081}}, {"type": "Feature", "geometry": {"type": "Point", "coordinates": [965665.6483640946, 1949597.9708047837]}, "properties": {"kind": "drone", "drone_id": 6, "frame": 78, "time_s": 78.0, "timestamp": "2025-01-01T00:01:18", "mode": "SUM_MIN", "is_static": false, "battery": 35.00000000000085}}, {"type": "Feature", "geometry": {"type": "Point", "coordinates": [963234.5913377568, 1951151.542233355]}, "properties": {"kind": "drone", "drone_id": 7, "frame": 78, "time_s": 78.0, "timestamp": "2025-01-01T00:01:18", "mode": "SUM_MIN", "is_static": false, "battery": 36.50000000000047}}, {"type": "Feature", "geometry": {"type": "Point", "coordinates": [964849.2772593037, 1949790.9244419597]}, "properties": {"kind": "drone", "drone_id": 8, "frame": 78, "time_s": 78.0, "timestamp": "2025-01-01T00:01:18", "mode": "SUM_MIN", "is_static": false, "battery": 28.798657718120662}}, {"type": "Feature", "geometry": {"type": "Point", "coordinates": [962956.2260293976, 1951312.2565190694]}, "properties": {"kind": "drone", "drone_id": 9, "frame": 78, "time_s": 78.0, "timestamp": "2025-01-01T00:01:18", "mode": "SUM_MIN", "is_static": false, "battery": 47.00000000000062}}, {"type": "Feature", "geometry": {"type": "Point", "coordinates": [965944.0136724538, 1949437.2565190694]}, "properties": {"kind": "drone", "drone_id": 10, "frame": 78, "time_s": 78.0, "timestamp": "2025-01-01T00:01:18", "mode": "SUM_MIN", "is_static": false, "battery": 48.49999999999981}}, {"type": "Feature", "geometry": {"type": "Point", "coordinates": [964273.8218222981, 1949651.542233355]}, "properties": {"kind": "drone", "drone_id": 11, "frame": 78, "time_s": 78.0, "timestamp": "2025-01-01T00:01:18", "mode": "SUM_MIN", "is_static": false, "battery": 32.00000000000027}}, {"type": "Feature", "geometry": {"type": "Point", "coordinates": [963921.225765043, 1949940.8279476408]}, "properties": {"kind": "drone", "drone_id": 12, "frame": 78, "time_s": 78.0, "timestamp": "2025-01-01T00:01:18", "mode": "SUM_MIN", "is_static": false, "battery": 33.500000000000234}}, {"type": "Feature", "geometry": {"type": "Point", "coordinates": [963921.225765043, 1950262.2565190694]}, "properties": {"kind": "drone", "drone_id": 13, "frame": 78, "time_s": 78.0, "timestamp": "2025-01-01T00:01:18", "mode": "SUM_MIN", "is_static": false, "battery": 39.5}}, {"type": "Feature", "geometry": {"type": "Point", "coordinates": [963791.3219544754, 1950830.1136619265]}, "properties": {"kind": "drone", "drone_id": 14, "frame": 78, "time_s": 78.0, "timestamp": "2025-01-01T00:01:18", "mode": "SUM_MIN", "is_static": false, "battery": 44.00000000000082}}, {"type": "Feature", "geometry": {"type": "Point", "coordinates": [962399.4954126789, 1951526.542233355]}, "properties": {"kind": "drone", "drone_id": 15, "frame": 78, "time_s": 78.0, "timestamp": "2025-01-01T00:01:18", "mode": "SUM_MIN", "is_static": false, "battery": 39.500000000000625}}, {"type": "Feature", "geometry": {"type": "Point", "coordinates": [963531.5143333401, 1950980.1136619265]}, "properties": {"kind": "drone", "drone_id": 16, "frame": 78, "time_s": 78.0, "timestamp": "2025-01-01T00:01:18", "mode": "SUM_MIN", "is_static": false, "battery": 50.0}}, {"type": "Feature", "geometry": {"type": "Point", "coordinates": [964572.1323342932, 1949649.464474157]}, "properties": {"kind": "drone", "drone_id": 17, "frame": 78, "time_s": 78.0, "timestamp": "2025-01-01T00:01:18", "mode": "SUM_MIN", "is_static": false, "battery": 28.798657718120662}}, {"type": "Feature", "geometry": {"type": "Point", "coordinates": [965609.9753024228, 1949690.8620496285]}, "properties": {"kind": "drone", "drone_id": 18, "frame": 78, "time_s": 78.0, "timestamp": "2025-01-01T00:01:18", "mode": "SUM_MIN", "is_static": false, "battery": 28.798657718120662}}, {"type": "Feature", "geometry": {"type": "Point", "coordinates": [962622.1876593664, 1951505.1136619265]}, "properties": {"kind": "drone", "drone_id": 19, "frame": 78, "time_s": 78.0, "timestamp": "2025-01-01T00:01:18", "mode": "SUM_MIN", "is_static": false, "battery": 50.0}}, {"type": "Feature", "geometry": {"type": "Point", "coordinates": [965108.917747376, 1949769.3993762122]}, "properties": {"kind": "drone", "drone_id": 20, "frame": 78, "time_s": 78.0, "timestamp": "2025-01-01T00:01:18", "mode": "SUM_MIN", "is_static": false, "battery": 36.499999999998835}}, {"type": "Feature", "geometry": {"type": "Point", "coordinates": [961972.6686065281, 1951730.1136619265]}, "properties": {"kind": "base_A", "drone_id": 0, "frame": 78, "time_s": 78.0, "timestamp": "2025-01-01T00:01:18", "mode": "SUM_MIN", "is_static": true, "battery": 50.0}}, {"type": "Feature", "geometry": {"type": "Point", "coordinates": [966389.3981658287, 1948730.1136619265]}, "properties": {"kind": "base_B", "drone_id": 0, "frame": 78, "time_s": 78.0, "timestamp": "2025-01-01T00:01:18", "mode": "SUM_MIN", "is_static": true, "battery": 50.0}}, {"type": "Feature", "geometry": {"type": "Point", "coordinates": [965387.2830557353, 1949608.6850904978]}, "properties": {"kind": "drone", "drone_id": 1, "frame": 79, "time_s": 79.0, "timestamp": "2025-01-01T00:01:19", "mode": "SUM_MIN", "is_static": false, "battery": 34.99999999999965}}, {"type": "Feature", "geometry": {"type": "Point", "coordinates": [966222.3789808131, 1949276.542233355]}, "properties": {"kind": "drone", "drone_id": 2, "frame": 79, "time_s": 79.0, "timestamp": "2025-01-01T00:01:19", "mode": "SUM_MIN", "is_static": false, "battery": 43.99999999999942}}, {"type": "Feature", "geometry": {"type": "Point", "coordinates": [963809.8796416994, 1950519.3993762122]}, "properties": {"kind": "drone", "drone_id": 3, "frame": 79, "time_s": 79.0, "timestamp": "2025-01-01T00:01:19", "mode": "SUM_MIN", "is_static": false, "battery": 45.49999999999981}}, {"type": "Feature", "geometry": {"type": "Point", "coordinates": [962121.1301043197, 1951494.3993762122]}, "properties": {"kind": "drone", "drone_id": 4, "frame": 79, "time_s": 79.0, "timestamp": "2025-01-01T00:01:19", "mode": "SUM_MIN", "is_static": false, "battery": 43.99999999999981}}, {"type": "Feature", "geometry": {"type": "Point", "coordinates": [966389.3981658287, 1949051.542233355]}, "properties": {"kind": "drone", "drone_id": 5, "frame": 79, "time_s": 79.0, "timestamp": "2025-01-01T00:01:19", "mode": "SUM_MIN", "is_static": false, "battery": 35.00000000000081}}, {"type": "Feature", "geometry": {"type": "Point", "coordinates": [965665.6483640946, 1949597.9708047837]}, "properties": {"kind": "drone", "drone_id": 6, "frame": 79, "time_s": 79.0, "timestamp": "2025-01-01T00:01:19", "mode": "SUM_MIN", "is_static": false, "battery": 35.00000000000085}}, {"type": "Feature", "geometry": {"type": "Point", "coordinates": [963234.5913377568, 1951151.542233355]}, "properties": {"kind": "drone", "drone_id": 7, "frame": 79, "time_s": 79.0, "timestamp": "2025-01-01T00:01:19", "mode": "SUM_MIN", "is_static": false, "battery": 36.50000000000047}}, {"type": "Feature", "geometry": {"type": "Point", "coordinates": [964842.3573054329, 1949786.9292047296]}, "properties": {"kind": "drone", "drone_id": 8, "frame": 79, "time_s": 79.0, "timestamp": "2025-01-01T00:01:19", "mode": "SUM_MIN", "is_static": false, "battery": 28.526845637583747}}, {"type": "Feature", "geometry": {"type": "Point", "coordinates": [962956.2260293976, 1951312.2565190694]}, "properties": {"kind": "drone", "drone_id": 9, "frame": 79, "time_s": 79.0, "timestamp": "2025-01-01T00:01:19", "mode": "SUM_MIN", "is_static": false, "battery": 47.00000000000062}}, {"type": "Feature", "geometry": {"type": "Point", "coordinates": [965944.0136724538, 1949437.2565190694]}, "properties": {"kind": "drone", "drone_id": 10, "frame": 79, "time_s": 79.0, "timestamp": "2025-01-01T00:01:19", "mode": "SUM_MIN", "is_static": false, "battery": 48.49999999999981}}, {"type": "Feature", "geometry": {"type": "Point", "coordinates": [964273.8218222981, 1949651.542233355]}, "properties": {"kind": "drone", "drone_id": 11, "frame": 79, "time_s": 79.0, "timestamp": "2025-01-01T00:01:19", "mode": "SUM_MIN", "is_static": false, "battery": 32.00000000000027}}, {"type": "Feature", "geometry": {"type": "Point", "coordinates": [963921.225765043, 1949940.8279476408]}, "properties": {"kind": "drone", "drone_id": 12, "frame": 79, "time_s": 79.0, "timestamp": "2025-01-01T00:01:19", "mode": "SUM_MIN", "is_static": false, "battery": 33.500000000000234}}, {"type": "Feature", "geometry": {"type": "Point", "coordinates": [963921.225765043, 1950262.2565190694]}, "properties": {"kind": "drone", "drone_id": 13, "frame": 79, "time_s": 79.0, "timestamp": "2025-01-01T00:01:19", "mode": "SUM_MIN", "is_static": false, "battery": 39.5}}, {"type": "Feature", "geometry": {"type": "Point", "coordinates": [963791.3219544754, 1950830.1136619265]}, "properties": {"kind": "drone", "drone_id": 14, "frame": 79, "time_s": 79.0, "timestamp": "2025-01-01T00:01:19", "mode": "SUM_MIN", "is_static": false, "battery": 44.00000000000082}}, {"type": "Feature", "geometry": {"type": "Point", "coordinates": [962399.4954126789, 1951526.542233355]}, "properties": {"kind": "drone", "drone_id": 15, "frame": 79, "time_s": 79.0, "timestamp": "2025-01-01T00:01:19", "mode": "SUM_MIN", "is_static": false, "battery": 39.500000000000625}}, {"type": "Feature", "geometry": {"type": "Point", "coordinates": [963531.5143333401, 1950980.1136619265]}, "properties": {"kind": "drone", "drone_id": 16, "frame": 79, "time_s": 79.0, "timestamp": "2025-01-01T00:01:19", "mode": "SUM_MIN", "is_static": false, "battery": 50.0}}, {"type": "Feature", "geometry": {"type": "Point", "coordinates": [964564.7613749468, 1949646.2727551349]}, "properties": {"kind": "drone", "drone_id": 17, "frame": 79, "time_s": 79.0, "timestamp": "2025-01-01T00:01:19", "mode": "SUM_MIN", "is_static": false, "battery": 28.526845637583747}}, {"type": "Feature", "geometry": {"type": "Point", "coordinates": [965609.9753024228, 1949649.8022365046]}, "properties": {"kind": "drone", "drone_id": 18, "frame": 79, "time_s": 79.0, "timestamp": "2025-01-01T00:01:19", "mode": "SUM_MIN", "is_static": false, "battery": 28.526845637583747}}, {"type": "Feature", "geometry": {"type": "Point", "coordinates": [962622.1876593664, 1951505.1136619265]}, "properties": {"kind": "drone", "drone_id": 19, "frame": 79, "time_s": 79.0, "timestamp": "2025-01-01T00:01:19", "mode": "SUM_MIN", "is_static": false, "battery": 50.0}}, {"type": "Feature", "geometry": {"type": "Point", "coordinates": [965108.917747376, 1949769.3993762122]}, "properties": {"kind": "drone", "drone_id": 20, "frame": 79, "time_s": 79.0, "timestamp": "2025-01-01T00:01:19", "mode": "SUM_MIN", "is_static": false, "battery": 36.499999999998835}}, {"type": "Feature", "geometry": {"type": "Point", "coordinates": [961972.6686065281, 1951730.1136619265]}, "properties": {"kind": "base_A", "drone_id": 0, "frame": 79, "time_s": 79.0, "timestamp": "2025-01-01T00:01:19", "mode": "SUM_MIN", "is_static": true, "battery": 50.0}}, {"type": "Feature", "geometry": {"type": "Point", "coordinates": [966389.3981658287, 1948730.1136619265]}, "properties": {"kind": "base_B", "drone_id": 0, "frame": 79, "time_s": 79.0, "timestamp": "2025-01-01T00:01:19", "mode": "SUM_MIN", "is_static": true, "battery": 50.0}}, {"type": "Feature", "geometry": {"type": "Point", "coordinates": [965387.2830557353, 1949608.6850904978]}, "properties": {"kind": "drone", "drone_id": 1, "frame": 80, "time_s": 80.0, "timestamp": "2025-01-01T00:01:20", "mode": "SUM_MIN", "is_static": false, "battery": 34.99999999999965}}, {"type": "Feature", "geometry": {"type": "Point", "coordinates": [966222.3789808131, 1949276.542233355]}, "properties": {"kind": "drone", "drone_id": 2, "frame": 80, "time_s": 80.0, "timestamp": "2025-01-01T00:01:20", "mode": "SUM_MIN", "is_static": false, "battery": 43.99999999999942}}, {"type": "Feature", "geometry": {"type": "Point", "coordinates": [963809.8796416994, 1950519.3993762122]}, "properties": {"kind": "drone", "drone_id": 3, "frame": 80, "time_s": 80.0, "timestamp": "2025-01-01T00:01:20", "mode": "SUM_MIN", "is_static": false, "battery": 45.49999999999981}}, {"type": "Feature", "geometry": {"type": "Point", "coordinates": [962121.1301043197, 1951494.3993762122]}, "properties": {"kind": "drone", "drone_id": 4, "frame": 80, "time_s": 80.0, "timestamp": "2025-01-01T00:01:20", "mode": "SUM_MIN", "is_static": false, "battery": 43.99999999999981}}, {"type": "Feature", "geometry": {"type": "Point", "coordinates": [966389.3981658287, 1949051.542233355]}, "properties": {"kind": "drone", "drone_id": 5, "frame": 80, "time_s": 80.0, "timestamp": "2025-01-01T00:01:20", "mode": "SUM_MIN", "is_static": false, "battery": 35.00000000000081}}, {"type": "Feature", "geometry": {"type": "Point", "coordinates": [965665.6483640946, 1949597.9708047837]}, "properties": {"kind": "drone", "drone_id": 6, "frame": 80, "time_s": 80.0, "timestamp": "2025-01-01T00:01:20", "mode": "SUM_MIN", "is_static": false, "battery": 35.00000000000085}}, {"type": "Feature", "geometry": {"type": "Point", "coordinates": [963234.5913377568, 1951151.542233355]}, "properties": {"kind": "drone", "drone_id": 7, "frame": 80, "time_s": 80.0, "timestamp": "2025-01-01T00:01:20", "mode": "SUM_MIN", "is_static": false, "battery": 36.50000000000047}}, {"type": "Feature", "geometry": {"type": "Point", "coordinates": [964836.9878426329, 1949783.8291439365]}, "properties": {"kind": "drone", "drone_id": 8, "frame": 80, "time_s": 80.0, "timestamp": "2025-01-01T00:01:20", "mode": "SUM_MIN", "is_static": false, "battery": 28.255033557046836}}, {"type": "Feature", "geometry": {"type": "Point", "coordinates": [962956.2260293976, 1951312.2565190694]}, "properties": {"kind": "drone", "drone_id": 9, "frame": 80, "time_s": 80.0, "timestamp": "2025-01-01T00:01:20", "mode": "SUM_MIN", "is_static": false, "battery": 47.00000000000062}}, {"type": "Feature", "geometry": {"type": "Point", "coordinates": [965944.0136724538, 1949437.2565190694]}, "properties": {"kind": "drone", "drone_id": 10, "frame": 80, "time_s": 80.0, "timestamp": "2025-01-01T00:01:20", "mode": "SUM_MIN", "is_static": false, "battery": 48.49999999999981}}, {"type": "Feature", "geometry": {"type": "Point", "coordinates": [964273.8218222981, 1949651.542233355]}, "properties": {"kind": "drone", "drone_id": 11, "frame": 80, "time_s": 80.0, "timestamp": "2025-01-01T00:01:20", "mode": "SUM_MIN", "is_static": false, "battery": 32.00000000000027}}, {"type": "Feature", "geometry": {"type": "Point", "coordinates": [963921.225765043, 1949940.8279476408]}, "properties": {"kind": "drone", "drone_id": 12, "frame": 80, "time_s": 80.0, "timestamp": "2025-01-01T00:01:20", "mode": "SUM_MIN", "is_static": false, "battery": 33.500000000000234}}, {"type": "Feature", "geometry": {"type": "Point", "coordinates": [963921.225765043, 1950262.2565190694]}, "properties": {"kind": "drone", "drone_id": 13, "frame": 80, "time_s": 80.0, "timestamp": "2025-01-01T00:01:20", "mode": "SUM_MIN", "is_static": false, "battery": 39.5}}, {"type": "Feature", "geometry": {"type": "Point", "coordinates": [963791.3219544754, 1950830.1136619265]}, "properties": {"kind": "drone", "drone_id": 14, "frame": 80, "time_s": 80.0, "timestamp": "2025-01-01T00:01:20", "mode": "SUM_MIN", "is_static": false, "battery": 44.00000000000082}}, {"type": "Feature", "geometry": {"type": "Point", "coordinates": [962399.4954126789, 1951526.542233355]}, "properties": {"kind": "drone", "drone_id": 15, "frame": 80, "time_s": 80.0, "timestamp": "2025-01-01T00:01:20", "mode": "SUM_MIN", "is_static": false, "battery": 39.500000000000625}}, {"type": "Feature", "geometry": {"type": "Point", "coordinates": [963531.5143333401, 1950980.1136619265]}, "properties": {"kind": "drone", "drone_id": 16, "frame": 80, "time_s": 80.0, "timestamp": "2025-01-01T00:01:20", "mode": "SUM_MIN", "is_static": false, "battery": 50.0}}, {"type": "Feature", "geometry": {"type": "Point", "coordinates": [964559.0419593626, 1949643.7961755395]}, "properties": {"kind": "drone", "drone_id": 17, "frame": 80, "time_s": 80.0, "timestamp": "2025-01-01T00:01:20", "mode": "SUM_MIN", "is_static": false, "battery": 28.255033557046836}}, {"type": "Feature", "geometry": {"type": "Point", "coordinates": [965591.5250948922, 1949619.461429642]}, "properties": {"kind": "drone", "drone_id": 18, "frame": 80, "time_s": 80.0, "timestamp": "2025-01-01T00:01:20", "mode": "SUM_MIN", "is_static": false, "battery": 28.255033557046836}}, {"type": "Feature", "geometry": {"type": "Point", "coordinates": [962622.1876593664, 1951505.1136619265]}, "properties": {"kind": "drone", "drone_id": 19, "frame": 80, "time_s": 80.0, "timestamp": "2025-01-01T00:01:20", "mode": "SUM_MIN", "is_static": false, "battery": 50.0}}, {"type": "Feature", "geometry": {"type": "Point", "coordinates": [965108.917747376, 1949769.3993762122]}, "properties": {"kind": "drone", "drone_id": 20, "frame": 80, "time_s": 80.0, "timestamp": "2025-01-01T00:01:20", "mode": "SUM_MIN", "is_static": false, "battery": 36.499999999998835}}, {"type": "Feature", "geometry": {"type": "Point", "coordinates": [961972.6686065281, 1951730.1136619265]}, "properties": {"kind": "base_A", "drone_id": 0, "frame": 80, "time_s": 80.0, "timestamp": "2025-01-01T00:01:20", "mode": "SUM_MIN", "is_static": true, "battery": 50.0}}, {"type": "Feature", "geometry": {"type": "Point", "coordinates": [966389.3981658287, 1948730.1136619265]}, "properties": {"kind": "base_B", "drone_id": 0, "frame": 80, "time_s": 80.0, "timestamp": "2025-01-01T00:01:20", "mode": "SUM_MIN", "is_static": true, "battery": 50.0}}, {"type": "Feature", "geometry": {"type": "Point", "coordinates": [965387.2830557353, 1949608.6850904978]}, "properties": {"kind": "drone", "drone_id": 1, "frame": 81, "time_s": 81.0, "timestamp": "2025-01-01T00:01:21", "mode": "SUM_MIN", "is_static": false, "battery": 34.99999999999965}}, {"type": "Feature", "geometry": {"type": "Point", "coordinates": [966222.3789808131, 1949276.542233355]}, "properties": {"kind": "drone", "drone_id": 2, "frame": 81, "time_s": 81.0, "timestamp": "2025-01-01T00:01:21", "mode": "SUM_MIN", "is_static": false, "battery": 43.99999999999942}}, {"type": "Feature", "geometry": {"type": "Point", "coordinates": [963809.8796416994, 1950519.3993762122]}, "properties": {"kind": "drone", "drone_id": 3, "frame": 81, "time_s": 81.0, "timestamp": "2025-01-01T00:01:21", "mode": "SUM_MIN", "is_static": false, "battery": 45.49999999999981}}, {"type": "Feature", "geometry": {"type": "Point", "coordinates": [962121.1301043197, 1951494.3993762122]}, "properties": {"kind": "drone", "drone_id": 4, "frame": 81, "time_s": 81.0, "timestamp": "2025-01-01T00:01:21", "mode": "SUM_MIN", "is_static": false, "battery": 43.99999999999981}}, {"type": "Feature", "geometry": {"type": "Point", "coordinates": [966389.3981658287, 1949051.542233355]}, "properties": {"kind": "drone", "drone_id": 5, "frame": 81, "time_s": 81.0, "timestamp": "2025-01-01T00:01:21", "mode": "SUM_MIN", "is_static": false, "battery": 35.00000000000081}}, {"type": "Feature", "geometry": {"type": "Point", "coordinates": [965665.6483640946, 1949597.9708047837]}, "properties": {"kind": "drone", "drone_id": 6, "frame": 81, "time_s": 81.0, "timestamp": "2025-01-01T00:01:21", "mode": "SUM_MIN", "is_static": false, "battery": 35.00000000000085}}, {"type": "Feature", "geometry": {"type": "Point", "coordinates": [963234.5913377568, 1951151.542233355]}, "properties": {"kind": "drone", "drone_id": 7, "frame": 81, "time_s": 81.0, "timestamp": "2025-01-01T00:01:21", "mode": "SUM_MIN", "is_static": false, "battery": 36.50000000000047}}, {"type": "Feature", "geometry": {"type": "Point", "coordinates": [964833.2100951864, 1949781.6480604315]}, "properties": {"kind": "drone", "drone_id": 8, "frame": 81, "time_s": 81.0, "timestamp": "2025-01-01T00:01:21", "mode": "SUM_MIN", "is_static": false, "battery": 27.98322147650992}}, {"type": "Feature", "geometry": {"type": "Point", "coordinates": [962956.2260293976, 1951312.2565190694]}, "properties": {"kind": "drone", "drone_id": 9, "frame": 81, "time_s": 81.0, "timestamp": "2025-01-01T00:01:21", "mode": "SUM_MIN", "is_static": false, "battery": 47.00000000000062}}, {"type": "Feature", "geometry": {"type": "Point", "coordinates": [965944.0136724538, 1949437.2565190694]}, "properties": {"kind": "drone", "drone_id": 10, "frame": 81, "time_s": 81.0, "timestamp": "2025-01-01T00:01:21", "mode": "SUM_MIN", "is_static": false, "battery": 48.49999999999981}}, {"type": "Feature", "geometry": {"type": "Point", "coordinates": [964273.8218222981, 1949651.542233355]}, "properties": {"kind": "drone", "drone_id": 11, "frame": 81, "time_s": 81.0, "timestamp": "2025-01-01T00:01:21", "mode": "SUM_MIN", "is_static": false, "battery": 32.00000000000027}}, {"type": "Feature", "geometry": {"type": "Point", "coordinates": [963921.225765043, 1949940.8279476408]}, "properties": {"kind": "drone", "drone_id": 12, "frame": 81, "time_s": 81.0, "timestamp": "2025-01-01T00:01:21", "mode": "SUM_MIN", "is_static": false, "battery": 33.500000000000234}}, {"type": "Feature", "geometry": {"type": "Point", "coordinates": [963921.225765043, 1950262.2565190694]}, "properties": {"kind": "drone", "drone_id": 13, "frame": 81, "time_s": 81.0, "timestamp": "2025-01-01T00:01:21", "mode": "SUM_MIN", "is_static": false, "battery": 39.5}}, {"type": "Feature", "geometry": {"type": "Point", "coordinates": [963791.3219544754, 1950830.1136619265]}, "properties": {"kind": "drone", "drone_id": 14, "frame": 81, "time_s": 81.0, "timestamp": "2025-01-01T00:01:21", "mode": "SUM_MIN", "is_static": false, "battery": 44.00000000000082}}, {"type": "Feature", "geometry": {"type": "Point", "coordinates": [962399.4954126789, 1951526.542233355]}, "properties": {"kind": "drone", "drone_id": 15, "frame": 81, "time_s": 81.0, "timestamp": "2025-01-01T00:01:21", "mode": "SUM_MIN", "is_static": false, "battery": 39.500000000000625}}, {"type": "Feature", "geometry": {"type": "Point", "coordinates": [963531.5143333401, 1950980.1136619265]}, "properties": {"kind": "drone", "drone_id": 16, "frame": 81, "time_s": 81.0, "timestamp": "2025-01-01T00:01:21", "mode": "SUM_MIN", "is_static": false, "battery": 50.0}}, {"type": "Feature", "geometry": {"type": "Point", "coordinates": [964555.0179986008, 1949642.0537494177]}, "properties": {"kind": "drone", "drone_id": 17, "frame": 81, "time_s": 81.0, "timestamp": "2025-01-01T00:01:21", "mode": "SUM_MIN", "is_static": false, "battery": 27.98322147650992}}, {"type": "Feature", "geometry": {"type": "Point", "coordinates": [965556.0947602311, 1949599.005716388]}, "properties": {"kind": "drone", "drone_id": 18, "frame": 81, "time_s": 81.0, "timestamp": "2025-01-01T00:01:21", "mode": "SUM_MIN", "is_static": false, "battery": 27.98322147650992}}, {"type": "Feature", "geometry": {"type": "Point", "coordinates": [962622.1876593664, 1951505.1136619265]}, "properties": {"kind": "drone", "drone_id": 19, "frame": 81, "time_s": 81.0, "timestamp": "2025-01-01T00:01:21", "mode": "SUM_MIN", "is_static": false, "battery": 50.0}}, {"type": "Feature", "geometry": {"type": "Point", "coordinates": [965108.917747376, 1949769.3993762122]}, "properties": {"kind": "drone", "drone_id": 20, "frame": 81, "time_s": 81.0, "timestamp": "2025-01-01T00:01:21", "mode": "SUM_MIN", "is_static": false, "battery": 36.499999999998835}}, {"type": "Feature", "geometry": {"type": "Point", "coordinates": [961972.6686065281, 1951730.1136619265]}, "properties": {"kind": "base_A", "drone_id": 0, "frame": 81, "time_s": 81.0, "timestamp": "2025-01-01T00:01:21", "mode": "SUM_MIN", "is_static": true, "battery": 50.0}}, {"type": "Feature", "geometry": {"type": "Point", "coordinates": [966389.3981658287, 1948730.1136619265]}, "properties": {"kind": "base_B", "drone_id": 0, "frame": 81, "time_s": 81.0, "timestamp": "2025-01-01T00:01:21", "mode": "SUM_MIN", "is_static": true, "battery": 50.0}}, {"type": "Feature", "geometry": {"type": "Point", "coordinates": [965387.2830557353, 1949608.6850904978]}, "properties": {"kind": "drone", "drone_id": 1, "frame": 82, "time_s": 82.0, "timestamp": "2025-01-01T00:01:22", "mode": "SUM_MIN", "is_static": false, "battery": 34.99999999999965}}, {"type": "Feature", "geometry": {"type": "Point", "coordinates": [966222.3789808131, 1949276.542233355]}, "properties": {"kind": "drone", "drone_id": 2, "frame": 82, "time_s": 82.0, "timestamp": "2025-01-01T00:01:22", "mode": "SUM_MIN", "is_static": false, "battery": 43.99999999999942}}, {"type": "Feature", "geometry": {"type": "Point", "coordinates": [963809.8796416994, 1950519.3993762122]}, "properties": {"kind": "drone", "drone_id": 3, "frame": 82, "time_s": 82.0, "timestamp": "2025-01-01T00:01:22", "mode": "SUM_MIN", "is_static": false, "battery": 45.49999999999981}}, {"type": "Feature", "geometry": {"type": "Point", "coordinates": [962121.1301043197, 1951494.3993762122]}, "properties": {"kind": "drone", "drone_id": 4, "frame": 82, "time_s": 82.0, "timestamp": "2025-01-01T00:01:22", "mode": "SUM_MIN", "is_static": false, "battery": 43.99999999999981}}, {"type": "Feature", "geometry": {"type": "Point", "coordinates": [966389.3981658287, 1949051.542233355]}, "properties": {"kind": "drone", "drone_id": 5, "frame": 82, "time_s": 82.0, "timestamp": "2025-01-01T00:01:22", "mode": "SUM_MIN", "is_static": false, "battery": 35.00000000000081}}, {"type": "Feature", "geometry": {"type": "Point", "coordinates": [965665.6483640946, 1949597.9708047837]}, "properties": {"kind": "drone", "drone_id": 6, "frame": 82, "time_s": 82.0, "timestamp": "2025-01-01T00:01:22", "mode": "SUM_MIN", "is_static": false, "battery": 35.00000000000085}}, {"type": "Feature", "geometry": {"type": "Point", "coordinates": [963234.5913377568, 1951151.542233355]}, "properties": {"kind": "drone", "drone_id": 7, "frame": 82, "time_s": 82.0, "timestamp": "2025-01-01T00:01:22", "mode": "SUM_MIN", "is_static": false, "battery": 36.50000000000047}}, {"type": "Feature", "geometry": {"type": "Point", "coordinates": [964831.0652873757, 1949780.4097550646]}, "properties": {"kind": "drone", "drone_id": 8, "frame": 82, "time_s": 82.0, "timestamp": "2025-01-01T00:01:22", "mode": "SUM_MIN", "is_static": false, "battery": 27.711409395973007}}, {"type": "Feature", "geometry": {"type": "Point", "coordinates": [962956.2260293976, 1951312.2565190694]}, "properties": {"kind": "drone", "drone_id": 9, "frame": 82, "time_s": 82.0, "timestamp": "2025-01-01T00:01:22", "mode": "SUM_MIN", "is_static": false, "battery": 47.00000000000062}}, {"type": "Feature", "geometry": {"type": "Point", "coordinates": [965944.0136724538, 1949437.2565190694]}, "properties": {"kind": "drone", "drone_id": 10, "frame": 82, "time_s": 82.0, "timestamp": "2025-01-01T00:01:22", "mode": "SUM_MIN", "is_static": false, "battery": 48.49999999999981}}, {"type": "Feature", "geometry": {"type": "Point", "coordinates": [964273.8218222981, 1949651.542233355]}, "properties": {"kind": "drone", "drone_id": 11, "frame": 82, "time_s": 82.0, "timestamp": "2025-01-01T00:01:22", "mode": "SUM_MIN", "is_static": false, "battery": 32.00000000000027}}, {"type": "Feature", "geometry": {"type": "Point", "coordinates": [963921.225765043, 1949940.8279476408]}, "properties": {"kind": "drone", "drone_id": 12, "frame": 82, "time_s": 82.0, "timestamp": "2025-01-01T00:01:22", "mode": "SUM_MIN", "is_static": false, "battery": 33.500000000000234}}, {"type": "Feature", "geometry": {"type": "Point", "coordinates": [963921.225765043, 1950262.2565190694]}, "properties": {"kind": "drone", "drone_id": 13, "frame": 82, "time_s": 82.0, "timestamp": "2025-01-01T00:01:22", "mode": "SUM_MIN", "is_static": false, "battery": 39.5}}, {"type": "Feature", "geometry": {"type": "Point", "coordinates": [963791.3219544754, 1950830.1136619265]}, "properties": {"kind": "drone", "drone_id": 14, "frame": 82, "time_s": 82.0, "timestamp": "2025-01-01T00:01:22", "mode": "SUM_MIN", "is_static": false, "battery": 44.00000000000082}}, {"type": "Feature", "geometry": {"type": "Point", "coordinates": [962399.4954126789, 1951526.542233355]}, "properties": {"kind": "drone", "drone_id": 15, "frame": 82, "time_s": 82.0, "timestamp": "2025-01-01T00:01:22", "mode": "SUM_MIN", "is_static": false, "battery": 39.500000000000625}}, {"type": "Feature", "geometry": {"type": "Point", "coordinates": [963531.5143333401, 1950980.1136619265]}, "properties": {"kind": "drone", "drone_id": 16, "frame": 82, "time_s": 82.0, "timestamp": "2025-01-01T00:01:22", "mode": "SUM_MIN", "is_static": false, "battery": 50.0}}, {"type": "Feature", "geometry": {"type": "Point", "coordinates": [964552.7334037215, 1949641.0644908163]}, "properties": {"kind": "drone", "drone_id": 17, "frame": 82, "time_s": 82.0, "timestamp": "2025-01-01T00:01:22", "mode": "SUM_MIN", "is_static": false, "battery": 27.711409395973007}}, {"type": "Feature", "geometry": {"type": "Point", "coordinates": [965520.7479548461, 1949578.598228784]}, "properties": {"kind": "drone", "drone_id": 18, "frame": 82, "time_s": 82.0, "timestamp": "2025-01-01T00:01:22", "mode": "SUM_MIN", "is_static": false, "battery": 27.711409395973007}}, {"type": "Feature", "geometry": {"type": "Point", "coordinates": [962622.1876593664, 1951505.1136619265]}, "properties": {"kind": "drone", "drone_id": 19, "frame": 82, "time_s": 82.0, "timestamp": "2025-01-01T00:01:22", "mode": "SUM_MIN", "is_static": false, "battery": 50.0}}, {"type": "Feature", "geometry": {"type": "Point", "coordinates": [965108.917747376, 1949769.3993762122]}, "properties": {"kind": "drone", "drone_id": 20, "frame": 82, "time_s": 82.0, "timestamp": "2025-01-01T00:01:22", "mode": "SUM_MIN", "is_static": false, "battery": 36.499999999998835}}, {"type": "Feature", "geometry": {"type": "Point", "coordinates": [961972.6686065281, 1951730.1136619265]}, "properties": {"kind": "base_A", "drone_id": 0, "frame": 82, "time_s": 82.0, "timestamp": "2025-01-01T00:01:22", "mode": "SUM_MIN", "is_static": true, "battery": 50.0}}, {"type": "Feature", "geometry": {"type": "Point", "coordinates": [966389.3981658287, 1948730.1136619265]}, "properties": {"kind": "base_B", "drone_id": 0, "frame": 82, "time_s": 82.0, "timestamp": "2025-01-01T00:01:22", "mode": "SUM_MIN", "is_static": true, "battery": 50.0}}, {"type": "Feature", "geometry": {"type": "Point", "coordinates": [965387.2830557353, 1949608.6850904978]}, "properties": {"kind": "drone", "drone_id": 1, "frame": 83, "time_s": 83.0, "timestamp": "2025-01-01T00:01:23", "mode": "SUM_MIN", "is_static": false, "battery": 34.99999999999965}}, {"type": "Feature", "geometry": {"type": "Point", "coordinates": [966222.3789808131, 1949276.542233355]}, "properties": {"kind": "drone", "drone_id": 2, "frame": 83, "time_s": 83.0, "timestamp": "2025-01-01T00:01:23", "mode": "SUM_MIN", "is_static": false, "battery": 43.99999999999942}}, {"type": "Feature", "geometry": {"type": "Point", "coordinates": [963809.8796416994, 1950519.3993762122]}, "properties": {"kind": "drone", "drone_id": 3, "frame": 83, "time_s": 83.0, "timestamp": "2025-01-01T00:01:23", "mode": "SUM_MIN", "is_static": false, "battery": 45.49999999999981}}, {"type": "Feature", "geometry": {"type": "Point", "coordinates": [962121.1301043197, 1951494.3993762122]}, "properties": {"kind": "drone", "drone_id": 4, "frame": 83, "time_s": 83.0, "timestamp": "2025-01-01T00:01:23", "mode": "SUM_MIN", "is_static": false, "battery": 43.99999999999981}}, {"type": "Feature", "geometry": {"type": "Point", "coordinates": [966389.3981658287, 1949051.542233355]}, "properties": {"kind": "drone", "drone_id": 5, "frame": 83, "time_s": 83.0, "timestamp": "2025-01-01T00:01:23", "mode": "SUM_MIN", "is_static": false, "battery": 35.00000000000081}}, {"type": "Feature", "geometry": {"type": "Point", "coordinates": [965665.6483640946, 1949597.9708047837]}, "properties": {"kind": "drone", "drone_id": 6, "frame": 83, "time_s": 83.0, "timestamp": "2025-01-01T00:01:23", "mode": "SUM_MIN", "is_static": false, "battery": 35.00000000000085}}, {"type": "Feature", "geometry": {"type": "Point", "coordinates": [963234.5913377568, 1951151.542233355]}, "properties": {"kind": "drone", "drone_id": 7, "frame": 83, "time_s": 83.0, "timestamp": "2025-01-01T00:01:23", "mode": "SUM_MIN", "is_static": false, "battery": 36.50000000000047}}, {"type": "Feature", "geometry": {"type": "Point", "coordinates": [964830.5524390168, 1949780.1136619265]}, "properties": {"kind": "drone", "drone_id": 8, "frame": 83, "time_s": 83.0, "timestamp": "2025-01-01T00:01:23", "mode": "SUM_MIN", "is_static": false, "battery": 27.49999999999988}}, {"type": "Feature", "geometry": {"type": "Point", "coordinates": [962956.2260293976, 1951312.2565190694]}, "properties": {"kind": "drone", "drone_id": 9, "frame": 83, "time_s": 83.0, "timestamp": "2025-01-01T00:01:23", "mode": "SUM_MIN", "is_static": false, "battery": 47.00000000000062}}, {"type": "Feature", "geometry": {"type": "Point", "coordinates": [965944.0136724538, 1949437.2565190694]}, "properties": {"kind": "drone", "drone_id": 10, "frame": 83, "time_s": 83.0, "timestamp": "2025-01-01T00:01:23", "mode": "SUM_MIN", "is_static": false, "battery": 48.49999999999981}}, {"type": "Feature", "geometry": {"type": "Point", "coordinates": [964273.8218222981, 1949651.542233355]}, "properties": {"kind": "drone", "drone_id": 11, "frame": 83, "time_s": 83.0, "timestamp": "2025-01-01T00:01:23", "mode": "SUM_MIN", "is_static": false, "battery": 32.00000000000027}}, {"type": "Feature", "geometry": {"type": "Point", "coordinates": [963921.225765043, 1949940.8279476408]}, "properties": {"kind": "drone", "drone_id": 12, "frame": 83, "time_s": 83.0, "timestamp": "2025-01-01T00:01:23", "mode": "SUM_MIN", "is_static": false, "battery": 33.500000000000234}}, {"type": "Feature", "geometry": {"type": "Point", "coordinates": [963921.225765043, 1950262.2565190694]}, "properties": {"kind": "drone", "drone_id": 13, "frame": 83, "time_s": 83.0, "timestamp": "2025-01-01T00:01:23", "mode": "SUM_MIN", "is_static": false, "battery": 39.5}}, {"type": "Feature", "geometry": {"type": "Point", "coordinates": [963791.3219544754, 1950830.1136619265]}, "properties": {"kind": "drone", "drone_id": 14, "frame": 83, "time_s": 83.0, "timestamp": "2025-01-01T00:01:23", "mode": "SUM_MIN", "is_static": false, "battery": 44.00000000000082}}, {"type": "Feature", "geometry": {"type": "Point", "coordinates": [962399.4954126789, 1951526.542233355]}, "properties": {"kind": "drone", "drone_id": 15, "frame": 83, "time_s": 83.0, "timestamp": "2025-01-01T00:01:23", "mode": "SUM_MIN", "is_static": false, "battery": 39.500000000000625}}, {"type": "Feature", "geometry": {"type": "Point", "coordinates": [963531.5143333401, 1950980.1136619265]}, "properties": {"kind": "drone", "drone_id": 16, "frame": 83, "time_s": 83.0, "timestamp": "2025-01-01T00:01:23", "mode": "SUM_MIN", "is_static": false, "battery": 50.0}}, {"type": "Feature", "geometry": {"type": "Point", "coordinates": [964552.1871306574, 1949640.8279476408]}, "properties": {"kind": "drone", "drone_id": 17, "frame": 83, "time_s": 83.0, "timestamp": "2025-01-01T00:01:23", "mode": "SUM_MIN", "is_static": false, "battery": 27.499999999999492}}, {"type": "Feature", "geometry": {"type": "Point", "coordinates": [965485.4975293953, 1949558.2463861608]}, "properties": {"kind": "drone", "drone_id": 18, "frame": 83, "time_s": 83.0, "timestamp": "2025-01-01T00:01:23", "mode": "SUM_MIN", "is_static": false, "battery": 27.439597315436092}}, {"type": "Feature", "geometry": {"type": "Point", "coordinates": [962622.1876593664, 1951505.1136619265]}, "properties": {"kind": "drone", "drone_id": 19, "frame": 83, "time_s": 83.0, "timestamp": "2025-01-01T00:01:23", "mode": "SUM_MIN", "is_static": false, "battery": 50.0}}, {"type": "Feature", "geometry": {"type": "Point", "coordinates": [965108.917747376, 1949769.3993762122]}, "properties": {"kind": "drone", "drone_id": 20, "frame": 83, "time_s": 83.0, "timestamp": "2025-01-01T00:01:23", "mode": "SUM_MIN", "is_static": false, "battery": 36.499999999998835}}, {"type": "Feature", "geometry": {"type": "Point", "coordinates": [961972.6686065281, 1951730.1136619265]}, "properties": {"kind": "base_A", "drone_id": 0, "frame": 83, "time_s": 83.0, "timestamp": "2025-01-01T00:01:23", "mode": "SUM_MIN", "is_static": true, "battery": 50.0}}, {"type": "Feature", "geometry": {"type": "Point", "coordinates": [966389.3981658287, 1948730.1136619265]}, "properties": {"kind": "base_B", "drone_id": 0, "frame": 83, "time_s": 83.0, "timestamp": "2025-01-01T00:01:23", "mode": "SUM_MIN", "is_static": true, "battery": 50.0}}, {"type": "Feature", "geometry": {"type": "Point", "coordinates": [965387.2830557353, 1949608.6850904978]}, "properties": {"kind": "drone", "drone_id": 1, "frame": 84, "time_s": 84.0, "timestamp": "2025-01-01T00:01:24", "mode": "SUM_MIN", "is_static": false, "battery": 34.99999999999965}}, {"type": "Feature", "geometry": {"type": "Point", "coordinates": [966222.3789808131, 1949276.542233355]}, "properties": {"kind": "drone", "drone_id": 2, "frame": 84, "time_s": 84.0, "timestamp": "2025-01-01T00:01:24", "mode": "SUM_MIN", "is_static": false, "battery": 43.99999999999942}}, {"type": "Feature", "geometry": {"type": "Point", "coordinates": [963809.8796416994, 1950519.3993762122]}, "properties": {"kind": "drone", "drone_id": 3, "frame": 84, "time_s": 84.0, "timestamp": "2025-01-01T00:01:24", "mode": "SUM_MIN", "is_static": false, "battery": 45.49999999999981}}, {"type": "Feature", "geometry": {"type": "Point", "coordinates": [962121.1301043197, 1951494.3993762122]}, "properties": {"kind": "drone", "drone_id": 4, "frame": 84, "time_s": 84.0, "timestamp": "2025-01-01T00:01:24", "mode": "SUM_MIN", "is_static": false, "battery": 43.99999999999981}}, {"type": "Feature", "geometry": {"type": "Point", "coordinates": [966389.3981658287, 1949051.542233355]}, "properties": {"kind": "drone", "drone_id": 5, "frame": 84, "time_s": 84.0, "timestamp": "2025-01-01T00:01:24", "mode": "SUM_MIN", "is_static": false, "battery": 35.00000000000081}}, {"type": "Feature", "geometry": {"type": "Point", "coordinates": [965665.6483640946, 1949597.9708047837]}, "properties": {"kind": "drone", "drone_id": 6, "frame": 84, "time_s": 84.0, "timestamp": "2025-01-01T00:01:24", "mode": "SUM_MIN", "is_static": false, "battery": 35.00000000000085}}, {"type": "Feature", "geometry": {"type": "Point", "coordinates": [963234.5913377568, 1951151.542233355]}, "properties": {"kind": "drone", "drone_id": 7, "frame": 84, "time_s": 84.0, "timestamp": "2025-01-01T00:01:24", "mode": "SUM_MIN", "is_static": false, "battery": 36.50000000000047}}, {"type": "Feature", "geometry": {"type": "Point", "coordinates": [964830.5524390168, 1949780.1136619265]}, "properties": {"kind": "drone", "drone_id": 8, "frame": 84, "time_s": 84.0, "timestamp": "2025-01-01T00:01:24", "mode": "SUM_MIN", "is_static": false, "battery": 27.49999999999988}}, {"type": "Feature", "geometry": {"type": "Point", "coordinates": [962956.2260293976, 1951312.2565190694]}, "properties": {"kind": "drone", "drone_id": 9, "frame": 84, "time_s": 84.0, "timestamp": "2025-01-01T00:01:24", "mode": "SUM_MIN", "is_static": false, "battery": 47.00000000000062}}, {"type": "Feature", "geometry": {"type": "Point", "coordinates": [965944.0136724538, 1949437.2565190694]}, "properties": {"kind": "drone", "drone_id": 10, "frame": 84, "time_s": 84.0, "timestamp": "2025-01-01T00:01:24", "mode": "SUM_MIN", "is_static": false, "battery": 48.49999999999981}}, {"type": "Feature", "geometry": {"type": "Point", "coordinates": [964273.8218222981, 1949651.542233355]}, "properties": {"kind": "drone", "drone_id": 11, "frame": 84, "time_s": 84.0, "timestamp": "2025-01-01T00:01:24", "mode": "SUM_MIN", "is_static": false, "battery": 32.00000000000027}}, {"type": "Feature", "geometry": {"type": "Point", "coordinates": [963921.225765043, 1949940.8279476408]}, "properties": {"kind": "drone", "drone_id": 12, "frame": 84, "time_s": 84.0, "timestamp": "2025-01-01T00:01:24", "mode": "SUM_MIN", "is_static": false, "battery": 33.500000000000234}}, {"type": "Feature", "geometry": {"type": "Point", "coordinates": [963921.225765043, 1950262.2565190694]}, "properties": {"kind": "drone", "drone_id": 13, "frame": 84, "time_s": 84.0, "timestamp": "2025-01-01T00:01:24", "mode": "SUM_MIN", "is_static": false, "battery": 39.5}}, {"type": "Feature", "geometry": {"type": "Point", "coordinates": [963791.3219544754, 1950830.1136619265]}, "properties": {"kind": "drone", "drone_id": 14, "frame": 84, "time_s": 84.0, "timestamp": "2025-01-01T00:01:24", "mode": "SUM_MIN", "is_static": false, "battery": 44.00000000000082}}, {"type": "Feature", "geometry": {"type": "Point", "coordinates": [962399.4954126789, 1951526.542233355]}, "properties": {"kind": "drone", "drone_id": 15, "frame": 84, "time_s": 84.0, "timestamp": "2025-01-01T00:01:24", "mode": "SUM_MIN", "is_static": false, "battery": 39.500000000000625}}, {"type": "Feature", "geometry": {"type": "Point", "coordinates": [963531.5143333401, 1950980.1136619265]}, "properties": {"kind": "drone", "drone_id": 16, "frame": 84, "time_s": 84.0, "timestamp": "2025-01-01T00:01:24", "mode": "SUM_MIN", "is_static": false, "battery": 50.0}}, {"type": "Feature", "geometry": {"type": "Point", "coordinates": [964552.1871306574, 1949640.8279476408]}, "properties": {"kind": "drone", "drone_id": 17, "frame": 84, "time_s": 84.0, "timestamp": "2025-01-01T00:01:24", "mode": "SUM_MIN", "is_static": false, "battery": 27.499999999999492}}, {"type": "Feature", "geometry": {"type": "Point", "coordinates": [965450.3563345363, 1949572.2697160034]}, "properties": {"kind": "drone", "drone_id": 18, "frame": 84, "time_s": 84.0, "timestamp": "2025-01-01T00:01:24", "mode": "SUM_MIN", "is_static": false, "battery": 27.167785234899178}}, {"type": "Feature", "geometry": {"type": "Point", "coordinates": [962622.1876593664, 1951505.1136619265]}, "properties": {"kind": "drone", "drone_id": 19, "frame": 84, "time_s": 84.0, "timestamp": "2025-01-01T00:01:24", "mode": "SUM_MIN", "is_static": false, "battery": 50.0}}, {"type": "Feature", "geometry": {"type": "Point", "coordinates": [965108.917747376, 1949769.3993762122]}, "properties": {"kind": "drone", "drone_id": 20, "frame": 84, "time_s": 84.0, "timestamp": "2025-01-01T00:01:24", "mode": "SUM_MIN", "is_static": false, "battery": 36.499999999998835}}, {"type": "Feature", "geometry": {"type": "Point", "coordinates": [961972.6686065281, 1951730.1136619265]}, "properties": {"kind": "base_A", "drone_id": 0, "frame": 84, "time_s": 84.0, "timestamp": "2025-01-01T00:01:24", "mode": "SUM_MIN", "is_static": true, "battery": 50.0}}, {"type": "Feature", "geometry": {"type": "Point", "coordinates": [966389.3981658287, 1948730.1136619265]}, "properties": {"kind": "base_B", "drone_id": 0, "frame": 84, "time_s": 84.0, "timestamp": "2025-01-01T00:01:24", "mode": "SUM_MIN", "is_static": true, "battery": 50.0}}, {"type": "Feature", "geometry": {"type": "Point", "coordinates": [965387.2830557353, 1949608.6850904978]}, "properties": {"kind": "drone", "drone_id": 1, "frame": 85, "time_s": 85.0, "timestamp": "2025-01-01T00:01:25", "mode": "SUM_MIN", "is_static": false, "battery": 34.99999999999965}}, {"type": "Feature", "geometry": {"type": "Point", "coordinates": [966222.3789808131, 1949276.542233355]}, "properties": {"kind": "drone", "drone_id": 2, "frame": 85, "time_s": 85.0, "timestamp": "2025-01-01T00:01:25", "mode": "SUM_MIN", "is_static": false, "battery": 43.99999999999942}}, {"type": "Feature", "geometry": {"type": "Point", "coordinates": [963809.8796416994, 1950519.3993762122]}, "properties": {"kind": "drone", "drone_id": 3, "frame": 85, "time_s": 85.0, "timestamp": "2025-01-01T00:01:25", "mode": "SUM_MIN", "is_static": false, "battery": 45.49999999999981}}, {"type": "Feature", "geometry": {"type": "Point", "coordinates": [962121.1301043197, 1951494.3993762122]}, "properties": {"kind": "drone", "drone_id": 4, "frame": 85, "time_s": 85.0, "timestamp": "2025-01-01T00:01:25", "mode": "SUM_MIN", "is_static": false, "battery": 43.99999999999981}}, {"type": "Feature", "geometry": {"type": "Point", "coordinates": [966389.3981658287, 1949051.542233355]}, "properties": {"kind": "drone", "drone_id": 5, "frame": 85, "time_s": 85.0, "timestamp": "2025-01-01T00:01:25", "mode": "SUM_MIN", "is_static": false, "battery": 35.00000000000081}}, {"type": "Feature", "geometry": {"type": "Point", "coordinates": [965665.6483640946, 1949597.9708047837]}, "properties": {"kind": "drone", "drone_id": 6, "frame": 85, "time_s": 85.0, "timestamp": "2025-01-01T00:01:25", "mode": "SUM_MIN", "is_static": false, "battery": 35.00000000000085}}, {"type": "Feature", "geometry": {"type": "Point", "coordinates": [963234.5913377568, 1951151.542233355]}, "properties": {"kind": "drone", "drone_id": 7, "frame": 85, "time_s": 85.0, "timestamp": "2025-01-01T00:01:25", "mode": "SUM_MIN", "is_static": false, "battery": 36.50000000000047}}, {"type": "Feature", "geometry": {"type": "Point", "coordinates": [964830.5524390168, 1949780.1136619265]}, "properties": {"kind": "drone", "drone_id": 8, "frame": 85, "time_s": 85.0, "timestamp": "2025-01-01T00:01:25", "mode": "SUM_MIN", "is_static": false, "battery": 27.49999999999988}}, {"type": "Feature", "geometry": {"type": "Point", "coordinates": [962956.2260293976, 1951312.2565190694]}, "properties": {"kind": "drone", "drone_id": 9, "frame": 85, "time_s": 85.0, "timestamp": "2025-01-01T00:01:25", "mode": "SUM_MIN", "is_static": false, "battery": 47.00000000000062}}, {"type": "Feature", "geometry": {"type": "Point", "coordinates": [965944.0136724538, 1949437.2565190694]}, "properties": {"kind": "drone", "drone_id": 10, "frame": 85, "time_s": 85.0, "timestamp": "2025-01-01T00:01:25", "mode": "SUM_MIN", "is_static": false, "battery": 48.49999999999981}}, {"type": "Feature", "geometry": {"type": "Point", "coordinates": [964273.8218222981, 1949651.542233355]}, "properties": {"kind": "drone", "drone_id": 11, "frame": 85, "time_s": 85.0, "timestamp": "2025-01-01T00:01:25", "mode": "SUM_MIN", "is_static": false, "battery": 32.00000000000027}}, {"type": "Feature", "geometry": {"type": "Point", "coordinates": [963921.225765043, 1949940.8279476408]}, "properties": {"kind": "drone", "drone_id": 12, "frame": 85, "time_s": 85.0, "timestamp": "2025-01-01T00:01:25", "mode": "SUM_MIN", "is_static": false, "battery": 33.500000000000234}}, {"type": "Feature", "geometry": {"type": "Point", "coordinates": [963921.225765043, 1950262.2565190694]}, "properties": {"kind": "drone", "drone_id": 13, "frame": 85, "time_s": 85.0, "timestamp": "2025-01-01T00:01:25", "mode": "SUM_MIN", "is_static": false, "battery": 39.5}}, {"type": "Feature", "geometry": {"type": "Point", "coordinates": [963791.3219544754, 1950830.1136619265]}, "properties": {"kind": "drone", "drone_id": 14, "frame": 85, "time_s": 85.0, "timestamp": "2025-01-01T00:01:25", "mode": "SUM_MIN", "is_static": false, "battery": 44.00000000000082}}, {"type": "Feature", "geometry": {"type": "Point", "coordinates": [962399.4954126789, 1951526.542233355]}, "properties": {"kind": "drone", "drone_id": 15, "frame": 85, "time_s": 85.0, "timestamp": "2025-01-01T00:01:25", "mode": "SUM_MIN", "is_static": false, "battery": 39.500000000000625}}, {"type": "Feature", "geometry": {"type": "Point", "coordinates": [963531.5143333401, 1950980.1136619265]}, "properties": {"kind": "drone", "drone_id": 16, "frame": 85, "time_s": 85.0, "timestamp": "2025-01-01T00:01:25", "mode": "SUM_MIN", "is_static": false, "battery": 50.0}}, {"type": "Feature", "geometry": {"type": "Point", "coordinates": [964552.1871306574, 1949640.8279476408]}, "properties": {"kind": "drone", "drone_id": 17, "frame": 85, "time_s": 85.0, "timestamp": "2025-01-01T00:01:25", "mode": "SUM_MIN", "is_static": false, "battery": 27.499999999999492}}, {"type": "Feature", "geometry": {"type": "Point", "coordinates": [965415.3372209274, 1949592.4880106724]}, "properties": {"kind": "drone", "drone_id": 18, "frame": 85, "time_s": 85.0, "timestamp": "2025-01-01T00:01:25", "mode": "SUM_MIN", "is_static": false, "battery": 26.895973154362263}}, {"type": "Feature", "geometry": {"type": "Point", "coordinates": [962622.1876593664, 1951505.1136619265]}, "properties": {"kind": "drone", "drone_id": 19, "frame": 85, "time_s": 85.0, "timestamp": "2025-01-01T00:01:25", "mode": "SUM_MIN", "is_static": false, "battery": 50.0}}, {"type": "Feature", "geometry": {"type": "Point", "coordinates": [965108.917747376, 1949769.3993762122]}, "properties": {"kind": "drone", "drone_id": 20, "frame": 85, "time_s": 85.0, "timestamp": "2025-01-01T00:01:25", "mode": "SUM_MIN", "is_static": false, "battery": 36.499999999998835}}, {"type": "Feature", "geometry": {"type": "Point", "coordinates": [961972.6686065281, 1951730.1136619265]}, "properties": {"kind": "base_A", "drone_id": 0, "frame": 85, "time_s": 85.0, "timestamp": "2025-01-01T00:01:25", "mode": "SUM_MIN", "is_static": true, "battery": 50.0}}, {"type": "Feature", "geometry": {"type": "Point", "coordinates": [966389.3981658287, 1948730.1136619265]}, "properties": {"kind": "base_B", "drone_id": 0, "frame": 85, "time_s": 85.0, "timestamp": "2025-01-01T00:01:25", "mode": "SUM_MIN", "is_static": true, "battery": 50.0}}, {"type": "Feature", "geometry": {"type": "Point", "coordinates": [965387.2830557353, 1949608.6850904978]}, "properties": {"kind": "drone", "drone_id": 1, "frame": 86, "time_s": 86.0, "timestamp": "2025-01-01T00:01:26", "mode": "SUM_MIN", "is_static": false, "battery": 34.99999999999965}}, {"type": "Feature", "geometry": {"type": "Point", "coordinates": [966222.3789808131, 1949276.542233355]}, "properties": {"kind": "drone", "drone_id": 2, "frame": 86, "time_s": 86.0, "timestamp": "2025-01-01T00:01:26", "mode": "SUM_MIN", "is_static": false, "battery": 43.99999999999942}}, {"type": "Feature", "geometry": {"type": "Point", "coordinates": [963809.8796416994, 1950519.3993762122]}, "properties": {"kind": "drone", "drone_id": 3, "frame": 86, "time_s": 86.0, "timestamp": "2025-01-01T00:01:26", "mode": "SUM_MIN", "is_static": false, "battery": 45.49999999999981}}, {"type": "Feature", "geometry": {"type": "Point", "coordinates": [962121.1301043197, 1951494.3993762122]}, "properties": {"kind": "drone", "drone_id": 4, "frame": 86, "time_s": 86.0, "timestamp": "2025-01-01T00:01:26", "mode": "SUM_MIN", "is_static": false, "battery": 43.99999999999981}}, {"type": "Feature", "geometry": {"type": "Point", "coordinates": [966389.3981658287, 1949051.542233355]}, "properties": {"kind": "drone", "drone_id": 5, "frame": 86, "time_s": 86.0, "timestamp": "2025-01-01T00:01:26", "mode": "SUM_MIN", "is_static": false, "battery": 35.00000000000081}}, {"type": "Feature", "geometry": {"type": "Point", "coordinates": [965665.6483640946, 1949597.9708047837]}, "properties": {"kind": "drone", "drone_id": 6, "frame": 86, "time_s": 86.0, "timestamp": "2025-01-01T00:01:26", "mode": "SUM_MIN", "is_static": false, "battery": 35.00000000000085}}, {"type": "Feature", "geometry": {"type": "Point", "coordinates": [963234.5913377568, 1951151.542233355]}, "properties": {"kind": "drone", "drone_id": 7, "frame": 86, "time_s": 86.0, "timestamp": "2025-01-01T00:01:26", "mode": "SUM_MIN", "is_static": false, "battery": 36.50000000000047}}, {"type": "Feature", "geometry": {"type": "Point", "coordinates": [964830.5524390168, 1949780.1136619265]}, "properties": {"kind": "drone", "drone_id": 8, "frame": 86, "time_s": 86.0, "timestamp": "2025-01-01T00:01:26", "mode": "SUM_MIN", "is_static": false, "battery": 27.49999999999988}}, {"type": "Feature", "geometry": {"type": "Point", "coordinates": [962956.2260293976, 1951312.2565190694]}, "properties": {"kind": "drone", "drone_id": 9, "frame": 86, "time_s": 86.0, "timestamp": "2025-01-01T00:01:26", "mode": "SUM_MIN", "is_static": false, "battery": 47.00000000000062}}, {"type": "Feature", "geometry": {"type": "Point", "coordinates": [965944.0136724538, 1949437.2565190694]}, "properties": {"kind": "drone", "drone_id": 10, "frame": 86, "time_s": 86.0, "timestamp": "2025-01-01T00:01:26", "mode": "SUM_MIN", "is_static": false, "battery": 48.49999999999981}}, {"type": "Feature", "geometry": {"type": "Point", "coordinates": [964273.8218222981, 1949651.542233355]}, "properties": {"kind": "drone", "drone_id": 11, "frame": 86, "time_s": 86.0, "timestamp": "2025-01-01T00:01:26", "mode": "SUM_MIN", "is_static": false, "battery": 32.00000000000027}}, {"type": "Feature", "geometry": {"type": "Point", "coordinates": [963921.225765043, 1949940.8279476408]}, "properties": {"kind": "drone", "drone_id": 12, "frame": 86, "time_s": 86.0, "timestamp": "2025-01-01T00:01:26", "mode": "SUM_MIN", "is_static": false, "battery": 33.500000000000234}}, {"type": "Feature", "geometry": {"type": "Point", "coordinates": [963921.225765043, 1950262.2565190694]}, "properties": {"kind": "drone", "drone_id": 13, "frame": 86, "time_s": 86.0, "timestamp": "2025-01-01T00:01:26", "mode": "SUM_MIN", "is_static": false, "battery": 39.5}}, {"type": "Feature", "geometry": {"type": "Point", "coordinates": [963791.3219544754, 1950830.1136619265]}, "properties": {"kind": "drone", "drone_id": 14, "frame": 86, "time_s": 86.0, "timestamp": "2025-01-01T00:01:26", "mode": "SUM_MIN", "is_static": false, "battery": 44.00000000000082}}, {"type": "Feature", "geometry": {"type": "Point", "coordinates": [962399.4954126789, 1951526.542233355]}, "properties": {"kind": "drone", "drone_id": 15, "frame": 86, "time_s": 86.0, "timestamp": "2025-01-01T00:01:26", "mode": "SUM_MIN", "is_static": false, "battery": 39.500000000000625}}, {"type": "Feature", "geometry": {"type": "Point", "coordinates": [963531.5143333401, 1950980.1136619265]}, "properties": {"kind": "drone", "drone_id": 16, "frame": 86, "time_s": 86.0, "timestamp": "2025-01-01T00:01:26", "mode": "SUM_MIN", "is_static": false, "battery": 50.0}}, {"type": "Feature", "geometry": {"type": "Point", "coordinates": [964552.1871306574, 1949640.8279476408]}, "properties": {"kind": "drone", "drone_id": 17, "frame": 86, "time_s": 86.0, "timestamp": "2025-01-01T00:01:26", "mode": "SUM_MIN", "is_static": false, "battery": 27.499999999999492}}, {"type": "Feature", "geometry": {"type": "Point", "coordinates": [965380.4530392261, 1949612.6284023682]}, "properties": {"kind": "drone", "drone_id": 18, "frame": 86, "time_s": 86.0, "timestamp": "2025-01-01T00:01:26", "mode": "SUM_MIN", "is_static": false, "battery": 26.624161073825345}}, {"type": "Feature", "geometry": {"type": "Point", "coordinates": [962622.1876593664, 1951505.1136619265]}, "properties": {"kind": "drone", "drone_id": 19, "frame": 86, "time_s": 86.0, "timestamp": "2025-01-01T00:01:26", "mode": "SUM_MIN", "is_static": false, "battery": 50.0}}, {"type": "Feature", "geometry": {"type": "Point", "coordinates": [965108.917747376, 1949769.3993762122]}, "properties": {"kind": "drone", "drone_id": 20, "frame": 86, "time_s": 86.0, "timestamp": "2025-01-01T00:01:26", "mode": "SUM_MIN", "is_static": false, "battery": 36.499999999998835}}, {"type": "Feature", "geometry": {"type": "Point", "coordinates": [961972.6686065281, 1951730.1136619265]}, "properties": {"kind": "base_A", "drone_id": 0, "frame": 86, "time_s": 86.0, "timestamp": "2025-01-01T00:01:26", "mode": "SUM_MIN", "is_static": true, "battery": 50.0}}, {"type": "Feature", "geometry": {"type": "Point", "coordinates": [966389.3981658287, 1948730.1136619265]}, "properties": {"kind": "base_B", "drone_id": 0, "frame": 86, "time_s": 86.0, "timestamp": "2025-01-01T00:01:26", "mode": "SUM_MIN", "is_static": true, "battery": 50.0}}, {"type": "Feature", "geometry": {"type": "Point", "coordinates": [965387.2830557353, 1949608.6850904978]}, "properties": {"kind": "drone", "drone_id": 1, "frame": 87, "time_s": 87.0, "timestamp": "2025-01-01T00:01:27", "mode": "SUM_MIN", "is_static": false, "battery": 34.99999999999965}}, {"type": "Feature", "geometry": {"type": "Point", "coordinates": [966222.3789808131, 1949276.542233355]}, "properties": {"kind": "drone", "drone_id": 2, "frame": 87, "time_s": 87.0, "timestamp": "2025-01-01T00:01:27", "mode": "SUM_MIN", "is_static": false, "battery": 43.99999999999942}}, {"type": "Feature", "geometry": {"type": "Point", "coordinates": [963809.8796416994, 1950519.3993762122]}, "properties": {"kind": "drone", "drone_id": 3, "frame": 87, "time_s": 87.0, "timestamp": "2025-01-01T00:01:27", "mode": "SUM_MIN", "is_static": false, "battery": 45.49999999999981}}, {"type": "Feature", "geometry": {"type": "Point", "coordinates": [962121.1301043197, 1951494.3993762122]}, "properties": {"kind": "drone", "drone_id": 4, "frame": 87, "time_s": 87.0, "timestamp": "2025-01-01T00:01:27", "mode": "SUM_MIN", "is_static": false, "battery": 43.99999999999981}}, {"type": "Feature", "geometry": {"type": "Point", "coordinates": [966389.3981658287, 1949051.542233355]}, "properties": {"kind": "drone", "drone_id": 5, "frame": 87, "time_s": 87.0, "timestamp": "2025-01-01T00:01:27", "mode": "SUM_MIN", "is_static": false, "battery": 35.00000000000081}}, {"type": "Feature", "geometry": {"type": "Point", "coordinates": [965665.6483640946, 1949597.9708047837]}, "properties": {"kind": "drone", "drone_id": 6, "frame": 87, "time_s": 87.0, "timestamp": "2025-01-01T00:01:27", "mode": "SUM_MIN", "is_static": false, "battery": 35.00000000000085}}, {"type": "Feature", "geometry": {"type": "Point", "coordinates": [963234.5913377568, 1951151.542233355]}, "properties": {"kind": "drone", "drone_id": 7, "frame": 87, "time_s": 87.0, "timestamp": "2025-01-01T00:01:27", "mode": "SUM_MIN", "is_static": false, "battery": 36.50000000000047}}, {"type": "Feature", "geometry": {"type": "Point", "coordinates": [964830.5524390168, 1949780.1136619265]}, "properties": {"kind": "drone", "drone_id": 8, "frame": 87, "time_s": 87.0, "timestamp": "2025-01-01T00:01:27", "mode": "SUM_MIN", "is_static": false, "battery": 27.49999999999988}}, {"type": "Feature", "geometry": {"type": "Point", "coordinates": [962956.2260293976, 1951312.2565190694]}, "properties": {"kind": "drone", "drone_id": 9, "frame": 87, "time_s": 87.0, "timestamp": "2025-01-01T00:01:27", "mode": "SUM_MIN", "is_static": false, "battery": 47.00000000000062}}, {"type": "Feature", "geometry": {"type": "Point", "coordinates": [965944.0136724538, 1949437.2565190694]}, "properties": {"kind": "drone", "drone_id": 10, "frame": 87, "time_s": 87.0, "timestamp": "2025-01-01T00:01:27", "mode": "SUM_MIN", "is_static": false, "battery": 48.49999999999981}}, {"type": "Feature", "geometry": {"type": "Point", "coordinates": [964273.8218222981, 1949651.542233355]}, "properties": {"kind": "drone", "drone_id": 11, "frame": 87, "time_s": 87.0, "timestamp": "2025-01-01T00:01:27", "mode": "SUM_MIN", "is_static": false, "battery": 32.00000000000027}}, {"type": "Feature", "geometry": {"type": "Point", "coordinates": [963921.225765043, 1949940.8279476408]}, "properties": {"kind": "drone", "drone_id": 12, "frame": 87, "time_s": 87.0, "timestamp": "2025-01-01T00:01:27", "mode": "SUM_MIN", "is_static": false, "battery": 33.500000000000234}}, {"type": "Feature", "geometry": {"type": "Point", "coordinates": [963921.225765043, 1950262.2565190694]}, "properties": {"kind": "drone", "drone_id": 13, "frame": 87, "time_s": 87.0, "timestamp": "2025-01-01T00:01:27", "mode": "SUM_MIN", "is_static": false, "battery": 39.5}}, {"type": "Feature", "geometry": {"type": "Point", "coordinates": [963791.3219544754, 1950830.1136619265]}, "properties": {"kind": "drone", "drone_id": 14, "frame": 87, "time_s": 87.0, "timestamp": "2025-01-01T00:01:27", "mode": "SUM_MIN", "is_static": false, "battery": 44.00000000000082}}, {"type": "Feature", "geometry": {"type": "Point", "coordinates": [962399.4954126789, 1951526.542233355]}, "properties": {"kind": "drone", "drone_id": 15, "frame": 87, "time_s": 87.0, "timestamp": "2025-01-01T00:01:27", "mode": "SUM_MIN", "is_static": false, "battery": 39.500000000000625}}, {"type": "Feature", "geometry": {"type": "Point", "coordinates": [963531.5143333401, 1950980.1136619265]}, "properties": {"kind": "drone", "drone_id": 16, "frame": 87, "time_s": 87.0, "timestamp": "2025-01-01T00:01:27", "mode": "SUM_MIN", "is_static": false, "battery": 50.0}}, {"type": "Feature", "geometry": {"type": "Point", "coordinates": [964552.1871306574, 1949640.8279476408]}, "properties": {"kind": "drone", "drone_id": 17, "frame": 87, "time_s": 87.0, "timestamp": "2025-01-01T00:01:27", "mode": "SUM_MIN", "is_static": false, "battery": 27.499999999999492}}, {"type": "Feature", "geometry": {"type": "Point", "coordinates": [965345.7166400903, 1949632.6834717598]}, "properties": {"kind": "drone", "drone_id": 18, "frame": 87, "time_s": 87.0, "timestamp": "2025-01-01T00:01:27", "mode": "SUM_MIN", "is_static": false, "battery": 26.35234899328843}}, {"type": "Feature", "geometry": {"type": "Point", "coordinates": [962622.1876593664, 1951505.1136619265]}, "properties": {"kind": "drone", "drone_id": 19, "frame": 87, "time_s": 87.0, "timestamp": "2025-01-01T00:01:27", "mode": "SUM_MIN", "is_static": false, "battery": 50.0}}, {"type": "Feature", "geometry": {"type": "Point", "coordinates": [965108.917747376, 1949769.3993762122]}, "properties": {"kind": "drone", "drone_id": 20, "frame": 87, "time_s": 87.0, "timestamp": "2025-01-01T00:01:27", "mode": "SUM_MIN", "is_static": false, "battery": 36.499999999998835}}, {"type": "Feature", "geometry": {"type": "Point", "coordinates": [961972.6686065281, 1951730.1136619265]}, "properties": {"kind": "base_A", "drone_id": 0, "frame": 87, "time_s": 87.0, "timestamp": "2025-01-01T00:01:27", "mode": "SUM_MIN", "is_static": true, "battery": 50.0}}, {"type": "Feature", "geometry": {"type": "Point", "coordinates": [966389.3981658287, 1948730.1136619265]}, "properties": {"kind": "base_B", "drone_id": 0, "frame": 87, "time_s": 87.0, "timestamp": "2025-01-01T00:01:27", "mode": "SUM_MIN", "is_static": true, "battery": 50.0}}, {"type": "Feature", "geometry": {"type": "Point", "coordinates": [965387.2830557353, 1949608.6850904978]}, "properties": {"kind": "drone", "drone_id": 1, "frame": 88, "time_s": 88.0, "timestamp": "2025-01-01T00:01:28", "mode": "SUM_MIN", "is_static": false, "battery": 34.99999999999965}}, {"type": "Feature", "geometry": {"type": "Point", "coordinates": [966222.3789808131, 1949276.542233355]}, "properties": {"kind": "drone", "drone_id": 2, "frame": 88, "time_s": 88.0, "timestamp": "2025-01-01T00:01:28", "mode": "SUM_MIN", "is_static": false, "battery": 43.99999999999942}}, {"type": "Feature", "geometry": {"type": "Point", "coordinates": [963809.8796416994, 1950519.3993762122]}, "properties": {"kind": "drone", "drone_id": 3, "frame": 88, "time_s": 88.0, "timestamp": "2025-01-01T00:01:28", "mode": "SUM_MIN", "is_static": false, "battery": 45.49999999999981}}, {"type": "Feature", "geometry": {"type": "Point", "coordinates": [962121.1301043197, 1951494.3993762122]}, "properties": {"kind": "drone", "drone_id": 4, "frame": 88, "time_s": 88.0, "timestamp": "2025-01-01T00:01:28", "mode": "SUM_MIN", "is_static": false, "battery": 43.99999999999981}}, {"type": "Feature", "geometry": {"type": "Point", "coordinates": [966389.3981658287, 1949051.542233355]}, "properties": {"kind": "drone", "drone_id": 5, "frame": 88, "time_s": 88.0, "timestamp": "2025-01-01T00:01:28", "mode": "SUM_MIN", "is_static": false, "battery": 35.00000000000081}}, {"type": "Feature", "geometry": {"type": "Point", "coordinates": [965665.6483640946, 1949597.9708047837]}, "properties": {"kind": "drone", "drone_id": 6, "frame": 88, "time_s": 88.0, "timestamp": "2025-01-01T00:01:28", "mode": "SUM_MIN", "is_static": false, "battery": 35.00000000000085}}, {"type": "Feature", "geometry": {"type": "Point", "coordinates": [963234.5913377568, 1951151.542233355]}, "properties": {"kind": "drone", "drone_id": 7, "frame": 88, "time_s": 88.0, "timestamp": "2025-01-01T00:01:28", "mode": "SUM_MIN", "is_static": false, "battery": 36.50000000000047}}, {"type": "Feature", "geometry": {"type": "Point", "coordinates": [964830.5524390168, 1949780.1136619265]}, "properties": {"kind": "drone", "drone_id": 8, "frame": 88, "time_s": 88.0, "timestamp": "2025-01-01T00:01:28", "mode": "SUM_MIN", "is_static": false, "battery": 27.49999999999988}}, {"type": "Feature", "geometry": {"type": "Point", "coordinates": [962956.2260293976, 1951312.2565190694]}, "properties": {"kind": "drone", "drone_id": 9, "frame": 88, "time_s": 88.0, "timestamp": "2025-01-01T00:01:28", "mode": "SUM_MIN", "is_static": false, "battery": 47.00000000000062}}, {"type": "Feature", "geometry": {"type": "Point", "coordinates": [965944.0136724538, 1949437.2565190694]}, "properties": {"kind": "drone", "drone_id": 10, "frame": 88, "time_s": 88.0, "timestamp": "2025-01-01T00:01:28", "mode": "SUM_MIN", "is_static": false, "battery": 48.49999999999981}}, {"type": "Feature", "geometry": {"type": "Point", "coordinates": [964273.8218222981, 1949651.542233355]}, "properties": {"kind": "drone", "drone_id": 11, "frame": 88, "time_s": 88.0, "timestamp": "2025-01-01T00:01:28", "mode": "SUM_MIN", "is_static": false, "battery": 32.00000000000027}}, {"type": "Feature", "geometry": {"type": "Point", "coordinates": [963921.225765043, 1949940.8279476408]}, "properties": {"kind": "drone", "drone_id": 12, "frame": 88, "time_s": 88.0, "timestamp": "2025-01-01T00:01:28", "mode": "SUM_MIN", "is_static": false, "battery": 33.500000000000234}}, {"type": "Feature", "geometry": {"type": "Point", "coordinates": [963921.225765043, 1950262.2565190694]}, "properties": {"kind": "drone", "drone_id": 13, "frame": 88, "time_s": 88.0, "timestamp": "2025-01-01T00:01:28", "mode": "SUM_MIN", "is_static": false, "battery": 39.5}}, {"type": "Feature", "geometry": {"type": "Point", "coordinates": [963791.3219544754, 1950830.1136619265]}, "properties": {"kind": "drone", "drone_id": 14, "frame": 88, "time_s": 88.0, "timestamp": "2025-01-01T00:01:28", "mode": "SUM_MIN", "is_static": false, "battery": 44.00000000000082}}, {"type": "Feature", "geometry": {"type": "Point", "coordinates": [962399.4954126789, 1951526.542233355]}, "properties": {"kind": "drone", "drone_id": 15, "frame": 88, "time_s": 88.0, "timestamp": "2025-01-01T00:01:28", "mode": "SUM_MIN", "is_static": false, "battery": 39.500000000000625}}, {"type": "Feature", "geometry": {"type": "Point", "coordinates": [963531.5143333401, 1950980.1136619265]}, "properties": {"kind": "drone", "drone_id": 16, "frame": 88, "time_s": 88.0, "timestamp": "2025-01-01T00:01:28", "mode": "SUM_MIN", "is_static": false, "battery": 50.0}}, {"type": "Feature", "geometry": {"type": "Point", "coordinates": [964552.1871306574, 1949640.8279476408]}, "properties": {"kind": "drone", "drone_id": 17, "frame": 88, "time_s": 88.0, "timestamp": "2025-01-01T00:01:28", "mode": "SUM_MIN", "is_static": false, "battery": 27.499999999999492}}, {"type": "Feature", "geometry": {"type": "Point", "coordinates": [965311.1408741781, 1949652.6457995165]}, "properties": {"kind": "drone", "drone_id": 18, "frame": 88, "time_s": 88.0, "timestamp": "2025-01-01T00:01:28", "mode": "SUM_MIN", "is_static": false, "battery": 26.080536912751516}}, {"type": "Feature", "geometry": {"type": "Point", "coordinates": [962622.1876593664, 1951505.1136619265]}, "properties": {"kind": "drone", "drone_id": 19, "frame": 88, "time_s": 88.0, "timestamp": "2025-01-01T00:01:28", "mode": "SUM_MIN", "is_static": false, "battery": 50.0}}, {"type": "Feature", "geometry": {"type": "Point", "coordinates": [965108.917747376, 1949769.3993762122]}, "properties": {"kind": "drone", "drone_id": 20, "frame": 88, "time_s": 88.0, "timestamp": "2025-01-01T00:01:28", "mode": "SUM_MIN", "is_static": false, "battery": 36.499999999998835}}, {"type": "Feature", "geometry": {"type": "Point", "coordinates": [961972.6686065281, 1951730.1136619265]}, "properties": {"kind": "base_A", "drone_id": 0, "frame": 88, "time_s": 88.0, "timestamp": "2025-01-01T00:01:28", "mode": "SUM_MIN", "is_static": true, "battery": 50.0}}, {"type": "Feature", "geometry": {"type": "Point", "coordinates": [966389.3981658287, 1948730.1136619265]}, "properties": {"kind": "base_B", "drone_id": 0, "frame": 88, "time_s": 88.0, "timestamp": "2025-01-01T00:01:28", "mode": "SUM_MIN", "is_static": true, "battery": 50.0}}, {"type": "Feature", "geometry": {"type": "Point", "coordinates": [965387.2830557353, 1949608.6850904978]}, "properties": {"kind": "drone", "drone_id": 1, "frame": 89, "time_s": 89.0, "timestamp": "2025-01-01T00:01:29", "mode": "SUM_MIN", "is_static": false, "battery": 34.99999999999965}}, {"type": "Feature", "geometry": {"type": "Point", "coordinates": [966222.3789808131, 1949276.542233355]}, "properties": {"kind": "drone", "drone_id": 2, "frame": 89, "time_s": 89.0, "timestamp": "2025-01-01T00:01:29", "mode": "SUM_MIN", "is_static": false, "battery": 43.99999999999942}}, {"type": "Feature", "geometry": {"type": "Point", "coordinates": [963809.8796416994, 1950519.3993762122]}, "properties": {"kind": "drone", "drone_id": 3, "frame": 89, "time_s": 89.0, "timestamp": "2025-01-01T00:01:29", "mode": "SUM_MIN", "is_static": false, "battery": 45.49999999999981}}, {"type": "Feature", "geometry": {"type": "Point", "coordinates": [962121.1301043197, 1951494.3993762122]}, "properties": {"kind": "drone", "drone_id": 4, "frame": 89, "time_s": 89.0, "timestamp": "2025-01-01T00:01:29", "mode": "SUM_MIN", "is_static": false, "battery": 43.99999999999981}}, {"type": "Feature", "geometry": {"type": "Point", "coordinates": [966389.3981658287, 1949051.542233355]}, "properties": {"kind": "drone", "drone_id": 5, "frame": 89, "time_s": 89.0, "timestamp": "2025-01-01T00:01:29", "mode": "SUM_MIN", "is_static": false, "battery": 35.00000000000081}}, {"type": "Feature", "geometry": {"type": "Point", "coordinates": [965665.6483640946, 1949597.9708047837]}, "properties": {"kind": "drone", "drone_id": 6, "frame": 89, "time_s": 89.0, "timestamp": "2025-01-01T00:01:29", "mode": "SUM_MIN", "is_static": false, "battery": 35.00000000000085}}, {"type": "Feature", "geometry": {"type": "Point", "coordinates": [963234.5913377568, 1951151.542233355]}, "properties": {"kind": "drone", "drone_id": 7, "frame": 89, "time_s": 89.0, "timestamp": "2025-01-01T00:01:29", "mode": "SUM_MIN", "is_static": false, "battery": 36.50000000000047}}, {"type": "Feature", "geometry": {"type": "Point", "coordinates": [964830.5524390168, 1949780.1136619265]}, "properties": {"kind": "drone", "drone_id": 8, "frame": 89, "time_s": 89.0, "timestamp": "2025-01-01T00:01:29", "mode": "SUM_MIN", "is_static": false, "battery": 27.49999999999988}}, {"type": "Feature", "geometry": {"type": "Point", "coordinates": [962956.2260293976, 1951312.2565190694]}, "properties": {"kind": "drone", "drone_id": 9, "frame": 89, "time_s": 89.0, "timestamp": "2025-01-01T00:01:29", "mode": "SUM_MIN", "is_static": false, "battery": 47.00000000000062}}, {"type": "Feature", "geometry": {"type": "Point", "coordinates": [965944.0136724538, 1949437.2565190694]}, "properties": {"kind": "drone", "drone_id": 10, "frame": 89, "time_s": 89.0, "timestamp": "2025-01-01T00:01:29", "mode": "SUM_MIN", "is_static": false, "battery": 48.49999999999981}}, {"type": "Feature", "geometry": {"type": "Point", "coordinates": [964273.8218222981, 1949651.542233355]}, "properties": {"kind": "drone", "drone_id": 11, "frame": 89, "time_s": 89.0, "timestamp": "2025-01-01T00:01:29", "mode": "SUM_MIN", "is_static": false, "battery": 32.00000000000027}}, {"type": "Feature", "geometry": {"type": "Point", "coordinates": [963921.225765043, 1949940.8279476408]}, "properties": {"kind": "drone", "drone_id": 12, "frame": 89, "time_s": 89.0, "timestamp": "2025-01-01T00:01:29", "mode": "SUM_MIN", "is_static": false, "battery": 33.500000000000234}}, {"type": "Feature", "geometry": {"type": "Point", "coordinates": [963921.225765043, 1950262.2565190694]}, "properties": {"kind": "drone", "drone_id": 13, "frame": 89, "time_s": 89.0, "timestamp": "2025-01-01T00:01:29", "mode": "SUM_MIN", "is_static": false, "battery": 39.5}}, {"type": "Feature", "geometry": {"type": "Point", "coordinates": [963791.3219544754, 1950830.1136619265]}, "properties": {"kind": "drone", "drone_id": 14, "frame": 89, "time_s": 89.0, "timestamp": "2025-01-01T00:01:29", "mode": "SUM_MIN", "is_static": false, "battery": 44.00000000000082}}, {"type": "Feature", "geometry": {"type": "Point", "coordinates": [962399.4954126789, 1951526.542233355]}, "properties": {"kind": "drone", "drone_id": 15, "frame": 89, "time_s": 89.0, "timestamp": "2025-01-01T00:01:29", "mode": "SUM_MIN", "is_static": false, "battery": 39.500000000000625}}, {"type": "Feature", "geometry": {"type": "Point", "coordinates": [963531.5143333401, 1950980.1136619265]}, "properties": {"kind": "drone", "drone_id": 16, "frame": 89, "time_s": 89.0, "timestamp": "2025-01-01T00:01:29", "mode": "SUM_MIN", "is_static": false, "battery": 50.0}}, {"type": "Feature", "geometry": {"type": "Point", "coordinates": [964552.1871306574, 1949640.8279476408]}, "properties": {"kind": "drone", "drone_id": 17, "frame": 89, "time_s": 89.0, "timestamp": "2025-01-01T00:01:29", "mode": "SUM_MIN", "is_static": false, "battery": 27.499999999999492}}, {"type": "Feature", "geometry": {"type": "Point", "coordinates": [965276.7385921474, 1949672.5079663077]}, "properties": {"kind": "drone", "drone_id": 18, "frame": 89, "time_s": 89.0, "timestamp": "2025-01-01T00:01:29", "mode": "SUM_MIN", "is_static": false, "battery": 25.8087248322146}}, {"type": "Feature", "geometry": {"type": "Point", "coordinates": [962622.1876593664, 1951505.1136619265]}, "properties": {"kind": "drone", "drone_id": 19, "frame": 89, "time_s": 89.0, "timestamp": "2025-01-01T00:01:29", "mode": "SUM_MIN", "is_static": false, "battery": 50.0}}, {"type": "Feature", "geometry": {"type": "Point", "coordinates": [965108.917747376, 1949769.3993762122]}, "properties": {"kind": "drone", "drone_id": 20, "frame": 89, "time_s": 89.0, "timestamp": "2025-01-01T00:01:29", "mode": "SUM_MIN", "is_static": false, "battery": 36.499999999998835}}, {"type": "Feature", "geometry": {"type": "Point", "coordinates": [961972.6686065281, 1951730.1136619265]}, "properties": {"kind": "base_A", "drone_id": 0, "frame": 89, "time_s": 89.0, "timestamp": "2025-01-01T00:01:29", "mode": "SUM_MIN", "is_static": true, "battery": 50.0}}, {"type": "Feature", "geometry": {"type": "Point", "coordinates": [966389.3981658287, 1948730.1136619265]}, "properties": {"kind": "base_B", "drone_id": 0, "frame": 89, "time_s": 89.0, "timestamp": "2025-01-01T00:01:29", "mode": "SUM_MIN", "is_static": true, "battery": 50.0}}, {"type": "Feature", "geometry": {"type": "Point", "coordinates": [965387.2830557353, 1949608.6850904978]}, "properties": {"kind": "drone", "drone_id": 1, "frame": 90, "time_s": 90.0, "timestamp": "2025-01-01T00:01:30", "mode": "SUM_MIN", "is_static": false, "battery": 34.99999999999965}}, {"type": "Feature", "geometry": {"type": "Point", "coordinates": [966222.3789808131, 1949276.542233355]}, "properties": {"kind": "drone", "drone_id": 2, "frame": 90, "time_s": 90.0, "timestamp": "2025-01-01T00:01:30", "mode": "SUM_MIN", "is_static": false, "battery": 43.99999999999942}}, {"type": "Feature", "geometry": {"type": "Point", "coordinates": [963809.8796416994, 1950519.3993762122]}, "properties": {"kind": "drone", "drone_id": 3, "frame": 90, "time_s": 90.0, "timestamp": "2025-01-01T00:01:30", "mode": "SUM_MIN", "is_static": false, "battery": 45.49999999999981}}, {"type": "Feature", "geometry": {"type": "Point", "coordinates": [962121.1301043197, 1951494.3993762122]}, "properties": {"kind": "drone", "drone_id": 4, "frame": 90, "time_s": 90.0, "timestamp": "2025-01-01T00:01:30", "mode": "SUM_MIN", "is_static": false, "battery": 43.99999999999981}}, {"type": "Feature", "geometry": {"type": "Point", "coordinates": [966389.3981658287, 1949051.542233355]}, "properties": {"kind": "drone", "drone_id": 5, "frame": 90, "time_s": 90.0, "timestamp": "2025-01-01T00:01:30", "mode": "SUM_MIN", "is_static": false, "battery": 35.00000000000081}}, {"type": "Feature", "geometry": {"type": "Point", "coordinates": [965665.6483640946, 1949597.9708047837]}, "properties": {"kind": "drone", "drone_id": 6, "frame": 90, "time_s": 90.0, "timestamp": "2025-01-01T00:01:30", "mode": "SUM_MIN", "is_static": false, "battery": 35.00000000000085}}, {"type": "Feature", "geometry": {"type": "Point", "coordinates": [963234.5913377568, 1951151.542233355]}, "properties": {"kind": "drone", "drone_id": 7, "frame": 90, "time_s": 90.0, "timestamp": "2025-01-01T00:01:30", "mode": "SUM_MIN", "is_static": false, "battery": 36.50000000000047}}, {"type": "Feature", "geometry": {"type": "Point", "coordinates": [964830.5524390168, 1949780.1136619265]}, "properties": {"kind": "drone", "drone_id": 8, "frame": 90, "time_s": 90.0, "timestamp": "2025-01-01T00:01:30", "mode": "SUM_MIN", "is_static": false, "battery": 27.49999999999988}}, {"type": "Feature", "geometry": {"type": "Point", "coordinates": [962956.2260293976, 1951312.2565190694]}, "properties": {"kind": "drone", "drone_id": 9, "frame": 90, "time_s": 90.0, "timestamp": "2025-01-01T00:01:30", "mode": "SUM_MIN", "is_static": false, "battery": 47.00000000000062}}, {"type": "Feature", "geometry": {"type": "Point", "coordinates": [965944.0136724538, 1949437.2565190694]}, "properties": {"kind": "drone", "drone_id": 10, "frame": 90, "time_s": 90.0, "timestamp": "2025-01-01T00:01:30", "mode": "SUM_MIN", "is_static": false, "battery": 48.49999999999981}}, {"type": "Feature", "geometry": {"type": "Point", "coordinates": [964273.8218222981, 1949651.542233355]}, "properties": {"kind": "drone", "drone_id": 11, "frame": 90, "time_s": 90.0, "timestamp": "2025-01-01T00:01:30", "mode": "SUM_MIN", "is_static": false, "battery": 32.00000000000027}}, {"type": "Feature", "geometry": {"type": "Point", "coordinates": [963921.225765043, 1949940.8279476408]}, "properties": {"kind": "drone", "drone_id": 12, "frame": 90, "time_s": 90.0, "timestamp": "2025-01-01T00:01:30", "mode": "SUM_MIN", "is_static": false, "battery": 33.500000000000234}}, {"type": "Feature", "geometry": {"type": "Point", "coordinates": [963921.225765043, 1950262.2565190694]}, "properties": {"kind": "drone", "drone_id": 13, "frame": 90, "time_s": 90.0, "timestamp": "2025-01-01T00:01:30", "mode": "SUM_MIN", "is_static": false, "battery": 39.5}}, {"type": "Feature", "geometry": {"type": "Point", "coordinates": [963791.3219544754, 1950830.1136619265]}, "properties": {"kind": "drone", "drone_id": 14, "frame": 90, "time_s": 90.0, "timestamp": "2025-01-01T00:01:30", "mode": "SUM_MIN", "is_static": false, "battery": 44.00000000000082}}, {"type": "Feature", "geometry": {"type": "Point", "coordinates": [962399.4954126789, 1951526.542233355]}, "properties": {"kind": "drone", "drone_id": 15, "frame": 90, "time_s": 90.0, "timestamp": "2025-01-01T00:01:30", "mode": "SUM_MIN", "is_static": false, "battery": 39.500000000000625}}, {"type": "Feature", "geometry": {"type": "Point", "coordinates": [963531.5143333401, 1950980.1136619265]}, "properties": {"kind": "drone", "drone_id": 16, "frame": 90, "time_s": 90.0, "timestamp": "2025-01-01T00:01:30", "mode": "SUM_MIN", "is_static": false, "battery": 50.0}}, {"type": "Feature", "geometry": {"type": "Point", "coordinates": [964552.1871306574, 1949640.8279476408]}, "properties": {"kind": "drone", "drone_id": 17, "frame": 90, "time_s": 90.0, "timestamp": "2025-01-01T00:01:30", "mode": "SUM_MIN", "is_static": false, "battery": 27.499999999999492}}, {"type": "Feature", "geometry": {"type": "Point", "coordinates": [965242.5226446558, 1949692.2625528027]}, "properties": {"kind": "drone", "drone_id": 18, "frame": 90, "time_s": 90.0, "timestamp": "2025-01-01T00:01:30", "mode": "SUM_MIN", "is_static": false, "battery": 25.53691275167769}}, {"type": "Feature", "geometry": {"type": "Point", "coordinates": [962622.1876593664, 1951505.1136619265]}, "properties": {"kind": "drone", "drone_id": 19, "frame": 90, "time_s": 90.0, "timestamp": "2025-01-01T00:01:30", "mode": "SUM_MIN", "is_static": false, "battery": 50.0}}, {"type": "Feature", "geometry": {"type": "Point", "coordinates": [965108.917747376, 1949769.3993762122]}, "properties": {"kind": "drone", "drone_id": 20, "frame": 90, "time_s": 90.0, "timestamp": "2025-01-01T00:01:30", "mode": "SUM_MIN", "is_static": false, "battery": 36.499999999998835}}, {"type": "Feature", "geometry": {"type": "Point", "coordinates": [961972.6686065281, 1951730.1136619265]}, "properties": {"kind": "base_A", "drone_id": 0, "frame": 90, "time_s": 90.0, "timestamp": "2025-01-01T00:01:30", "mode": "SUM_MIN", "is_static": true, "battery": 50.0}}, {"type": "Feature", "geometry": {"type": "Point", "coordinates": [966389.3981658287, 1948730.1136619265]}, "properties": {"kind": "base_B", "drone_id": 0, "frame": 90, "time_s": 90.0, "timestamp": "2025-01-01T00:01:30", "mode": "SUM_MIN", "is_static": true, "battery": 50.0}}, {"type": "Feature", "geometry": {"type": "Point", "coordinates": [965387.2830557353, 1949608.6850904978]}, "properties": {"kind": "drone", "drone_id": 1, "frame": 91, "time_s": 91.0, "timestamp": "2025-01-01T00:01:31", "mode": "SUM_MIN", "is_static": false, "battery": 34.99999999999965}}, {"type": "Feature", "geometry": {"type": "Point", "coordinates": [966222.3789808131, 1949276.542233355]}, "properties": {"kind": "drone", "drone_id": 2, "frame": 91, "time_s": 91.0, "timestamp": "2025-01-01T00:01:31", "mode": "SUM_MIN", "is_static": false, "battery": 43.99999999999942}}, {"type": "Feature", "geometry": {"type": "Point", "coordinates": [963809.8796416994, 1950519.3993762122]}, "properties": {"kind": "drone", "drone_id": 3, "frame": 91, "time_s": 91.0, "timestamp": "2025-01-01T00:01:31", "mode": "SUM_MIN", "is_static": false, "battery": 45.49999999999981}}, {"type": "Feature", "geometry": {"type": "Point", "coordinates": [962121.1301043197, 1951494.3993762122]}, "properties": {"kind": "drone", "drone_id": 4, "frame": 91, "time_s": 91.0, "timestamp": "2025-01-01T00:01:31", "mode": "SUM_MIN", "is_static": false, "battery": 43.99999999999981}}, {"type": "Feature", "geometry": {"type": "Point", "coordinates": [966389.3981658287, 1949051.542233355]}, "properties": {"kind": "drone", "drone_id": 5, "frame": 91, "time_s": 91.0, "timestamp": "2025-01-01T00:01:31", "mode": "SUM_MIN", "is_static": false, "battery": 35.00000000000081}}, {"type": "Feature", "geometry": {"type": "Point", "coordinates": [965665.6483640946, 1949597.9708047837]}, "properties": {"kind": "drone", "drone_id": 6, "frame": 91, "time_s": 91.0, "timestamp": "2025-01-01T00:01:31", "mode": "SUM_MIN", "is_static": false, "battery": 35.00000000000085}}, {"type": "Feature", "geometry": {"type": "Point", "coordinates": [963234.5913377568, 1951151.542233355]}, "properties": {"kind": "drone", "drone_id": 7, "frame": 91, "time_s": 91.0, "timestamp": "2025-01-01T00:01:31", "mode": "SUM_MIN", "is_static": false, "battery": 36.50000000000047}}, {"type": "Feature", "geometry": {"type": "Point", "coordinates": [964830.5524390168, 1949780.1136619265]}, "properties": {"kind": "drone", "drone_id": 8, "frame": 91, "time_s": 91.0, "timestamp": "2025-01-01T00:01:31", "mode": "SUM_MIN", "is_static": false, "battery": 27.49999999999988}}, {"type": "Feature", "geometry": {"type": "Point", "coordinates": [962956.2260293976, 1951312.2565190694]}, "properties": {"kind": "drone", "drone_id": 9, "frame": 91, "time_s": 91.0, "timestamp": "2025-01-01T00:01:31", "mode": "SUM_MIN", "is_static": false, "battery": 47.00000000000062}}, {"type": "Feature", "geometry": {"type": "Point", "coordinates": [965944.0136724538, 1949437.2565190694]}, "properties": {"kind": "drone", "drone_id": 10, "frame": 91, "time_s": 91.0, "timestamp": "2025-01-01T00:01:31", "mode": "SUM_MIN", "is_static": false, "battery": 48.49999999999981}}, {"type": "Feature", "geometry": {"type": "Point", "coordinates": [964273.8218222981, 1949651.542233355]}, "properties": {"kind": "drone", "drone_id": 11, "frame": 91, "time_s": 91.0, "timestamp": "2025-01-01T00:01:31", "mode": "SUM_MIN", "is_static": false, "battery": 32.00000000000027}}, {"type": "Feature", "geometry": {"type": "Point", "coordinates": [963921.225765043, 1949940.8279476408]}, "properties": {"kind": "drone", "drone_id": 12, "frame": 91, "time_s": 91.0, "timestamp": "2025-01-01T00:01:31", "mode": "SUM_MIN", "is_static": false, "battery": 33.500000000000234}}, {"type": "Feature", "geometry": {"type": "Point", "coordinates": [963921.225765043, 1950262.2565190694]}, "properties": {"kind": "drone", "drone_id": 13, "frame": 91, "time_s": 91.0, "timestamp": "2025-01-01T00:01:31", "mode": "SUM_MIN", "is_static": false, "battery": 39.5}}, {"type": "Feature", "geometry": {"type": "Point", "coordinates": [963791.3219544754, 1950830.1136619265]}, "properties": {"kind": "drone", "drone_id": 14, "frame": 91, "time_s": 91.0, "timestamp": "2025-01-01T00:01:31", "mode": "SUM_MIN", "is_static": false, "battery": 44.00000000000082}}, {"type": "Feature", "geometry": {"type": "Point", "coordinates": [962399.4954126789, 1951526.542233355]}, "properties": {"kind": "drone", "drone_id": 15, "frame": 91, "time_s": 91.0, "timestamp": "2025-01-01T00:01:31", "mode": "SUM_MIN", "is_static": false, "battery": 39.500000000000625}}, {"type": "Feature", "geometry": {"type": "Point", "coordinates": [963531.5143333401, 1950980.1136619265]}, "properties": {"kind": "drone", "drone_id": 16, "frame": 91, "time_s": 91.0, "timestamp": "2025-01-01T00:01:31", "mode": "SUM_MIN", "is_static": false, "battery": 50.0}}, {"type": "Feature", "geometry": {"type": "Point", "coordinates": [964552.1871306574, 1949640.8279476408]}, "properties": {"kind": "drone", "drone_id": 17, "frame": 91, "time_s": 91.0, "timestamp": "2025-01-01T00:01:31", "mode": "SUM_MIN", "is_static": false, "battery": 27.499999999999492}}, {"type": "Feature", "geometry": {"type": "Point", "coordinates": [965208.5058823613, 1949711.9021396702]}, "properties": {"kind": "drone", "drone_id": 18, "frame": 91, "time_s": 91.0, "timestamp": "2025-01-01T00:01:31", "mode": "SUM_MIN", "is_static": false, "battery": 25.265100671140775}}, {"type": "Feature", "geometry": {"type": "Point", "coordinates": [962622.1876593664, 1951505.1136619265]}, "properties": {"kind": "drone", "drone_id": 19, "frame": 91, "time_s": 91.0, "timestamp": "2025-01-01T00:01:31", "mode": "SUM_MIN", "is_static": false, "battery": 50.0}}, {"type": "Feature", "geometry": {"type": "Point", "coordinates": [965108.917747376, 1949769.3993762122]}, "properties": {"kind": "drone", "drone_id": 20, "frame": 91, "time_s": 91.0, "timestamp": "2025-01-01T00:01:31", "mode": "SUM_MIN", "is_static": false, "battery": 36.499999999998835}}, {"type": "Feature", "geometry": {"type": "Point", "coordinates": [961972.6686065281, 1951730.1136619265]}, "properties": {"kind": "base_A", "drone_id": 0, "frame": 91, "time_s": 91.0, "timestamp": "2025-01-01T00:01:31", "mode": "SUM_MIN", "is_static": true, "battery": 50.0}}, {"type": "Feature", "geometry": {"type": "Point", "coordinates": [966389.3981658287, 1948730.1136619265]}, "properties": {"kind": "base_B", "drone_id": 0, "frame": 91, "time_s": 91.0, "timestamp": "2025-01-01T00:01:31", "mode": "SUM_MIN", "is_static": true, "battery": 50.0}}, {"type": "Feature", "geometry": {"type": "Point", "coordinates": [965387.2830557353, 1949608.6850904978]}, "properties": {"kind": "drone", "drone_id": 1, "frame": 92, "time_s": 92.0, "timestamp": "2025-01-01T00:01:32", "mode": "SUM_MIN", "is_static": false, "battery": 34.99999999999965}}, {"type": "Feature", "geometry": {"type": "Point", "coordinates": [966222.3789808131, 1949276.542233355]}, "properties": {"kind": "drone", "drone_id": 2, "frame": 92, "time_s": 92.0, "timestamp": "2025-01-01T00:01:32", "mode": "SUM_MIN", "is_static": false, "battery": 43.99999999999942}}, {"type": "Feature", "geometry": {"type": "Point", "coordinates": [963809.8796416994, 1950519.3993762122]}, "properties": {"kind": "drone", "drone_id": 3, "frame": 92, "time_s": 92.0, "timestamp": "2025-01-01T00:01:32", "mode": "SUM_MIN", "is_static": false, "battery": 45.49999999999981}}, {"type": "Feature", "geometry": {"type": "Point", "coordinates": [962121.1301043197, 1951494.3993762122]}, "properties": {"kind": "drone", "drone_id": 4, "frame": 92, "time_s": 92.0, "timestamp": "2025-01-01T00:01:32", "mode": "SUM_MIN", "is_static": false, "battery": 43.99999999999981}}, {"type": "Feature", "geometry": {"type": "Point", "coordinates": [966389.3981658287, 1949051.542233355]}, "properties": {"kind": "drone", "drone_id": 5, "frame": 92, "time_s": 92.0, "timestamp": "2025-01-01T00:01:32", "mode": "SUM_MIN", "is_static": false, "battery": 35.00000000000081}}, {"type": "Feature", "geometry": {"type": "Point", "coordinates": [965665.6483640946, 1949597.9708047837]}, "properties": {"kind": "drone", "drone_id": 6, "frame": 92, "time_s": 92.0, "timestamp": "2025-01-01T00:01:32", "mode": "SUM_MIN", "is_static": false, "battery": 35.00000000000085}}, {"type": "Feature", "geometry": {"type": "Point", "coordinates": [963234.5913377568, 1951151.542233355]}, "properties": {"kind": "drone", "drone_id": 7, "frame": 92, "time_s": 92.0, "timestamp": "2025-01-01T00:01:32", "mode": "SUM_MIN", "is_static": false, "battery": 36.50000000000047}}, {"type": "Feature", "geometry": {"type": "Point", "coordinates": [964830.5524390168, 1949780.1136619265]}, "properties": {"kind": "drone", "drone_id": 8, "frame": 92, "time_s": 92.0, "timestamp": "2025-01-01T00:01:32", "mode": "SUM_MIN", "is_static": false, "battery": 27.49999999999988}}, {"type": "Feature", "geometry": {"type": "Point", "coordinates": [962956.2260293976, 1951312.2565190694]}, "properties": {"kind": "drone", "drone_id": 9, "frame": 92, "time_s": 92.0, "timestamp": "2025-01-01T00:01:32", "mode": "SUM_MIN", "is_static": false, "battery": 47.00000000000062}}, {"type": "Feature", "geometry": {"type": "Point", "coordinates": [965944.0136724538, 1949437.2565190694]}, "properties": {"kind": "drone", "drone_id": 10, "frame": 92, "time_s": 92.0, "timestamp": "2025-01-01T00:01:32", "mode": "SUM_MIN", "is_static": false, "battery": 48.49999999999981}}, {"type": "Feature", "geometry": {"type": "Point", "coordinates": [964273.8218222981, 1949651.542233355]}, "properties": {"kind": "drone", "drone_id": 11, "frame": 92, "time_s": 92.0, "timestamp": "2025-01-01T00:01:32", "mode": "SUM_MIN", "is_static": false, "battery": 32.00000000000027}}, {"type": "Feature", "geometry": {"type": "Point", "coordinates": [963921.225765043, 1949940.8279476408]}, "properties": {"kind": "drone", "drone_id": 12, "frame": 92, "time_s": 92.0, "timestamp": "2025-01-01T00:01:32", "mode": "SUM_MIN", "is_static": false, "battery": 33.500000000000234}}, {"type": "Feature", "geometry": {"type": "Point", "coordinates": [963921.225765043, 1950262.2565190694]}, "properties": {"kind": "drone", "drone_id": 13, "frame": 92, "time_s": 92.0, "timestamp": "2025-01-01T00:01:32", "mode": "SUM_MIN", "is_static": false, "battery": 39.5}}, {"type": "Feature", "geometry": {"type": "Point", "coordinates": [963791.3219544754, 1950830.1136619265]}, "properties": {"kind": "drone", "drone_id": 14, "frame": 92, "time_s": 92.0, "timestamp": "2025-01-01T00:01:32", "mode": "SUM_MIN", "is_static": false, "battery": 44.00000000000082}}, {"type": "Feature", "geometry": {"type": "Point", "coordinates": [962399.4954126789, 1951526.542233355]}, "properties": {"kind": "drone", "drone_id": 15, "frame": 92, "time_s": 92.0, "timestamp": "2025-01-01T00:01:32", "mode": "SUM_MIN", "is_static": false, "battery": 39.500000000000625}}, {"type": "Feature", "geometry": {"type": "Point", "coordinates": [963531.5143333401, 1950980.1136619265]}, "properties": {"kind": "drone", "drone_id": 16, "frame": 92, "time_s": 92.0, "timestamp": "2025-01-01T00:01:32", "mode": "SUM_MIN", "is_static": false, "battery": 50.0}}, {"type": "Feature", "geometry": {"type": "Point", "coordinates": [964552.1871306574, 1949640.8279476408]}, "properties": {"kind": "drone", "drone_id": 17, "frame": 92, "time_s": 92.0, "timestamp": "2025-01-01T00:01:32", "mode": "SUM_MIN", "is_static": false, "battery": 27.499999999999492}}, {"type": "Feature", "geometry": {"type": "Point", "coordinates": [965174.7011559219, 1949731.41930758]}, "properties": {"kind": "drone", "drone_id": 18, "frame": 92, "time_s": 92.0, "timestamp": "2025-01-01T00:01:32", "mode": "SUM_MIN", "is_static": false, "battery": 24.99328859060386}}, {"type": "Feature", "geometry": {"type": "Point", "coordinates": [962622.1876593664, 1951505.1136619265]}, "properties": {"kind": "drone", "drone_id": 19, "frame": 92, "time_s": 92.0, "timestamp": "2025-01-01T00:01:32", "mode": "SUM_MIN", "is_static": false, "battery": 50.0}}, {"type": "Feature", "geometry": {"type": "Point", "coordinates": [965108.917747376, 1949769.3993762122]}, "properties": {"kind": "drone", "drone_id": 20, "frame": 92, "time_s": 92.0, "timestamp": "2025-01-01T00:01:32", "mode": "SUM_MIN", "is_static": false, "battery": 36.499999999998835}}, {"type": "Feature", "geometry": {"type": "Point", "coordinates": [961972.6686065281, 1951730.1136619265]}, "properties": {"kind": "base_A", "drone_id": 0, "frame": 92, "time_s": 92.0, "timestamp": "2025-01-01T00:01:32", "mode": "SUM_MIN", "is_static": true, "battery": 50.0}}, {"type": "Feature", "geometry": {"type": "Point", "coordinates": [966389.3981658287, 1948730.1136619265]}, "properties": {"kind": "base_B", "drone_id": 0, "frame": 92, "time_s": 92.0, "timestamp": "2025-01-01T00:01:32", "mode": "SUM_MIN", "is_static": true, "battery": 50.0}}, {"type": "Feature", "geometry": {"type": "Point", "coordinates": [965387.2830557353, 1949608.6850904978]}, "properties": {"kind": "drone", "drone_id": 1, "frame": 93, "time_s": 93.0, "timestamp": "2025-01-01T00:01:33", "mode": "SUM_MIN", "is_static": false, "battery": 34.99999999999965}}, {"type": "Feature", "geometry": {"type": "Point", "coordinates": [966222.3789808131, 1949276.542233355]}, "properties": {"kind": "drone", "drone_id": 2, "frame": 93, "time_s": 93.0, "timestamp": "2025-01-01T00:01:33", "mode": "SUM_MIN", "is_static": false, "battery": 43.99999999999942}}, {"type": "Feature", "geometry": {"type": "Point", "coordinates": [963809.8796416994, 1950519.3993762122]}, "properties": {"kind": "drone", "drone_id": 3, "frame": 93, "time_s": 93.0, "timestamp": "2025-01-01T00:01:33", "mode": "SUM_MIN", "is_static": false, "battery": 45.49999999999981}}, {"type": "Feature", "geometry": {"type": "Point", "coordinates": [962121.1301043197, 1951494.3993762122]}, "properties": {"kind": "drone", "drone_id": 4, "frame": 93, "time_s": 93.0, "timestamp": "2025-01-01T00:01:33", "mode": "SUM_MIN", "is_static": false, "battery": 43.99999999999981}}, {"type": "Feature", "geometry": {"type": "Point", "coordinates": [966389.3981658287, 1949051.542233355]}, "properties": {"kind": "drone", "drone_id": 5, "frame": 93, "time_s": 93.0, "timestamp": "2025-01-01T00:01:33", "mode": "SUM_MIN", "is_static": false, "battery": 35.00000000000081}}, {"type": "Feature", "geometry": {"type": "Point", "coordinates": [965665.6483640946, 1949597.9708047837]}, "properties": {"kind": "drone", "drone_id": 6, "frame": 93, "time_s": 93.0, "timestamp": "2025-01-01T00:01:33", "mode": "SUM_MIN", "is_static": false, "battery": 35.00000000000085}}, {"type": "Feature", "geometry": {"type": "Point", "coordinates": [963234.5913377568, 1951151.542233355]}, "properties": {"kind": "drone", "drone_id": 7, "frame": 93, "time_s": 93.0, "timestamp": "2025-01-01T00:01:33", "mode": "SUM_MIN", "is_static": false, "battery": 36.50000000000047}}, {"type": "Feature", "geometry": {"type": "Point", "coordinates": [964830.5524390168, 1949780.1136619265]}, "properties": {"kind": "drone", "drone_id": 8, "frame": 93, "time_s": 93.0, "timestamp": "2025-01-01T00:01:33", "mode": "SUM_MIN", "is_static": false, "battery": 27.49999999999988}}, {"type": "Feature", "geometry": {"type": "Point", "coordinates": [962956.2260293976, 1951312.2565190694]}, "properties": {"kind": "drone", "drone_id": 9, "frame": 93, "time_s": 93.0, "timestamp": "2025-01-01T00:01:33", "mode": "SUM_MIN", "is_static": false, "battery": 47.00000000000062}}, {"type": "Feature", "geometry": {"type": "Point", "coordinates": [965944.0136724538, 1949437.2565190694]}, "properties": {"kind": "drone", "drone_id": 10, "frame": 93, "time_s": 93.0, "timestamp": "2025-01-01T00:01:33", "mode": "SUM_MIN", "is_static": false, "battery": 48.49999999999981}}, {"type": "Feature", "geometry": {"type": "Point", "coordinates": [964273.8218222981, 1949651.542233355]}, "properties": {"kind": "drone", "drone_id": 11, "frame": 93, "time_s": 93.0, "timestamp": "2025-01-01T00:01:33", "mode": "SUM_MIN", "is_static": false, "battery": 32.00000000000027}}, {"type": "Feature", "geometry": {"type": "Point", "coordinates": [963921.225765043, 1949940.8279476408]}, "properties": {"kind": "drone", "drone_id": 12, "frame": 93, "time_s": 93.0, "timestamp": "2025-01-01T00:01:33", "mode": "SUM_MIN", "is_static": false, "battery": 33.500000000000234}}, {"type": "Feature", "geometry": {"type": "Point", "coordinates": [963921.225765043, 1950262.2565190694]}, "properties": {"kind": "drone", "drone_id": 13, "frame": 93, "time_s": 93.0, "timestamp": "2025-01-01T00:01:33", "mode": "SUM_MIN", "is_static": false, "battery": 39.5}}, {"type": "Feature", "geometry": {"type": "Point", "coordinates": [963791.3219544754, 1950830.1136619265]}, "properties": {"kind": "drone", "drone_id": 14, "frame": 93, "time_s": 93.0, "timestamp": "2025-01-01T00:01:33", "mode": "SUM_MIN", "is_static": false, "battery": 44.00000000000082}}, {"type": "Feature", "geometry": {"type": "Point", "coordinates": [962399.4954126789, 1951526.542233355]}, "properties": {"kind": "drone", "drone_id": 15, "frame": 93, "time_s": 93.0, "timestamp": "2025-01-01T00:01:33", "mode": "SUM_MIN", "is_static": false, "battery": 39.500000000000625}}, {"type": "Feature", "geometry": {"type": "Point", "coordinates": [963531.5143333401, 1950980.1136619265]}, "properties": {"kind": "drone", "drone_id": 16, "frame": 93, "time_s": 93.0, "timestamp": "2025-01-01T00:01:33", "mode": "SUM_MIN", "is_static": false, "battery": 50.0}}, {"type": "Feature", "geometry": {"type": "Point", "coordinates": [964552.1871306574, 1949640.8279476408]}, "properties": {"kind": "drone", "drone_id": 17, "frame": 93, "time_s": 93.0, "timestamp": "2025-01-01T00:01:33", "mode": "SUM_MIN", "is_static": false, "battery": 27.499999999999492}}, {"type": "Feature", "geometry": {"type": "Point", "coordinates": [965141.1213159953, 1949750.806637201]}, "properties": {"kind": "drone", "drone_id": 18, "frame": 93, "time_s": 93.0, "timestamp": "2025-01-01T00:01:33", "mode": "SUM_MIN", "is_static": false, "battery": 24.721476510066946}}, {"type": "Feature", "geometry": {"type": "Point", "coordinates": [962622.1876593664, 1951505.1136619265]}, "properties": {"kind": "drone", "drone_id": 19, "frame": 93, "time_s": 93.0, "timestamp": "2025-01-01T00:01:33", "mode": "SUM_MIN", "is_static": false, "battery": 50.0}}, {"type": "Feature", "geometry": {"type": "Point", "coordinates": [965108.917747376, 1949769.3993762122]}, "properties": {"kind": "drone", "drone_id": 20, "frame": 93, "time_s": 93.0, "timestamp": "2025-01-01T00:01:33", "mode": "SUM_MIN", "is_static": false, "battery": 36.499999999998835}}, {"type": "Feature", "geometry": {"type": "Point", "coordinates": [961972.6686065281, 1951730.1136619265]}, "properties": {"kind": "base_A", "drone_id": 0, "frame": 93, "time_s": 93.0, "timestamp": "2025-01-01T00:01:33", "mode": "SUM_MIN", "is_static": true, "battery": 50.0}}, {"type": "Feature", "geometry": {"type": "Point", "coordinates": [966389.3981658287, 1948730.1136619265]}, "properties": {"kind": "base_B", "drone_id": 0, "frame": 93, "time_s": 93.0, "timestamp": "2025-01-01T00:01:33", "mode": "SUM_MIN", "is_static": true, "battery": 50.0}}, {"type": "Feature", "geometry": {"type": "Point", "coordinates": [965387.2830557353, 1949608.6850904978]}, "properties": {"kind": "drone", "drone_id": 1, "frame": 94, "time_s": 94.0, "timestamp": "2025-01-01T00:01:34", "mode": "SUM_MIN", "is_static": false, "battery": 34.99999999999965}}, {"type": "Feature", "geometry": {"type": "Point", "coordinates": [966222.3789808131, 1949276.542233355]}, "properties": {"kind": "drone", "drone_id": 2, "frame": 94, "time_s": 94.0, "timestamp": "2025-01-01T00:01:34", "mode": "SUM_MIN", "is_static": false, "battery": 43.99999999999942}}, {"type": "Feature", "geometry": {"type": "Point", "coordinates": [963809.8796416994, 1950519.3993762122]}, "properties": {"kind": "drone", "drone_id": 3, "frame": 94, "time_s": 94.0, "timestamp": "2025-01-01T00:01:34", "mode": "SUM_MIN", "is_static": false, "battery": 45.49999999999981}}, {"type": "Feature", "geometry": {"type": "Point", "coordinates": [962121.1301043197, 1951494.3993762122]}, "properties": {"kind": "drone", "drone_id": 4, "frame": 94, "time_s": 94.0, "timestamp": "2025-01-01T00:01:34", "mode": "SUM_MIN", "is_static": false, "battery": 43.99999999999981}}, {"type": "Feature", "geometry": {"type": "Point", "coordinates": [966389.3981658287, 1949051.542233355]}, "properties": {"kind": "drone", "drone_id": 5, "frame": 94, "time_s": 94.0, "timestamp": "2025-01-01T00:01:34", "mode": "SUM_MIN", "is_static": false, "battery": 35.00000000000081}}, {"type": "Feature", "geometry": {"type": "Point", "coordinates": [965665.6483640946, 1949597.9708047837]}, "properties": {"kind": "drone", "drone_id": 6, "frame": 94, "time_s": 94.0, "timestamp": "2025-01-01T00:01:34", "mode": "SUM_MIN", "is_static": false, "battery": 35.00000000000085}}, {"type": "Feature", "geometry": {"type": "Point", "coordinates": [963234.5913377568, 1951151.542233355]}, "properties": {"kind": "drone", "drone_id": 7, "frame": 94, "time_s": 94.0, "timestamp": "2025-01-01T00:01:34", "mode": "SUM_MIN", "is_static": false, "battery": 36.50000000000047}}, {"type": "Feature", "geometry": {"type": "Point", "coordinates": [964830.5524390168, 1949780.1136619265]}, "properties": {"kind": "drone", "drone_id": 8, "frame": 94, "time_s": 94.0, "timestamp": "2025-01-01T00:01:34", "mode": "SUM_MIN", "is_static": false, "battery": 27.49999999999988}}, {"type": "Feature", "geometry": {"type": "Point", "coordinates": [962956.2260293976, 1951312.2565190694]}, "properties": {"kind": "drone", "drone_id": 9, "frame": 94, "time_s": 94.0, "timestamp": "2025-01-01T00:01:34", "mode": "SUM_MIN", "is_static": false, "battery": 47.00000000000062}}, {"type": "Feature", "geometry": {"type": "Point", "coordinates": [965944.0136724538, 1949437.2565190694]}, "properties": {"kind": "drone", "drone_id": 10, "frame": 94, "time_s": 94.0, "timestamp": "2025-01-01T00:01:34", "mode": "SUM_MIN", "is_static": false, "battery": 48.49999999999981}}, {"type": "Feature", "geometry": {"type": "Point", "coordinates": [964273.8218222981, 1949651.542233355]}, "properties": {"kind": "drone", "drone_id": 11, "frame": 94, "time_s": 94.0, "timestamp": "2025-01-01T00:01:34", "mode": "SUM_MIN", "is_static": false, "battery": 32.00000000000027}}, {"type": "Feature", "geometry": {"type": "Point", "coordinates": [963921.225765043, 1949940.8279476408]}, "properties": {"kind": "drone", "drone_id": 12, "frame": 94, "time_s": 94.0, "timestamp": "2025-01-01T00:01:34", "mode": "SUM_MIN", "is_static": false, "battery": 33.500000000000234}}, {"type": "Feature", "geometry": {"type": "Point", "coordinates": [963921.225765043, 1950262.2565190694]}, "properties": {"kind": "drone", "drone_id": 13, "frame": 94, "time_s": 94.0, "timestamp": "2025-01-01T00:01:34", "mode": "SUM_MIN", "is_static": false, "battery": 39.5}}, {"type": "Feature", "geometry": {"type": "Point", "coordinates": [963791.3219544754, 1950830.1136619265]}, "properties": {"kind": "drone", "drone_id": 14, "frame": 94, "time_s": 94.0, "timestamp": "2025-01-01T00:01:34", "mode": "SUM_MIN", "is_static": false, "battery": 44.00000000000082}}, {"type": "Feature", "geometry": {"type": "Point", "coordinates": [962399.4954126789, 1951526.542233355]}, "properties": {"kind": "drone", "drone_id": 15, "frame": 94, "time_s": 94.0, "timestamp": "2025-01-01T00:01:34", "mode": "SUM_MIN", "is_static": false, "battery": 39.500000000000625}}, {"type": "Feature", "geometry": {"type": "Point", "coordinates": [963531.5143333401, 1950980.1136619265]}, "properties": {"kind": "drone", "drone_id": 16, "frame": 94, "time_s": 94.0, "timestamp": "2025-01-01T00:01:34", "mode": "SUM_MIN", "is_static": false, "battery": 50.0}}, {"type": "Feature", "geometry": {"type": "Point", "coordinates": [964552.1871306574, 1949640.8279476408]}, "properties": {"kind": "drone", "drone_id": 17, "frame": 94, "time_s": 94.0, "timestamp": "2025-01-01T00:01:34", "mode": "SUM_MIN", "is_static": false, "battery": 27.499999999999492}}, {"type": "Feature", "geometry": {"type": "Point", "coordinates": [965107.7792132396, 1949770.0567092022]}, "properties": {"kind": "drone", "drone_id": 18, "frame": 94, "time_s": 94.0, "timestamp": "2025-01-01T00:01:34", "mode": "SUM_MIN", "is_static": false, "battery": 24.44966442953003}}, {"type": "Feature", "geometry": {"type": "Point", "coordinates": [962622.1876593664, 1951505.1136619265]}, "properties": {"kind": "drone", "drone_id": 19, "frame": 94, "time_s": 94.0, "timestamp": "2025-01-01T00:01:34", "mode": "SUM_MIN", "is_static": false, "battery": 50.0}}, {"type": "Feature", "geometry": {"type": "Point", "coordinates": [965108.917747376, 1949769.3993762122]}, "properties": {"kind": "drone", "drone_id": 20, "frame": 94, "time_s": 94.0, "timestamp": "2025-01-01T00:01:34", "mode": "SUM_MIN", "is_static": false, "battery": 36.499999999998835}}, {"type": "Feature", "geometry": {"type": "Point", "coordinates": [961972.6686065281, 1951730.1136619265]}, "properties": {"kind": "base_A", "drone_id": 0, "frame": 94, "time_s": 94.0, "timestamp": "2025-01-01T00:01:34", "mode": "SUM_MIN", "is_static": true, "battery": 50.0}}, {"type": "Feature", "geometry": {"type": "Point", "coordinates": [966389.3981658287, 1948730.1136619265]}, "properties": {"kind": "base_B", "drone_id": 0, "frame": 94, "time_s": 94.0, "timestamp": "2025-01-01T00:01:34", "mode": "SUM_MIN", "is_static": true, "battery": 50.0}}, {"type": "Feature", "geometry": {"type": "Point", "coordinates": [965387.2830557353, 1949608.6850904978]}, "properties": {"kind": "drone", "drone_id": 1, "frame": 95, "time_s": 95.0, "timestamp": "2025-01-01T00:01:35", "mode": "SUM_MIN", "is_static": false, "battery": 34.99999999999965}}, {"type": "Feature", "geometry": {"type": "Point", "coordinates": [966222.3789808131, 1949276.542233355]}, "properties": {"kind": "drone", "drone_id": 2, "frame": 95, "time_s": 95.0, "timestamp": "2025-01-01T00:01:35", "mode": "SUM_MIN", "is_static": false, "battery": 43.99999999999942}}, {"type": "Feature", "geometry": {"type": "Point", "coordinates": [963809.8796416994, 1950519.3993762122]}, "properties": {"kind": "drone", "drone_id": 3, "frame": 95, "time_s": 95.0, "timestamp": "2025-01-01T00:01:35", "mode": "SUM_MIN", "is_static": false, "battery": 45.49999999999981}}, {"type": "Feature", "geometry": {"type": "Point", "coordinates": [962121.1301043197, 1951494.3993762122]}, "properties": {"kind": "drone", "drone_id": 4, "frame": 95, "time_s": 95.0, "timestamp": "2025-01-01T00:01:35", "mode": "SUM_MIN", "is_static": false, "battery": 43.99999999999981}}, {"type": "Feature", "geometry": {"type": "Point", "coordinates": [966389.3981658287, 1949051.542233355]}, "properties": {"kind": "drone", "drone_id": 5, "frame": 95, "time_s": 95.0, "timestamp": "2025-01-01T00:01:35", "mode": "SUM_MIN", "is_static": false, "battery": 35.00000000000081}}, {"type": "Feature", "geometry": {"type": "Point", "coordinates": [965665.6483640946, 1949597.9708047837]}, "properties": {"kind": "drone", "drone_id": 6, "frame": 95, "time_s": 95.0, "timestamp": "2025-01-01T00:01:35", "mode": "SUM_MIN", "is_static": false, "battery": 35.00000000000085}}, {"type": "Feature", "geometry": {"type": "Point", "coordinates": [963234.5913377568, 1951151.542233355]}, "properties": {"kind": "drone", "drone_id": 7, "frame": 95, "time_s": 95.0, "timestamp": "2025-01-01T00:01:35", "mode": "SUM_MIN", "is_static": false, "battery": 36.50000000000047}}, {"type": "Feature", "geometry": {"type": "Point", "coordinates": [964830.5524390168, 1949780.1136619265]}, "properties": {"kind": "drone", "drone_id": 8, "frame": 95, "time_s": 95.0, "timestamp": "2025-01-01T00:01:35", "mode": "SUM_MIN", "is_static": false, "battery": 27.49999999999988}}, {"type": "Feature", "geometry": {"type": "Point", "coordinates": [962956.2260293976, 1951312.2565190694]}, "properties": {"kind": "drone", "drone_id": 9, "frame": 95, "time_s": 95.0, "timestamp": "2025-01-01T00:01:35", "mode": "SUM_MIN", "is_static": false, "battery": 47.00000000000062}}, {"type": "Feature", "geometry": {"type": "Point", "coordinates": [965944.0136724538, 1949437.2565190694]}, "properties": {"kind": "drone", "drone_id": 10, "frame": 95, "time_s": 95.0, "timestamp": "2025-01-01T00:01:35", "mode": "SUM_MIN", "is_static": false, "battery": 48.49999999999981}}, {"type": "Feature", "geometry": {"type": "Point", "coordinates": [964273.8218222981, 1949651.542233355]}, "properties": {"kind": "drone", "drone_id": 11, "frame": 95, "time_s": 95.0, "timestamp": "2025-01-01T00:01:35", "mode": "SUM_MIN", "is_static": false, "battery": 32.00000000000027}}, {"type": "Feature", "geometry": {"type": "Point", "coordinates": [963921.225765043, 1949940.8279476408]}, "properties": {"kind": "drone", "drone_id": 12, "frame": 95, "time_s": 95.0, "timestamp": "2025-01-01T00:01:35", "mode": "SUM_MIN", "is_static": false, "battery": 33.500000000000234}}, {"type": "Feature", "geometry": {"type": "Point", "coordinates": [963921.225765043, 1950262.2565190694]}, "properties": {"kind": "drone", "drone_id": 13, "frame": 95, "time_s": 95.0, "timestamp": "2025-01-01T00:01:35", "mode": "SUM_MIN", "is_static": false, "battery": 39.5}}, {"type": "Feature", "geometry": {"type": "Point", "coordinates": [963791.3219544754, 1950830.1136619265]}, "properties": {"kind": "drone", "drone_id": 14, "frame": 95, "time_s": 95.0, "timestamp": "2025-01-01T00:01:35", "mode": "SUM_MIN", "is_static": false, "battery": 44.00000000000082}}, {"type": "Feature", "geometry": {"type": "Point", "coordinates": [962399.4954126789, 1951526.542233355]}, "properties": {"kind": "drone", "drone_id": 15, "frame": 95, "time_s": 95.0, "timestamp": "2025-01-01T00:01:35", "mode": "SUM_MIN", "is_static": false, "battery": 39.500000000000625}}, {"type": "Feature", "geometry": {"type": "Point", "coordinates": [963531.5143333401, 1950980.1136619265]}, "properties": {"kind": "drone", "drone_id": 16, "frame": 95, "time_s": 95.0, "timestamp": "2025-01-01T00:01:35", "mode": "SUM_MIN", "is_static": false, "battery": 50.0}}, {"type": "Feature", "geometry": {"type": "Point", "coordinates": [964552.1871306574, 1949640.8279476408]}, "properties": {"kind": "drone", "drone_id": 17, "frame": 95, "time_s": 95.0, "timestamp": "2025-01-01T00:01:35", "mode": "SUM_MIN", "is_static": false, "battery": 27.499999999999492}}, {"type": "Feature", "geometry": {"type": "Point", "coordinates": [965074.6876983125, 1949789.1621042534]}, "properties": {"kind": "drone", "drone_id": 18, "frame": 95, "time_s": 95.0, "timestamp": "2025-01-01T00:01:35", "mode": "SUM_MIN", "is_static": false, "battery": 24.177852348993117}}, {"type": "Feature", "geometry": {"type": "Point", "coordinates": [962622.1876593664, 1951505.1136619265]}, "properties": {"kind": "drone", "drone_id": 19, "frame": 95, "time_s": 95.0, "timestamp": "2025-01-01T00:01:35", "mode": "SUM_MIN", "is_static": false, "battery": 50.0}}, {"type": "Feature", "geometry": {"type": "Point", "coordinates": [965108.917747376, 1949769.3993762122]}, "properties": {"kind": "drone", "drone_id": 20, "frame": 95, "time_s": 95.0, "timestamp": "2025-01-01T00:01:35", "mode": "SUM_MIN", "is_static": false, "battery": 36.499999999998835}}, {"type": "Feature", "geometry": {"type": "Point", "coordinates": [961972.6686065281, 1951730.1136619265]}, "properties": {"kind": "base_A", "drone_id": 0, "frame": 95, "time_s": 95.0, "timestamp": "2025-01-01T00:01:35", "mode": "SUM_MIN", "is_static": true, "battery": 50.0}}, {"type": "Feature", "geometry": {"type": "Point", "coordinates": [966389.3981658287, 1948730.1136619265]}, "properties": {"kind": "base_B", "drone_id": 0, "frame": 95, "time_s": 95.0, "timestamp": "2025-01-01T00:01:35", "mode": "SUM_MIN", "is_static": true, "battery": 50.0}}, {"type": "Feature", "geometry": {"type": "Point", "coordinates": [965387.2830557353, 1949608.6850904978]}, "properties": {"kind": "drone", "drone_id": 1, "frame": 96, "time_s": 96.0, "timestamp": "2025-01-01T00:01:36", "mode": "SUM_MIN", "is_static": false, "battery": 34.99999999999965}}, {"type": "Feature", "geometry": {"type": "Point", "coordinates": [966222.3789808131, 1949276.542233355]}, "properties": {"kind": "drone", "drone_id": 2, "frame": 96, "time_s": 96.0, "timestamp": "2025-01-01T00:01:36", "mode": "SUM_MIN", "is_static": false, "battery": 43.99999999999942}}, {"type": "Feature", "geometry": {"type": "Point", "coordinates": [963809.8796416994, 1950519.3993762122]}, "properties": {"kind": "drone", "drone_id": 3, "frame": 96, "time_s": 96.0, "timestamp": "2025-01-01T00:01:36", "mode": "SUM_MIN", "is_static": false, "battery": 45.49999999999981}}, {"type": "Feature", "geometry": {"type": "Point", "coordinates": [962121.1301043197, 1951494.3993762122]}, "properties": {"kind": "drone", "drone_id": 4, "frame": 96, "time_s": 96.0, "timestamp": "2025-01-01T00:01:36", "mode": "SUM_MIN", "is_static": false, "battery": 43.99999999999981}}, {"type": "Feature", "geometry": {"type": "Point", "coordinates": [966389.3981658287, 1949051.542233355]}, "properties": {"kind": "drone", "drone_id": 5, "frame": 96, "time_s": 96.0, "timestamp": "2025-01-01T00:01:36", "mode": "SUM_MIN", "is_static": false, "battery": 35.00000000000081}}, {"type": "Feature", "geometry": {"type": "Point", "coordinates": [965665.6483640946, 1949597.9708047837]}, "properties": {"kind": "drone", "drone_id": 6, "frame": 96, "time_s": 96.0, "timestamp": "2025-01-01T00:01:36", "mode": "SUM_MIN", "is_static": false, "battery": 35.00000000000085}}, {"type": "Feature", "geometry": {"type": "Point", "coordinates": [963234.5913377568, 1951151.542233355]}, "properties": {"kind": "drone", "drone_id": 7, "frame": 96, "time_s": 96.0, "timestamp": "2025-01-01T00:01:36", "mode": "SUM_MIN", "is_static": false, "battery": 36.50000000000047}}, {"type": "Feature", "geometry": {"type": "Point", "coordinates": [964830.5524390168, 1949780.1136619265]}, "properties": {"kind": "drone", "drone_id": 8, "frame": 96, "time_s": 96.0, "timestamp": "2025-01-01T00:01:36", "mode": "SUM_MIN", "is_static": false, "battery": 27.49999999999988}}, {"type": "Feature", "geometry": {"type": "Point", "coordinates": [962956.2260293976, 1951312.2565190694]}, "properties": {"kind": "drone", "drone_id": 9, "frame": 96, "time_s": 96.0, "timestamp": "2025-01-01T00:01:36", "mode": "SUM_MIN", "is_static": false, "battery": 47.00000000000062}}, {"type": "Feature", "geometry": {"type": "Point", "coordinates": [965944.0136724538, 1949437.2565190694]}, "properties": {"kind": "drone", "drone_id": 10, "frame": 96, "time_s": 96.0, "timestamp": "2025-01-01T00:01:36", "mode": "SUM_MIN", "is_static": false, "battery": 48.49999999999981}}, {"type": "Feature", "geometry": {"type": "Point", "coordinates": [964273.8218222981, 1949651.542233355]}, "properties": {"kind": "drone", "drone_id": 11, "frame": 96, "time_s": 96.0, "timestamp": "2025-01-01T00:01:36", "mode": "SUM_MIN", "is_static": false, "battery": 32.00000000000027}}, {"type": "Feature", "geometry": {"type": "Point", "coordinates": [963921.225765043, 1949940.8279476408]}, "properties": {"kind": "drone", "drone_id": 12, "frame": 96, "time_s": 96.0, "timestamp": "2025-01-01T00:01:36", "mode": "SUM_MIN", "is_static": false, "battery": 33.500000000000234}}, {"type": "Feature", "geometry": {"type": "Point", "coordinates": [963921.225765043, 1950262.2565190694]}, "properties": {"kind": "drone", "drone_id": 13, "frame": 96, "time_s": 96.0, "timestamp": "2025-01-01T00:01:36", "mode": "SUM_MIN", "is_static": false, "battery": 39.5}}, {"type": "Feature", "geometry": {"type": "Point", "coordinates": [963791.3219544754, 1950830.1136619265]}, "properties": {"kind": "drone", "drone_id": 14, "frame": 96, "time_s": 96.0, "timestamp": "2025-01-01T00:01:36", "mode": "SUM_MIN", "is_static": false, "battery": 44.00000000000082}}, {"type": "Feature", "geometry": {"type": "Point", "coordinates": [962399.4954126789, 1951526.542233355]}, "properties": {"kind": "drone", "drone_id": 15, "frame": 96, "time_s": 96.0, "timestamp": "2025-01-01T00:01:36", "mode": "SUM_MIN", "is_static": false, "battery": 39.500000000000625}}, {"type": "Feature", "geometry": {"type": "Point", "coordinates": [963531.5143333401, 1950980.1136619265]}, "properties": {"kind": "drone", "drone_id": 16, "frame": 96, "time_s": 96.0, "timestamp": "2025-01-01T00:01:36", "mode": "SUM_MIN", "is_static": false, "battery": 50.0}}, {"type": "Feature", "geometry": {"type": "Point", "coordinates": [964552.1871306574, 1949640.8279476408]}, "properties": {"kind": "drone", "drone_id": 17, "frame": 96, "time_s": 96.0, "timestamp": "2025-01-01T00:01:36", "mode": "SUM_MIN", "is_static": false, "battery": 27.499999999999492}}, {"type": "Feature", "geometry": {"type": "Point", "coordinates": [965041.8596218718, 1949808.1154030233]}, "properties": {"kind": "drone", "drone_id": 18, "frame": 96, "time_s": 96.0, "timestamp": "2025-01-01T00:01:36", "mode": "SUM_MIN", "is_static": false, "battery": 23.906040268456202}}, {"type": "Feature", "geometry": {"type": "Point", "coordinates": [962622.1876593664, 1951505.1136619265]}, "properties": {"kind": "drone", "drone_id": 19, "frame": 96, "time_s": 96.0, "timestamp": "2025-01-01T00:01:36", "mode": "SUM_MIN", "is_static": false, "battery": 50.0}}, {"type": "Feature", "geometry": {"type": "Point", "coordinates": [965108.917747376, 1949769.3993762122]}, "properties": {"kind": "drone", "drone_id": 20, "frame": 96, "time_s": 96.0, "timestamp": "2025-01-01T00:01:36", "mode": "SUM_MIN", "is_static": false, "battery": 36.499999999998835}}, {"type": "Feature", "geometry": {"type": "Point", "coordinates": [961972.6686065281, 1951730.1136619265]}, "properties": {"kind": "base_A", "drone_id": 0, "frame": 96, "time_s": 96.0, "timestamp": "2025-01-01T00:01:36", "mode": "SUM_MIN", "is_static": true, "battery": 50.0}}, {"type": "Feature", "geometry": {"type": "Point", "coordinates": [966389.3981658287, 1948730.1136619265]}, "properties": {"kind": "base_B", "drone_id": 0, "frame": 96, "time_s": 96.0, "timestamp": "2025-01-01T00:01:36", "mode": "SUM_MIN", "is_static": true, "battery": 50.0}}, {"type": "Feature", "geometry": {"type": "Point", "coordinates": [965387.2830557353, 1949608.6850904978]}, "properties": {"kind": "drone", "drone_id": 1, "frame": 97, "time_s": 97.0, "timestamp": "2025-01-01T00:01:37", "mode": "SUM_MIN", "is_static": false, "battery": 34.99999999999965}}, {"type": "Feature", "geometry": {"type": "Point", "coordinates": [966222.3789808131, 1949276.542233355]}, "properties": {"kind": "drone", "drone_id": 2, "frame": 97, "time_s": 97.0, "timestamp": "2025-01-01T00:01:37", "mode": "SUM_MIN", "is_static": false, "battery": 43.99999999999942}}, {"type": "Feature", "geometry": {"type": "Point", "coordinates": [963809.8796416994, 1950519.3993762122]}, "properties": {"kind": "drone", "drone_id": 3, "frame": 97, "time_s": 97.0, "timestamp": "2025-01-01T00:01:37", "mode": "SUM_MIN", "is_static": false, "battery": 45.49999999999981}}, {"type": "Feature", "geometry": {"type": "Point", "coordinates": [962121.1301043197, 1951494.3993762122]}, "properties": {"kind": "drone", "drone_id": 4, "frame": 97, "time_s": 97.0, "timestamp": "2025-01-01T00:01:37", "mode": "SUM_MIN", "is_static": false, "battery": 43.99999999999981}}, {"type": "Feature", "geometry": {"type": "Point", "coordinates": [966389.3981658287, 1949051.542233355]}, "properties": {"kind": "drone", "drone_id": 5, "frame": 97, "time_s": 97.0, "timestamp": "2025-01-01T00:01:37", "mode": "SUM_MIN", "is_static": false, "battery": 35.00000000000081}}, {"type": "Feature", "geometry": {"type": "Point", "coordinates": [965665.6483640946, 1949597.9708047837]}, "properties": {"kind": "drone", "drone_id": 6, "frame": 97, "time_s": 97.0, "timestamp": "2025-01-01T00:01:37", "mode": "SUM_MIN", "is_static": false, "battery": 35.00000000000085}}, {"type": "Feature", "geometry": {"type": "Point", "coordinates": [963234.5913377568, 1951151.542233355]}, "properties": {"kind": "drone", "drone_id": 7, "frame": 97, "time_s": 97.0, "timestamp": "2025-01-01T00:01:37", "mode": "SUM_MIN", "is_static": false, "battery": 36.50000000000047}}, {"type": "Feature", "geometry": {"type": "Point", "coordinates": [964830.5524390168, 1949780.1136619265]}, "properties": {"kind": "drone", "drone_id": 8, "frame": 97, "time_s": 97.0, "timestamp": "2025-01-01T00:01:37", "mode": "SUM_MIN", "is_static": false, "battery": 27.49999999999988}}, {"type": "Feature", "geometry": {"type": "Point", "coordinates": [962956.2260293976, 1951312.2565190694]}, "properties": {"kind": "drone", "drone_id": 9, "frame": 97, "time_s": 97.0, "timestamp": "2025-01-01T00:01:37", "mode": "SUM_MIN", "is_static": false, "battery": 47.00000000000062}}, {"type": "Feature", "geometry": {"type": "Point", "coordinates": [965944.0136724538, 1949437.2565190694]}, "properties": {"kind": "drone", "drone_id": 10, "frame": 97, "time_s": 97.0, "timestamp": "2025-01-01T00:01:37", "mode": "SUM_MIN", "is_static": false, "battery": 48.49999999999981}}, {"type": "Feature", "geometry": {"type": "Point", "coordinates": [964273.8218222981, 1949651.542233355]}, "properties": {"kind": "drone", "drone_id": 11, "frame": 97, "time_s": 97.0, "timestamp": "2025-01-01T00:01:37", "mode": "SUM_MIN", "is_static": false, "battery": 32.00000000000027}}, {"type": "Feature", "geometry": {"type": "Point", "coordinates": [963921.225765043, 1949940.8279476408]}, "properties": {"kind": "drone", "drone_id": 12, "frame": 97, "time_s": 97.0, "timestamp": "2025-01-01T00:01:37", "mode": "SUM_MIN", "is_static": false, "battery": 33.500000000000234}}, {"type": "Feature", "geometry": {"type": "Point", "coordinates": [963921.225765043, 1950262.2565190694]}, "properties": {"kind": "drone", "drone_id": 13, "frame": 97, "time_s": 97.0, "timestamp": "2025-01-01T00:01:37", "mode": "SUM_MIN", "is_static": false, "battery": 39.5}}, {"type": "Feature", "geometry": {"type": "Point", "coordinates": [963791.3219544754, 1950830.1136619265]}, "properties": {"kind": "drone", "drone_id": 14, "frame": 97, "time_s": 97.0, "timestamp": "2025-01-01T00:01:37", "mode": "SUM_MIN", "is_static": false, "battery": 44.00000000000082}}, {"type": "Feature", "geometry": {"type": "Point", "coordinates": [962399.4954126789, 1951526.542233355]}, "properties": {"kind": "drone", "drone_id": 15, "frame": 97, "time_s": 97.0, "timestamp": "2025-01-01T00:01:37", "mode": "SUM_MIN", "is_static": false, "battery": 39.500000000000625}}, {"type": "Feature", "geometry": {"type": "Point", "coordinates": [963531.5143333401, 1950980.1136619265]}, "properties": {"kind": "drone", "drone_id": 16, "frame": 97, "time_s": 97.0, "timestamp": "2025-01-01T00:01:37", "mode": "SUM_MIN", "is_static": false, "battery": 50.0}}, {"type": "Feature", "geometry": {"type": "Point", "coordinates": [964552.1871306574, 1949640.8279476408]}, "properties": {"kind": "drone", "drone_id": 17, "frame": 97, "time_s": 97.0, "timestamp": "2025-01-01T00:01:37", "mode": "SUM_MIN", "is_static": false, "battery": 27.499999999999492}}, {"type": "Feature", "geometry": {"type": "Point", "coordinates": [965009.3078345757, 1949826.9091861814]}, "properties": {"kind": "drone", "drone_id": 18, "frame": 97, "time_s": 97.0, "timestamp": "2025-01-01T00:01:37", "mode": "SUM_MIN", "is_static": false, "battery": 23.63422818791929}}, {"type": "Feature", "geometry": {"type": "Point", "coordinates": [962622.1876593664, 1951505.1136619265]}, "properties": {"kind": "drone", "drone_id": 19, "frame": 97, "time_s": 97.0, "timestamp": "2025-01-01T00:01:37", "mode": "SUM_MIN", "is_static": false, "battery": 50.0}}, {"type": "Feature", "geometry": {"type": "Point", "coordinates": [965108.917747376, 1949769.3993762122]}, "properties": {"kind": "drone", "drone_id": 20, "frame": 97, "time_s": 97.0, "timestamp": "2025-01-01T00:01:37", "mode": "SUM_MIN", "is_static": false, "battery": 36.499999999998835}}, {"type": "Feature", "geometry": {"type": "Point", "coordinates": [961972.6686065281, 1951730.1136619265]}, "properties": {"kind": "base_A", "drone_id": 0, "frame": 97, "time_s": 97.0, "timestamp": "2025-01-01T00:01:37", "mode": "SUM_MIN", "is_static": true, "battery": 50.0}}, {"type": "Feature", "geometry": {"type": "Point", "coordinates": [966389.3981658287, 1948730.1136619265]}, "properties": {"kind": "base_B", "drone_id": 0, "frame": 97, "time_s": 97.0, "timestamp": "2025-01-01T00:01:37", "mode": "SUM_MIN", "is_static": true, "battery": 50.0}}, {"type": "Feature", "geometry": {"type": "Point", "coordinates": [965387.2830557353, 1949608.6850904978]}, "properties": {"kind": "drone", "drone_id": 1, "frame": 98, "time_s": 98.0, "timestamp": "2025-01-01T00:01:38", "mode": "SUM_MIN", "is_static": false, "battery": 34.99999999999965}}, {"type": "Feature", "geometry": {"type": "Point", "coordinates": [966222.3789808131, 1949276.542233355]}, "properties": {"kind": "drone", "drone_id": 2, "frame": 98, "time_s": 98.0, "timestamp": "2025-01-01T00:01:38", "mode": "SUM_MIN", "is_static": false, "battery": 43.99999999999942}}, {"type": "Feature", "geometry": {"type": "Point", "coordinates": [963809.8796416994, 1950519.3993762122]}, "properties": {"kind": "drone", "drone_id": 3, "frame": 98, "time_s": 98.0, "timestamp": "2025-01-01T00:01:38", "mode": "SUM_MIN", "is_static": false, "battery": 45.49999999999981}}, {"type": "Feature", "geometry": {"type": "Point", "coordinates": [962121.1301043197, 1951494.3993762122]}, "properties": {"kind": "drone", "drone_id": 4, "frame": 98, "time_s": 98.0, "timestamp": "2025-01-01T00:01:38", "mode": "SUM_MIN", "is_static": false, "battery": 43.99999999999981}}, {"type": "Feature", "geometry": {"type": "Point", "coordinates": [966389.3981658287, 1949051.542233355]}, "properties": {"kind": "drone", "drone_id": 5, "frame": 98, "time_s": 98.0, "timestamp": "2025-01-01T00:01:38", "mode": "SUM_MIN", "is_static": false, "battery": 35.00000000000081}}, {"type": "Feature", "geometry": {"type": "Point", "coordinates": [965665.6483640946, 1949597.9708047837]}, "properties": {"kind": "drone", "drone_id": 6, "frame": 98, "time_s": 98.0, "timestamp": "2025-01-01T00:01:38", "mode": "SUM_MIN", "is_static": false, "battery": 35.00000000000085}}, {"type": "Feature", "geometry": {"type": "Point", "coordinates": [963234.5913377568, 1951151.542233355]}, "properties": {"kind": "drone", "drone_id": 7, "frame": 98, "time_s": 98.0, "timestamp": "2025-01-01T00:01:38", "mode": "SUM_MIN", "is_static": false, "battery": 36.50000000000047}}, {"type": "Feature", "geometry": {"type": "Point", "coordinates": [964830.5524390168, 1949780.1136619265]}, "properties": {"kind": "drone", "drone_id": 8, "frame": 98, "time_s": 98.0, "timestamp": "2025-01-01T00:01:38", "mode": "SUM_MIN", "is_static": false, "battery": 27.49999999999988}}, {"type": "Feature", "geometry": {"type": "Point", "coordinates": [962956.2260293976, 1951312.2565190694]}, "properties": {"kind": "drone", "drone_id": 9, "frame": 98, "time_s": 98.0, "timestamp": "2025-01-01T00:01:38", "mode": "SUM_MIN", "is_static": false, "battery": 47.00000000000062}}, {"type": "Feature", "geometry": {"type": "Point", "coordinates": [965944.0136724538, 1949437.2565190694]}, "properties": {"kind": "drone", "drone_id": 10, "frame": 98, "time_s": 98.0, "timestamp": "2025-01-01T00:01:38", "mode": "SUM_MIN", "is_static": false, "battery": 48.49999999999981}}, {"type": "Feature", "geometry": {"type": "Point", "coordinates": [964273.8218222981, 1949651.542233355]}, "properties": {"kind": "drone", "drone_id": 11, "frame": 98, "time_s": 98.0, "timestamp": "2025-01-01T00:01:38", "mode": "SUM_MIN", "is_static": false, "battery": 32.00000000000027}}, {"type": "Feature", "geometry": {"type": "Point", "coordinates": [963921.225765043, 1949940.8279476408]}, "properties": {"kind": "drone", "drone_id": 12, "frame": 98, "time_s": 98.0, "timestamp": "2025-01-01T00:01:38", "mode": "SUM_MIN", "is_static": false, "battery": 33.500000000000234}}, {"type": "Feature", "geometry": {"type": "Point", "coordinates": [963921.225765043, 1950262.2565190694]}, "properties": {"kind": "drone", "drone_id": 13, "frame": 98, "time_s": 98.0, "timestamp": "2025-01-01T00:01:38", "mode": "SUM_MIN", "is_static": false, "battery": 39.5}}, {"type": "Feature", "geometry": {"type": "Point", "coordinates": [963791.3219544754, 1950830.1136619265]}, "properties": {"kind": "drone", "drone_id": 14, "frame": 98, "time_s": 98.0, "timestamp": "2025-01-01T00:01:38", "mode": "SUM_MIN", "is_static": false, "battery": 44.00000000000082}}, {"type": "Feature", "geometry": {"type": "Point", "coordinates": [962399.4954126789, 1951526.542233355]}, "properties": {"kind": "drone", "drone_id": 15, "frame": 98, "time_s": 98.0, "timestamp": "2025-01-01T00:01:38", "mode": "SUM_MIN", "is_static": false, "battery": 39.500000000000625}}, {"type": "Feature", "geometry": {"type": "Point", "coordinates": [963531.5143333401, 1950980.1136619265]}, "properties": {"kind": "drone", "drone_id": 16, "frame": 98, "time_s": 98.0, "timestamp": "2025-01-01T00:01:38", "mode": "SUM_MIN", "is_static": false, "battery": 50.0}}, {"type": "Feature", "geometry": {"type": "Point", "coordinates": [964552.1871306574, 1949640.8279476408]}, "properties": {"kind": "drone", "drone_id": 17, "frame": 98, "time_s": 98.0, "timestamp": "2025-01-01T00:01:38", "mode": "SUM_MIN", "is_static": false, "battery": 27.499999999999492}}, {"type": "Feature", "geometry": {"type": "Point", "coordinates": [964977.0451870817, 1949845.5360343968]}, "properties": {"kind": "drone", "drone_id": 18, "frame": 98, "time_s": 98.0, "timestamp": "2025-01-01T00:01:38", "mode": "SUM_MIN", "is_static": false, "battery": 23.36241610738237}}, {"type": "Feature", "geometry": {"type": "Point", "coordinates": [962622.1876593664, 1951505.1136619265]}, "properties": {"kind": "drone", "drone_id": 19, "frame": 98, "time_s": 98.0, "timestamp": "2025-01-01T00:01:38", "mode": "SUM_MIN", "is_static": false, "battery": 50.0}}, {"type": "Feature", "geometry": {"type": "Point", "coordinates": [965108.917747376, 1949769.3993762122]}, "properties": {"kind": "drone", "drone_id": 20, "frame": 98, "time_s": 98.0, "timestamp": "2025-01-01T00:01:38", "mode": "SUM_MIN", "is_static": false, "battery": 36.499999999998835}}, {"type": "Feature", "geometry": {"type": "Point", "coordinates": [961972.6686065281, 1951730.1136619265]}, "properties": {"kind": "base_A", "drone_id": 0, "frame": 98, "time_s": 98.0, "timestamp": "2025-01-01T00:01:38", "mode": "SUM_MIN", "is_static": true, "battery": 50.0}}, {"type": "Feature", "geometry": {"type": "Point", "coordinates": [966389.3981658287, 1948730.1136619265]}, "properties": {"kind": "base_B", "drone_id": 0, "frame": 98, "time_s": 98.0, "timestamp": "2025-01-01T00:01:38", "mode": "SUM_MIN", "is_static": true, "battery": 50.0}}, {"type": "Feature", "geometry": {"type": "Point", "coordinates": [965387.2830557353, 1949608.6850904978]}, "properties": {"kind": "drone", "drone_id": 1, "frame": 99, "time_s": 99.0, "timestamp": "2025-01-01T00:01:39", "mode": "SUM_MIN", "is_static": false, "battery": 34.99999999999965}}, {"type": "Feature", "geometry": {"type": "Point", "coordinates": [966222.3789808131, 1949276.542233355]}, "properties": {"kind": "drone", "drone_id": 2, "frame": 99, "time_s": 99.0, "timestamp": "2025-01-01T00:01:39", "mode": "SUM_MIN", "is_static": false, "battery": 43.99999999999942}}, {"type": "Feature", "geometry": {"type": "Point", "coordinates": [963809.8796416994, 1950519.3993762122]}, "properties": {"kind": "drone", "drone_id": 3, "frame": 99, "time_s": 99.0, "timestamp": "2025-01-01T00:01:39", "mode": "SUM_MIN", "is_static": false, "battery": 45.49999999999981}}, {"type": "Feature", "geometry": {"type": "Point", "coordinates": [962121.1301043197, 1951494.3993762122]}, "properties": {"kind": "drone", "drone_id": 4, "frame": 99, "time_s": 99.0, "timestamp": "2025-01-01T00:01:39", "mode": "SUM_MIN", "is_static": false, "battery": 43.99999999999981}}, {"type": "Feature", "geometry": {"type": "Point", "coordinates": [966389.3981658287, 1949051.542233355]}, "properties": {"kind": "drone", "drone_id": 5, "frame": 99, "time_s": 99.0, "timestamp": "2025-01-01T00:01:39", "mode": "SUM_MIN", "is_static": false, "battery": 35.00000000000081}}, {"type": "Feature", "geometry": {"type": "Point", "coordinates": [965665.6483640946, 1949597.9708047837]}, "properties": {"kind": "drone", "drone_id": 6, "frame": 99, "time_s": 99.0, "timestamp": "2025-01-01T00:01:39", "mode": "SUM_MIN", "is_static": false, "battery": 35.00000000000085}}, {"type": "Feature", "geometry": {"type": "Point", "coordinates": [963234.5913377568, 1951151.542233355]}, "properties": {"kind": "drone", "drone_id": 7, "frame": 99, "time_s": 99.0, "timestamp": "2025-01-01T00:01:39", "mode": "SUM_MIN", "is_static": false, "battery": 36.50000000000047}}, {"type": "Feature", "geometry": {"type": "Point", "coordinates": [964830.5524390168, 1949780.1136619265]}, "properties": {"kind": "drone", "drone_id": 8, "frame": 99, "time_s": 99.0, "timestamp": "2025-01-01T00:01:39", "mode": "SUM_MIN", "is_static": false, "battery": 27.49999999999988}}, {"type": "Feature", "geometry": {"type": "Point", "coordinates": [962956.2260293976, 1951312.2565190694]}, "properties": {"kind": "drone", "drone_id": 9, "frame": 99, "time_s": 99.0, "timestamp": "2025-01-01T00:01:39", "mode": "SUM_MIN", "is_static": false, "battery": 47.00000000000062}}, {"type": "Feature", "geometry": {"type": "Point", "coordinates": [965944.0136724538, 1949437.2565190694]}, "properties": {"kind": "drone", "drone_id": 10, "frame": 99, "time_s": 99.0, "timestamp": "2025-01-01T00:01:39", "mode": "SUM_MIN", "is_static": false, "battery": 48.49999999999981}}, {"type": "Feature", "geometry": {"type": "Point", "coordinates": [964273.8218222981, 1949651.542233355]}, "properties": {"kind": "drone", "drone_id": 11, "frame": 99, "time_s": 99.0, "timestamp": "2025-01-01T00:01:39", "mode": "SUM_MIN", "is_static": false, "battery": 32.00000000000027}}, {"type": "Feature", "geometry": {"type": "Point", "coordinates": [963921.225765043, 1949940.8279476408]}, "properties": {"kind": "drone", "drone_id": 12, "frame": 99, "time_s": 99.0, "timestamp": "2025-01-01T00:01:39", "mode": "SUM_MIN", "is_static": false, "battery": 33.500000000000234}}, {"type": "Feature", "geometry": {"type": "Point", "coordinates": [963921.225765043, 1950262.2565190694]}, "properties": {"kind": "drone", "drone_id": 13, "frame": 99, "time_s": 99.0, "timestamp": "2025-01-01T00:01:39", "mode": "SUM_MIN", "is_static": false, "battery": 39.5}}, {"type": "Feature", "geometry": {"type": "Point", "coordinates": [963791.3219544754, 1950830.1136619265]}, "properties": {"kind": "drone", "drone_id": 14, "frame": 99, "time_s": 99.0, "timestamp": "2025-01-01T00:01:39", "mode": "SUM_MIN", "is_static": false, "battery": 44.00000000000082}}, {"type": "Feature", "geometry": {"type": "Point", "coordinates": [962399.4954126789, 1951526.542233355]}, "properties": {"kind": "drone", "drone_id": 15, "frame": 99, "time_s": 99.0, "timestamp": "2025-01-01T00:01:39", "mode": "SUM_MIN", "is_static": false, "battery": 39.500000000000625}}, {"type": "Feature", "geometry": {"type": "Point", "coordinates": [963531.5143333401, 1950980.1136619265]}, "properties": {"kind": "drone", "drone_id": 16, "frame": 99, "time_s": 99.0, "timestamp": "2025-01-01T00:01:39", "mode": "SUM_MIN", "is_static": false, "battery": 50.0}}, {"type": "Feature", "geometry": {"type": "Point", "coordinates": [964552.1871306574, 1949640.8279476408]}, "properties": {"kind": "drone", "drone_id": 17, "frame": 99, "time_s": 99.0, "timestamp": "2025-01-01T00:01:39", "mode": "SUM_MIN", "is_static": false, "battery": 27.499999999999492}}, {"type": "Feature", "geometry": {"type": "Point", "coordinates": [964945.084530048, 1949846.2387955142]}, "properties": {"kind": "drone", "drone_id": 18, "frame": 99, "time_s": 99.0, "timestamp": "2025-01-01T00:01:39", "mode": "SUM_MIN", "is_static": false, "battery": 23.090604026845458}}, {"type": "Feature", "geometry": {"type": "Point", "coordinates": [962622.1876593664, 1951505.1136619265]}, "properties": {"kind": "drone", "drone_id": 19, "frame": 99, "time_s": 99.0, "timestamp": "2025-01-01T00:01:39", "mode": "SUM_MIN", "is_static": false, "battery": 50.0}}, {"type": "Feature", "geometry": {"type": "Point", "coordinates": [965108.917747376, 1949769.3993762122]}, "properties": {"kind": "drone", "drone_id": 20, "frame": 99, "time_s": 99.0, "timestamp": "2025-01-01T00:01:39", "mode": "SUM_MIN", "is_static": false, "battery": 36.499999999998835}}, {"type": "Feature", "geometry": {"type": "Point", "coordinates": [961972.6686065281, 1951730.1136619265]}, "properties": {"kind": "base_A", "drone_id": 0, "frame": 99, "time_s": 99.0, "timestamp": "2025-01-01T00:01:39", "mode": "SUM_MIN", "is_static": true, "battery": 50.0}}, {"type": "Feature", "geometry": {"type": "Point", "coordinates": [966389.3981658287, 1948730.1136619265]}, "properties": {"kind": "base_B", "drone_id": 0, "frame": 99, "time_s": 99.0, "timestamp": "2025-01-01T00:01:39", "mode": "SUM_MIN", "is_static": true, "battery": 50.0}}, {"type": "Feature", "geometry": {"type": "Point", "coordinates": [965387.2830557353, 1949608.6850904978]}, "properties": {"kind": "drone", "drone_id": 1, "frame": 100, "time_s": 100.0, "timestamp": "2025-01-01T00:01:40", "mode": "SUM_MIN", "is_static": false, "battery": 34.99999999999965}}, {"type": "Feature", "geometry": {"type": "Point", "coordinates": [966222.3789808131, 1949276.542233355]}, "properties": {"kind": "drone", "drone_id": 2, "frame": 100, "time_s": 100.0, "timestamp": "2025-01-01T00:01:40", "mode": "SUM_MIN", "is_static": false, "battery": 43.99999999999942}}, {"type": "Feature", "geometry": {"type": "Point", "coordinates": [963809.8796416994, 1950519.3993762122]}, "properties": {"kind": "drone", "drone_id": 3, "frame": 100, "time_s": 100.0, "timestamp": "2025-01-01T00:01:40", "mode": "SUM_MIN", "is_static": false, "battery": 45.49999999999981}}, {"type": "Feature", "geometry": {"type": "Point", "coordinates": [962121.1301043197, 1951494.3993762122]}, "properties": {"kind": "drone", "drone_id": 4, "frame": 100, "time_s": 100.0, "timestamp": "2025-01-01T00:01:40", "mode": "SUM_MIN", "is_static": false, "battery": 43.99999999999981}}, {"type": "Feature", "geometry": {"type": "Point", "coordinates": [966389.3981658287, 1949051.542233355]}, "properties": {"kind": "drone", "drone_id": 5, "frame": 100, "time_s": 100.0, "timestamp": "2025-01-01T00:01:40", "mode": "SUM_MIN", "is_static": false, "battery": 35.00000000000081}}, {"type": "Feature", "geometry": {"type": "Point", "coordinates": [965665.6483640946, 1949597.9708047837]}, "properties": {"kind": "drone", "drone_id": 6, "frame": 100, "time_s": 100.0, "timestamp": "2025-01-01T00:01:40", "mode": "SUM_MIN", "is_static": false, "battery": 35.00000000000085}}, {"type": "Feature", "geometry": {"type": "Point", "coordinates": [963234.5913377568, 1951151.542233355]}, "properties": {"kind": "drone", "drone_id": 7, "frame": 100, "time_s": 100.0, "timestamp": "2025-01-01T00:01:40", "mode": "SUM_MIN", "is_static": false, "battery": 36.50000000000047}}, {"type": "Feature", "geometry": {"type": "Point", "coordinates": [964830.5524390168, 1949780.1136619265]}, "properties": {"kind": "drone", "drone_id": 8, "frame": 100, "time_s": 100.0, "timestamp": "2025-01-01T00:01:40", "mode": "SUM_MIN", "is_static": false, "battery": 27.49999999999988}}, {"type": "Feature", "geometry": {"type": "Point", "coordinates": [962956.2260293976, 1951312.2565190694]}, "properties": {"kind": "drone", "drone_id": 9, "frame": 100, "time_s": 100.0, "timestamp": "2025-01-01T00:01:40", "mode": "SUM_MIN", "is_static": false, "battery": 47.00000000000062}}, {"type": "Feature", "geometry": {"type": "Point", "coordinates": [965944.0136724538, 1949437.2565190694]}, "properties": {"kind": "drone", "drone_id": 10, "frame": 100, "time_s": 100.0, "timestamp": "2025-01-01T00:01:40", "mode": "SUM_MIN", "is_static": false, "battery": 48.49999999999981}}, {"type": "Feature", "geometry": {"type": "Point", "coordinates": [964273.8218222981, 1949651.542233355]}, "properties": {"kind": "drone", "drone_id": 11, "frame": 100, "time_s": 100.0, "timestamp": "2025-01-01T00:01:40", "mode": "SUM_MIN", "is_static": false, "battery": 32.00000000000027}}, {"type": "Feature", "geometry": {"type": "Point", "coordinates": [963921.225765043, 1949940.8279476408]}, "properties": {"kind": "drone", "drone_id": 12, "frame": 100, "time_s": 100.0, "timestamp": "2025-01-01T00:01:40", "mode": "SUM_MIN", "is_static": false, "battery": 33.500000000000234}}, {"type": "Feature", "geometry": {"type": "Point", "coordinates": [963921.225765043, 1950262.2565190694]}, "properties": {"kind": "drone", "drone_id": 13, "frame": 100, "time_s": 100.0, "timestamp": "2025-01-01T00:01:40", "mode": "SUM_MIN", "is_static": false, "battery": 39.5}}, {"type": "Feature", "geometry": {"type": "Point", "coordinates": [963791.3219544754, 1950830.1136619265]}, "properties": {"kind": "drone", "drone_id": 14, "frame": 100, "time_s": 100.0, "timestamp": "2025-01-01T00:01:40", "mode": "SUM_MIN", "is_static": false, "battery": 44.00000000000082}}, {"type": "Feature", "geometry": {"type": "Point", "coordinates": [962399.4954126789, 1951526.542233355]}, "properties": {"kind": "drone", "drone_id": 15, "frame": 100, "time_s": 100.0, "timestamp": "2025-01-01T00:01:40", "mode": "SUM_MIN", "is_static": false, "battery": 39.500000000000625}}, {"type": "Feature", "geometry": {"type": "Point", "coordinates": [963531.5143333401, 1950980.1136619265]}, "properties": {"kind": "drone", "drone_id": 16, "frame": 100, "time_s": 100.0, "timestamp": "2025-01-01T00:01:40", "mode": "SUM_MIN", "is_static": false, "battery": 50.0}}, {"type": "Feature", "geometry": {"type": "Point", "coordinates": [964552.1871306574, 1949640.8279476408]}, "properties": {"kind": "drone", "drone_id": 17, "frame": 100, "time_s": 100.0, "timestamp": "2025-01-01T00:01:40", "mode": "SUM_MIN", "is_static": false, "battery": 27.499999999999492}}, {"type": "Feature", "geometry": {"type": "Point", "coordinates": [964913.4387141322, 1949827.9680751765]}, "properties": {"kind": "drone", "drone_id": 18, "frame": 100, "time_s": 100.0, "timestamp": "2025-01-01T00:01:40", "mode": "SUM_MIN", "is_static": false, "battery": 22.818791946308544}}, {"type": "Feature", "geometry": {"type": "Point", "coordinates": [962622.1876593664, 1951505.1136619265]}, "properties": {"kind": "drone", "drone_id": 19, "frame": 100, "time_s": 100.0, "timestamp": "2025-01-01T00:01:40", "mode": "SUM_MIN", "is_static": false, "battery": 50.0}}, {"type": "Feature", "geometry": {"type": "Point", "coordinates": [965108.917747376, 1949769.3993762122]}, "properties": {"kind": "drone", "drone_id": 20, "frame": 100, "time_s": 100.0, "timestamp": "2025-01-01T00:01:40", "mode": "SUM_MIN", "is_static": false, "battery": 36.499999999998835}}, {"type": "Feature", "geometry": {"type": "Point", "coordinates": [961972.6686065281, 1951730.1136619265]}, "properties": {"kind": "base_A", "drone_id": 0, "frame": 100, "time_s": 100.0, "timestamp": "2025-01-01T00:01:40", "mode": "SUM_MIN", "is_static": true, "battery": 50.0}}, {"type": "Feature", "geometry": {"type": "Point", "coordinates": [966389.3981658287, 1948730.1136619265]}, "properties": {"kind": "base_B", "drone_id": 0, "frame": 100, "time_s": 100.0, "timestamp": "2025-01-01T00:01:40", "mode": "SUM_MIN", "is_static": true, "battery": 50.0}}, {"type": "Feature", "geometry": {"type": "Point", "coordinates": [965387.2830557353, 1949608.6850904978]}, "properties": {"kind": "drone", "drone_id": 1, "frame": 101, "time_s": 101.0, "timestamp": "2025-01-01T00:01:41", "mode": "SUM_MIN", "is_static": false, "battery": 34.99999999999965}}, {"type": "Feature", "geometry": {"type": "Point", "coordinates": [966222.3789808131, 1949276.542233355]}, "properties": {"kind": "drone", "drone_id": 2, "frame": 101, "time_s": 101.0, "timestamp": "2025-01-01T00:01:41", "mode": "SUM_MIN", "is_static": false, "battery": 43.99999999999942}}, {"type": "Feature", "geometry": {"type": "Point", "coordinates": [963809.8796416994, 1950519.3993762122]}, "properties": {"kind": "drone", "drone_id": 3, "frame": 101, "time_s": 101.0, "timestamp": "2025-01-01T00:01:41", "mode": "SUM_MIN", "is_static": false, "battery": 45.49999999999981}}, {"type": "Feature", "geometry": {"type": "Point", "coordinates": [962121.1301043197, 1951494.3993762122]}, "properties": {"kind": "drone", "drone_id": 4, "frame": 101, "time_s": 101.0, "timestamp": "2025-01-01T00:01:41", "mode": "SUM_MIN", "is_static": false, "battery": 43.99999999999981}}, {"type": "Feature", "geometry": {"type": "Point", "coordinates": [966389.3981658287, 1949051.542233355]}, "properties": {"kind": "drone", "drone_id": 5, "frame": 101, "time_s": 101.0, "timestamp": "2025-01-01T00:01:41", "mode": "SUM_MIN", "is_static": false, "battery": 35.00000000000081}}, {"type": "Feature", "geometry": {"type": "Point", "coordinates": [965665.6483640946, 1949597.9708047837]}, "properties": {"kind": "drone", "drone_id": 6, "frame": 101, "time_s": 101.0, "timestamp": "2025-01-01T00:01:41", "mode": "SUM_MIN", "is_static": false, "battery": 35.00000000000085}}, {"type": "Feature", "geometry": {"type": "Point", "coordinates": [963234.5913377568, 1951151.542233355]}, "properties": {"kind": "drone", "drone_id": 7, "frame": 101, "time_s": 101.0, "timestamp": "2025-01-01T00:01:41", "mode": "SUM_MIN", "is_static": false, "battery": 36.50000000000047}}, {"type": "Feature", "geometry": {"type": "Point", "coordinates": [964830.5524390168, 1949780.1136619265]}, "properties": {"kind": "drone", "drone_id": 8, "frame": 101, "time_s": 101.0, "timestamp": "2025-01-01T00:01:41", "mode": "SUM_MIN", "is_static": false, "battery": 27.49999999999988}}, {"type": "Feature", "geometry": {"type": "Point", "coordinates": [962956.2260293976, 1951312.2565190694]}, "properties": {"kind": "drone", "drone_id": 9, "frame": 101, "time_s": 101.0, "timestamp": "2025-01-01T00:01:41", "mode": "SUM_MIN", "is_static": false, "battery": 47.00000000000062}}, {"type": "Feature", "geometry": {"type": "Point", "coordinates": [965944.0136724538, 1949437.2565190694]}, "properties": {"kind": "drone", "drone_id": 10, "frame": 101, "time_s": 101.0, "timestamp": "2025-01-01T00:01:41", "mode": "SUM_MIN", "is_static": false, "battery": 48.49999999999981}}, {"type": "Feature", "geometry": {"type": "Point", "coordinates": [964273.8218222981, 1949651.542233355]}, "properties": {"kind": "drone", "drone_id": 11, "frame": 101, "time_s": 101.0, "timestamp": "2025-01-01T00:01:41", "mode": "SUM_MIN", "is_static": false, "battery": 32.00000000000027}}, {"type": "Feature", "geometry": {"type": "Point", "coordinates": [963921.225765043, 1949940.8279476408]}, "properties": {"kind": "drone", "drone_id": 12, "frame": 101, "time_s": 101.0, "timestamp": "2025-01-01T00:01:41", "mode": "SUM_MIN", "is_static": false, "battery": 33.500000000000234}}, {"type": "Feature", "geometry": {"type": "Point", "coordinates": [963921.225765043, 1950262.2565190694]}, "properties": {"kind": "drone", "drone_id": 13, "frame": 101, "time_s": 101.0, "timestamp": "2025-01-01T00:01:41", "mode": "SUM_MIN", "is_static": false, "battery": 39.5}}, {"type": "Feature", "geometry": {"type": "Point", "coordinates": [963791.3219544754, 1950830.1136619265]}, "properties": {"kind": "drone", "drone_id": 14, "frame": 101, "time_s": 101.0, "timestamp": "2025-01-01T00:01:41", "mode": "SUM_MIN", "is_static": false, "battery": 44.00000000000082}}, {"type": "Feature", "geometry": {"type": "Point", "coordinates": [962399.4954126789, 1951526.542233355]}, "properties": {"kind": "drone", "drone_id": 15, "frame": 101, "time_s": 101.0, "timestamp": "2025-01-01T00:01:41", "mode": "SUM_MIN", "is_static": false, "battery": 39.500000000000625}}, {"type": "Feature", "geometry": {"type": "Point", "coordinates": [963531.5143333401, 1950980.1136619265]}, "properties": {"kind": "drone", "drone_id": 16, "frame": 101, "time_s": 101.0, "timestamp": "2025-01-01T00:01:41", "mode": "SUM_MIN", "is_static": false, "battery": 50.0}}, {"type": "Feature", "geometry": {"type": "Point", "coordinates": [964552.1871306574, 1949640.8279476408]}, "properties": {"kind": "drone", "drone_id": 17, "frame": 101, "time_s": 101.0, "timestamp": "2025-01-01T00:01:41", "mode": "SUM_MIN", "is_static": false, "battery": 27.499999999999492}}, {"type": "Feature", "geometry": {"type": "Point", "coordinates": [964882.1205899924, 1949809.8865477738]}, "properties": {"kind": "drone", "drone_id": 18, "frame": 101, "time_s": 101.0, "timestamp": "2025-01-01T00:01:41", "mode": "SUM_MIN", "is_static": false, "battery": 22.54697986577163}}, {"type": "Feature", "geometry": {"type": "Point", "coordinates": [962622.1876593664, 1951505.1136619265]}, "properties": {"kind": "drone", "drone_id": 19, "frame": 101, "time_s": 101.0, "timestamp": "2025-01-01T00:01:41", "mode": "SUM_MIN", "is_static": false, "battery": 50.0}}, {"type": "Feature", "geometry": {"type": "Point", "coordinates": [965108.917747376, 1949769.3993762122]}, "properties": {"kind": "drone", "drone_id": 20, "frame": 101, "time_s": 101.0, "timestamp": "2025-01-01T00:01:41", "mode": "SUM_MIN", "is_static": false, "battery": 36.499999999998835}}, {"type": "Feature", "geometry": {"type": "Point", "coordinates": [961972.6686065281, 1951730.1136619265]}, "properties": {"kind": "base_A", "drone_id": 0, "frame": 101, "time_s": 101.0, "timestamp": "2025-01-01T00:01:41", "mode": "SUM_MIN", "is_static": true, "battery": 50.0}}, {"type": "Feature", "geometry": {"type": "Point", "coordinates": [966389.3981658287, 1948730.1136619265]}, "properties": {"kind": "base_B", "drone_id": 0, "frame": 101, "time_s": 101.0, "timestamp": "2025-01-01T00:01:41", "mode": "SUM_MIN", "is_static": true, "battery": 50.0}}, {"type": "Feature", "geometry": {"type": "Point", "coordinates": [965387.2830557353, 1949608.6850904978]}, "properties": {"kind": "drone", "drone_id": 1, "frame": 102, "time_s": 102.0, "timestamp": "2025-01-01T00:01:42", "mode": "SUM_MIN", "is_static": false, "battery": 34.99999999999965}}, {"type": "Feature", "geometry": {"type": "Point", "coordinates": [966222.3789808131, 1949276.542233355]}, "properties": {"kind": "drone", "drone_id": 2, "frame": 102, "time_s": 102.0, "timestamp": "2025-01-01T00:01:42", "mode": "SUM_MIN", "is_static": false, "battery": 43.99999999999942}}, {"type": "Feature", "geometry": {"type": "Point", "coordinates": [963809.8796416994, 1950519.3993762122]}, "properties": {"kind": "drone", "drone_id": 3, "frame": 102, "time_s": 102.0, "timestamp": "2025-01-01T00:01:42", "mode": "SUM_MIN", "is_static": false, "battery": 45.49999999999981}}, {"type": "Feature", "geometry": {"type": "Point", "coordinates": [962121.1301043197, 1951494.3993762122]}, "properties": {"kind": "drone", "drone_id": 4, "frame": 102, "time_s": 102.0, "timestamp": "2025-01-01T00:01:42", "mode": "SUM_MIN", "is_static": false, "battery": 43.99999999999981}}, {"type": "Feature", "geometry": {"type": "Point", "coordinates": [966389.3981658287, 1949051.542233355]}, "properties": {"kind": "drone", "drone_id": 5, "frame": 102, "time_s": 102.0, "timestamp": "2025-01-01T00:01:42", "mode": "SUM_MIN", "is_static": false, "battery": 35.00000000000081}}, {"type": "Feature", "geometry": {"type": "Point", "coordinates": [965665.6483640946, 1949597.9708047837]}, "properties": {"kind": "drone", "drone_id": 6, "frame": 102, "time_s": 102.0, "timestamp": "2025-01-01T00:01:42", "mode": "SUM_MIN", "is_static": false, "battery": 35.00000000000085}}, {"type": "Feature", "geometry": {"type": "Point", "coordinates": [963234.5913377568, 1951151.542233355]}, "properties": {"kind": "drone", "drone_id": 7, "frame": 102, "time_s": 102.0, "timestamp": "2025-01-01T00:01:42", "mode": "SUM_MIN", "is_static": false, "battery": 36.50000000000047}}, {"type": "Feature", "geometry": {"type": "Point", "coordinates": [964830.5524390168, 1949780.1136619265]}, "properties": {"kind": "drone", "drone_id": 8, "frame": 102, "time_s": 102.0, "timestamp": "2025-01-01T00:01:42", "mode": "SUM_MIN", "is_static": false, "battery": 27.49999999999988}}, {"type": "Feature", "geometry": {"type": "Point", "coordinates": [962956.2260293976, 1951312.2565190694]}, "properties": {"kind": "drone", "drone_id": 9, "frame": 102, "time_s": 102.0, "timestamp": "2025-01-01T00:01:42", "mode": "SUM_MIN", "is_static": false, "battery": 47.00000000000062}}, {"type": "Feature", "geometry": {"type": "Point", "coordinates": [965944.0136724538, 1949437.2565190694]}, "properties": {"kind": "drone", "drone_id": 10, "frame": 102, "time_s": 102.0, "timestamp": "2025-01-01T00:01:42", "mode": "SUM_MIN", "is_static": false, "battery": 48.49999999999981}}, {"type": "Feature", "geometry": {"type": "Point", "coordinates": [964273.8218222981, 1949651.542233355]}, "properties": {"kind": "drone", "drone_id": 11, "frame": 102, "time_s": 102.0, "timestamp": "2025-01-01T00:01:42", "mode": "SUM_MIN", "is_static": false, "battery": 32.00000000000027}}, {"type": "Feature", "geometry": {"type": "Point", "coordinates": [963921.225765043, 1949940.8279476408]}, "properties": {"kind": "drone", "drone_id": 12, "frame": 102, "time_s": 102.0, "timestamp": "2025-01-01T00:01:42", "mode": "SUM_MIN", "is_static": false, "battery": 33.500000000000234}}, {"type": "Feature", "geometry": {"type": "Point", "coordinates": [963921.225765043, 1950262.2565190694]}, "properties": {"kind": "drone", "drone_id": 13, "frame": 102, "time_s": 102.0, "timestamp": "2025-01-01T00:01:42", "mode": "SUM_MIN", "is_static": false, "battery": 39.5}}, {"type": "Feature", "geometry": {"type": "Point", "coordinates": [963791.3219544754, 1950830.1136619265]}, "properties": {"kind": "drone", "drone_id": 14, "frame": 102, "time_s": 102.0, "timestamp": "2025-01-01T00:01:42", "mode": "SUM_MIN", "is_static": false, "battery": 44.00000000000082}}, {"type": "Feature", "geometry": {"type": "Point", "coordinates": [962399.4954126789, 1951526.542233355]}, "properties": {"kind": "drone", "drone_id": 15, "frame": 102, "time_s": 102.0, "timestamp": "2025-01-01T00:01:42", "mode": "SUM_MIN", "is_static": false, "battery": 39.500000000000625}}, {"type": "Feature", "geometry": {"type": "Point", "coordinates": [963531.5143333401, 1950980.1136619265]}, "properties": {"kind": "drone", "drone_id": 16, "frame": 102, "time_s": 102.0, "timestamp": "2025-01-01T00:01:42", "mode": "SUM_MIN", "is_static": false, "battery": 50.0}}, {"type": "Feature", "geometry": {"type": "Point", "coordinates": [964552.1871306574, 1949640.8279476408]}, "properties": {"kind": "drone", "drone_id": 17, "frame": 102, "time_s": 102.0, "timestamp": "2025-01-01T00:01:42", "mode": "SUM_MIN", "is_static": false, "battery": 27.499999999999492}}, {"type": "Feature", "geometry": {"type": "Point", "coordinates": [964851.1430082864, 1949792.001632637]}, "properties": {"kind": "drone", "drone_id": 18, "frame": 102, "time_s": 102.0, "timestamp": "2025-01-01T00:01:42", "mode": "SUM_MIN", "is_static": false, "battery": 22.275167785234714}}, {"type": "Feature", "geometry": {"type": "Point", "coordinates": [962622.1876593664, 1951505.1136619265]}, "properties": {"kind": "drone", "drone_id": 19, "frame": 102, "time_s": 102.0, "timestamp": "2025-01-01T00:01:42", "mode": "SUM_MIN", "is_static": false, "battery": 50.0}}, {"type": "Feature", "geometry": {"type": "Point", "coordinates": [965108.917747376, 1949769.3993762122]}, "properties": {"kind": "drone", "drone_id": 20, "frame": 102, "time_s": 102.0, "timestamp": "2025-01-01T00:01:42", "mode": "SUM_MIN", "is_static": false, "battery": 36.499999999998835}}, {"type": "Feature", "geometry": {"type": "Point", "coordinates": [961972.6686065281, 1951730.1136619265]}, "properties": {"kind": "base_A", "drone_id": 0, "frame": 102, "time_s": 102.0, "timestamp": "2025-01-01T00:01:42", "mode": "SUM_MIN", "is_static": true, "battery": 50.0}}, {"type": "Feature", "geometry": {"type": "Point", "coordinates": [966389.3981658287, 1948730.1136619265]}, "properties": {"kind": "base_B", "drone_id": 0, "frame": 102, "time_s": 102.0, "timestamp": "2025-01-01T00:01:42", "mode": "SUM_MIN", "is_static": true, "battery": 50.0}}, {"type": "Feature", "geometry": {"type": "Point", "coordinates": [965387.2830557353, 1949608.6850904978]}, "properties": {"kind": "drone", "drone_id": 1, "frame": 103, "time_s": 103.0, "timestamp": "2025-01-01T00:01:43", "mode": "SUM_MIN", "is_static": false, "battery": 34.99999999999965}}, {"type": "Feature", "geometry": {"type": "Point", "coordinates": [966222.3789808131, 1949276.542233355]}, "properties": {"kind": "drone", "drone_id": 2, "frame": 103, "time_s": 103.0, "timestamp": "2025-01-01T00:01:43", "mode": "SUM_MIN", "is_static": false, "battery": 43.99999999999942}}, {"type": "Feature", "geometry": {"type": "Point", "coordinates": [963809.8796416994, 1950519.3993762122]}, "properties": {"kind": "drone", "drone_id": 3, "frame": 103, "time_s": 103.0, "timestamp": "2025-01-01T00:01:43", "mode": "SUM_MIN", "is_static": false, "battery": 45.49999999999981}}, {"type": "Feature", "geometry": {"type": "Point", "coordinates": [962121.1301043197, 1951494.3993762122]}, "properties": {"kind": "drone", "drone_id": 4, "frame": 103, "time_s": 103.0, "timestamp": "2025-01-01T00:01:43", "mode": "SUM_MIN", "is_static": false, "battery": 43.99999999999981}}, {"type": "Feature", "geometry": {"type": "Point", "coordinates": [966389.3981658287, 1949051.542233355]}, "properties": {"kind": "drone", "drone_id": 5, "frame": 103, "time_s": 103.0, "timestamp": "2025-01-01T00:01:43", "mode": "SUM_MIN", "is_static": false, "battery": 35.00000000000081}}, {"type": "Feature", "geometry": {"type": "Point", "coordinates": [965665.6483640946, 1949597.9708047837]}, "properties": {"kind": "drone", "drone_id": 6, "frame": 103, "time_s": 103.0, "timestamp": "2025-01-01T00:01:43", "mode": "SUM_MIN", "is_static": false, "battery": 35.00000000000085}}, {"type": "Feature", "geometry": {"type": "Point", "coordinates": [963234.5913377568, 1951151.542233355]}, "properties": {"kind": "drone", "drone_id": 7, "frame": 103, "time_s": 103.0, "timestamp": "2025-01-01T00:01:43", "mode": "SUM_MIN", "is_static": false, "battery": 36.50000000000047}}, {"type": "Feature", "geometry": {"type": "Point", "coordinates": [964830.5524390168, 1949780.1136619265]}, "properties": {"kind": "drone", "drone_id": 8, "frame": 103, "time_s": 103.0, "timestamp": "2025-01-01T00:01:43", "mode": "SUM_MIN", "is_static": false, "battery": 27.49999999999988}}, {"type": "Feature", "geometry": {"type": "Point", "coordinates": [962956.2260293976, 1951312.2565190694]}, "properties": {"kind": "drone", "drone_id": 9, "frame": 103, "time_s": 103.0, "timestamp": "2025-01-01T00:01:43", "mode": "SUM_MIN", "is_static": false, "battery": 47.00000000000062}}, {"type": "Feature", "geometry": {"type": "Point", "coordinates": [965944.0136724538, 1949437.2565190694]}, "properties": {"kind": "drone", "drone_id": 10, "frame": 103, "time_s": 103.0, "timestamp": "2025-01-01T00:01:43", "mode": "SUM_MIN", "is_static": false, "battery": 48.49999999999981}}, {"type": "Feature", "geometry": {"type": "Point", "coordinates": [964273.8218222981, 1949651.542233355]}, "properties": {"kind": "drone", "drone_id": 11, "frame": 103, "time_s": 103.0, "timestamp": "2025-01-01T00:01:43", "mode": "SUM_MIN", "is_static": false, "battery": 32.00000000000027}}, {"type": "Feature", "geometry": {"type": "Point", "coordinates": [963921.225765043, 1949940.8279476408]}, "properties": {"kind": "drone", "drone_id": 12, "frame": 103, "time_s": 103.0, "timestamp": "2025-01-01T00:01:43", "mode": "SUM_MIN", "is_static": false, "battery": 33.500000000000234}}, {"type": "Feature", "geometry": {"type": "Point", "coordinates": [963921.225765043, 1950262.2565190694]}, "properties": {"kind": "drone", "drone_id": 13, "frame": 103, "time_s": 103.0, "timestamp": "2025-01-01T00:01:43", "mode": "SUM_MIN", "is_static": false, "battery": 39.5}}, {"type": "Feature", "geometry": {"type": "Point", "coordinates": [963791.3219544754, 1950830.1136619265]}, "properties": {"kind": "drone", "drone_id": 14, "frame": 103, "time_s": 103.0, "timestamp": "2025-01-01T00:01:43", "mode": "SUM_MIN", "is_static": false, "battery": 44.00000000000082}}, {"type": "Feature", "geometry": {"type": "Point", "coordinates": [962399.4954126789, 1951526.542233355]}, "properties": {"kind": "drone", "drone_id": 15, "frame": 103, "time_s": 103.0, "timestamp": "2025-01-01T00:01:43", "mode": "SUM_MIN", "is_static": false, "battery": 39.500000000000625}}, {"type": "Feature", "geometry": {"type": "Point", "coordinates": [963531.5143333401, 1950980.1136619265]}, "properties": {"kind": "drone", "drone_id": 16, "frame": 103, "time_s": 103.0, "timestamp": "2025-01-01T00:01:43", "mode": "SUM_MIN", "is_static": false, "battery": 50.0}}, {"type": "Feature", "geometry": {"type": "Point", "coordinates": [964552.1871306574, 1949640.8279476408]}, "properties": {"kind": "drone", "drone_id": 17, "frame": 103, "time_s": 103.0, "timestamp": "2025-01-01T00:01:43", "mode": "SUM_MIN", "is_static": false, "battery": 27.499999999999492}}, {"type": "Feature", "geometry": {"type": "Point", "coordinates": [964820.518819672, 1949774.3207490968]}, "properties": {"kind": "drone", "drone_id": 18, "frame": 103, "time_s": 103.0, "timestamp": "2025-01-01T00:01:43", "mode": "SUM_MIN", "is_static": false, "battery": 22.0033557046978}}, {"type": "Feature", "geometry": {"type": "Point", "coordinates": [962622.1876593664, 1951505.1136619265]}, "properties": {"kind": "drone", "drone_id": 19, "frame": 103, "time_s": 103.0, "timestamp": "2025-01-01T00:01:43", "mode": "SUM_MIN", "is_static": false, "battery": 50.0}}, {"type": "Feature", "geometry": {"type": "Point", "coordinates": [965108.917747376, 1949769.3993762122]}, "properties": {"kind": "drone", "drone_id": 20, "frame": 103, "time_s": 103.0, "timestamp": "2025-01-01T00:01:43", "mode": "SUM_MIN", "is_static": false, "battery": 36.499999999998835}}, {"type": "Feature", "geometry": {"type": "Point", "coordinates": [961972.6686065281, 1951730.1136619265]}, "properties": {"kind": "base_A", "drone_id": 0, "frame": 103, "time_s": 103.0, "timestamp": "2025-01-01T00:01:43", "mode": "SUM_MIN", "is_static": true, "battery": 50.0}}, {"type": "Feature", "geometry": {"type": "Point", "coordinates": [966389.3981658287, 1948730.1136619265]}, "properties": {"kind": "base_B", "drone_id": 0, "frame": 103, "time_s": 103.0, "timestamp": "2025-01-01T00:01:43", "mode": "SUM_MIN", "is_static": true, "battery": 50.0}}, {"type": "Feature", "geometry": {"type": "Point", "coordinates": [965387.2830557353, 1949608.6850904978]}, "properties": {"kind": "drone", "drone_id": 1, "frame": 104, "time_s": 104.0, "timestamp": "2025-01-01T00:01:44", "mode": "SUM_MIN", "is_static": false, "battery": 34.99999999999965}}, {"type": "Feature", "geometry": {"type": "Point", "coordinates": [966222.3789808131, 1949276.542233355]}, "properties": {"kind": "drone", "drone_id": 2, "frame": 104, "time_s": 104.0, "timestamp": "2025-01-01T00:01:44", "mode": "SUM_MIN", "is_static": false, "battery": 43.99999999999942}}, {"type": "Feature", "geometry": {"type": "Point", "coordinates": [963809.8796416994, 1950519.3993762122]}, "properties": {"kind": "drone", "drone_id": 3, "frame": 104, "time_s": 104.0, "timestamp": "2025-01-01T00:01:44", "mode": "SUM_MIN", "is_static": false, "battery": 45.49999999999981}}, {"type": "Feature", "geometry": {"type": "Point", "coordinates": [962121.1301043197, 1951494.3993762122]}, "properties": {"kind": "drone", "drone_id": 4, "frame": 104, "time_s": 104.0, "timestamp": "2025-01-01T00:01:44", "mode": "SUM_MIN", "is_static": false, "battery": 43.99999999999981}}, {"type": "Feature", "geometry": {"type": "Point", "coordinates": [966389.3981658287, 1949051.542233355]}, "properties": {"kind": "drone", "drone_id": 5, "frame": 104, "time_s": 104.0, "timestamp": "2025-01-01T00:01:44", "mode": "SUM_MIN", "is_static": false, "battery": 35.00000000000081}}, {"type": "Feature", "geometry": {"type": "Point", "coordinates": [965665.6483640946, 1949597.9708047837]}, "properties": {"kind": "drone", "drone_id": 6, "frame": 104, "time_s": 104.0, "timestamp": "2025-01-01T00:01:44", "mode": "SUM_MIN", "is_static": false, "battery": 35.00000000000085}}, {"type": "Feature", "geometry": {"type": "Point", "coordinates": [963234.5913377568, 1951151.542233355]}, "properties": {"kind": "drone", "drone_id": 7, "frame": 104, "time_s": 104.0, "timestamp": "2025-01-01T00:01:44", "mode": "SUM_MIN", "is_static": false, "battery": 36.50000000000047}}, {"type": "Feature", "geometry": {"type": "Point", "coordinates": [964830.5524390168, 1949780.1136619265]}, "properties": {"kind": "drone", "drone_id": 8, "frame": 104, "time_s": 104.0, "timestamp": "2025-01-01T00:01:44", "mode": "SUM_MIN", "is_static": false, "battery": 27.49999999999988}}, {"type": "Feature", "geometry": {"type": "Point", "coordinates": [962956.2260293976, 1951312.2565190694]}, "properties": {"kind": "drone", "drone_id": 9, "frame": 104, "time_s": 104.0, "timestamp": "2025-01-01T00:01:44", "mode": "SUM_MIN", "is_static": false, "battery": 47.00000000000062}}, {"type": "Feature", "geometry": {"type": "Point", "coordinates": [965944.0136724538, 1949437.2565190694]}, "properties": {"kind": "drone", "drone_id": 10, "frame": 104, "time_s": 104.0, "timestamp": "2025-01-01T00:01:44", "mode": "SUM_MIN", "is_static": false, "battery": 48.49999999999981}}, {"type": "Feature", "geometry": {"type": "Point", "coordinates": [964273.8218222981, 1949651.542233355]}, "properties": {"kind": "drone", "drone_id": 11, "frame": 104, "time_s": 104.0, "timestamp": "2025-01-01T00:01:44", "mode": "SUM_MIN", "is_static": false, "battery": 32.00000000000027}}, {"type": "Feature", "geometry": {"type": "Point", "coordinates": [963921.225765043, 1949940.8279476408]}, "properties": {"kind": "drone", "drone_id": 12, "frame": 104, "time_s": 104.0, "timestamp": "2025-01-01T00:01:44", "mode": "SUM_MIN", "is_static": false, "battery": 33.500000000000234}}, {"type": "Feature", "geometry": {"type": "Point", "coordinates": [963921.225765043, 1950262.2565190694]}, "properties": {"kind": "drone", "drone_id": 13, "frame": 104, "time_s": 104.0, "timestamp": "2025-01-01T00:01:44", "mode": "SUM_MIN", "is_static": false, "battery": 39.5}}, {"type": "Feature", "geometry": {"type": "Point", "coordinates": [963791.3219544754, 1950830.1136619265]}, "properties": {"kind": "drone", "drone_id": 14, "frame": 104, "time_s": 104.0, "timestamp": "2025-01-01T00:01:44", "mode": "SUM_MIN", "is_static": false, "battery": 44.00000000000082}}, {"type": "Feature", "geometry": {"type": "Point", "coordinates": [962399.4954126789, 1951526.542233355]}, "properties": {"kind": "drone", "drone_id": 15, "frame": 104, "time_s": 104.0, "timestamp": "2025-01-01T00:01:44", "mode": "SUM_MIN", "is_static": false, "battery": 39.500000000000625}}, {"type": "Feature", "geometry": {"type": "Point", "coordinates": [963531.5143333401, 1950980.1136619265]}, "properties": {"kind": "drone", "drone_id": 16, "frame": 104, "time_s": 104.0, "timestamp": "2025-01-01T00:01:44", "mode": "SUM_MIN", "is_static": false, "battery": 50.0}}, {"type": "Feature", "geometry": {"type": "Point", "coordinates": [964552.1871306574, 1949640.8279476408]}, "properties": {"kind": "drone", "drone_id": 17, "frame": 104, "time_s": 104.0, "timestamp": "2025-01-01T00:01:44", "mode": "SUM_MIN", "is_static": false, "battery": 27.499999999999492}}, {"type": "Feature", "geometry": {"type": "Point", "coordinates": [964790.2608748073, 1949756.8513164842]}, "properties": {"kind": "drone", "drone_id": 18, "frame": 104, "time_s": 104.0, "timestamp": "2025-01-01T00:01:44", "mode": "SUM_MIN", "is_static": false, "battery": 21.731543624160885}}, {"type": "Feature", "geometry": {"type": "Point", "coordinates": [962622.1876593664, 1951505.1136619265]}, "properties": {"kind": "drone", "drone_id": 19, "frame": 104, "time_s": 104.0, "timestamp": "2025-01-01T00:01:44", "mode": "SUM_MIN", "is_static": false, "battery": 50.0}}, {"type": "Feature", "geometry": {"type": "Point", "coordinates": [965108.917747376, 1949769.3993762122]}, "properties": {"kind": "drone", "drone_id": 20, "frame": 104, "time_s": 104.0, "timestamp": "2025-01-01T00:01:44", "mode": "SUM_MIN", "is_static": false, "battery": 36.499999999998835}}, {"type": "Feature", "geometry": {"type": "Point", "coordinates": [961972.6686065281, 1951730.1136619265]}, "properties": {"kind": "base_A", "drone_id": 0, "frame": 104, "time_s": 104.0, "timestamp": "2025-01-01T00:01:44", "mode": "SUM_MIN", "is_static": true, "battery": 50.0}}, {"type": "Feature", "geometry": {"type": "Point", "coordinates": [966389.3981658287, 1948730.1136619265]}, "properties": {"kind": "base_B", "drone_id": 0, "frame": 104, "time_s": 104.0, "timestamp": "2025-01-01T00:01:44", "mode": "SUM_MIN", "is_static": true, "battery": 50.0}}, {"type": "Feature", "geometry": {"type": "Point", "coordinates": [965387.2830557353, 1949608.6850904978]}, "properties": {"kind": "drone", "drone_id": 1, "frame": 105, "time_s": 105.0, "timestamp": "2025-01-01T00:01:45", "mode": "SUM_MIN", "is_static": false, "battery": 34.99999999999965}}, {"type": "Feature", "geometry": {"type": "Point", "coordinates": [966222.3789808131, 1949276.542233355]}, "properties": {"kind": "drone", "drone_id": 2, "frame": 105, "time_s": 105.0, "timestamp": "2025-01-01T00:01:45", "mode": "SUM_MIN", "is_static": false, "battery": 43.99999999999942}}, {"type": "Feature", "geometry": {"type": "Point", "coordinates": [963809.8796416994, 1950519.3993762122]}, "properties": {"kind": "drone", "drone_id": 3, "frame": 105, "time_s": 105.0, "timestamp": "2025-01-01T00:01:45", "mode": "SUM_MIN", "is_static": false, "battery": 45.49999999999981}}, {"type": "Feature", "geometry": {"type": "Point", "coordinates": [962121.1301043197, 1951494.3993762122]}, "properties": {"kind": "drone", "drone_id": 4, "frame": 105, "time_s": 105.0, "timestamp": "2025-01-01T00:01:45", "mode": "SUM_MIN", "is_static": false, "battery": 43.99999999999981}}, {"type": "Feature", "geometry": {"type": "Point", "coordinates": [966389.3981658287, 1949051.542233355]}, "properties": {"kind": "drone", "drone_id": 5, "frame": 105, "time_s": 105.0, "timestamp": "2025-01-01T00:01:45", "mode": "SUM_MIN", "is_static": false, "battery": 35.00000000000081}}, {"type": "Feature", "geometry": {"type": "Point", "coordinates": [965665.6483640946, 1949597.9708047837]}, "properties": {"kind": "drone", "drone_id": 6, "frame": 105, "time_s": 105.0, "timestamp": "2025-01-01T00:01:45", "mode": "SUM_MIN", "is_static": false, "battery": 35.00000000000085}}, {"type": "Feature", "geometry": {"type": "Point", "coordinates": [963234.5913377568, 1951151.542233355]}, "properties": {"kind": "drone", "drone_id": 7, "frame": 105, "time_s": 105.0, "timestamp": "2025-01-01T00:01:45", "mode": "SUM_MIN", "is_static": false, "battery": 36.50000000000047}}, {"type": "Feature", "geometry": {"type": "Point", "coordinates": [964830.5524390168, 1949780.1136619265]}, "properties": {"kind": "drone", "drone_id": 8, "frame": 105, "time_s": 105.0, "timestamp": "2025-01-01T00:01:45", "mode": "SUM_MIN", "is_static": false, "battery": 27.49999999999988}}, {"type": "Feature", "geometry": {"type": "Point", "coordinates": [962956.2260293976, 1951312.2565190694]}, "properties": {"kind": "drone", "drone_id": 9, "frame": 105, "time_s": 105.0, "timestamp": "2025-01-01T00:01:45", "mode": "SUM_MIN", "is_static": false, "battery": 47.00000000000062}}, {"type": "Feature", "geometry": {"type": "Point", "coordinates": [965944.0136724538, 1949437.2565190694]}, "properties": {"kind": "drone", "drone_id": 10, "frame": 105, "time_s": 105.0, "timestamp": "2025-01-01T00:01:45", "mode": "SUM_MIN", "is_static": false, "battery": 48.49999999999981}}, {"type": "Feature", "geometry": {"type": "Point", "coordinates": [964273.8218222981, 1949651.542233355]}, "properties": {"kind": "drone", "drone_id": 11, "frame": 105, "time_s": 105.0, "timestamp": "2025-01-01T00:01:45", "mode": "SUM_MIN", "is_static": false, "battery": 32.00000000000027}}, {"type": "Feature", "geometry": {"type": "Point", "coordinates": [963921.225765043, 1949940.8279476408]}, "properties": {"kind": "drone", "drone_id": 12, "frame": 105, "time_s": 105.0, "timestamp": "2025-01-01T00:01:45", "mode": "SUM_MIN", "is_static": false, "battery": 33.500000000000234}}, {"type": "Feature", "geometry": {"type": "Point", "coordinates": [963921.225765043, 1950262.2565190694]}, "properties": {"kind": "drone", "drone_id": 13, "frame": 105, "time_s": 105.0, "timestamp": "2025-01-01T00:01:45", "mode": "SUM_MIN", "is_static": false, "battery": 39.5}}, {"type": "Feature", "geometry": {"type": "Point", "coordinates": [963791.3219544754, 1950830.1136619265]}, "properties": {"kind": "drone", "drone_id": 14, "frame": 105, "time_s": 105.0, "timestamp": "2025-01-01T00:01:45", "mode": "SUM_MIN", "is_static": false, "battery": 44.00000000000082}}, {"type": "Feature", "geometry": {"type": "Point", "coordinates": [962399.4954126789, 1951526.542233355]}, "properties": {"kind": "drone", "drone_id": 15, "frame": 105, "time_s": 105.0, "timestamp": "2025-01-01T00:01:45", "mode": "SUM_MIN", "is_static": false, "battery": 39.500000000000625}}, {"type": "Feature", "geometry": {"type": "Point", "coordinates": [963531.5143333401, 1950980.1136619265]}, "properties": {"kind": "drone", "drone_id": 16, "frame": 105, "time_s": 105.0, "timestamp": "2025-01-01T00:01:45", "mode": "SUM_MIN", "is_static": false, "battery": 50.0}}, {"type": "Feature", "geometry": {"type": "Point", "coordinates": [964552.1871306574, 1949640.8279476408]}, "properties": {"kind": "drone", "drone_id": 17, "frame": 105, "time_s": 105.0, "timestamp": "2025-01-01T00:01:45", "mode": "SUM_MIN", "is_static": false, "battery": 27.499999999999492}}, {"type": "Feature", "geometry": {"type": "Point", "coordinates": [964760.3820243499, 1949739.6007541295]}, "properties": {"kind": "drone", "drone_id": 18, "frame": 105, "time_s": 105.0, "timestamp": "2025-01-01T00:01:45", "mode": "SUM_MIN", "is_static": false, "battery": 21.45973154362397}}, {"type": "Feature", "geometry": {"type": "Point", "coordinates": [962622.1876593664, 1951505.1136619265]}, "properties": {"kind": "drone", "drone_id": 19, "frame": 105, "time_s": 105.0, "timestamp": "2025-01-01T00:01:45", "mode": "SUM_MIN", "is_static": false, "battery": 50.0}}, {"type": "Feature", "geometry": {"type": "Point", "coordinates": [965108.917747376, 1949769.3993762122]}, "properties": {"kind": "drone", "drone_id": 20, "frame": 105, "time_s": 105.0, "timestamp": "2025-01-01T00:01:45", "mode": "SUM_MIN", "is_static": false, "battery": 36.499999999998835}}, {"type": "Feature", "geometry": {"type": "Point", "coordinates": [961972.6686065281, 1951730.1136619265]}, "properties": {"kind": "base_A", "drone_id": 0, "frame": 105, "time_s": 105.0, "timestamp": "2025-01-01T00:01:45", "mode": "SUM_MIN", "is_static": true, "battery": 50.0}}, {"type": "Feature", "geometry": {"type": "Point", "coordinates": [966389.3981658287, 1948730.1136619265]}, "properties": {"kind": "base_B", "drone_id": 0, "frame": 105, "time_s": 105.0, "timestamp": "2025-01-01T00:01:45", "mode": "SUM_MIN", "is_static": true, "battery": 50.0}}, {"type": "Feature", "geometry": {"type": "Point", "coordinates": [965387.2830557353, 1949608.6850904978]}, "properties": {"kind": "drone", "drone_id": 1, "frame": 106, "time_s": 106.0, "timestamp": "2025-01-01T00:01:46", "mode": "SUM_MIN", "is_static": false, "battery": 34.99999999999965}}, {"type": "Feature", "geometry": {"type": "Point", "coordinates": [966222.3789808131, 1949276.542233355]}, "properties": {"kind": "drone", "drone_id": 2, "frame": 106, "time_s": 106.0, "timestamp": "2025-01-01T00:01:46", "mode": "SUM_MIN", "is_static": false, "battery": 43.99999999999942}}, {"type": "Feature", "geometry": {"type": "Point", "coordinates": [963809.8796416994, 1950519.3993762122]}, "properties": {"kind": "drone", "drone_id": 3, "frame": 106, "time_s": 106.0, "timestamp": "2025-01-01T00:01:46", "mode": "SUM_MIN", "is_static": false, "battery": 45.49999999999981}}, {"type": "Feature", "geometry": {"type": "Point", "coordinates": [962121.1301043197, 1951494.3993762122]}, "properties": {"kind": "drone", "drone_id": 4, "frame": 106, "time_s": 106.0, "timestamp": "2025-01-01T00:01:46", "mode": "SUM_MIN", "is_static": false, "battery": 43.99999999999981}}, {"type": "Feature", "geometry": {"type": "Point", "coordinates": [966389.3981658287, 1949051.542233355]}, "properties": {"kind": "drone", "drone_id": 5, "frame": 106, "time_s": 106.0, "timestamp": "2025-01-01T00:01:46", "mode": "SUM_MIN", "is_static": false, "battery": 35.00000000000081}}, {"type": "Feature", "geometry": {"type": "Point", "coordinates": [965665.6483640946, 1949597.9708047837]}, "properties": {"kind": "drone", "drone_id": 6, "frame": 106, "time_s": 106.0, "timestamp": "2025-01-01T00:01:46", "mode": "SUM_MIN", "is_static": false, "battery": 35.00000000000085}}, {"type": "Feature", "geometry": {"type": "Point", "coordinates": [963234.5913377568, 1951151.542233355]}, "properties": {"kind": "drone", "drone_id": 7, "frame": 106, "time_s": 106.0, "timestamp": "2025-01-01T00:01:46", "mode": "SUM_MIN", "is_static": false, "battery": 36.50000000000047}}, {"type": "Feature", "geometry": {"type": "Point", "coordinates": [964830.5524390168, 1949780.1136619265]}, "properties": {"kind": "drone", "drone_id": 8, "frame": 106, "time_s": 106.0, "timestamp": "2025-01-01T00:01:46", "mode": "SUM_MIN", "is_static": false, "battery": 27.49999999999988}}, {"type": "Feature", "geometry": {"type": "Point", "coordinates": [962956.2260293976, 1951312.2565190694]}, "properties": {"kind": "drone", "drone_id": 9, "frame": 106, "time_s": 106.0, "timestamp": "2025-01-01T00:01:46", "mode": "SUM_MIN", "is_static": false, "battery": 47.00000000000062}}, {"type": "Feature", "geometry": {"type": "Point", "coordinates": [965944.0136724538, 1949437.2565190694]}, "properties": {"kind": "drone", "drone_id": 10, "frame": 106, "time_s": 106.0, "timestamp": "2025-01-01T00:01:46", "mode": "SUM_MIN", "is_static": false, "battery": 48.49999999999981}}, {"type": "Feature", "geometry": {"type": "Point", "coordinates": [964273.8218222981, 1949651.542233355]}, "properties": {"kind": "drone", "drone_id": 11, "frame": 106, "time_s": 106.0, "timestamp": "2025-01-01T00:01:46", "mode": "SUM_MIN", "is_static": false, "battery": 32.00000000000027}}, {"type": "Feature", "geometry": {"type": "Point", "coordinates": [963921.225765043, 1949940.8279476408]}, "properties": {"kind": "drone", "drone_id": 12, "frame": 106, "time_s": 106.0, "timestamp": "2025-01-01T00:01:46", "mode": "SUM_MIN", "is_static": false, "battery": 33.500000000000234}}, {"type": "Feature", "geometry": {"type": "Point", "coordinates": [963921.225765043, 1950262.2565190694]}, "properties": {"kind": "drone", "drone_id": 13, "frame": 106, "time_s": 106.0, "timestamp": "2025-01-01T00:01:46", "mode": "SUM_MIN", "is_static": false, "battery": 39.5}}, {"type": "Feature", "geometry": {"type": "Point", "coordinates": [963791.3219544754, 1950830.1136619265]}, "properties": {"kind": "drone", "drone_id": 14, "frame": 106, "time_s": 106.0, "timestamp": "2025-01-01T00:01:46", "mode": "SUM_MIN", "is_static": false, "battery": 44.00000000000082}}, {"type": "Feature", "geometry": {"type": "Point", "coordinates": [962399.4954126789, 1951526.542233355]}, "properties": {"kind": "drone", "drone_id": 15, "frame": 106, "time_s": 106.0, "timestamp": "2025-01-01T00:01:46", "mode": "SUM_MIN", "is_static": false, "battery": 39.500000000000625}}, {"type": "Feature", "geometry": {"type": "Point", "coordinates": [963531.5143333401, 1950980.1136619265]}, "properties": {"kind": "drone", "drone_id": 16, "frame": 106, "time_s": 106.0, "timestamp": "2025-01-01T00:01:46", "mode": "SUM_MIN", "is_static": false, "battery": 50.0}}, {"type": "Feature", "geometry": {"type": "Point", "coordinates": [964552.1871306574, 1949640.8279476408]}, "properties": {"kind": "drone", "drone_id": 17, "frame": 106, "time_s": 106.0, "timestamp": "2025-01-01T00:01:46", "mode": "SUM_MIN", "is_static": false, "battery": 27.499999999999492}}, {"type": "Feature", "geometry": {"type": "Point", "coordinates": [964730.8951189579, 1949722.5764813637]}, "properties": {"kind": "drone", "drone_id": 18, "frame": 106, "time_s": 106.0, "timestamp": "2025-01-01T00:01:46", "mode": "SUM_MIN", "is_static": false, "battery": 21.187919463087056}}, {"type": "Feature", "geometry": {"type": "Point", "coordinates": [962622.1876593664, 1951505.1136619265]}, "properties": {"kind": "drone", "drone_id": 19, "frame": 106, "time_s": 106.0, "timestamp": "2025-01-01T00:01:46", "mode": "SUM_MIN", "is_static": false, "battery": 50.0}}, {"type": "Feature", "geometry": {"type": "Point", "coordinates": [965108.917747376, 1949769.3993762122]}, "properties": {"kind": "drone", "drone_id": 20, "frame": 106, "time_s": 106.0, "timestamp": "2025-01-01T00:01:46", "mode": "SUM_MIN", "is_static": false, "battery": 36.499999999998835}}, {"type": "Feature", "geometry": {"type": "Point", "coordinates": [961972.6686065281, 1951730.1136619265]}, "properties": {"kind": "base_A", "drone_id": 0, "frame": 106, "time_s": 106.0, "timestamp": "2025-01-01T00:01:46", "mode": "SUM_MIN", "is_static": true, "battery": 50.0}}, {"type": "Feature", "geometry": {"type": "Point", "coordinates": [966389.3981658287, 1948730.1136619265]}, "properties": {"kind": "base_B", "drone_id": 0, "frame": 106, "time_s": 106.0, "timestamp": "2025-01-01T00:01:46", "mode": "SUM_MIN", "is_static": true, "battery": 50.0}}, {"type": "Feature", "geometry": {"type": "Point", "coordinates": [965387.2830557353, 1949608.6850904978]}, "properties": {"kind": "drone", "drone_id": 1, "frame": 107, "time_s": 107.0, "timestamp": "2025-01-01T00:01:47", "mode": "SUM_MIN", "is_static": false, "battery": 34.99999999999965}}, {"type": "Feature", "geometry": {"type": "Point", "coordinates": [966222.3789808131, 1949276.542233355]}, "properties": {"kind": "drone", "drone_id": 2, "frame": 107, "time_s": 107.0, "timestamp": "2025-01-01T00:01:47", "mode": "SUM_MIN", "is_static": false, "battery": 43.99999999999942}}, {"type": "Feature", "geometry": {"type": "Point", "coordinates": [963809.8796416994, 1950519.3993762122]}, "properties": {"kind": "drone", "drone_id": 3, "frame": 107, "time_s": 107.0, "timestamp": "2025-01-01T00:01:47", "mode": "SUM_MIN", "is_static": false, "battery": 45.49999999999981}}, {"type": "Feature", "geometry": {"type": "Point", "coordinates": [962121.1301043197, 1951494.3993762122]}, "properties": {"kind": "drone", "drone_id": 4, "frame": 107, "time_s": 107.0, "timestamp": "2025-01-01T00:01:47", "mode": "SUM_MIN", "is_static": false, "battery": 43.99999999999981}}, {"type": "Feature", "geometry": {"type": "Point", "coordinates": [966389.3981658287, 1949051.542233355]}, "properties": {"kind": "drone", "drone_id": 5, "frame": 107, "time_s": 107.0, "timestamp": "2025-01-01T00:01:47", "mode": "SUM_MIN", "is_static": false, "battery": 35.00000000000081}}, {"type": "Feature", "geometry": {"type": "Point", "coordinates": [965665.6483640946, 1949597.9708047837]}, "properties": {"kind": "drone", "drone_id": 6, "frame": 107, "time_s": 107.0, "timestamp": "2025-01-01T00:01:47", "mode": "SUM_MIN", "is_static": false, "battery": 35.00000000000085}}, {"type": "Feature", "geometry": {"type": "Point", "coordinates": [963234.5913377568, 1951151.542233355]}, "properties": {"kind": "drone", "drone_id": 7, "frame": 107, "time_s": 107.0, "timestamp": "2025-01-01T00:01:47", "mode": "SUM_MIN", "is_static": false, "battery": 36.50000000000047}}, {"type": "Feature", "geometry": {"type": "Point", "coordinates": [964830.5524390168, 1949780.1136619265]}, "properties": {"kind": "drone", "drone_id": 8, "frame": 107, "time_s": 107.0, "timestamp": "2025-01-01T00:01:47", "mode": "SUM_MIN", "is_static": false, "battery": 27.49999999999988}}, {"type": "Feature", "geometry": {"type": "Point", "coordinates": [962956.2260293976, 1951312.2565190694]}, "properties": {"kind": "drone", "drone_id": 9, "frame": 107, "time_s": 107.0, "timestamp": "2025-01-01T00:01:47", "mode": "SUM_MIN", "is_static": false, "battery": 47.00000000000062}}, {"type": "Feature", "geometry": {"type": "Point", "coordinates": [965944.0136724538, 1949437.2565190694]}, "properties": {"kind": "drone", "drone_id": 10, "frame": 107, "time_s": 107.0, "timestamp": "2025-01-01T00:01:47", "mode": "SUM_MIN", "is_static": false, "battery": 48.49999999999981}}, {"type": "Feature", "geometry": {"type": "Point", "coordinates": [964273.8218222981, 1949651.542233355]}, "properties": {"kind": "drone", "drone_id": 11, "frame": 107, "time_s": 107.0, "timestamp": "2025-01-01T00:01:47", "mode": "SUM_MIN", "is_static": false, "battery": 32.00000000000027}}, {"type": "Feature", "geometry": {"type": "Point", "coordinates": [963921.225765043, 1949940.8279476408]}, "properties": {"kind": "drone", "drone_id": 12, "frame": 107, "time_s": 107.0, "timestamp": "2025-01-01T00:01:47", "mode": "SUM_MIN", "is_static": false, "battery": 33.500000000000234}}, {"type": "Feature", "geometry": {"type": "Point", "coordinates": [963921.225765043, 1950262.2565190694]}, "properties": {"kind": "drone", "drone_id": 13, "frame": 107, "time_s": 107.0, "timestamp": "2025-01-01T00:01:47", "mode": "SUM_MIN", "is_static": false, "battery": 39.5}}, {"type": "Feature", "geometry": {"type": "Point", "coordinates": [963791.3219544754, 1950830.1136619265]}, "properties": {"kind": "drone", "drone_id": 14, "frame": 107, "time_s": 107.0, "timestamp": "2025-01-01T00:01:47", "mode": "SUM_MIN", "is_static": false, "battery": 44.00000000000082}}, {"type": "Feature", "geometry": {"type": "Point", "coordinates": [962399.4954126789, 1951526.542233355]}, "properties": {"kind": "drone", "drone_id": 15, "frame": 107, "time_s": 107.0, "timestamp": "2025-01-01T00:01:47", "mode": "SUM_MIN", "is_static": false, "battery": 39.500000000000625}}, {"type": "Feature", "geometry": {"type": "Point", "coordinates": [963531.5143333401, 1950980.1136619265]}, "properties": {"kind": "drone", "drone_id": 16, "frame": 107, "time_s": 107.0, "timestamp": "2025-01-01T00:01:47", "mode": "SUM_MIN", "is_static": false, "battery": 50.0}}, {"type": "Feature", "geometry": {"type": "Point", "coordinates": [964552.1871306574, 1949640.8279476408]}, "properties": {"kind": "drone", "drone_id": 17, "frame": 107, "time_s": 107.0, "timestamp": "2025-01-01T00:01:47", "mode": "SUM_MIN", "is_static": false, "battery": 27.499999999999492}}, {"type": "Feature", "geometry": {"type": "Point", "coordinates": [964701.8130092891, 1949705.785917518]}, "properties": {"kind": "drone", "drone_id": 18, "frame": 107, "time_s": 107.0, "timestamp": "2025-01-01T00:01:47", "mode": "SUM_MIN", "is_static": false, "battery": 20.916107382550145}}, {"type": "Feature", "geometry": {"type": "Point", "coordinates": [962622.1876593664, 1951505.1136619265]}, "properties": {"kind": "drone", "drone_id": 19, "frame": 107, "time_s": 107.0, "timestamp": "2025-01-01T00:01:47", "mode": "SUM_MIN", "is_static": false, "battery": 50.0}}, {"type": "Feature", "geometry": {"type": "Point", "coordinates": [965108.917747376, 1949769.3993762122]}, "properties": {"kind": "drone", "drone_id": 20, "frame": 107, "time_s": 107.0, "timestamp": "2025-01-01T00:01:47", "mode": "SUM_MIN", "is_static": false, "battery": 36.499999999998835}}, {"type": "Feature", "geometry": {"type": "Point", "coordinates": [961972.6686065281, 1951730.1136619265]}, "properties": {"kind": "base_A", "drone_id": 0, "frame": 107, "time_s": 107.0, "timestamp": "2025-01-01T00:01:47", "mode": "SUM_MIN", "is_static": true, "battery": 50.0}}, {"type": "Feature", "geometry": {"type": "Point", "coordinates": [966389.3981658287, 1948730.1136619265]}, "properties": {"kind": "base_B", "drone_id": 0, "frame": 107, "time_s": 107.0, "timestamp": "2025-01-01T00:01:47", "mode": "SUM_MIN", "is_static": true, "battery": 50.0}}, {"type": "Feature", "geometry": {"type": "Point", "coordinates": [965387.2830557353, 1949608.6850904978]}, "properties": {"kind": "drone", "drone_id": 1, "frame": 108, "time_s": 108.0, "timestamp": "2025-01-01T00:01:48", "mode": "SUM_MIN", "is_static": false, "battery": 34.99999999999965}}, {"type": "Feature", "geometry": {"type": "Point", "coordinates": [966222.3789808131, 1949276.542233355]}, "properties": {"kind": "drone", "drone_id": 2, "frame": 108, "time_s": 108.0, "timestamp": "2025-01-01T00:01:48", "mode": "SUM_MIN", "is_static": false, "battery": 43.99999999999942}}, {"type": "Feature", "geometry": {"type": "Point", "coordinates": [963809.8796416994, 1950519.3993762122]}, "properties": {"kind": "drone", "drone_id": 3, "frame": 108, "time_s": 108.0, "timestamp": "2025-01-01T00:01:48", "mode": "SUM_MIN", "is_static": false, "battery": 45.49999999999981}}, {"type": "Feature", "geometry": {"type": "Point", "coordinates": [962121.1301043197, 1951494.3993762122]}, "properties": {"kind": "drone", "drone_id": 4, "frame": 108, "time_s": 108.0, "timestamp": "2025-01-01T00:01:48", "mode": "SUM_MIN", "is_static": false, "battery": 43.99999999999981}}, {"type": "Feature", "geometry": {"type": "Point", "coordinates": [966389.3981658287, 1949051.542233355]}, "properties": {"kind": "drone", "drone_id": 5, "frame": 108, "time_s": 108.0, "timestamp": "2025-01-01T00:01:48", "mode": "SUM_MIN", "is_static": false, "battery": 35.00000000000081}}, {"type": "Feature", "geometry": {"type": "Point", "coordinates": [965665.6483640946, 1949597.9708047837]}, "properties": {"kind": "drone", "drone_id": 6, "frame": 108, "time_s": 108.0, "timestamp": "2025-01-01T00:01:48", "mode": "SUM_MIN", "is_static": false, "battery": 35.00000000000085}}, {"type": "Feature", "geometry": {"type": "Point", "coordinates": [963234.5913377568, 1951151.542233355]}, "properties": {"kind": "drone", "drone_id": 7, "frame": 108, "time_s": 108.0, "timestamp": "2025-01-01T00:01:48", "mode": "SUM_MIN", "is_static": false, "battery": 36.50000000000047}}, {"type": "Feature", "geometry": {"type": "Point", "coordinates": [964830.5524390168, 1949780.1136619265]}, "properties": {"kind": "drone", "drone_id": 8, "frame": 108, "time_s": 108.0, "timestamp": "2025-01-01T00:01:48", "mode": "SUM_MIN", "is_static": false, "battery": 27.49999999999988}}, {"type": "Feature", "geometry": {"type": "Point", "coordinates": [962956.2260293976, 1951312.2565190694]}, "properties": {"kind": "drone", "drone_id": 9, "frame": 108, "time_s": 108.0, "timestamp": "2025-01-01T00:01:48", "mode": "SUM_MIN", "is_static": false, "battery": 47.00000000000062}}, {"type": "Feature", "geometry": {"type": "Point", "coordinates": [965944.0136724538, 1949437.2565190694]}, "properties": {"kind": "drone", "drone_id": 10, "frame": 108, "time_s": 108.0, "timestamp": "2025-01-01T00:01:48", "mode": "SUM_MIN", "is_static": false, "battery": 48.49999999999981}}, {"type": "Feature", "geometry": {"type": "Point", "coordinates": [964273.8218222981, 1949651.542233355]}, "properties": {"kind": "drone", "drone_id": 11, "frame": 108, "time_s": 108.0, "timestamp": "2025-01-01T00:01:48", "mode": "SUM_MIN", "is_static": false, "battery": 32.00000000000027}}, {"type": "Feature", "geometry": {"type": "Point", "coordinates": [963921.225765043, 1949940.8279476408]}, "properties": {"kind": "drone", "drone_id": 12, "frame": 108, "time_s": 108.0, "timestamp": "2025-01-01T00:01:48", "mode": "SUM_MIN", "is_static": false, "battery": 33.500000000000234}}, {"type": "Feature", "geometry": {"type": "Point", "coordinates": [963921.225765043, 1950262.2565190694]}, "properties": {"kind": "drone", "drone_id": 13, "frame": 108, "time_s": 108.0, "timestamp": "2025-01-01T00:01:48", "mode": "SUM_MIN", "is_static": false, "battery": 39.5}}, {"type": "Feature", "geometry": {"type": "Point", "coordinates": [963791.3219544754, 1950830.1136619265]}, "properties": {"kind": "drone", "drone_id": 14, "frame": 108, "time_s": 108.0, "timestamp": "2025-01-01T00:01:48", "mode": "SUM_MIN", "is_static": false, "battery": 44.00000000000082}}, {"type": "Feature", "geometry": {"type": "Point", "coordinates": [962399.4954126789, 1951526.542233355]}, "properties": {"kind": "drone", "drone_id": 15, "frame": 108, "time_s": 108.0, "timestamp": "2025-01-01T00:01:48", "mode": "SUM_MIN", "is_static": false, "battery": 39.500000000000625}}, {"type": "Feature", "geometry": {"type": "Point", "coordinates": [963531.5143333401, 1950980.1136619265]}, "properties": {"kind": "drone", "drone_id": 16, "frame": 108, "time_s": 108.0, "timestamp": "2025-01-01T00:01:48", "mode": "SUM_MIN", "is_static": false, "battery": 50.0}}, {"type": "Feature", "geometry": {"type": "Point", "coordinates": [964552.1871306574, 1949640.8279476408]}, "properties": {"kind": "drone", "drone_id": 17, "frame": 108, "time_s": 108.0, "timestamp": "2025-01-01T00:01:48", "mode": "SUM_MIN", "is_static": false, "battery": 27.499999999999492}}, {"type": "Feature", "geometry": {"type": "Point", "coordinates": [964673.1485460013, 1949689.2364819224]}, "properties": {"kind": "drone", "drone_id": 18, "frame": 108, "time_s": 108.0, "timestamp": "2025-01-01T00:01:48", "mode": "SUM_MIN", "is_static": false, "battery": 20.64429530201323}}, {"type": "Feature", "geometry": {"type": "Point", "coordinates": [962622.1876593664, 1951505.1136619265]}, "properties": {"kind": "drone", "drone_id": 19, "frame": 108, "time_s": 108.0, "timestamp": "2025-01-01T00:01:48", "mode": "SUM_MIN", "is_static": false, "battery": 50.0}}, {"type": "Feature", "geometry": {"type": "Point", "coordinates": [965108.917747376, 1949769.3993762122]}, "properties": {"kind": "drone", "drone_id": 20, "frame": 108, "time_s": 108.0, "timestamp": "2025-01-01T00:01:48", "mode": "SUM_MIN", "is_static": false, "battery": 36.499999999998835}}, {"type": "Feature", "geometry": {"type": "Point", "coordinates": [961972.6686065281, 1951730.1136619265]}, "properties": {"kind": "base_A", "drone_id": 0, "frame": 108, "time_s": 108.0, "timestamp": "2025-01-01T00:01:48", "mode": "SUM_MIN", "is_static": true, "battery": 50.0}}, {"type": "Feature", "geometry": {"type": "Point", "coordinates": [966389.3981658287, 1948730.1136619265]}, "properties": {"kind": "base_B", "drone_id": 0, "frame": 108, "time_s": 108.0, "timestamp": "2025-01-01T00:01:48", "mode": "SUM_MIN", "is_static": true, "battery": 50.0}}, {"type": "Feature", "geometry": {"type": "Point", "coordinates": [965387.2830557353, 1949608.6850904978]}, "properties": {"kind": "drone", "drone_id": 1, "frame": 109, "time_s": 109.0, "timestamp": "2025-01-01T00:01:49", "mode": "SUM_MIN", "is_static": false, "battery": 34.99999999999965}}, {"type": "Feature", "geometry": {"type": "Point", "coordinates": [966222.3789808131, 1949276.542233355]}, "properties": {"kind": "drone", "drone_id": 2, "frame": 109, "time_s": 109.0, "timestamp": "2025-01-01T00:01:49", "mode": "SUM_MIN", "is_static": false, "battery": 43.99999999999942}}, {"type": "Feature", "geometry": {"type": "Point", "coordinates": [963809.8796416994, 1950519.3993762122]}, "properties": {"kind": "drone", "drone_id": 3, "frame": 109, "time_s": 109.0, "timestamp": "2025-01-01T00:01:49", "mode": "SUM_MIN", "is_static": false, "battery": 45.49999999999981}}, {"type": "Feature", "geometry": {"type": "Point", "coordinates": [962121.1301043197, 1951494.3993762122]}, "properties": {"kind": "drone", "drone_id": 4, "frame": 109, "time_s": 109.0, "timestamp": "2025-01-01T00:01:49", "mode": "SUM_MIN", "is_static": false, "battery": 43.99999999999981}}, {"type": "Feature", "geometry": {"type": "Point", "coordinates": [966389.3981658287, 1949051.542233355]}, "properties": {"kind": "drone", "drone_id": 5, "frame": 109, "time_s": 109.0, "timestamp": "2025-01-01T00:01:49", "mode": "SUM_MIN", "is_static": false, "battery": 35.00000000000081}}, {"type": "Feature", "geometry": {"type": "Point", "coordinates": [965665.6483640946, 1949597.9708047837]}, "properties": {"kind": "drone", "drone_id": 6, "frame": 109, "time_s": 109.0, "timestamp": "2025-01-01T00:01:49", "mode": "SUM_MIN", "is_static": false, "battery": 35.00000000000085}}, {"type": "Feature", "geometry": {"type": "Point", "coordinates": [963234.5913377568, 1951151.542233355]}, "properties": {"kind": "drone", "drone_id": 7, "frame": 109, "time_s": 109.0, "timestamp": "2025-01-01T00:01:49", "mode": "SUM_MIN", "is_static": false, "battery": 36.50000000000047}}, {"type": "Feature", "geometry": {"type": "Point", "coordinates": [964830.5524390168, 1949780.1136619265]}, "properties": {"kind": "drone", "drone_id": 8, "frame": 109, "time_s": 109.0, "timestamp": "2025-01-01T00:01:49", "mode": "SUM_MIN", "is_static": false, "battery": 27.49999999999988}}, {"type": "Feature", "geometry": {"type": "Point", "coordinates": [962956.2260293976, 1951312.2565190694]}, "properties": {"kind": "drone", "drone_id": 9, "frame": 109, "time_s": 109.0, "timestamp": "2025-01-01T00:01:49", "mode": "SUM_MIN", "is_static": false, "battery": 47.00000000000062}}, {"type": "Feature", "geometry": {"type": "Point", "coordinates": [965944.0136724538, 1949437.2565190694]}, "properties": {"kind": "drone", "drone_id": 10, "frame": 109, "time_s": 109.0, "timestamp": "2025-01-01T00:01:49", "mode": "SUM_MIN", "is_static": false, "battery": 48.49999999999981}}, {"type": "Feature", "geometry": {"type": "Point", "coordinates": [964273.8218222981, 1949651.542233355]}, "properties": {"kind": "drone", "drone_id": 11, "frame": 109, "time_s": 109.0, "timestamp": "2025-01-01T00:01:49", "mode": "SUM_MIN", "is_static": false, "battery": 32.00000000000027}}, {"type": "Feature", "geometry": {"type": "Point", "coordinates": [963921.225765043, 1949940.8279476408]}, "properties": {"kind": "drone", "drone_id": 12, "frame": 109, "time_s": 109.0, "timestamp": "2025-01-01T00:01:49", "mode": "SUM_MIN", "is_static": false, "battery": 33.500000000000234}}, {"type": "Feature", "geometry": {"type": "Point", "coordinates": [963921.225765043, 1950262.2565190694]}, "properties": {"kind": "drone", "drone_id": 13, "frame": 109, "time_s": 109.0, "timestamp": "2025-01-01T00:01:49", "mode": "SUM_MIN", "is_static": false, "battery": 39.5}}, {"type": "Feature", "geometry": {"type": "Point", "coordinates": [963791.3219544754, 1950830.1136619265]}, "properties": {"kind": "drone", "drone_id": 14, "frame": 109, "time_s": 109.0, "timestamp": "2025-01-01T00:01:49", "mode": "SUM_MIN", "is_static": false, "battery": 44.00000000000082}}, {"type": "Feature", "geometry": {"type": "Point", "coordinates": [962399.4954126789, 1951526.542233355]}, "properties": {"kind": "drone", "drone_id": 15, "frame": 109, "time_s": 109.0, "timestamp": "2025-01-01T00:01:49", "mode": "SUM_MIN", "is_static": false, "battery": 39.500000000000625}}, {"type": "Feature", "geometry": {"type": "Point", "coordinates": [963531.5143333401, 1950980.1136619265]}, "properties": {"kind": "drone", "drone_id": 16, "frame": 109, "time_s": 109.0, "timestamp": "2025-01-01T00:01:49", "mode": "SUM_MIN", "is_static": false, "battery": 50.0}}, {"type": "Feature", "geometry": {"type": "Point", "coordinates": [964552.1871306574, 1949640.8279476408]}, "properties": {"kind": "drone", "drone_id": 17, "frame": 109, "time_s": 109.0, "timestamp": "2025-01-01T00:01:49", "mode": "SUM_MIN", "is_static": false, "battery": 27.499999999999492}}, {"type": "Feature", "geometry": {"type": "Point", "coordinates": [964644.9145797525, 1949672.9355939084]}, "properties": {"kind": "drone", "drone_id": 18, "frame": 109, "time_s": 109.0, "timestamp": "2025-01-01T00:01:49", "mode": "SUM_MIN", "is_static": false, "battery": 20.372483221476312}}, {"type": "Feature", "geometry": {"type": "Point", "coordinates": [962622.1876593664, 1951505.1136619265]}, "properties": {"kind": "drone", "drone_id": 19, "frame": 109, "time_s": 109.0, "timestamp": "2025-01-01T00:01:49", "mode": "SUM_MIN", "is_static": false, "battery": 50.0}}, {"type": "Feature", "geometry": {"type": "Point", "coordinates": [965108.917747376, 1949769.3993762122]}, "properties": {"kind": "drone", "drone_id": 20, "frame": 109, "time_s": 109.0, "timestamp": "2025-01-01T00:01:49", "mode": "SUM_MIN", "is_static": false, "battery": 36.499999999998835}}, {"type": "Feature", "geometry": {"type": "Point", "coordinates": [961972.6686065281, 1951730.1136619265]}, "properties": {"kind": "base_A", "drone_id": 0, "frame": 109, "time_s": 109.0, "timestamp": "2025-01-01T00:01:49", "mode": "SUM_MIN", "is_static": true, "battery": 50.0}}, {"type": "Feature", "geometry": {"type": "Point", "coordinates": [966389.3981658287, 1948730.1136619265]}, "properties": {"kind": "base_B", "drone_id": 0, "frame": 109, "time_s": 109.0, "timestamp": "2025-01-01T00:01:49", "mode": "SUM_MIN", "is_static": true, "battery": 50.0}}, {"type": "Feature", "geometry": {"type": "Point", "coordinates": [965387.2830557353, 1949608.6850904978]}, "properties": {"kind": "drone", "drone_id": 1, "frame": 110, "time_s": 110.0, "timestamp": "2025-01-01T00:01:50", "mode": "SUM_MIN", "is_static": false, "battery": 34.99999999999965}}, {"type": "Feature", "geometry": {"type": "Point", "coordinates": [966222.3789808131, 1949276.542233355]}, "properties": {"kind": "drone", "drone_id": 2, "frame": 110, "time_s": 110.0, "timestamp": "2025-01-01T00:01:50", "mode": "SUM_MIN", "is_static": false, "battery": 43.99999999999942}}, {"type": "Feature", "geometry": {"type": "Point", "coordinates": [963809.8796416994, 1950519.3993762122]}, "properties": {"kind": "drone", "drone_id": 3, "frame": 110, "time_s": 110.0, "timestamp": "2025-01-01T00:01:50", "mode": "SUM_MIN", "is_static": false, "battery": 45.49999999999981}}, {"type": "Feature", "geometry": {"type": "Point", "coordinates": [962121.1301043197, 1951494.3993762122]}, "properties": {"kind": "drone", "drone_id": 4, "frame": 110, "time_s": 110.0, "timestamp": "2025-01-01T00:01:50", "mode": "SUM_MIN", "is_static": false, "battery": 43.99999999999981}}, {"type": "Feature", "geometry": {"type": "Point", "coordinates": [966389.3981658287, 1949051.542233355]}, "properties": {"kind": "drone", "drone_id": 5, "frame": 110, "time_s": 110.0, "timestamp": "2025-01-01T00:01:50", "mode": "SUM_MIN", "is_static": false, "battery": 35.00000000000081}}, {"type": "Feature", "geometry": {"type": "Point", "coordinates": [965665.6483640946, 1949597.9708047837]}, "properties": {"kind": "drone", "drone_id": 6, "frame": 110, "time_s": 110.0, "timestamp": "2025-01-01T00:01:50", "mode": "SUM_MIN", "is_static": false, "battery": 35.00000000000085}}, {"type": "Feature", "geometry": {"type": "Point", "coordinates": [963234.5913377568, 1951151.542233355]}, "properties": {"kind": "drone", "drone_id": 7, "frame": 110, "time_s": 110.0, "timestamp": "2025-01-01T00:01:50", "mode": "SUM_MIN", "is_static": false, "battery": 36.50000000000047}}, {"type": "Feature", "geometry": {"type": "Point", "coordinates": [964830.5524390168, 1949780.1136619265]}, "properties": {"kind": "drone", "drone_id": 8, "frame": 110, "time_s": 110.0, "timestamp": "2025-01-01T00:01:50", "mode": "SUM_MIN", "is_static": false, "battery": 27.49999999999988}}, {"type": "Feature", "geometry": {"type": "Point", "coordinates": [962956.2260293976, 1951312.2565190694]}, "properties": {"kind": "drone", "drone_id": 9, "frame": 110, "time_s": 110.0, "timestamp": "2025-01-01T00:01:50", "mode": "SUM_MIN", "is_static": false, "battery": 47.00000000000062}}, {"type": "Feature", "geometry": {"type": "Point", "coordinates": [965944.0136724538, 1949437.2565190694]}, "properties": {"kind": "drone", "drone_id": 10, "frame": 110, "time_s": 110.0, "timestamp": "2025-01-01T00:01:50", "mode": "SUM_MIN", "is_static": false, "battery": 48.49999999999981}}, {"type": "Feature", "geometry": {"type": "Point", "coordinates": [964273.8218222981, 1949651.542233355]}, "properties": {"kind": "drone", "drone_id": 11, "frame": 110, "time_s": 110.0, "timestamp": "2025-01-01T00:01:50", "mode": "SUM_MIN", "is_static": false, "battery": 32.00000000000027}}, {"type": "Feature", "geometry": {"type": "Point", "coordinates": [963921.225765043, 1949940.8279476408]}, "properties": {"kind": "drone", "drone_id": 12, "frame": 110, "time_s": 110.0, "timestamp": "2025-01-01T00:01:50", "mode": "SUM_MIN", "is_static": false, "battery": 33.500000000000234}}, {"type": "Feature", "geometry": {"type": "Point", "coordinates": [963921.225765043, 1950262.2565190694]}, "properties": {"kind": "drone", "drone_id": 13, "frame": 110, "time_s": 110.0, "timestamp": "2025-01-01T00:01:50", "mode": "SUM_MIN", "is_static": false, "battery": 39.5}}, {"type": "Feature", "geometry": {"type": "Point", "coordinates": [963791.3219544754, 1950830.1136619265]}, "properties": {"kind": "drone", "drone_id": 14, "frame": 110, "time_s": 110.0, "timestamp": "2025-01-01T00:01:50", "mode": "SUM_MIN", "is_static": false, "battery": 44.00000000000082}}, {"type": "Feature", "geometry": {"type": "Point", "coordinates": [962399.4954126789, 1951526.542233355]}, "properties": {"kind": "drone", "drone_id": 15, "frame": 110, "time_s": 110.0, "timestamp": "2025-01-01T00:01:50", "mode": "SUM_MIN", "is_static": false, "battery": 39.500000000000625}}, {"type": "Feature", "geometry": {"type": "Point", "coordinates": [963531.5143333401, 1950980.1136619265]}, "properties": {"kind": "drone", "drone_id": 16, "frame": 110, "time_s": 110.0, "timestamp": "2025-01-01T00:01:50", "mode": "SUM_MIN", "is_static": false, "battery": 50.0}}, {"type": "Feature", "geometry": {"type": "Point", "coordinates": [964552.1871306574, 1949640.8279476408]}, "properties": {"kind": "drone", "drone_id": 17, "frame": 110, "time_s": 110.0, "timestamp": "2025-01-01T00:01:50", "mode": "SUM_MIN", "is_static": false, "battery": 27.499999999999492}}, {"type": "Feature", "geometry": {"type": "Point", "coordinates": [964617.1239612006, 1949656.8906728067]}, "properties": {"kind": "drone", "drone_id": 18, "frame": 110, "time_s": 110.0, "timestamp": "2025-01-01T00:01:50", "mode": "SUM_MIN", "is_static": false, "battery": 20.100671140939397}}, {"type": "Feature", "geometry": {"type": "Point", "coordinates": [962622.1876593664, 1951505.1136619265]}, "properties": {"kind": "drone", "drone_id": 19, "frame": 110, "time_s": 110.0, "timestamp": "2025-01-01T00:01:50", "mode": "SUM_MIN", "is_static": false, "battery": 50.0}}, {"type": "Feature", "geometry": {"type": "Point", "coordinates": [965108.917747376, 1949769.3993762122]}, "properties": {"kind": "drone", "drone_id": 20, "frame": 110, "time_s": 110.0, "timestamp": "2025-01-01T00:01:50", "mode": "SUM_MIN", "is_static": false, "battery": 36.499999999998835}}, {"type": "Feature", "geometry": {"type": "Point", "coordinates": [961972.6686065281, 1951730.1136619265]}, "properties": {"kind": "base_A", "drone_id": 0, "frame": 110, "time_s": 110.0, "timestamp": "2025-01-01T00:01:50", "mode": "SUM_MIN", "is_static": true, "battery": 50.0}}, {"type": "Feature", "geometry": {"type": "Point", "coordinates": [966389.3981658287, 1948730.1136619265]}, "properties": {"kind": "base_B", "drone_id": 0, "frame": 110, "time_s": 110.0, "timestamp": "2025-01-01T00:01:50", "mode": "SUM_MIN", "is_static": true, "battery": 50.0}}, {"type": "Feature", "geometry": {"type": "Point", "coordinates": [965387.2830557353, 1949608.6850904978]}, "properties": {"kind": "drone", "drone_id": 1, "frame": 111, "time_s": 111.0, "timestamp": "2025-01-01T00:01:51", "mode": "SUM_MIN", "is_static": false, "battery": 34.99999999999965}}, {"type": "Feature", "geometry": {"type": "Point", "coordinates": [966222.3789808131, 1949276.542233355]}, "properties": {"kind": "drone", "drone_id": 2, "frame": 111, "time_s": 111.0, "timestamp": "2025-01-01T00:01:51", "mode": "SUM_MIN", "is_static": false, "battery": 43.99999999999942}}, {"type": "Feature", "geometry": {"type": "Point", "coordinates": [963809.8796416994, 1950519.3993762122]}, "properties": {"kind": "drone", "drone_id": 3, "frame": 111, "time_s": 111.0, "timestamp": "2025-01-01T00:01:51", "mode": "SUM_MIN", "is_static": false, "battery": 45.49999999999981}}, {"type": "Feature", "geometry": {"type": "Point", "coordinates": [962121.1301043197, 1951494.3993762122]}, "properties": {"kind": "drone", "drone_id": 4, "frame": 111, "time_s": 111.0, "timestamp": "2025-01-01T00:01:51", "mode": "SUM_MIN", "is_static": false, "battery": 43.99999999999981}}, {"type": "Feature", "geometry": {"type": "Point", "coordinates": [966389.3981658287, 1949051.542233355]}, "properties": {"kind": "drone", "drone_id": 5, "frame": 111, "time_s": 111.0, "timestamp": "2025-01-01T00:01:51", "mode": "SUM_MIN", "is_static": false, "battery": 35.00000000000081}}, {"type": "Feature", "geometry": {"type": "Point", "coordinates": [965665.6483640946, 1949597.9708047837]}, "properties": {"kind": "drone", "drone_id": 6, "frame": 111, "time_s": 111.0, "timestamp": "2025-01-01T00:01:51", "mode": "SUM_MIN", "is_static": false, "battery": 35.00000000000085}}, {"type": "Feature", "geometry": {"type": "Point", "coordinates": [963234.5913377568, 1951151.542233355]}, "properties": {"kind": "drone", "drone_id": 7, "frame": 111, "time_s": 111.0, "timestamp": "2025-01-01T00:01:51", "mode": "SUM_MIN", "is_static": false, "battery": 36.50000000000047}}, {"type": "Feature", "geometry": {"type": "Point", "coordinates": [964830.5524390168, 1949780.1136619265]}, "properties": {"kind": "drone", "drone_id": 8, "frame": 111, "time_s": 111.0, "timestamp": "2025-01-01T00:01:51", "mode": "SUM_MIN", "is_static": false, "battery": 27.49999999999988}}, {"type": "Feature", "geometry": {"type": "Point", "coordinates": [962956.2260293976, 1951312.2565190694]}, "properties": {"kind": "drone", "drone_id": 9, "frame": 111, "time_s": 111.0, "timestamp": "2025-01-01T00:01:51", "mode": "SUM_MIN", "is_static": false, "battery": 47.00000000000062}}, {"type": "Feature", "geometry": {"type": "Point", "coordinates": [965944.0136724538, 1949437.2565190694]}, "properties": {"kind": "drone", "drone_id": 10, "frame": 111, "time_s": 111.0, "timestamp": "2025-01-01T00:01:51", "mode": "SUM_MIN", "is_static": false, "battery": 48.49999999999981}}, {"type": "Feature", "geometry": {"type": "Point", "coordinates": [964273.8218222981, 1949651.542233355]}, "properties": {"kind": "drone", "drone_id": 11, "frame": 111, "time_s": 111.0, "timestamp": "2025-01-01T00:01:51", "mode": "SUM_MIN", "is_static": false, "battery": 32.00000000000027}}, {"type": "Feature", "geometry": {"type": "Point", "coordinates": [963921.225765043, 1949940.8279476408]}, "properties": {"kind": "drone", "drone_id": 12, "frame": 111, "time_s": 111.0, "timestamp": "2025-01-01T00:01:51", "mode": "SUM_MIN", "is_static": false, "battery": 33.500000000000234}}, {"type": "Feature", "geometry": {"type": "Point", "coordinates": [963921.225765043, 1950262.2565190694]}, "properties": {"kind": "drone", "drone_id": 13, "frame": 111, "time_s": 111.0, "timestamp": "2025-01-01T00:01:51", "mode": "SUM_MIN", "is_static": false, "battery": 39.5}}, {"type": "Feature", "geometry": {"type": "Point", "coordinates": [963791.3219544754, 1950830.1136619265]}, "properties": {"kind": "drone", "drone_id": 14, "frame": 111, "time_s": 111.0, "timestamp": "2025-01-01T00:01:51", "mode": "SUM_MIN", "is_static": false, "battery": 44.00000000000082}}, {"type": "Feature", "geometry": {"type": "Point", "coordinates": [962399.4954126789, 1951526.542233355]}, "properties": {"kind": "drone", "drone_id": 15, "frame": 111, "time_s": 111.0, "timestamp": "2025-01-01T00:01:51", "mode": "SUM_MIN", "is_static": false, "battery": 39.500000000000625}}, {"type": "Feature", "geometry": {"type": "Point", "coordinates": [963531.5143333401, 1950980.1136619265]}, "properties": {"kind": "drone", "drone_id": 16, "frame": 111, "time_s": 111.0, "timestamp": "2025-01-01T00:01:51", "mode": "SUM_MIN", "is_static": false, "battery": 50.0}}, {"type": "Feature", "geometry": {"type": "Point", "coordinates": [964552.1871306574, 1949640.8279476408]}, "properties": {"kind": "drone", "drone_id": 17, "frame": 111, "time_s": 111.0, "timestamp": "2025-01-01T00:01:51", "mode": "SUM_MIN", "is_static": false, "battery": 27.499999999999492}}, {"type": "Feature", "geometry": {"type": "Point", "coordinates": [964589.7895410033, 1949641.1091379477]}, "properties": {"kind": "drone", "drone_id": 18, "frame": 111, "time_s": 111.0, "timestamp": "2025-01-01T00:01:51", "mode": "SUM_MIN", "is_static": false, "battery": 19.828859060402483}}, {"type": "Feature", "geometry": {"type": "Point", "coordinates": [962622.1876593664, 1951505.1136619265]}, "properties": {"kind": "drone", "drone_id": 19, "frame": 111, "time_s": 111.0, "timestamp": "2025-01-01T00:01:51", "mode": "SUM_MIN", "is_static": false, "battery": 50.0}}, {"type": "Feature", "geometry": {"type": "Point", "coordinates": [965108.917747376, 1949769.3993762122]}, "properties": {"kind": "drone", "drone_id": 20, "frame": 111, "time_s": 111.0, "timestamp": "2025-01-01T00:01:51", "mode": "SUM_MIN", "is_static": false, "battery": 36.499999999998835}}, {"type": "Feature", "geometry": {"type": "Point", "coordinates": [961972.6686065281, 1951730.1136619265]}, "properties": {"kind": "base_A", "drone_id": 0, "frame": 111, "time_s": 111.0, "timestamp": "2025-01-01T00:01:51", "mode": "SUM_MIN", "is_static": true, "battery": 50.0}}, {"type": "Feature", "geometry": {"type": "Point", "coordinates": [966389.3981658287, 1948730.1136619265]}, "properties": {"kind": "base_B", "drone_id": 0, "frame": 111, "time_s": 111.0, "timestamp": "2025-01-01T00:01:51", "mode": "SUM_MIN", "is_static": true, "battery": 50.0}}, {"type": "Feature", "geometry": {"type": "Point", "coordinates": [965387.2830557353, 1949608.6850904978]}, "properties": {"kind": "drone", "drone_id": 1, "frame": 112, "time_s": 112.0, "timestamp": "2025-01-01T00:01:52", "mode": "SUM_MIN", "is_static": false, "battery": 34.99999999999965}}, {"type": "Feature", "geometry": {"type": "Point", "coordinates": [966222.3789808131, 1949276.542233355]}, "properties": {"kind": "drone", "drone_id": 2, "frame": 112, "time_s": 112.0, "timestamp": "2025-01-01T00:01:52", "mode": "SUM_MIN", "is_static": false, "battery": 43.99999999999942}}, {"type": "Feature", "geometry": {"type": "Point", "coordinates": [963809.8796416994, 1950519.3993762122]}, "properties": {"kind": "drone", "drone_id": 3, "frame": 112, "time_s": 112.0, "timestamp": "2025-01-01T00:01:52", "mode": "SUM_MIN", "is_static": false, "battery": 45.49999999999981}}, {"type": "Feature", "geometry": {"type": "Point", "coordinates": [962121.1301043197, 1951494.3993762122]}, "properties": {"kind": "drone", "drone_id": 4, "frame": 112, "time_s": 112.0, "timestamp": "2025-01-01T00:01:52", "mode": "SUM_MIN", "is_static": false, "battery": 43.99999999999981}}, {"type": "Feature", "geometry": {"type": "Point", "coordinates": [966389.3981658287, 1949051.542233355]}, "properties": {"kind": "drone", "drone_id": 5, "frame": 112, "time_s": 112.0, "timestamp": "2025-01-01T00:01:52", "mode": "SUM_MIN", "is_static": false, "battery": 35.00000000000081}}, {"type": "Feature", "geometry": {"type": "Point", "coordinates": [965665.6483640946, 1949597.9708047837]}, "properties": {"kind": "drone", "drone_id": 6, "frame": 112, "time_s": 112.0, "timestamp": "2025-01-01T00:01:52", "mode": "SUM_MIN", "is_static": false, "battery": 35.00000000000085}}, {"type": "Feature", "geometry": {"type": "Point", "coordinates": [963234.5913377568, 1951151.542233355]}, "properties": {"kind": "drone", "drone_id": 7, "frame": 112, "time_s": 112.0, "timestamp": "2025-01-01T00:01:52", "mode": "SUM_MIN", "is_static": false, "battery": 36.50000000000047}}, {"type": "Feature", "geometry": {"type": "Point", "coordinates": [964830.5524390168, 1949780.1136619265]}, "properties": {"kind": "drone", "drone_id": 8, "frame": 112, "time_s": 112.0, "timestamp": "2025-01-01T00:01:52", "mode": "SUM_MIN", "is_static": false, "battery": 27.49999999999988}}, {"type": "Feature", "geometry": {"type": "Point", "coordinates": [962956.2260293976, 1951312.2565190694]}, "properties": {"kind": "drone", "drone_id": 9, "frame": 112, "time_s": 112.0, "timestamp": "2025-01-01T00:01:52", "mode": "SUM_MIN", "is_static": false, "battery": 47.00000000000062}}, {"type": "Feature", "geometry": {"type": "Point", "coordinates": [965944.0136724538, 1949437.2565190694]}, "properties": {"kind": "drone", "drone_id": 10, "frame": 112, "time_s": 112.0, "timestamp": "2025-01-01T00:01:52", "mode": "SUM_MIN", "is_static": false, "battery": 48.49999999999981}}, {"type": "Feature", "geometry": {"type": "Point", "coordinates": [964273.8218222981, 1949651.542233355]}, "properties": {"kind": "drone", "drone_id": 11, "frame": 112, "time_s": 112.0, "timestamp": "2025-01-01T00:01:52", "mode": "SUM_MIN", "is_static": false, "battery": 32.00000000000027}}, {"type": "Feature", "geometry": {"type": "Point", "coordinates": [963921.225765043, 1949940.8279476408]}, "properties": {"kind": "drone", "drone_id": 12, "frame": 112, "time_s": 112.0, "timestamp": "2025-01-01T00:01:52", "mode": "SUM_MIN", "is_static": false, "battery": 33.500000000000234}}, {"type": "Feature", "geometry": {"type": "Point", "coordinates": [963921.225765043, 1950262.2565190694]}, "properties": {"kind": "drone", "drone_id": 13, "frame": 112, "time_s": 112.0, "timestamp": "2025-01-01T00:01:52", "mode": "SUM_MIN", "is_static": false, "battery": 39.5}}, {"type": "Feature", "geometry": {"type": "Point", "coordinates": [963791.3219544754, 1950830.1136619265]}, "properties": {"kind": "drone", "drone_id": 14, "frame": 112, "time_s": 112.0, "timestamp": "2025-01-01T00:01:52", "mode": "SUM_MIN", "is_static": false, "battery": 44.00000000000082}}, {"type": "Feature", "geometry": {"type": "Point", "coordinates": [962399.4954126789, 1951526.542233355]}, "properties": {"kind": "drone", "drone_id": 15, "frame": 112, "time_s": 112.0, "timestamp": "2025-01-01T00:01:52", "mode": "SUM_MIN", "is_static": false, "battery": 39.500000000000625}}, {"type": "Feature", "geometry": {"type": "Point", "coordinates": [963531.5143333401, 1950980.1136619265]}, "properties": {"kind": "drone", "drone_id": 16, "frame": 112, "time_s": 112.0, "timestamp": "2025-01-01T00:01:52", "mode": "SUM_MIN", "is_static": false, "battery": 50.0}}, {"type": "Feature", "geometry": {"type": "Point", "coordinates": [964552.1871306574, 1949640.8279476408]}, "properties": {"kind": "drone", "drone_id": 17, "frame": 112, "time_s": 112.0, "timestamp": "2025-01-01T00:01:52", "mode": "SUM_MIN", "is_static": false, "battery": 27.499999999999492}}, {"type": "Feature", "geometry": {"type": "Point", "coordinates": [964562.9241698186, 1949634.6289151907]}, "properties": {"kind": "drone", "drone_id": 18, "frame": 112, "time_s": 112.0, "timestamp": "2025-01-01T00:01:52", "mode": "SUM_MIN", "is_static": false, "battery": 19.557046979865568}}, {"type": "Feature", "geometry": {"type": "Point", "coordinates": [962622.1876593664, 1951505.1136619265]}, "properties": {"kind": "drone", "drone_id": 19, "frame": 112, "time_s": 112.0, "timestamp": "2025-01-01T00:01:52", "mode": "SUM_MIN", "is_static": false, "battery": 50.0}}, {"type": "Feature", "geometry": {"type": "Point", "coordinates": [965108.917747376, 1949769.3993762122]}, "properties": {"kind": "drone", "drone_id": 20, "frame": 112, "time_s": 112.0, "timestamp": "2025-01-01T00:01:52", "mode": "SUM_MIN", "is_static": false, "battery": 36.499999999998835}}, {"type": "Feature", "geometry": {"type": "Point", "coordinates": [961972.6686065281, 1951730.1136619265]}, "properties": {"kind": "base_A", "drone_id": 0, "frame": 112, "time_s": 112.0, "timestamp": "2025-01-01T00:01:52", "mode": "SUM_MIN", "is_static": true, "battery": 50.0}}, {"type": "Feature", "geometry": {"type": "Point", "coordinates": [966389.3981658287, 1948730.1136619265]}, "properties": {"kind": "base_B", "drone_id": 0, "frame": 112, "time_s": 112.0, "timestamp": "2025-01-01T00:01:52", "mode": "SUM_MIN", "is_static": true, "battery": 50.0}}, {"type": "Feature", "geometry": {"type": "Point", "coordinates": [965387.2830557353, 1949608.6850904978]}, "properties": {"kind": "drone", "drone_id": 1, "frame": 113, "time_s": 113.0, "timestamp": "2025-01-01T00:01:53", "mode": "SUM_MIN", "is_static": false, "battery": 34.99999999999965}}, {"type": "Feature", "geometry": {"type": "Point", "coordinates": [966222.3789808131, 1949276.542233355]}, "properties": {"kind": "drone", "drone_id": 2, "frame": 113, "time_s": 113.0, "timestamp": "2025-01-01T00:01:53", "mode": "SUM_MIN", "is_static": false, "battery": 43.99999999999942}}, {"type": "Feature", "geometry": {"type": "Point", "coordinates": [963809.8796416994, 1950519.3993762122]}, "properties": {"kind": "drone", "drone_id": 3, "frame": 113, "time_s": 113.0, "timestamp": "2025-01-01T00:01:53", "mode": "SUM_MIN", "is_static": false, "battery": 45.49999999999981}}, {"type": "Feature", "geometry": {"type": "Point", "coordinates": [962121.1301043197, 1951494.3993762122]}, "properties": {"kind": "drone", "drone_id": 4, "frame": 113, "time_s": 113.0, "timestamp": "2025-01-01T00:01:53", "mode": "SUM_MIN", "is_static": false, "battery": 43.99999999999981}}, {"type": "Feature", "geometry": {"type": "Point", "coordinates": [966389.3981658287, 1949051.542233355]}, "properties": {"kind": "drone", "drone_id": 5, "frame": 113, "time_s": 113.0, "timestamp": "2025-01-01T00:01:53", "mode": "SUM_MIN", "is_static": false, "battery": 35.00000000000081}}, {"type": "Feature", "geometry": {"type": "Point", "coordinates": [965665.6483640946, 1949597.9708047837]}, "properties": {"kind": "drone", "drone_id": 6, "frame": 113, "time_s": 113.0, "timestamp": "2025-01-01T00:01:53", "mode": "SUM_MIN", "is_static": false, "battery": 35.00000000000085}}, {"type": "Feature", "geometry": {"type": "Point", "coordinates": [963234.5913377568, 1951151.542233355]}, "properties": {"kind": "drone", "drone_id": 7, "frame": 113, "time_s": 113.0, "timestamp": "2025-01-01T00:01:53", "mode": "SUM_MIN", "is_static": false, "battery": 36.50000000000047}}, {"type": "Feature", "geometry": {"type": "Point", "coordinates": [964830.5524390168, 1949780.1136619265]}, "properties": {"kind": "drone", "drone_id": 8, "frame": 113, "time_s": 113.0, "timestamp": "2025-01-01T00:01:53", "mode": "SUM_MIN", "is_static": false, "battery": 27.49999999999988}}, {"type": "Feature", "geometry": {"type": "Point", "coordinates": [962956.2260293976, 1951312.2565190694]}, "properties": {"kind": "drone", "drone_id": 9, "frame": 113, "time_s": 113.0, "timestamp": "2025-01-01T00:01:53", "mode": "SUM_MIN", "is_static": false, "battery": 47.00000000000062}}, {"type": "Feature", "geometry": {"type": "Point", "coordinates": [965944.0136724538, 1949437.2565190694]}, "properties": {"kind": "drone", "drone_id": 10, "frame": 113, "time_s": 113.0, "timestamp": "2025-01-01T00:01:53", "mode": "SUM_MIN", "is_static": false, "battery": 48.49999999999981}}, {"type": "Feature", "geometry": {"type": "Point", "coordinates": [964273.8218222981, 1949651.542233355]}, "properties": {"kind": "drone", "drone_id": 11, "frame": 113, "time_s": 113.0, "timestamp": "2025-01-01T00:01:53", "mode": "SUM_MIN", "is_static": false, "battery": 32.00000000000027}}, {"type": "Feature", "geometry": {"type": "Point", "coordinates": [963921.225765043, 1949940.8279476408]}, "properties": {"kind": "drone", "drone_id": 12, "frame": 113, "time_s": 113.0, "timestamp": "2025-01-01T00:01:53", "mode": "SUM_MIN", "is_static": false, "battery": 33.500000000000234}}, {"type": "Feature", "geometry": {"type": "Point", "coordinates": [963921.225765043, 1950262.2565190694]}, "properties": {"kind": "drone", "drone_id": 13, "frame": 113, "time_s": 113.0, "timestamp": "2025-01-01T00:01:53", "mode": "SUM_MIN", "is_static": false, "battery": 39.5}}, {"type": "Feature", "geometry": {"type": "Point", "coordinates": [963791.3219544754, 1950830.1136619265]}, "properties": {"kind": "drone", "drone_id": 14, "frame": 113, "time_s": 113.0, "timestamp": "2025-01-01T00:01:53", "mode": "SUM_MIN", "is_static": false, "battery": 44.00000000000082}}, {"type": "Feature", "geometry": {"type": "Point", "coordinates": [962399.4954126789, 1951526.542233355]}, "properties": {"kind": "drone", "drone_id": 15, "frame": 113, "time_s": 113.0, "timestamp": "2025-01-01T00:01:53", "mode": "SUM_MIN", "is_static": false, "battery": 39.500000000000625}}, {"type": "Feature", "geometry": {"type": "Point", "coordinates": [963531.5143333401, 1950980.1136619265]}, "properties": {"kind": "drone", "drone_id": 16, "frame": 113, "time_s": 113.0, "timestamp": "2025-01-01T00:01:53", "mode": "SUM_MIN", "is_static": false, "battery": 50.0}}, {"type": "Feature", "geometry": {"type": "Point", "coordinates": [964552.1871306574, 1949640.8279476408]}, "properties": {"kind": "drone", "drone_id": 17, "frame": 113, "time_s": 113.0, "timestamp": "2025-01-01T00:01:53", "mode": "SUM_MIN", "is_static": false, "battery": 27.499999999999492}}, {"type": "Feature", "geometry": {"type": "Point", "coordinates": [964536.5406983044, 1949649.8614195716]}, "properties": {"kind": "drone", "drone_id": 18, "frame": 113, "time_s": 113.0, "timestamp": "2025-01-01T00:01:53", "mode": "SUM_MIN", "is_static": false, "battery": 19.285234899328653}}, {"type": "Feature", "geometry": {"type": "Point", "coordinates": [962622.1876593664, 1951505.1136619265]}, "properties": {"kind": "drone", "drone_id": 19, "frame": 113, "time_s": 113.0, "timestamp": "2025-01-01T00:01:53", "mode": "SUM_MIN", "is_static": false, "battery": 50.0}}, {"type": "Feature", "geometry": {"type": "Point", "coordinates": [965108.917747376, 1949769.3993762122]}, "properties": {"kind": "drone", "drone_id": 20, "frame": 113, "time_s": 113.0, "timestamp": "2025-01-01T00:01:53", "mode": "SUM_MIN", "is_static": false, "battery": 36.499999999998835}}, {"type": "Feature", "geometry": {"type": "Point", "coordinates": [961972.6686065281, 1951730.1136619265]}, "properties": {"kind": "base_A", "drone_id": 0, "frame": 113, "time_s": 113.0, "timestamp": "2025-01-01T00:01:53", "mode": "SUM_MIN", "is_static": true, "battery": 50.0}}, {"type": "Feature", "geometry": {"type": "Point", "coordinates": [966389.3981658287, 1948730.1136619265]}, "properties": {"kind": "base_B", "drone_id": 0, "frame": 113, "time_s": 113.0, "timestamp": "2025-01-01T00:01:53", "mode": "SUM_MIN", "is_static": true, "battery": 50.0}}, {"type": "Feature", "geometry": {"type": "Point", "coordinates": [965387.2830557353, 1949608.6850904978]}, "properties": {"kind": "drone", "drone_id": 1, "frame": 114, "time_s": 114.0, "timestamp": "2025-01-01T00:01:54", "mode": "SUM_MIN", "is_static": false, "battery": 34.99999999999965}}, {"type": "Feature", "geometry": {"type": "Point", "coordinates": [966222.3789808131, 1949276.542233355]}, "properties": {"kind": "drone", "drone_id": 2, "frame": 114, "time_s": 114.0, "timestamp": "2025-01-01T00:01:54", "mode": "SUM_MIN", "is_static": false, "battery": 43.99999999999942}}, {"type": "Feature", "geometry": {"type": "Point", "coordinates": [963809.8796416994, 1950519.3993762122]}, "properties": {"kind": "drone", "drone_id": 3, "frame": 114, "time_s": 114.0, "timestamp": "2025-01-01T00:01:54", "mode": "SUM_MIN", "is_static": false, "battery": 45.49999999999981}}, {"type": "Feature", "geometry": {"type": "Point", "coordinates": [962121.1301043197, 1951494.3993762122]}, "properties": {"kind": "drone", "drone_id": 4, "frame": 114, "time_s": 114.0, "timestamp": "2025-01-01T00:01:54", "mode": "SUM_MIN", "is_static": false, "battery": 43.99999999999981}}, {"type": "Feature", "geometry": {"type": "Point", "coordinates": [966389.3981658287, 1949051.542233355]}, "properties": {"kind": "drone", "drone_id": 5, "frame": 114, "time_s": 114.0, "timestamp": "2025-01-01T00:01:54", "mode": "SUM_MIN", "is_static": false, "battery": 35.00000000000081}}, {"type": "Feature", "geometry": {"type": "Point", "coordinates": [965665.6483640946, 1949597.9708047837]}, "properties": {"kind": "drone", "drone_id": 6, "frame": 114, "time_s": 114.0, "timestamp": "2025-01-01T00:01:54", "mode": "SUM_MIN", "is_static": false, "battery": 35.00000000000085}}, {"type": "Feature", "geometry": {"type": "Point", "coordinates": [963234.5913377568, 1951151.542233355]}, "properties": {"kind": "drone", "drone_id": 7, "frame": 114, "time_s": 114.0, "timestamp": "2025-01-01T00:01:54", "mode": "SUM_MIN", "is_static": false, "battery": 36.50000000000047}}, {"type": "Feature", "geometry": {"type": "Point", "coordinates": [964830.5524390168, 1949780.1136619265]}, "properties": {"kind": "drone", "drone_id": 8, "frame": 114, "time_s": 114.0, "timestamp": "2025-01-01T00:01:54", "mode": "SUM_MIN", "is_static": false, "battery": 27.49999999999988}}, {"type": "Feature", "geometry": {"type": "Point", "coordinates": [962956.2260293976, 1951312.2565190694]}, "properties": {"kind": "drone", "drone_id": 9, "frame": 114, "time_s": 114.0, "timestamp": "2025-01-01T00:01:54", "mode": "SUM_MIN", "is_static": false, "battery": 47.00000000000062}}, {"type": "Feature", "geometry": {"type": "Point", "coordinates": [965944.0136724538, 1949437.2565190694]}, "properties": {"kind": "drone", "drone_id": 10, "frame": 114, "time_s": 114.0, "timestamp": "2025-01-01T00:01:54", "mode": "SUM_MIN", "is_static": false, "battery": 48.49999999999981}}, {"type": "Feature", "geometry": {"type": "Point", "coordinates": [964273.8218222981, 1949651.542233355]}, "properties": {"kind": "drone", "drone_id": 11, "frame": 114, "time_s": 114.0, "timestamp": "2025-01-01T00:01:54", "mode": "SUM_MIN", "is_static": false, "battery": 32.00000000000027}}, {"type": "Feature", "geometry": {"type": "Point", "coordinates": [963921.225765043, 1949940.8279476408]}, "properties": {"kind": "drone", "drone_id": 12, "frame": 114, "time_s": 114.0, "timestamp": "2025-01-01T00:01:54", "mode": "SUM_MIN", "is_static": false, "battery": 33.500000000000234}}, {"type": "Feature", "geometry": {"type": "Point", "coordinates": [963921.225765043, 1950262.2565190694]}, "properties": {"kind": "drone", "drone_id": 13, "frame": 114, "time_s": 114.0, "timestamp": "2025-01-01T00:01:54", "mode": "SUM_MIN", "is_static": false, "battery": 39.5}}, {"type": "Feature", "geometry": {"type": "Point", "coordinates": [963791.3219544754, 1950830.1136619265]}, "properties": {"kind": "drone", "drone_id": 14, "frame": 114, "time_s": 114.0, "timestamp": "2025-01-01T00:01:54", "mode": "SUM_MIN", "is_static": false, "battery": 44.00000000000082}}, {"type": "Feature", "geometry": {"type": "Point", "coordinates": [962399.4954126789, 1951526.542233355]}, "properties": {"kind": "drone", "drone_id": 15, "frame": 114, "time_s": 114.0, "timestamp": "2025-01-01T00:01:54", "mode": "SUM_MIN", "is_static": false, "battery": 39.500000000000625}}, {"type": "Feature", "geometry": {"type": "Point", "coordinates": [963531.5143333401, 1950980.1136619265]}, "properties": {"kind": "drone", "drone_id": 16, "frame": 114, "time_s": 114.0, "timestamp": "2025-01-01T00:01:54", "mode": "SUM_MIN", "is_static": false, "battery": 50.0}}, {"type": "Feature", "geometry": {"type": "Point", "coordinates": [964552.1871306574, 1949640.8279476408]}, "properties": {"kind": "drone", "drone_id": 17, "frame": 114, "time_s": 114.0, "timestamp": "2025-01-01T00:01:54", "mode": "SUM_MIN", "is_static": false, "battery": 27.499999999999492}}, {"type": "Feature", "geometry": {"type": "Point", "coordinates": [964510.6519771186, 1949664.808279717]}, "properties": {"kind": "drone", "drone_id": 18, "frame": 114, "time_s": 114.0, "timestamp": "2025-01-01T00:01:54", "mode": "SUM_MIN", "is_static": false, "battery": 19.01342281879174}}, {"type": "Feature", "geometry": {"type": "Point", "coordinates": [962622.1876593664, 1951505.1136619265]}, "properties": {"kind": "drone", "drone_id": 19, "frame": 114, "time_s": 114.0, "timestamp": "2025-01-01T00:01:54", "mode": "SUM_MIN", "is_static": false, "battery": 50.0}}, {"type": "Feature", "geometry": {"type": "Point", "coordinates": [965108.917747376, 1949769.3993762122]}, "properties": {"kind": "drone", "drone_id": 20, "frame": 114, "time_s": 114.0, "timestamp": "2025-01-01T00:01:54", "mode": "SUM_MIN", "is_static": false, "battery": 36.499999999998835}}, {"type": "Feature", "geometry": {"type": "Point", "coordinates": [961972.6686065281, 1951730.1136619265]}, "properties": {"kind": "base_A", "drone_id": 0, "frame": 114, "time_s": 114.0, "timestamp": "2025-01-01T00:01:54", "mode": "SUM_MIN", "is_static": true, "battery": 50.0}}, {"type": "Feature", "geometry": {"type": "Point", "coordinates": [966389.3981658287, 1948730.1136619265]}, "properties": {"kind": "base_B", "drone_id": 0, "frame": 114, "time_s": 114.0, "timestamp": "2025-01-01T00:01:54", "mode": "SUM_MIN", "is_static": true, "battery": 50.0}}, {"type": "Feature", "geometry": {"type": "Point", "coordinates": [965387.2830557353, 1949608.6850904978]}, "properties": {"kind": "drone", "drone_id": 1, "frame": 115, "time_s": 115.0, "timestamp": "2025-01-01T00:01:55", "mode": "SUM_MIN", "is_static": false, "battery": 34.99999999999965}}, {"type": "Feature", "geometry": {"type": "Point", "coordinates": [966222.3789808131, 1949276.542233355]}, "properties": {"kind": "drone", "drone_id": 2, "frame": 115, "time_s": 115.0, "timestamp": "2025-01-01T00:01:55", "mode": "SUM_MIN", "is_static": false, "battery": 43.99999999999942}}, {"type": "Feature", "geometry": {"type": "Point", "coordinates": [963809.8796416994, 1950519.3993762122]}, "properties": {"kind": "drone", "drone_id": 3, "frame": 115, "time_s": 115.0, "timestamp": "2025-01-01T00:01:55", "mode": "SUM_MIN", "is_static": false, "battery": 45.49999999999981}}, {"type": "Feature", "geometry": {"type": "Point", "coordinates": [962121.1301043197, 1951494.3993762122]}, "properties": {"kind": "drone", "drone_id": 4, "frame": 115, "time_s": 115.0, "timestamp": "2025-01-01T00:01:55", "mode": "SUM_MIN", "is_static": false, "battery": 43.99999999999981}}, {"type": "Feature", "geometry": {"type": "Point", "coordinates": [966389.3981658287, 1949051.542233355]}, "properties": {"kind": "drone", "drone_id": 5, "frame": 115, "time_s": 115.0, "timestamp": "2025-01-01T00:01:55", "mode": "SUM_MIN", "is_static": false, "battery": 35.00000000000081}}, {"type": "Feature", "geometry": {"type": "Point", "coordinates": [965665.6483640946, 1949597.9708047837]}, "properties": {"kind": "drone", "drone_id": 6, "frame": 115, "time_s": 115.0, "timestamp": "2025-01-01T00:01:55", "mode": "SUM_MIN", "is_static": false, "battery": 35.00000000000085}}, {"type": "Feature", "geometry": {"type": "Point", "coordinates": [963234.5913377568, 1951151.542233355]}, "properties": {"kind": "drone", "drone_id": 7, "frame": 115, "time_s": 115.0, "timestamp": "2025-01-01T00:01:55", "mode": "SUM_MIN", "is_static": false, "battery": 36.50000000000047}}, {"type": "Feature", "geometry": {"type": "Point", "coordinates": [964830.5524390168, 1949780.1136619265]}, "properties": {"kind": "drone", "drone_id": 8, "frame": 115, "time_s": 115.0, "timestamp": "2025-01-01T00:01:55", "mode": "SUM_MIN", "is_static": false, "battery": 27.49999999999988}}, {"type": "Feature", "geometry": {"type": "Point", "coordinates": [962956.2260293976, 1951312.2565190694]}, "properties": {"kind": "drone", "drone_id": 9, "frame": 115, "time_s": 115.0, "timestamp": "2025-01-01T00:01:55", "mode": "SUM_MIN", "is_static": false, "battery": 47.00000000000062}}, {"type": "Feature", "geometry": {"type": "Point", "coordinates": [965944.0136724538, 1949437.2565190694]}, "properties": {"kind": "drone", "drone_id": 10, "frame": 115, "time_s": 115.0, "timestamp": "2025-01-01T00:01:55", "mode": "SUM_MIN", "is_static": false, "battery": 48.49999999999981}}, {"type": "Feature", "geometry": {"type": "Point", "coordinates": [964273.8218222981, 1949651.542233355]}, "properties": {"kind": "drone", "drone_id": 11, "frame": 115, "time_s": 115.0, "timestamp": "2025-01-01T00:01:55", "mode": "SUM_MIN", "is_static": false, "battery": 32.00000000000027}}, {"type": "Feature", "geometry": {"type": "Point", "coordinates": [963921.225765043, 1949940.8279476408]}, "properties": {"kind": "drone", "drone_id": 12, "frame": 115, "time_s": 115.0, "timestamp": "2025-01-01T00:01:55", "mode": "SUM_MIN", "is_static": false, "battery": 33.500000000000234}}, {"type": "Feature", "geometry": {"type": "Point", "coordinates": [963921.225765043, 1950262.2565190694]}, "properties": {"kind": "drone", "drone_id": 13, "frame": 115, "time_s": 115.0, "timestamp": "2025-01-01T00:01:55", "mode": "SUM_MIN", "is_static": false, "battery": 39.5}}, {"type": "Feature", "geometry": {"type": "Point", "coordinates": [963791.3219544754, 1950830.1136619265]}, "properties": {"kind": "drone", "drone_id": 14, "frame": 115, "time_s": 115.0, "timestamp": "2025-01-01T00:01:55", "mode": "SUM_MIN", "is_static": false, "battery": 44.00000000000082}}, {"type": "Feature", "geometry": {"type": "Point", "coordinates": [962399.4954126789, 1951526.542233355]}, "properties": {"kind": "drone", "drone_id": 15, "frame": 115, "time_s": 115.0, "timestamp": "2025-01-01T00:01:55", "mode": "SUM_MIN", "is_static": false, "battery": 39.500000000000625}}, {"type": "Feature", "geometry": {"type": "Point", "coordinates": [963531.5143333401, 1950980.1136619265]}, "properties": {"kind": "drone", "drone_id": 16, "frame": 115, "time_s": 115.0, "timestamp": "2025-01-01T00:01:55", "mode": "SUM_MIN", "is_static": false, "battery": 50.0}}, {"type": "Feature", "geometry": {"type": "Point", "coordinates": [964552.1871306574, 1949640.8279476408]}, "properties": {"kind": "drone", "drone_id": 17, "frame": 115, "time_s": 115.0, "timestamp": "2025-01-01T00:01:55", "mode": "SUM_MIN", "is_static": false, "battery": 27.499999999999492}}, {"type": "Feature", "geometry": {"type": "Point", "coordinates": [964485.270856919, 1949679.4620762968]}, "properties": {"kind": "drone", "drone_id": 18, "frame": 115, "time_s": 115.0, "timestamp": "2025-01-01T00:01:55", "mode": "SUM_MIN", "is_static": false, "battery": 18.741610738254824}}, {"type": "Feature", "geometry": {"type": "Point", "coordinates": [962622.1876593664, 1951505.1136619265]}, "properties": {"kind": "drone", "drone_id": 19, "frame": 115, "time_s": 115.0, "timestamp": "2025-01-01T00:01:55", "mode": "SUM_MIN", "is_static": false, "battery": 50.0}}, {"type": "Feature", "geometry": {"type": "Point", "coordinates": [965108.917747376, 1949769.3993762122]}, "properties": {"kind": "drone", "drone_id": 20, "frame": 115, "time_s": 115.0, "timestamp": "2025-01-01T00:01:55", "mode": "SUM_MIN", "is_static": false, "battery": 36.499999999998835}}, {"type": "Feature", "geometry": {"type": "Point", "coordinates": [961972.6686065281, 1951730.1136619265]}, "properties": {"kind": "base_A", "drone_id": 0, "frame": 115, "time_s": 115.0, "timestamp": "2025-01-01T00:01:55", "mode": "SUM_MIN", "is_static": true, "battery": 50.0}}, {"type": "Feature", "geometry": {"type": "Point", "coordinates": [966389.3981658287, 1948730.1136619265]}, "properties": {"kind": "base_B", "drone_id": 0, "frame": 115, "time_s": 115.0, "timestamp": "2025-01-01T00:01:55", "mode": "SUM_MIN", "is_static": true, "battery": 50.0}}, {"type": "Feature", "geometry": {"type": "Point", "coordinates": [965387.2830557353, 1949608.6850904978]}, "properties": {"kind": "drone", "drone_id": 1, "frame": 116, "time_s": 116.0, "timestamp": "2025-01-01T00:01:56", "mode": "SUM_MIN", "is_static": false, "battery": 34.99999999999965}}, {"type": "Feature", "geometry": {"type": "Point", "coordinates": [966222.3789808131, 1949276.542233355]}, "properties": {"kind": "drone", "drone_id": 2, "frame": 116, "time_s": 116.0, "timestamp": "2025-01-01T00:01:56", "mode": "SUM_MIN", "is_static": false, "battery": 43.99999999999942}}, {"type": "Feature", "geometry": {"type": "Point", "coordinates": [963809.8796416994, 1950519.3993762122]}, "properties": {"kind": "drone", "drone_id": 3, "frame": 116, "time_s": 116.0, "timestamp": "2025-01-01T00:01:56", "mode": "SUM_MIN", "is_static": false, "battery": 45.49999999999981}}, {"type": "Feature", "geometry": {"type": "Point", "coordinates": [962121.1301043197, 1951494.3993762122]}, "properties": {"kind": "drone", "drone_id": 4, "frame": 116, "time_s": 116.0, "timestamp": "2025-01-01T00:01:56", "mode": "SUM_MIN", "is_static": false, "battery": 43.99999999999981}}, {"type": "Feature", "geometry": {"type": "Point", "coordinates": [966389.3981658287, 1949051.542233355]}, "properties": {"kind": "drone", "drone_id": 5, "frame": 116, "time_s": 116.0, "timestamp": "2025-01-01T00:01:56", "mode": "SUM_MIN", "is_static": false, "battery": 35.00000000000081}}, {"type": "Feature", "geometry": {"type": "Point", "coordinates": [965665.6483640946, 1949597.9708047837]}, "properties": {"kind": "drone", "drone_id": 6, "frame": 116, "time_s": 116.0, "timestamp": "2025-01-01T00:01:56", "mode": "SUM_MIN", "is_static": false, "battery": 35.00000000000085}}, {"type": "Feature", "geometry": {"type": "Point", "coordinates": [963234.5913377568, 1951151.542233355]}, "properties": {"kind": "drone", "drone_id": 7, "frame": 116, "time_s": 116.0, "timestamp": "2025-01-01T00:01:56", "mode": "SUM_MIN", "is_static": false, "battery": 36.50000000000047}}, {"type": "Feature", "geometry": {"type": "Point", "coordinates": [964830.5524390168, 1949780.1136619265]}, "properties": {"kind": "drone", "drone_id": 8, "frame": 116, "time_s": 116.0, "timestamp": "2025-01-01T00:01:56", "mode": "SUM_MIN", "is_static": false, "battery": 27.49999999999988}}, {"type": "Feature", "geometry": {"type": "Point", "coordinates": [962956.2260293976, 1951312.2565190694]}, "properties": {"kind": "drone", "drone_id": 9, "frame": 116, "time_s": 116.0, "timestamp": "2025-01-01T00:01:56", "mode": "SUM_MIN", "is_static": false, "battery": 47.00000000000062}}, {"type": "Feature", "geometry": {"type": "Point", "coordinates": [965944.0136724538, 1949437.2565190694]}, "properties": {"kind": "drone", "drone_id": 10, "frame": 116, "time_s": 116.0, "timestamp": "2025-01-01T00:01:56", "mode": "SUM_MIN", "is_static": false, "battery": 48.49999999999981}}, {"type": "Feature", "geometry": {"type": "Point", "coordinates": [964273.8218222981, 1949651.542233355]}, "properties": {"kind": "drone", "drone_id": 11, "frame": 116, "time_s": 116.0, "timestamp": "2025-01-01T00:01:56", "mode": "SUM_MIN", "is_static": false, "battery": 32.00000000000027}}, {"type": "Feature", "geometry": {"type": "Point", "coordinates": [963921.225765043, 1949940.8279476408]}, "properties": {"kind": "drone", "drone_id": 12, "frame": 116, "time_s": 116.0, "timestamp": "2025-01-01T00:01:56", "mode": "SUM_MIN", "is_static": false, "battery": 33.500000000000234}}, {"type": "Feature", "geometry": {"type": "Point", "coordinates": [963921.225765043, 1950262.2565190694]}, "properties": {"kind": "drone", "drone_id": 13, "frame": 116, "time_s": 116.0, "timestamp": "2025-01-01T00:01:56", "mode": "SUM_MIN", "is_static": false, "battery": 39.5}}, {"type": "Feature", "geometry": {"type": "Point", "coordinates": [963791.3219544754, 1950830.1136619265]}, "properties": {"kind": "drone", "drone_id": 14, "frame": 116, "time_s": 116.0, "timestamp": "2025-01-01T00:01:56", "mode": "SUM_MIN", "is_static": false, "battery": 44.00000000000082}}, {"type": "Feature", "geometry": {"type": "Point", "coordinates": [962399.4954126789, 1951526.542233355]}, "properties": {"kind": "drone", "drone_id": 15, "frame": 116, "time_s": 116.0, "timestamp": "2025-01-01T00:01:56", "mode": "SUM_MIN", "is_static": false, "battery": 39.500000000000625}}, {"type": "Feature", "geometry": {"type": "Point", "coordinates": [963531.5143333401, 1950980.1136619265]}, "properties": {"kind": "drone", "drone_id": 16, "frame": 116, "time_s": 116.0, "timestamp": "2025-01-01T00:01:56", "mode": "SUM_MIN", "is_static": false, "battery": 50.0}}, {"type": "Feature", "geometry": {"type": "Point", "coordinates": [964552.1871306574, 1949640.8279476408]}, "properties": {"kind": "drone", "drone_id": 17, "frame": 116, "time_s": 116.0, "timestamp": "2025-01-01T00:01:56", "mode": "SUM_MIN", "is_static": false, "battery": 27.499999999999492}}, {"type": "Feature", "geometry": {"type": "Point", "coordinates": [964460.4101883635, 1949693.8153899796]}, "properties": {"kind": "drone", "drone_id": 18, "frame": 116, "time_s": 116.0, "timestamp": "2025-01-01T00:01:56", "mode": "SUM_MIN", "is_static": false, "battery": 18.46979865771791}}, {"type": "Feature", "geometry": {"type": "Point", "coordinates": [962622.1876593664, 1951505.1136619265]}, "properties": {"kind": "drone", "drone_id": 19, "frame": 116, "time_s": 116.0, "timestamp": "2025-01-01T00:01:56", "mode": "SUM_MIN", "is_static": false, "battery": 50.0}}, {"type": "Feature", "geometry": {"type": "Point", "coordinates": [965108.917747376, 1949769.3993762122]}, "properties": {"kind": "drone", "drone_id": 20, "frame": 116, "time_s": 116.0, "timestamp": "2025-01-01T00:01:56", "mode": "SUM_MIN", "is_static": false, "battery": 36.499999999998835}}, {"type": "Feature", "geometry": {"type": "Point", "coordinates": [961972.6686065281, 1951730.1136619265]}, "properties": {"kind": "base_A", "drone_id": 0, "frame": 116, "time_s": 116.0, "timestamp": "2025-01-01T00:01:56", "mode": "SUM_MIN", "is_static": true, "battery": 50.0}}, {"type": "Feature", "geometry": {"type": "Point", "coordinates": [966389.3981658287, 1948730.1136619265]}, "properties": {"kind": "base_B", "drone_id": 0, "frame": 116, "time_s": 116.0, "timestamp": "2025-01-01T00:01:56", "mode": "SUM_MIN", "is_static": true, "battery": 50.0}}, {"type": "Feature", "geometry": {"type": "Point", "coordinates": [965387.2830557353, 1949608.6850904978]}, "properties": {"kind": "drone", "drone_id": 1, "frame": 117, "time_s": 117.0, "timestamp": "2025-01-01T00:01:57", "mode": "SUM_MIN", "is_static": false, "battery": 34.99999999999965}}, {"type": "Feature", "geometry": {"type": "Point", "coordinates": [966222.3789808131, 1949276.542233355]}, "properties": {"kind": "drone", "drone_id": 2, "frame": 117, "time_s": 117.0, "timestamp": "2025-01-01T00:01:57", "mode": "SUM_MIN", "is_static": false, "battery": 43.99999999999942}}, {"type": "Feature", "geometry": {"type": "Point", "coordinates": [963809.8796416994, 1950519.3993762122]}, "properties": {"kind": "drone", "drone_id": 3, "frame": 117, "time_s": 117.0, "timestamp": "2025-01-01T00:01:57", "mode": "SUM_MIN", "is_static": false, "battery": 45.49999999999981}}, {"type": "Feature", "geometry": {"type": "Point", "coordinates": [962121.1301043197, 1951494.3993762122]}, "properties": {"kind": "drone", "drone_id": 4, "frame": 117, "time_s": 117.0, "timestamp": "2025-01-01T00:01:57", "mode": "SUM_MIN", "is_static": false, "battery": 43.99999999999981}}, {"type": "Feature", "geometry": {"type": "Point", "coordinates": [966389.3981658287, 1949051.542233355]}, "properties": {"kind": "drone", "drone_id": 5, "frame": 117, "time_s": 117.0, "timestamp": "2025-01-01T00:01:57", "mode": "SUM_MIN", "is_static": false, "battery": 35.00000000000081}}, {"type": "Feature", "geometry": {"type": "Point", "coordinates": [965665.6483640946, 1949597.9708047837]}, "properties": {"kind": "drone", "drone_id": 6, "frame": 117, "time_s": 117.0, "timestamp": "2025-01-01T00:01:57", "mode": "SUM_MIN", "is_static": false, "battery": 35.00000000000085}}, {"type": "Feature", "geometry": {"type": "Point", "coordinates": [963234.5913377568, 1951151.542233355]}, "properties": {"kind": "drone", "drone_id": 7, "frame": 117, "time_s": 117.0, "timestamp": "2025-01-01T00:01:57", "mode": "SUM_MIN", "is_static": false, "battery": 36.50000000000047}}, {"type": "Feature", "geometry": {"type": "Point", "coordinates": [964830.5524390168, 1949780.1136619265]}, "properties": {"kind": "drone", "drone_id": 8, "frame": 117, "time_s": 117.0, "timestamp": "2025-01-01T00:01:57", "mode": "SUM_MIN", "is_static": false, "battery": 27.49999999999988}}, {"type": "Feature", "geometry": {"type": "Point", "coordinates": [962956.2260293976, 1951312.2565190694]}, "properties": {"kind": "drone", "drone_id": 9, "frame": 117, "time_s": 117.0, "timestamp": "2025-01-01T00:01:57", "mode": "SUM_MIN", "is_static": false, "battery": 47.00000000000062}}, {"type": "Feature", "geometry": {"type": "Point", "coordinates": [965944.0136724538, 1949437.2565190694]}, "properties": {"kind": "drone", "drone_id": 10, "frame": 117, "time_s": 117.0, "timestamp": "2025-01-01T00:01:57", "mode": "SUM_MIN", "is_static": false, "battery": 48.49999999999981}}, {"type": "Feature", "geometry": {"type": "Point", "coordinates": [964273.8218222981, 1949651.542233355]}, "properties": {"kind": "drone", "drone_id": 11, "frame": 117, "time_s": 117.0, "timestamp": "2025-01-01T00:01:57", "mode": "SUM_MIN", "is_static": false, "battery": 32.00000000000027}}, {"type": "Feature", "geometry": {"type": "Point", "coordinates": [963921.225765043, 1949940.8279476408]}, "properties": {"kind": "drone", "drone_id": 12, "frame": 117, "time_s": 117.0, "timestamp": "2025-01-01T00:01:57", "mode": "SUM_MIN", "is_static": false, "battery": 33.500000000000234}}, {"type": "Feature", "geometry": {"type": "Point", "coordinates": [963921.225765043, 1950262.2565190694]}, "properties": {"kind": "drone", "drone_id": 13, "frame": 117, "time_s": 117.0, "timestamp": "2025-01-01T00:01:57", "mode": "SUM_MIN", "is_static": false, "battery": 39.5}}, {"type": "Feature", "geometry": {"type": "Point", "coordinates": [963791.3219544754, 1950830.1136619265]}, "properties": {"kind": "drone", "drone_id": 14, "frame": 117, "time_s": 117.0, "timestamp": "2025-01-01T00:01:57", "mode": "SUM_MIN", "is_static": false, "battery": 44.00000000000082}}, {"type": "Feature", "geometry": {"type": "Point", "coordinates": [962399.4954126789, 1951526.542233355]}, "properties": {"kind": "drone", "drone_id": 15, "frame": 117, "time_s": 117.0, "timestamp": "2025-01-01T00:01:57", "mode": "SUM_MIN", "is_static": false, "battery": 39.500000000000625}}, {"type": "Feature", "geometry": {"type": "Point", "coordinates": [963531.5143333401, 1950980.1136619265]}, "properties": {"kind": "drone", "drone_id": 16, "frame": 117, "time_s": 117.0, "timestamp": "2025-01-01T00:01:57", "mode": "SUM_MIN", "is_static": false, "battery": 50.0}}, {"type": "Feature", "geometry": {"type": "Point", "coordinates": [964552.1871306574, 1949640.8279476408]}, "properties": {"kind": "drone", "drone_id": 17, "frame": 117, "time_s": 117.0, "timestamp": "2025-01-01T00:01:57", "mode": "SUM_MIN", "is_static": false, "battery": 27.499999999999492}}, {"type": "Feature", "geometry": {"type": "Point", "coordinates": [964436.08282211, 1949702.3665224183]}, "properties": {"kind": "drone", "drone_id": 18, "frame": 117, "time_s": 117.0, "timestamp": "2025-01-01T00:01:57", "mode": "SUM_MIN", "is_static": false, "battery": 18.197986577181}}, {"type": "Feature", "geometry": {"type": "Point", "coordinates": [962622.1876593664, 1951505.1136619265]}, "properties": {"kind": "drone", "drone_id": 19, "frame": 117, "time_s": 117.0, "timestamp": "2025-01-01T00:01:57", "mode": "SUM_MIN", "is_static": false, "battery": 50.0}}, {"type": "Feature", "geometry": {"type": "Point", "coordinates": [965108.917747376, 1949769.3993762122]}, "properties": {"kind": "drone", "drone_id": 20, "frame": 117, "time_s": 117.0, "timestamp": "2025-01-01T00:01:57", "mode": "SUM_MIN", "is_static": false, "battery": 36.499999999998835}}, {"type": "Feature", "geometry": {"type": "Point", "coordinates": [961972.6686065281, 1951730.1136619265]}, "properties": {"kind": "base_A", "drone_id": 0, "frame": 117, "time_s": 117.0, "timestamp": "2025-01-01T00:01:57", "mode": "SUM_MIN", "is_static": true, "battery": 50.0}}, {"type": "Feature", "geometry": {"type": "Point", "coordinates": [966389.3981658287, 1948730.1136619265]}, "properties": {"kind": "base_B", "drone_id": 0, "frame": 117, "time_s": 117.0, "timestamp": "2025-01-01T00:01:57", "mode": "SUM_MIN", "is_static": true, "battery": 50.0}}, {"type": "Feature", "geometry": {"type": "Point", "coordinates": [965387.2830557353, 1949608.6850904978]}, "properties": {"kind": "drone", "drone_id": 1, "frame": 118, "time_s": 118.0, "timestamp": "2025-01-01T00:01:58", "mode": "SUM_MIN", "is_static": false, "battery": 34.99999999999965}}, {"type": "Feature", "geometry": {"type": "Point", "coordinates": [966222.3789808131, 1949276.542233355]}, "properties": {"kind": "drone", "drone_id": 2, "frame": 118, "time_s": 118.0, "timestamp": "2025-01-01T00:01:58", "mode": "SUM_MIN", "is_static": false, "battery": 43.99999999999942}}, {"type": "Feature", "geometry": {"type": "Point", "coordinates": [963809.8796416994, 1950519.3993762122]}, "properties": {"kind": "drone", "drone_id": 3, "frame": 118, "time_s": 118.0, "timestamp": "2025-01-01T00:01:58", "mode": "SUM_MIN", "is_static": false, "battery": 45.49999999999981}}, {"type": "Feature", "geometry": {"type": "Point", "coordinates": [962121.1301043197, 1951494.3993762122]}, "properties": {"kind": "drone", "drone_id": 4, "frame": 118, "time_s": 118.0, "timestamp": "2025-01-01T00:01:58", "mode": "SUM_MIN", "is_static": false, "battery": 43.99999999999981}}, {"type": "Feature", "geometry": {"type": "Point", "coordinates": [966389.3981658287, 1949051.542233355]}, "properties": {"kind": "drone", "drone_id": 5, "frame": 118, "time_s": 118.0, "timestamp": "2025-01-01T00:01:58", "mode": "SUM_MIN", "is_static": false, "battery": 35.00000000000081}}, {"type": "Feature", "geometry": {"type": "Point", "coordinates": [965665.6483640946, 1949597.9708047837]}, "properties": {"kind": "drone", "drone_id": 6, "frame": 118, "time_s": 118.0, "timestamp": "2025-01-01T00:01:58", "mode": "SUM_MIN", "is_static": false, "battery": 35.00000000000085}}, {"type": "Feature", "geometry": {"type": "Point", "coordinates": [963234.5913377568, 1951151.542233355]}, "properties": {"kind": "drone", "drone_id": 7, "frame": 118, "time_s": 118.0, "timestamp": "2025-01-01T00:01:58", "mode": "SUM_MIN", "is_static": false, "battery": 36.50000000000047}}, {"type": "Feature", "geometry": {"type": "Point", "coordinates": [964830.5524390168, 1949780.1136619265]}, "properties": {"kind": "drone", "drone_id": 8, "frame": 118, "time_s": 118.0, "timestamp": "2025-01-01T00:01:58", "mode": "SUM_MIN", "is_static": false, "battery": 27.49999999999988}}, {"type": "Feature", "geometry": {"type": "Point", "coordinates": [962956.2260293976, 1951312.2565190694]}, "properties": {"kind": "drone", "drone_id": 9, "frame": 118, "time_s": 118.0, "timestamp": "2025-01-01T00:01:58", "mode": "SUM_MIN", "is_static": false, "battery": 47.00000000000062}}, {"type": "Feature", "geometry": {"type": "Point", "coordinates": [965944.0136724538, 1949437.2565190694]}, "properties": {"kind": "drone", "drone_id": 10, "frame": 118, "time_s": 118.0, "timestamp": "2025-01-01T00:01:58", "mode": "SUM_MIN", "is_static": false, "battery": 48.49999999999981}}, {"type": "Feature", "geometry": {"type": "Point", "coordinates": [964273.8218222981, 1949651.542233355]}, "properties": {"kind": "drone", "drone_id": 11, "frame": 118, "time_s": 118.0, "timestamp": "2025-01-01T00:01:58", "mode": "SUM_MIN", "is_static": false, "battery": 32.00000000000027}}, {"type": "Feature", "geometry": {"type": "Point", "coordinates": [963921.225765043, 1949940.8279476408]}, "properties": {"kind": "drone", "drone_id": 12, "frame": 118, "time_s": 118.0, "timestamp": "2025-01-01T00:01:58", "mode": "SUM_MIN", "is_static": false, "battery": 33.500000000000234}}, {"type": "Feature", "geometry": {"type": "Point", "coordinates": [963921.225765043, 1950262.2565190694]}, "properties": {"kind": "drone", "drone_id": 13, "frame": 118, "time_s": 118.0, "timestamp": "2025-01-01T00:01:58", "mode": "SUM_MIN", "is_static": false, "battery": 39.5}}, {"type": "Feature", "geometry": {"type": "Point", "coordinates": [963791.3219544754, 1950830.1136619265]}, "properties": {"kind": "drone", "drone_id": 14, "frame": 118, "time_s": 118.0, "timestamp": "2025-01-01T00:01:58", "mode": "SUM_MIN", "is_static": false, "battery": 44.00000000000082}}, {"type": "Feature", "geometry": {"type": "Point", "coordinates": [962399.4954126789, 1951526.542233355]}, "properties": {"kind": "drone", "drone_id": 15, "frame": 118, "time_s": 118.0, "timestamp": "2025-01-01T00:01:58", "mode": "SUM_MIN", "is_static": false, "battery": 39.500000000000625}}, {"type": "Feature", "geometry": {"type": "Point", "coordinates": [963531.5143333401, 1950980.1136619265]}, "properties": {"kind": "drone", "drone_id": 16, "frame": 118, "time_s": 118.0, "timestamp": "2025-01-01T00:01:58", "mode": "SUM_MIN", "is_static": false, "battery": 50.0}}, {"type": "Feature", "geometry": {"type": "Point", "coordinates": [964552.1871306574, 1949640.8279476408]}, "properties": {"kind": "drone", "drone_id": 17, "frame": 118, "time_s": 118.0, "timestamp": "2025-01-01T00:01:58", "mode": "SUM_MIN", "is_static": false, "battery": 27.499999999999492}}, {"type": "Feature", "geometry": {"type": "Point", "coordinates": [964412.3016088164, 1949688.6364325215]}, "properties": {"kind": "drone", "drone_id": 18, "frame": 118, "time_s": 118.0, "timestamp": "2025-01-01T00:01:58", "mode": "SUM_MIN", "is_static": false, "battery": 17.92617449664408}}, {"type": "Feature", "geometry": {"type": "Point", "coordinates": [962622.1876593664, 1951505.1136619265]}, "properties": {"kind": "drone", "drone_id": 19, "frame": 118, "time_s": 118.0, "timestamp": "2025-01-01T00:01:58", "mode": "SUM_MIN", "is_static": false, "battery": 50.0}}, {"type": "Feature", "geometry": {"type": "Point", "coordinates": [965108.917747376, 1949769.3993762122]}, "properties": {"kind": "drone", "drone_id": 20, "frame": 118, "time_s": 118.0, "timestamp": "2025-01-01T00:01:58", "mode": "SUM_MIN", "is_static": false, "battery": 36.499999999998835}}, {"type": "Feature", "geometry": {"type": "Point", "coordinates": [961972.6686065281, 1951730.1136619265]}, "properties": {"kind": "base_A", "drone_id": 0, "frame": 118, "time_s": 118.0, "timestamp": "2025-01-01T00:01:58", "mode": "SUM_MIN", "is_static": true, "battery": 50.0}}, {"type": "Feature", "geometry": {"type": "Point", "coordinates": [966389.3981658287, 1948730.1136619265]}, "properties": {"kind": "base_B", "drone_id": 0, "frame": 118, "time_s": 118.0, "timestamp": "2025-01-01T00:01:58", "mode": "SUM_MIN", "is_static": true, "battery": 50.0}}, {"type": "Feature", "geometry": {"type": "Point", "coordinates": [965387.2830557353, 1949608.6850904978]}, "properties": {"kind": "drone", "drone_id": 1, "frame": 119, "time_s": 119.0, "timestamp": "2025-01-01T00:01:59", "mode": "SUM_MIN", "is_static": false, "battery": 34.99999999999965}}, {"type": "Feature", "geometry": {"type": "Point", "coordinates": [966222.3789808131, 1949276.542233355]}, "properties": {"kind": "drone", "drone_id": 2, "frame": 119, "time_s": 119.0, "timestamp": "2025-01-01T00:01:59", "mode": "SUM_MIN", "is_static": false, "battery": 43.99999999999942}}, {"type": "Feature", "geometry": {"type": "Point", "coordinates": [963809.8796416994, 1950519.3993762122]}, "properties": {"kind": "drone", "drone_id": 3, "frame": 119, "time_s": 119.0, "timestamp": "2025-01-01T00:01:59", "mode": "SUM_MIN", "is_static": false, "battery": 45.49999999999981}}, {"type": "Feature", "geometry": {"type": "Point", "coordinates": [962121.1301043197, 1951494.3993762122]}, "properties": {"kind": "drone", "drone_id": 4, "frame": 119, "time_s": 119.0, "timestamp": "2025-01-01T00:01:59", "mode": "SUM_MIN", "is_static": false, "battery": 43.99999999999981}}, {"type": "Feature", "geometry": {"type": "Point", "coordinates": [966389.3981658287, 1949051.542233355]}, "properties": {"kind": "drone", "drone_id": 5, "frame": 119, "time_s": 119.0, "timestamp": "2025-01-01T00:01:59", "mode": "SUM_MIN", "is_static": false, "battery": 35.00000000000081}}, {"type": "Feature", "geometry": {"type": "Point", "coordinates": [965665.6483640946, 1949597.9708047837]}, "properties": {"kind": "drone", "drone_id": 6, "frame": 119, "time_s": 119.0, "timestamp": "2025-01-01T00:01:59", "mode": "SUM_MIN", "is_static": false, "battery": 35.00000000000085}}, {"type": "Feature", "geometry": {"type": "Point", "coordinates": [963234.5913377568, 1951151.542233355]}, "properties": {"kind": "drone", "drone_id": 7, "frame": 119, "time_s": 119.0, "timestamp": "2025-01-01T00:01:59", "mode": "SUM_MIN", "is_static": false, "battery": 36.50000000000047}}, {"type": "Feature", "geometry": {"type": "Point", "coordinates": [964830.5524390168, 1949780.1136619265]}, "properties": {"kind": "drone", "drone_id": 8, "frame": 119, "time_s": 119.0, "timestamp": "2025-01-01T00:01:59", "mode": "SUM_MIN", "is_static": false, "battery": 27.49999999999988}}, {"type": "Feature", "geometry": {"type": "Point", "coordinates": [962956.2260293976, 1951312.2565190694]}, "properties": {"kind": "drone", "drone_id": 9, "frame": 119, "time_s": 119.0, "timestamp": "2025-01-01T00:01:59", "mode": "SUM_MIN", "is_static": false, "battery": 47.00000000000062}}, {"type": "Feature", "geometry": {"type": "Point", "coordinates": [965944.0136724538, 1949437.2565190694]}, "properties": {"kind": "drone", "drone_id": 10, "frame": 119, "time_s": 119.0, "timestamp": "2025-01-01T00:01:59", "mode": "SUM_MIN", "is_static": false, "battery": 48.49999999999981}}, {"type": "Feature", "geometry": {"type": "Point", "coordinates": [964273.8218222981, 1949651.542233355]}, "properties": {"kind": "drone", "drone_id": 11, "frame": 119, "time_s": 119.0, "timestamp": "2025-01-01T00:01:59", "mode": "SUM_MIN", "is_static": false, "battery": 32.00000000000027}}, {"type": "Feature", "geometry": {"type": "Point", "coordinates": [963921.225765043, 1949940.8279476408]}, "properties": {"kind": "drone", "drone_id": 12, "frame": 119, "time_s": 119.0, "timestamp": "2025-01-01T00:01:59", "mode": "SUM_MIN", "is_static": false, "battery": 33.500000000000234}}, {"type": "Feature", "geometry": {"type": "Point", "coordinates": [963921.225765043, 1950262.2565190694]}, "properties": {"kind": "drone", "drone_id": 13, "frame": 119, "time_s": 119.0, "timestamp": "2025-01-01T00:01:59", "mode": "SUM_MIN", "is_static": false, "battery": 39.5}}, {"type": "Feature", "geometry": {"type": "Point", "coordinates": [963791.3219544754, 1950830.1136619265]}, "properties": {"kind": "drone", "drone_id": 14, "frame": 119, "time_s": 119.0, "timestamp": "2025-01-01T00:01:59", "mode": "SUM_MIN", "is_static": false, "battery": 44.00000000000082}}, {"type": "Feature", "geometry": {"type": "Point", "coordinates": [962399.4954126789, 1951526.542233355]}, "properties": {"kind": "drone", "drone_id": 15, "frame": 119, "time_s": 119.0, "timestamp": "2025-01-01T00:01:59", "mode": "SUM_MIN", "is_static": false, "battery": 39.500000000000625}}, {"type": "Feature", "geometry": {"type": "Point", "coordinates": [963531.5143333401, 1950980.1136619265]}, "properties": {"kind": "drone", "drone_id": 16, "frame": 119, "time_s": 119.0, "timestamp": "2025-01-01T00:01:59", "mode": "SUM_MIN", "is_static": false, "battery": 50.0}}, {"type": "Feature", "geometry": {"type": "Point", "coordinates": [964552.1871306574, 1949640.8279476408]}, "properties": {"kind": "drone", "drone_id": 17, "frame": 119, "time_s": 119.0, "timestamp": "2025-01-01T00:01:59", "mode": "SUM_MIN", "is_static": false, "battery": 27.499999999999492}}, {"type": "Feature", "geometry": {"type": "Point", "coordinates": [964389.0793991404, 1949675.2290835138]}, "properties": {"kind": "drone", "drone_id": 18, "frame": 119, "time_s": 119.0, "timestamp": "2025-01-01T00:01:59", "mode": "SUM_MIN", "is_static": false, "battery": 17.65436241610717}}, {"type": "Feature", "geometry": {"type": "Point", "coordinates": [962622.1876593664, 1951505.1136619265]}, "properties": {"kind": "drone", "drone_id": 19, "frame": 119, "time_s": 119.0, "timestamp": "2025-01-01T00:01:59", "mode": "SUM_MIN", "is_static": false, "battery": 50.0}}, {"type": "Feature", "geometry": {"type": "Point", "coordinates": [965108.917747376, 1949769.3993762122]}, "properties": {"kind": "drone", "drone_id": 20, "frame": 119, "time_s": 119.0, "timestamp": "2025-01-01T00:01:59", "mode": "SUM_MIN", "is_static": false, "battery": 36.499999999998835}}, {"type": "Feature", "geometry": {"type": "Point", "coordinates": [961972.6686065281, 1951730.1136619265]}, "properties": {"kind": "base_A", "drone_id": 0, "frame": 119, "time_s": 119.0, "timestamp": "2025-01-01T00:01:59", "mode": "SUM_MIN", "is_static": true, "battery": 50.0}}, {"type": "Feature", "geometry": {"type": "Point", "coordinates": [966389.3981658287, 1948730.1136619265]}, "properties": {"kind": "base_B", "drone_id": 0, "frame": 119, "time_s": 119.0, "timestamp": "2025-01-01T00:01:59", "mode": "SUM_MIN", "is_static": true, "battery": 50.0}}, {"type": "Feature", "geometry": {"type": "Point", "coordinates": [965387.2830557353, 1949608.6850904978]}, "properties": {"kind": "drone", "drone_id": 1, "frame": 120, "time_s": 120.0, "timestamp": "2025-01-01T00:02:00", "mode": "SUM_MIN", "is_static": false, "battery": 34.99999999999965}}, {"type": "Feature", "geometry": {"type": "Point", "coordinates": [966222.3789808131, 1949276.542233355]}, "properties": {"kind": "drone", "drone_id": 2, "frame": 120, "time_s": 120.0, "timestamp": "2025-01-01T00:02:00", "mode": "SUM_MIN", "is_static": false, "battery": 43.99999999999942}}, {"type": "Feature", "geometry": {"type": "Point", "coordinates": [963809.8796416994, 1950519.3993762122]}, "properties": {"kind": "drone", "drone_id": 3, "frame": 120, "time_s": 120.0, "timestamp": "2025-01-01T00:02:00", "mode": "SUM_MIN", "is_static": false, "battery": 45.49999999999981}}, {"type": "Feature", "geometry": {"type": "Point", "coordinates": [962121.1301043197, 1951494.3993762122]}, "properties": {"kind": "drone", "drone_id": 4, "frame": 120, "time_s": 120.0, "timestamp": "2025-01-01T00:02:00", "mode": "SUM_MIN", "is_static": false, "battery": 43.99999999999981}}, {"type": "Feature", "geometry": {"type": "Point", "coordinates": [966389.3981658287, 1949051.542233355]}, "properties": {"kind": "drone", "drone_id": 5, "frame": 120, "time_s": 120.0, "timestamp": "2025-01-01T00:02:00", "mode": "SUM_MIN", "is_static": false, "battery": 35.00000000000081}}, {"type": "Feature", "geometry": {"type": "Point", "coordinates": [965665.6483640946, 1949597.9708047837]}, "properties": {"kind": "drone", "drone_id": 6, "frame": 120, "time_s": 120.0, "timestamp": "2025-01-01T00:02:00", "mode": "SUM_MIN", "is_static": false, "battery": 35.00000000000085}}, {"type": "Feature", "geometry": {"type": "Point", "coordinates": [963234.5913377568, 1951151.542233355]}, "properties": {"kind": "drone", "drone_id": 7, "frame": 120, "time_s": 120.0, "timestamp": "2025-01-01T00:02:00", "mode": "SUM_MIN", "is_static": false, "battery": 36.50000000000047}}, {"type": "Feature", "geometry": {"type": "Point", "coordinates": [964830.5524390168, 1949780.1136619265]}, "properties": {"kind": "drone", "drone_id": 8, "frame": 120, "time_s": 120.0, "timestamp": "2025-01-01T00:02:00", "mode": "SUM_MIN", "is_static": false, "battery": 27.49999999999988}}, {"type": "Feature", "geometry": {"type": "Point", "coordinates": [962956.2260293976, 1951312.2565190694]}, "properties": {"kind": "drone", "drone_id": 9, "frame": 120, "time_s": 120.0, "timestamp": "2025-01-01T00:02:00", "mode": "SUM_MIN", "is_static": false, "battery": 47.00000000000062}}, {"type": "Feature", "geometry": {"type": "Point", "coordinates": [965944.0136724538, 1949437.2565190694]}, "properties": {"kind": "drone", "drone_id": 10, "frame": 120, "time_s": 120.0, "timestamp": "2025-01-01T00:02:00", "mode": "SUM_MIN", "is_static": false, "battery": 48.49999999999981}}, {"type": "Feature", "geometry": {"type": "Point", "coordinates": [964273.8218222981, 1949651.542233355]}, "properties": {"kind": "drone", "drone_id": 11, "frame": 120, "time_s": 120.0, "timestamp": "2025-01-01T00:02:00", "mode": "SUM_MIN", "is_static": false, "battery": 32.00000000000027}}, {"type": "Feature", "geometry": {"type": "Point", "coordinates": [963921.225765043, 1949940.8279476408]}, "properties": {"kind": "drone", "drone_id": 12, "frame": 120, "time_s": 120.0, "timestamp": "2025-01-01T00:02:00", "mode": "SUM_MIN", "is_static": false, "battery": 33.500000000000234}}, {"type": "Feature", "geometry": {"type": "Point", "coordinates": [963921.225765043, 1950262.2565190694]}, "properties": {"kind": "drone", "drone_id": 13, "frame": 120, "time_s": 120.0, "timestamp": "2025-01-01T00:02:00", "mode": "SUM_MIN", "is_static": false, "battery": 39.5}}, {"type": "Feature", "geometry": {"type": "Point", "coordinates": [963791.3219544754, 1950830.1136619265]}, "properties": {"kind": "drone", "drone_id": 14, "frame": 120, "time_s": 120.0, "timestamp": "2025-01-01T00:02:00", "mode": "SUM_MIN", "is_static": false, "battery": 44.00000000000082}}, {"type": "Feature", "geometry": {"type": "Point", "coordinates": [962399.4954126789, 1951526.542233355]}, "properties": {"kind": "drone", "drone_id": 15, "frame": 120, "time_s": 120.0, "timestamp": "2025-01-01T00:02:00", "mode": "SUM_MIN", "is_static": false, "battery": 39.500000000000625}}, {"type": "Feature", "geometry": {"type": "Point", "coordinates": [963531.5143333401, 1950980.1136619265]}, "properties": {"kind": "drone", "drone_id": 16, "frame": 120, "time_s": 120.0, "timestamp": "2025-01-01T00:02:00", "mode": "SUM_MIN", "is_static": false, "battery": 50.0}}, {"type": "Feature", "geometry": {"type": "Point", "coordinates": [964552.1871306574, 1949640.8279476408]}, "properties": {"kind": "drone", "drone_id": 17, "frame": 120, "time_s": 120.0, "timestamp": "2025-01-01T00:02:00", "mode": "SUM_MIN", "is_static": false, "battery": 27.499999999999492}}, {"type": "Feature", "geometry": {"type": "Point", "coordinates": [964366.4290437402, 1949662.1518947263]}, "properties": {"kind": "drone", "drone_id": 18, "frame": 120, "time_s": 120.0, "timestamp": "2025-01-01T00:02:00", "mode": "SUM_MIN", "is_static": false, "battery": 17.382550335570258}}, {"type": "Feature", "geometry": {"type": "Point", "coordinates": [962622.1876593664, 1951505.1136619265]}, "properties": {"kind": "drone", "drone_id": 19, "frame": 120, "time_s": 120.0, "timestamp": "2025-01-01T00:02:00", "mode": "SUM_MIN", "is_static": false, "battery": 50.0}}, {"type": "Feature", "geometry": {"type": "Point", "coordinates": [965108.917747376, 1949769.3993762122]}, "properties": {"kind": "drone", "drone_id": 20, "frame": 120, "time_s": 120.0, "timestamp": "2025-01-01T00:02:00", "mode": "SUM_MIN", "is_static": false, "battery": 36.499999999998835}}, {"type": "Feature", "geometry": {"type": "Point", "coordinates": [961972.6686065281, 1951730.1136619265]}, "properties": {"kind": "base_A", "drone_id": 0, "frame": 120, "time_s": 120.0, "timestamp": "2025-01-01T00:02:00", "mode": "SUM_MIN", "is_static": true, "battery": 50.0}}, {"type": "Feature", "geometry": {"type": "Point", "coordinates": [966389.3981658287, 1948730.1136619265]}, "properties": {"kind": "base_B", "drone_id": 0, "frame": 120, "time_s": 120.0, "timestamp": "2025-01-01T00:02:00", "mode": "SUM_MIN", "is_static": true, "battery": 50.0}}, {"type": "Feature", "geometry": {"type": "Point", "coordinates": [965387.2830557353, 1949608.6850904978]}, "properties": {"kind": "drone", "drone_id": 1, "frame": 121, "time_s": 121.0, "timestamp": "2025-01-01T00:02:01", "mode": "SUM_MIN", "is_static": false, "battery": 34.99999999999965}}, {"type": "Feature", "geometry": {"type": "Point", "coordinates": [966222.3789808131, 1949276.542233355]}, "properties": {"kind": "drone", "drone_id": 2, "frame": 121, "time_s": 121.0, "timestamp": "2025-01-01T00:02:01", "mode": "SUM_MIN", "is_static": false, "battery": 43.99999999999942}}, {"type": "Feature", "geometry": {"type": "Point", "coordinates": [963809.8796416994, 1950519.3993762122]}, "properties": {"kind": "drone", "drone_id": 3, "frame": 121, "time_s": 121.0, "timestamp": "2025-01-01T00:02:01", "mode": "SUM_MIN", "is_static": false, "battery": 45.49999999999981}}, {"type": "Feature", "geometry": {"type": "Point", "coordinates": [962121.1301043197, 1951494.3993762122]}, "properties": {"kind": "drone", "drone_id": 4, "frame": 121, "time_s": 121.0, "timestamp": "2025-01-01T00:02:01", "mode": "SUM_MIN", "is_static": false, "battery": 43.99999999999981}}, {"type": "Feature", "geometry": {"type": "Point", "coordinates": [966389.3981658287, 1949051.542233355]}, "properties": {"kind": "drone", "drone_id": 5, "frame": 121, "time_s": 121.0, "timestamp": "2025-01-01T00:02:01", "mode": "SUM_MIN", "is_static": false, "battery": 35.00000000000081}}, {"type": "Feature", "geometry": {"type": "Point", "coordinates": [965665.6483640946, 1949597.9708047837]}, "properties": {"kind": "drone", "drone_id": 6, "frame": 121, "time_s": 121.0, "timestamp": "2025-01-01T00:02:01", "mode": "SUM_MIN", "is_static": false, "battery": 35.00000000000085}}, {"type": "Feature", "geometry": {"type": "Point", "coordinates": [963234.5913377568, 1951151.542233355]}, "properties": {"kind": "drone", "drone_id": 7, "frame": 121, "time_s": 121.0, "timestamp": "2025-01-01T00:02:01", "mode": "SUM_MIN", "is_static": false, "battery": 36.50000000000047}}, {"type": "Feature", "geometry": {"type": "Point", "coordinates": [964830.5524390168, 1949780.1136619265]}, "properties": {"kind": "drone", "drone_id": 8, "frame": 121, "time_s": 121.0, "timestamp": "2025-01-01T00:02:01", "mode": "SUM_MIN", "is_static": false, "battery": 27.49999999999988}}, {"type": "Feature", "geometry": {"type": "Point", "coordinates": [962956.2260293976, 1951312.2565190694]}, "properties": {"kind": "drone", "drone_id": 9, "frame": 121, "time_s": 121.0, "timestamp": "2025-01-01T00:02:01", "mode": "SUM_MIN", "is_static": false, "battery": 47.00000000000062}}, {"type": "Feature", "geometry": {"type": "Point", "coordinates": [965944.0136724538, 1949437.2565190694]}, "properties": {"kind": "drone", "drone_id": 10, "frame": 121, "time_s": 121.0, "timestamp": "2025-01-01T00:02:01", "mode": "SUM_MIN", "is_static": false, "battery": 48.49999999999981}}, {"type": "Feature", "geometry": {"type": "Point", "coordinates": [964273.8218222981, 1949651.542233355]}, "properties": {"kind": "drone", "drone_id": 11, "frame": 121, "time_s": 121.0, "timestamp": "2025-01-01T00:02:01", "mode": "SUM_MIN", "is_static": false, "battery": 32.00000000000027}}, {"type": "Feature", "geometry": {"type": "Point", "coordinates": [963921.225765043, 1949940.8279476408]}, "properties": {"kind": "drone", "drone_id": 12, "frame": 121, "time_s": 121.0, "timestamp": "2025-01-01T00:02:01", "mode": "SUM_MIN", "is_static": false, "battery": 33.500000000000234}}, {"type": "Feature", "geometry": {"type": "Point", "coordinates": [963921.225765043, 1950262.2565190694]}, "properties": {"kind": "drone", "drone_id": 13, "frame": 121, "time_s": 121.0, "timestamp": "2025-01-01T00:02:01", "mode": "SUM_MIN", "is_static": false, "battery": 39.5}}, {"type": "Feature", "geometry": {"type": "Point", "coordinates": [963791.3219544754, 1950830.1136619265]}, "properties": {"kind": "drone", "drone_id": 14, "frame": 121, "time_s": 121.0, "timestamp": "2025-01-01T00:02:01", "mode": "SUM_MIN", "is_static": false, "battery": 44.00000000000082}}, {"type": "Feature", "geometry": {"type": "Point", "coordinates": [962399.4954126789, 1951526.542233355]}, "properties": {"kind": "drone", "drone_id": 15, "frame": 121, "time_s": 121.0, "timestamp": "2025-01-01T00:02:01", "mode": "SUM_MIN", "is_static": false, "battery": 39.500000000000625}}, {"type": "Feature", "geometry": {"type": "Point", "coordinates": [963531.5143333401, 1950980.1136619265]}, "properties": {"kind": "drone", "drone_id": 16, "frame": 121, "time_s": 121.0, "timestamp": "2025-01-01T00:02:01", "mode": "SUM_MIN", "is_static": false, "battery": 50.0}}, {"type": "Feature", "geometry": {"type": "Point", "coordinates": [964552.1871306574, 1949640.8279476408]}, "properties": {"kind": "drone", "drone_id": 17, "frame": 121, "time_s": 121.0, "timestamp": "2025-01-01T00:02:01", "mode": "SUM_MIN", "is_static": false, "battery": 27.499999999999492}}, {"type": "Feature", "geometry": {"type": "Point", "coordinates": [964344.3633932734, 1949649.4122854895]}, "properties": {"kind": "drone", "drone_id": 18, "frame": 121, "time_s": 121.0, "timestamp": "2025-01-01T00:02:01", "mode": "SUM_MIN", "is_static": false, "battery": 17.110738255033333}}, {"type": "Feature", "geometry": {"type": "Point", "coordinates": [962622.1876593664, 1951505.1136619265]}, "properties": {"kind": "drone", "drone_id": 19, "frame": 121, "time_s": 121.0, "timestamp": "2025-01-01T00:02:01", "mode": "SUM_MIN", "is_static": false, "battery": 50.0}}, {"type": "Feature", "geometry": {"type": "Point", "coordinates": [965108.917747376, 1949769.3993762122]}, "properties": {"kind": "drone", "drone_id": 20, "frame": 121, "time_s": 121.0, "timestamp": "2025-01-01T00:02:01", "mode": "SUM_MIN", "is_static": false, "battery": 36.499999999998835}}, {"type": "Feature", "geometry": {"type": "Point", "coordinates": [961972.6686065281, 1951730.1136619265]}, "properties": {"kind": "base_A", "drone_id": 0, "frame": 121, "time_s": 121.0, "timestamp": "2025-01-01T00:02:01", "mode": "SUM_MIN", "is_static": true, "battery": 50.0}}, {"type": "Feature", "geometry": {"type": "Point", "coordinates": [966389.3981658287, 1948730.1136619265]}, "properties": {"kind": "base_B", "drone_id": 0, "frame": 121, "time_s": 121.0, "timestamp": "2025-01-01T00:02:01", "mode": "SUM_MIN", "is_static": true, "battery": 50.0}}, {"type": "Feature", "geometry": {"type": "Point", "coordinates": [965387.2830557353, 1949608.6850904978]}, "properties": {"kind": "drone", "drone_id": 1, "frame": 122, "time_s": 122.0, "timestamp": "2025-01-01T00:02:02", "mode": "SUM_MIN", "is_static": false, "battery": 34.99999999999965}}, {"type": "Feature", "geometry": {"type": "Point", "coordinates": [966222.3789808131, 1949276.542233355]}, "properties": {"kind": "drone", "drone_id": 2, "frame": 122, "time_s": 122.0, "timestamp": "2025-01-01T00:02:02", "mode": "SUM_MIN", "is_static": false, "battery": 43.99999999999942}}, {"type": "Feature", "geometry": {"type": "Point", "coordinates": [963809.8796416994, 1950519.3993762122]}, "properties": {"kind": "drone", "drone_id": 3, "frame": 122, "time_s": 122.0, "timestamp": "2025-01-01T00:02:02", "mode": "SUM_MIN", "is_static": false, "battery": 45.49999999999981}}, {"type": "Feature", "geometry": {"type": "Point", "coordinates": [962121.1301043197, 1951494.3993762122]}, "properties": {"kind": "drone", "drone_id": 4, "frame": 122, "time_s": 122.0, "timestamp": "2025-01-01T00:02:02", "mode": "SUM_MIN", "is_static": false, "battery": 43.99999999999981}}, {"type": "Feature", "geometry": {"type": "Point", "coordinates": [966389.3981658287, 1949051.542233355]}, "properties": {"kind": "drone", "drone_id": 5, "frame": 122, "time_s": 122.0, "timestamp": "2025-01-01T00:02:02", "mode": "SUM_MIN", "is_static": false, "battery": 35.00000000000081}}, {"type": "Feature", "geometry": {"type": "Point", "coordinates": [965665.6483640946, 1949597.9708047837]}, "properties": {"kind": "drone", "drone_id": 6, "frame": 122, "time_s": 122.0, "timestamp": "2025-01-01T00:02:02", "mode": "SUM_MIN", "is_static": false, "battery": 35.00000000000085}}, {"type": "Feature", "geometry": {"type": "Point", "coordinates": [963234.5913377568, 1951151.542233355]}, "properties": {"kind": "drone", "drone_id": 7, "frame": 122, "time_s": 122.0, "timestamp": "2025-01-01T00:02:02", "mode": "SUM_MIN", "is_static": false, "battery": 36.50000000000047}}, {"type": "Feature", "geometry": {"type": "Point", "coordinates": [964830.5524390168, 1949780.1136619265]}, "properties": {"kind": "drone", "drone_id": 8, "frame": 122, "time_s": 122.0, "timestamp": "2025-01-01T00:02:02", "mode": "SUM_MIN", "is_static": false, "battery": 27.49999999999988}}, {"type": "Feature", "geometry": {"type": "Point", "coordinates": [962956.2260293976, 1951312.2565190694]}, "properties": {"kind": "drone", "drone_id": 9, "frame": 122, "time_s": 122.0, "timestamp": "2025-01-01T00:02:02", "mode": "SUM_MIN", "is_static": false, "battery": 47.00000000000062}}, {"type": "Feature", "geometry": {"type": "Point", "coordinates": [965944.0136724538, 1949437.2565190694]}, "properties": {"kind": "drone", "drone_id": 10, "frame": 122, "time_s": 122.0, "timestamp": "2025-01-01T00:02:02", "mode": "SUM_MIN", "is_static": false, "battery": 48.49999999999981}}, {"type": "Feature", "geometry": {"type": "Point", "coordinates": [964273.8218222981, 1949651.542233355]}, "properties": {"kind": "drone", "drone_id": 11, "frame": 122, "time_s": 122.0, "timestamp": "2025-01-01T00:02:02", "mode": "SUM_MIN", "is_static": false, "battery": 32.00000000000027}}, {"type": "Feature", "geometry": {"type": "Point", "coordinates": [963921.225765043, 1949940.8279476408]}, "properties": {"kind": "drone", "drone_id": 12, "frame": 122, "time_s": 122.0, "timestamp": "2025-01-01T00:02:02", "mode": "SUM_MIN", "is_static": false, "battery": 33.500000000000234}}, {"type": "Feature", "geometry": {"type": "Point", "coordinates": [963921.225765043, 1950262.2565190694]}, "properties": {"kind": "drone", "drone_id": 13, "frame": 122, "time_s": 122.0, "timestamp": "2025-01-01T00:02:02", "mode": "SUM_MIN", "is_static": false, "battery": 39.5}}, {"type": "Feature", "geometry": {"type": "Point", "coordinates": [963791.3219544754, 1950830.1136619265]}, "properties": {"kind": "drone", "drone_id": 14, "frame": 122, "time_s": 122.0, "timestamp": "2025-01-01T00:02:02", "mode": "SUM_MIN", "is_static": false, "battery": 44.00000000000082}}, {"type": "Feature", "geometry": {"type": "Point", "coordinates": [962399.4954126789, 1951526.542233355]}, "properties": {"kind": "drone", "drone_id": 15, "frame": 122, "time_s": 122.0, "timestamp": "2025-01-01T00:02:02", "mode": "SUM_MIN", "is_static": false, "battery": 39.500000000000625}}, {"type": "Feature", "geometry": {"type": "Point", "coordinates": [963531.5143333401, 1950980.1136619265]}, "properties": {"kind": "drone", "drone_id": 16, "frame": 122, "time_s": 122.0, "timestamp": "2025-01-01T00:02:02", "mode": "SUM_MIN", "is_static": false, "battery": 50.0}}, {"type": "Feature", "geometry": {"type": "Point", "coordinates": [964552.1871306574, 1949640.8279476408]}, "properties": {"kind": "drone", "drone_id": 17, "frame": 122, "time_s": 122.0, "timestamp": "2025-01-01T00:02:02", "mode": "SUM_MIN", "is_static": false, "battery": 27.499999999999492}}, {"type": "Feature", "geometry": {"type": "Point", "coordinates": [964322.895298398, 1949637.0176751341]}, "properties": {"kind": "drone", "drone_id": 18, "frame": 122, "time_s": 122.0, "timestamp": "2025-01-01T00:02:02", "mode": "SUM_MIN", "is_static": false, "battery": 16.83892617449642}}, {"type": "Feature", "geometry": {"type": "Point", "coordinates": [962622.1876593664, 1951505.1136619265]}, "properties": {"kind": "drone", "drone_id": 19, "frame": 122, "time_s": 122.0, "timestamp": "2025-01-01T00:02:02", "mode": "SUM_MIN", "is_static": false, "battery": 50.0}}, {"type": "Feature", "geometry": {"type": "Point", "coordinates": [965108.917747376, 1949769.3993762122]}, "properties": {"kind": "drone", "drone_id": 20, "frame": 122, "time_s": 122.0, "timestamp": "2025-01-01T00:02:02", "mode": "SUM_MIN", "is_static": false, "battery": 36.499999999998835}}, {"type": "Feature", "geometry": {"type": "Point", "coordinates": [961972.6686065281, 1951730.1136619265]}, "properties": {"kind": "base_A", "drone_id": 0, "frame": 122, "time_s": 122.0, "timestamp": "2025-01-01T00:02:02", "mode": "SUM_MIN", "is_static": true, "battery": 50.0}}, {"type": "Feature", "geometry": {"type": "Point", "coordinates": [966389.3981658287, 1948730.1136619265]}, "properties": {"kind": "base_B", "drone_id": 0, "frame": 122, "time_s": 122.0, "timestamp": "2025-01-01T00:02:02", "mode": "SUM_MIN", "is_static": true, "battery": 50.0}}, {"type": "Feature", "geometry": {"type": "Point", "coordinates": [965387.2830557353, 1949608.6850904978]}, "properties": {"kind": "drone", "drone_id": 1, "frame": 123, "time_s": 123.0, "timestamp": "2025-01-01T00:02:03", "mode": "SUM_MIN", "is_static": false, "battery": 34.99999999999965}}, {"type": "Feature", "geometry": {"type": "Point", "coordinates": [966222.3789808131, 1949276.542233355]}, "properties": {"kind": "drone", "drone_id": 2, "frame": 123, "time_s": 123.0, "timestamp": "2025-01-01T00:02:03", "mode": "SUM_MIN", "is_static": false, "battery": 43.99999999999942}}, {"type": "Feature", "geometry": {"type": "Point", "coordinates": [963809.8796416994, 1950519.3993762122]}, "properties": {"kind": "drone", "drone_id": 3, "frame": 123, "time_s": 123.0, "timestamp": "2025-01-01T00:02:03", "mode": "SUM_MIN", "is_static": false, "battery": 45.49999999999981}}, {"type": "Feature", "geometry": {"type": "Point", "coordinates": [962121.1301043197, 1951494.3993762122]}, "properties": {"kind": "drone", "drone_id": 4, "frame": 123, "time_s": 123.0, "timestamp": "2025-01-01T00:02:03", "mode": "SUM_MIN", "is_static": false, "battery": 43.99999999999981}}, {"type": "Feature", "geometry": {"type": "Point", "coordinates": [966389.3981658287, 1949051.542233355]}, "properties": {"kind": "drone", "drone_id": 5, "frame": 123, "time_s": 123.0, "timestamp": "2025-01-01T00:02:03", "mode": "SUM_MIN", "is_static": false, "battery": 35.00000000000081}}, {"type": "Feature", "geometry": {"type": "Point", "coordinates": [965665.6483640946, 1949597.9708047837]}, "properties": {"kind": "drone", "drone_id": 6, "frame": 123, "time_s": 123.0, "timestamp": "2025-01-01T00:02:03", "mode": "SUM_MIN", "is_static": false, "battery": 35.00000000000085}}, {"type": "Feature", "geometry": {"type": "Point", "coordinates": [963234.5913377568, 1951151.542233355]}, "properties": {"kind": "drone", "drone_id": 7, "frame": 123, "time_s": 123.0, "timestamp": "2025-01-01T00:02:03", "mode": "SUM_MIN", "is_static": false, "battery": 36.50000000000047}}, {"type": "Feature", "geometry": {"type": "Point", "coordinates": [964830.5524390168, 1949780.1136619265]}, "properties": {"kind": "drone", "drone_id": 8, "frame": 123, "time_s": 123.0, "timestamp": "2025-01-01T00:02:03", "mode": "SUM_MIN", "is_static": false, "battery": 27.49999999999988}}, {"type": "Feature", "geometry": {"type": "Point", "coordinates": [962956.2260293976, 1951312.2565190694]}, "properties": {"kind": "drone", "drone_id": 9, "frame": 123, "time_s": 123.0, "timestamp": "2025-01-01T00:02:03", "mode": "SUM_MIN", "is_static": false, "battery": 47.00000000000062}}, {"type": "Feature", "geometry": {"type": "Point", "coordinates": [965944.0136724538, 1949437.2565190694]}, "properties": {"kind": "drone", "drone_id": 10, "frame": 123, "time_s": 123.0, "timestamp": "2025-01-01T00:02:03", "mode": "SUM_MIN", "is_static": false, "battery": 48.49999999999981}}, {"type": "Feature", "geometry": {"type": "Point", "coordinates": [964273.8218222981, 1949651.542233355]}, "properties": {"kind": "drone", "drone_id": 11, "frame": 123, "time_s": 123.0, "timestamp": "2025-01-01T00:02:03", "mode": "SUM_MIN", "is_static": false, "battery": 32.00000000000027}}, {"type": "Feature", "geometry": {"type": "Point", "coordinates": [963921.225765043, 1949940.8279476408]}, "properties": {"kind": "drone", "drone_id": 12, "frame": 123, "time_s": 123.0, "timestamp": "2025-01-01T00:02:03", "mode": "SUM_MIN", "is_static": false, "battery": 33.500000000000234}}, {"type": "Feature", "geometry": {"type": "Point", "coordinates": [963921.225765043, 1950262.2565190694]}, "properties": {"kind": "drone", "drone_id": 13, "frame": 123, "time_s": 123.0, "timestamp": "2025-01-01T00:02:03", "mode": "SUM_MIN", "is_static": false, "battery": 39.5}}, {"type": "Feature", "geometry": {"type": "Point", "coordinates": [963791.3219544754, 1950830.1136619265]}, "properties": {"kind": "drone", "drone_id": 14, "frame": 123, "time_s": 123.0, "timestamp": "2025-01-01T00:02:03", "mode": "SUM_MIN", "is_static": false, "battery": 44.00000000000082}}, {"type": "Feature", "geometry": {"type": "Point", "coordinates": [962399.4954126789, 1951526.542233355]}, "properties": {"kind": "drone", "drone_id": 15, "frame": 123, "time_s": 123.0, "timestamp": "2025-01-01T00:02:03", "mode": "SUM_MIN", "is_static": false, "battery": 39.500000000000625}}, {"type": "Feature", "geometry": {"type": "Point", "coordinates": [963531.5143333401, 1950980.1136619265]}, "properties": {"kind": "drone", "drone_id": 16, "frame": 123, "time_s": 123.0, "timestamp": "2025-01-01T00:02:03", "mode": "SUM_MIN", "is_static": false, "battery": 50.0}}, {"type": "Feature", "geometry": {"type": "Point", "coordinates": [964552.1871306574, 1949640.8279476408]}, "properties": {"kind": "drone", "drone_id": 17, "frame": 123, "time_s": 123.0, "timestamp": "2025-01-01T00:02:03", "mode": "SUM_MIN", "is_static": false, "battery": 27.499999999999492}}, {"type": "Feature", "geometry": {"type": "Point", "coordinates": [964302.0376097719, 1949635.2518408617]}, "properties": {"kind": "drone", "drone_id": 18, "frame": 123, "time_s": 123.0, "timestamp": "2025-01-01T00:02:03", "mode": "SUM_MIN", "is_static": false, "battery": 16.56711409395951}}, {"type": "Feature", "geometry": {"type": "Point", "coordinates": [962622.1876593664, 1951505.1136619265]}, "properties": {"kind": "drone", "drone_id": 19, "frame": 123, "time_s": 123.0, "timestamp": "2025-01-01T00:02:03", "mode": "SUM_MIN", "is_static": false, "battery": 50.0}}, {"type": "Feature", "geometry": {"type": "Point", "coordinates": [965108.917747376, 1949769.3993762122]}, "properties": {"kind": "drone", "drone_id": 20, "frame": 123, "time_s": 123.0, "timestamp": "2025-01-01T00:02:03", "mode": "SUM_MIN", "is_static": false, "battery": 36.499999999998835}}, {"type": "Feature", "geometry": {"type": "Point", "coordinates": [961972.6686065281, 1951730.1136619265]}, "properties": {"kind": "base_A", "drone_id": 0, "frame": 123, "time_s": 123.0, "timestamp": "2025-01-01T00:02:03", "mode": "SUM_MIN", "is_static": true, "battery": 50.0}}, {"type": "Feature", "geometry": {"type": "Point", "coordinates": [966389.3981658287, 1948730.1136619265]}, "properties": {"kind": "base_B", "drone_id": 0, "frame": 123, "time_s": 123.0, "timestamp": "2025-01-01T00:02:03", "mode": "SUM_MIN", "is_static": true, "battery": 50.0}}, {"type": "Feature", "geometry": {"type": "Point", "coordinates": [965387.2830557353, 1949608.6850904978]}, "properties": {"kind": "drone", "drone_id": 1, "frame": 124, "time_s": 124.0, "timestamp": "2025-01-01T00:02:04", "mode": "SUM_MIN", "is_static": false, "battery": 34.99999999999965}}, {"type": "Feature", "geometry": {"type": "Point", "coordinates": [966222.3789808131, 1949276.542233355]}, "properties": {"kind": "drone", "drone_id": 2, "frame": 124, "time_s": 124.0, "timestamp": "2025-01-01T00:02:04", "mode": "SUM_MIN", "is_static": false, "battery": 43.99999999999942}}, {"type": "Feature", "geometry": {"type": "Point", "coordinates": [963809.8796416994, 1950519.3993762122]}, "properties": {"kind": "drone", "drone_id": 3, "frame": 124, "time_s": 124.0, "timestamp": "2025-01-01T00:02:04", "mode": "SUM_MIN", "is_static": false, "battery": 45.49999999999981}}, {"type": "Feature", "geometry": {"type": "Point", "coordinates": [962121.1301043197, 1951494.3993762122]}, "properties": {"kind": "drone", "drone_id": 4, "frame": 124, "time_s": 124.0, "timestamp": "2025-01-01T00:02:04", "mode": "SUM_MIN", "is_static": false, "battery": 43.99999999999981}}, {"type": "Feature", "geometry": {"type": "Point", "coordinates": [966389.3981658287, 1949051.542233355]}, "properties": {"kind": "drone", "drone_id": 5, "frame": 124, "time_s": 124.0, "timestamp": "2025-01-01T00:02:04", "mode": "SUM_MIN", "is_static": false, "battery": 35.00000000000081}}, {"type": "Feature", "geometry": {"type": "Point", "coordinates": [965665.6483640946, 1949597.9708047837]}, "properties": {"kind": "drone", "drone_id": 6, "frame": 124, "time_s": 124.0, "timestamp": "2025-01-01T00:02:04", "mode": "SUM_MIN", "is_static": false, "battery": 35.00000000000085}}, {"type": "Feature", "geometry": {"type": "Point", "coordinates": [963234.5913377568, 1951151.542233355]}, "properties": {"kind": "drone", "drone_id": 7, "frame": 124, "time_s": 124.0, "timestamp": "2025-01-01T00:02:04", "mode": "SUM_MIN", "is_static": false, "battery": 36.50000000000047}}, {"type": "Feature", "geometry": {"type": "Point", "coordinates": [964830.5524390168, 1949780.1136619265]}, "properties": {"kind": "drone", "drone_id": 8, "frame": 124, "time_s": 124.0, "timestamp": "2025-01-01T00:02:04", "mode": "SUM_MIN", "is_static": false, "battery": 27.49999999999988}}, {"type": "Feature", "geometry": {"type": "Point", "coordinates": [962956.2260293976, 1951312.2565190694]}, "properties": {"kind": "drone", "drone_id": 9, "frame": 124, "time_s": 124.0, "timestamp": "2025-01-01T00:02:04", "mode": "SUM_MIN", "is_static": false, "battery": 47.00000000000062}}, {"type": "Feature", "geometry": {"type": "Point", "coordinates": [965944.0136724538, 1949437.2565190694]}, "properties": {"kind": "drone", "drone_id": 10, "frame": 124, "time_s": 124.0, "timestamp": "2025-01-01T00:02:04", "mode": "SUM_MIN", "is_static": false, "battery": 48.49999999999981}}, {"type": "Feature", "geometry": {"type": "Point", "coordinates": [964273.8218222981, 1949651.542233355]}, "properties": {"kind": "drone", "drone_id": 11, "frame": 124, "time_s": 124.0, "timestamp": "2025-01-01T00:02:04", "mode": "SUM_MIN", "is_static": false, "battery": 32.00000000000027}}, {"type": "Feature", "geometry": {"type": "Point", "coordinates": [963921.225765043, 1949940.8279476408]}, "properties": {"kind": "drone", "drone_id": 12, "frame": 124, "time_s": 124.0, "timestamp": "2025-01-01T00:02:04", "mode": "SUM_MIN", "is_static": false, "battery": 33.500000000000234}}, {"type": "Feature", "geometry": {"type": "Point", "coordinates": [963921.225765043, 1950262.2565190694]}, "properties": {"kind": "drone", "drone_id": 13, "frame": 124, "time_s": 124.0, "timestamp": "2025-01-01T00:02:04", "mode": "SUM_MIN", "is_static": false, "battery": 39.5}}, {"type": "Feature", "geometry": {"type": "Point", "coordinates": [963791.3219544754, 1950830.1136619265]}, "properties": {"kind": "drone", "drone_id": 14, "frame": 124, "time_s": 124.0, "timestamp": "2025-01-01T00:02:04", "mode": "SUM_MIN", "is_static": false, "battery": 44.00000000000082}}, {"type": "Feature", "geometry": {"type": "Point", "coordinates": [962399.4954126789, 1951526.542233355]}, "properties": {"kind": "drone", "drone_id": 15, "frame": 124, "time_s": 124.0, "timestamp": "2025-01-01T00:02:04", "mode": "SUM_MIN", "is_static": false, "battery": 39.500000000000625}}, {"type": "Feature", "geometry": {"type": "Point", "coordinates": [963531.5143333401, 1950980.1136619265]}, "properties": {"kind": "drone", "drone_id": 16, "frame": 124, "time_s": 124.0, "timestamp": "2025-01-01T00:02:04", "mode": "SUM_MIN", "is_static": false, "battery": 50.0}}, {"type": "Feature", "geometry": {"type": "Point", "coordinates": [964552.1871306574, 1949640.8279476408]}, "properties": {"kind": "drone", "drone_id": 17, "frame": 124, "time_s": 124.0, "timestamp": "2025-01-01T00:02:04", "mode": "SUM_MIN", "is_static": false, "battery": 27.499999999999492}}, {"type": "Feature", "geometry": {"type": "Point", "coordinates": [964281.8031780529, 1949646.9341954617]}, "properties": {"kind": "drone", "drone_id": 18, "frame": 124, "time_s": 124.0, "timestamp": "2025-01-01T00:02:04", "mode": "SUM_MIN", "is_static": false, "battery": 16.295302013422592}}, {"type": "Feature", "geometry": {"type": "Point", "coordinates": [962622.1876593664, 1951505.1136619265]}, "properties": {"kind": "drone", "drone_id": 19, "frame": 124, "time_s": 124.0, "timestamp": "2025-01-01T00:02:04", "mode": "SUM_MIN", "is_static": false, "battery": 50.0}}, {"type": "Feature", "geometry": {"type": "Point", "coordinates": [965108.917747376, 1949769.3993762122]}, "properties": {"kind": "drone", "drone_id": 20, "frame": 124, "time_s": 124.0, "timestamp": "2025-01-01T00:02:04", "mode": "SUM_MIN", "is_static": false, "battery": 36.499999999998835}}, {"type": "Feature", "geometry": {"type": "Point", "coordinates": [961972.6686065281, 1951730.1136619265]}, "properties": {"kind": "base_A", "drone_id": 0, "frame": 124, "time_s": 124.0, "timestamp": "2025-01-01T00:02:04", "mode": "SUM_MIN", "is_static": true, "battery": 50.0}}, {"type": "Feature", "geometry": {"type": "Point", "coordinates": [966389.3981658287, 1948730.1136619265]}, "properties": {"kind": "base_B", "drone_id": 0, "frame": 124, "time_s": 124.0, "timestamp": "2025-01-01T00:02:04", "mode": "SUM_MIN", "is_static": true, "battery": 50.0}}, {"type": "Feature", "geometry": {"type": "Point", "coordinates": [965387.2830557353, 1949608.6850904978]}, "properties": {"kind": "drone", "drone_id": 1, "frame": 125, "time_s": 125.0, "timestamp": "2025-01-01T00:02:05", "mode": "SUM_MIN", "is_static": false, "battery": 34.99999999999965}}, {"type": "Feature", "geometry": {"type": "Point", "coordinates": [966222.3789808131, 1949276.542233355]}, "properties": {"kind": "drone", "drone_id": 2, "frame": 125, "time_s": 125.0, "timestamp": "2025-01-01T00:02:05", "mode": "SUM_MIN", "is_static": false, "battery": 43.99999999999942}}, {"type": "Feature", "geometry": {"type": "Point", "coordinates": [963809.8796416994, 1950519.3993762122]}, "properties": {"kind": "drone", "drone_id": 3, "frame": 125, "time_s": 125.0, "timestamp": "2025-01-01T00:02:05", "mode": "SUM_MIN", "is_static": false, "battery": 45.49999999999981}}, {"type": "Feature", "geometry": {"type": "Point", "coordinates": [962121.1301043197, 1951494.3993762122]}, "properties": {"kind": "drone", "drone_id": 4, "frame": 125, "time_s": 125.0, "timestamp": "2025-01-01T00:02:05", "mode": "SUM_MIN", "is_static": false, "battery": 43.99999999999981}}, {"type": "Feature", "geometry": {"type": "Point", "coordinates": [966389.3981658287, 1949051.542233355]}, "properties": {"kind": "drone", "drone_id": 5, "frame": 125, "time_s": 125.0, "timestamp": "2025-01-01T00:02:05", "mode": "SUM_MIN", "is_static": false, "battery": 35.00000000000081}}, {"type": "Feature", "geometry": {"type": "Point", "coordinates": [965665.6483640946, 1949597.9708047837]}, "properties": {"kind": "drone", "drone_id": 6, "frame": 125, "time_s": 125.0, "timestamp": "2025-01-01T00:02:05", "mode": "SUM_MIN", "is_static": false, "battery": 35.00000000000085}}, {"type": "Feature", "geometry": {"type": "Point", "coordinates": [963234.5913377568, 1951151.542233355]}, "properties": {"kind": "drone", "drone_id": 7, "frame": 125, "time_s": 125.0, "timestamp": "2025-01-01T00:02:05", "mode": "SUM_MIN", "is_static": false, "battery": 36.50000000000047}}, {"type": "Feature", "geometry": {"type": "Point", "coordinates": [964830.5524390168, 1949780.1136619265]}, "properties": {"kind": "drone", "drone_id": 8, "frame": 125, "time_s": 125.0, "timestamp": "2025-01-01T00:02:05", "mode": "SUM_MIN", "is_static": false, "battery": 27.49999999999988}}, {"type": "Feature", "geometry": {"type": "Point", "coordinates": [962956.2260293976, 1951312.2565190694]}, "properties": {"kind": "drone", "drone_id": 9, "frame": 125, "time_s": 125.0, "timestamp": "2025-01-01T00:02:05", "mode": "SUM_MIN", "is_static": false, "battery": 47.00000000000062}}, {"type": "Feature", "geometry": {"type": "Point", "coordinates": [965944.0136724538, 1949437.2565190694]}, "properties": {"kind": "drone", "drone_id": 10, "frame": 125, "time_s": 125.0, "timestamp": "2025-01-01T00:02:05", "mode": "SUM_MIN", "is_static": false, "battery": 48.49999999999981}}, {"type": "Feature", "geometry": {"type": "Point", "coordinates": [964273.8218222981, 1949651.542233355]}, "properties": {"kind": "drone", "drone_id": 11, "frame": 125, "time_s": 125.0, "timestamp": "2025-01-01T00:02:05", "mode": "SUM_MIN", "is_static": false, "battery": 32.00000000000027}}, {"type": "Feature", "geometry": {"type": "Point", "coordinates": [963921.225765043, 1949940.8279476408]}, "properties": {"kind": "drone", "drone_id": 12, "frame": 125, "time_s": 125.0, "timestamp": "2025-01-01T00:02:05", "mode": "SUM_MIN", "is_static": false, "battery": 33.500000000000234}}, {"type": "Feature", "geometry": {"type": "Point", "coordinates": [963921.225765043, 1950262.2565190694]}, "properties": {"kind": "drone", "drone_id": 13, "frame": 125, "time_s": 125.0, "timestamp": "2025-01-01T00:02:05", "mode": "SUM_MIN", "is_static": false, "battery": 39.5}}, {"type": "Feature", "geometry": {"type": "Point", "coordinates": [963791.3219544754, 1950830.1136619265]}, "properties": {"kind": "drone", "drone_id": 14, "frame": 125, "time_s": 125.0, "timestamp": "2025-01-01T00:02:05", "mode": "SUM_MIN", "is_static": false, "battery": 44.00000000000082}}, {"type": "Feature", "geometry": {"type": "Point", "coordinates": [962399.4954126789, 1951526.542233355]}, "properties": {"kind": "drone", "drone_id": 15, "frame": 125, "time_s": 125.0, "timestamp": "2025-01-01T00:02:05", "mode": "SUM_MIN", "is_static": false, "battery": 39.500000000000625}}, {"type": "Feature", "geometry": {"type": "Point", "coordinates": [963531.5143333401, 1950980.1136619265]}, "properties": {"kind": "drone", "drone_id": 16, "frame": 125, "time_s": 125.0, "timestamp": "2025-01-01T00:02:05", "mode": "SUM_MIN", "is_static": false, "battery": 50.0}}, {"type": "Feature", "geometry": {"type": "Point", "coordinates": [964552.1871306574, 1949640.8279476408]}, "properties": {"kind": "drone", "drone_id": 17, "frame": 125, "time_s": 125.0, "timestamp": "2025-01-01T00:02:05", "mode": "SUM_MIN", "is_static": false, "battery": 27.499999999999492}}, {"type": "Feature", "geometry": {"type": "Point", "coordinates": [964262.204853899, 1949658.2492931876]}, "properties": {"kind": "drone", "drone_id": 18, "frame": 125, "time_s": 125.0, "timestamp": "2025-01-01T00:02:05", "mode": "SUM_MIN", "is_static": false, "battery": 16.02348993288568}}, {"type": "Feature", "geometry": {"type": "Point", "coordinates": [962622.1876593664, 1951505.1136619265]}, "properties": {"kind": "drone", "drone_id": 19, "frame": 125, "time_s": 125.0, "timestamp": "2025-01-01T00:02:05", "mode": "SUM_MIN", "is_static": false, "battery": 50.0}}, {"type": "Feature", "geometry": {"type": "Point", "coordinates": [965108.917747376, 1949769.3993762122]}, "properties": {"kind": "drone", "drone_id": 20, "frame": 125, "time_s": 125.0, "timestamp": "2025-01-01T00:02:05", "mode": "SUM_MIN", "is_static": false, "battery": 36.499999999998835}}, {"type": "Feature", "geometry": {"type": "Point", "coordinates": [961972.6686065281, 1951730.1136619265]}, "properties": {"kind": "base_A", "drone_id": 0, "frame": 125, "time_s": 125.0, "timestamp": "2025-01-01T00:02:05", "mode": "SUM_MIN", "is_static": true, "battery": 50.0}}, {"type": "Feature", "geometry": {"type": "Point", "coordinates": [966389.3981658287, 1948730.1136619265]}, "properties": {"kind": "base_B", "drone_id": 0, "frame": 125, "time_s": 125.0, "timestamp": "2025-01-01T00:02:05", "mode": "SUM_MIN", "is_static": true, "battery": 50.0}}, {"type": "Feature", "geometry": {"type": "Point", "coordinates": [965387.2830557353, 1949608.6850904978]}, "properties": {"kind": "drone", "drone_id": 1, "frame": 126, "time_s": 126.0, "timestamp": "2025-01-01T00:02:06", "mode": "SUM_MIN", "is_static": false, "battery": 34.99999999999965}}, {"type": "Feature", "geometry": {"type": "Point", "coordinates": [966222.3789808131, 1949276.542233355]}, "properties": {"kind": "drone", "drone_id": 2, "frame": 126, "time_s": 126.0, "timestamp": "2025-01-01T00:02:06", "mode": "SUM_MIN", "is_static": false, "battery": 43.99999999999942}}, {"type": "Feature", "geometry": {"type": "Point", "coordinates": [963809.8796416994, 1950519.3993762122]}, "properties": {"kind": "drone", "drone_id": 3, "frame": 126, "time_s": 126.0, "timestamp": "2025-01-01T00:02:06", "mode": "SUM_MIN", "is_static": false, "battery": 45.49999999999981}}, {"type": "Feature", "geometry": {"type": "Point", "coordinates": [962121.1301043197, 1951494.3993762122]}, "properties": {"kind": "drone", "drone_id": 4, "frame": 126, "time_s": 126.0, "timestamp": "2025-01-01T00:02:06", "mode": "SUM_MIN", "is_static": false, "battery": 43.99999999999981}}, {"type": "Feature", "geometry": {"type": "Point", "coordinates": [966389.3981658287, 1949051.542233355]}, "properties": {"kind": "drone", "drone_id": 5, "frame": 126, "time_s": 126.0, "timestamp": "2025-01-01T00:02:06", "mode": "SUM_MIN", "is_static": false, "battery": 35.00000000000081}}, {"type": "Feature", "geometry": {"type": "Point", "coordinates": [965665.6483640946, 1949597.9708047837]}, "properties": {"kind": "drone", "drone_id": 6, "frame": 126, "time_s": 126.0, "timestamp": "2025-01-01T00:02:06", "mode": "SUM_MIN", "is_static": false, "battery": 35.00000000000085}}, {"type": "Feature", "geometry": {"type": "Point", "coordinates": [963234.5913377568, 1951151.542233355]}, "properties": {"kind": "drone", "drone_id": 7, "frame": 126, "time_s": 126.0, "timestamp": "2025-01-01T00:02:06", "mode": "SUM_MIN", "is_static": false, "battery": 36.50000000000047}}, {"type": "Feature", "geometry": {"type": "Point", "coordinates": [964830.5524390168, 1949780.1136619265]}, "properties": {"kind": "drone", "drone_id": 8, "frame": 126, "time_s": 126.0, "timestamp": "2025-01-01T00:02:06", "mode": "SUM_MIN", "is_static": false, "battery": 27.49999999999988}}, {"type": "Feature", "geometry": {"type": "Point", "coordinates": [962956.2260293976, 1951312.2565190694]}, "properties": {"kind": "drone", "drone_id": 9, "frame": 126, "time_s": 126.0, "timestamp": "2025-01-01T00:02:06", "mode": "SUM_MIN", "is_static": false, "battery": 47.00000000000062}}, {"type": "Feature", "geometry": {"type": "Point", "coordinates": [965944.0136724538, 1949437.2565190694]}, "properties": {"kind": "drone", "drone_id": 10, "frame": 126, "time_s": 126.0, "timestamp": "2025-01-01T00:02:06", "mode": "SUM_MIN", "is_static": false, "battery": 48.49999999999981}}, {"type": "Feature", "geometry": {"type": "Point", "coordinates": [964273.8218222981, 1949651.542233355]}, "properties": {"kind": "drone", "drone_id": 11, "frame": 126, "time_s": 126.0, "timestamp": "2025-01-01T00:02:06", "mode": "SUM_MIN", "is_static": false, "battery": 32.00000000000027}}, {"type": "Feature", "geometry": {"type": "Point", "coordinates": [963921.225765043, 1949940.8279476408]}, "properties": {"kind": "drone", "drone_id": 12, "frame": 126, "time_s": 126.0, "timestamp": "2025-01-01T00:02:06", "mode": "SUM_MIN", "is_static": false, "battery": 33.500000000000234}}, {"type": "Feature", "geometry": {"type": "Point", "coordinates": [963921.225765043, 1950262.2565190694]}, "properties": {"kind": "drone", "drone_id": 13, "frame": 126, "time_s": 126.0, "timestamp": "2025-01-01T00:02:06", "mode": "SUM_MIN", "is_static": false, "battery": 39.5}}, {"type": "Feature", "geometry": {"type": "Point", "coordinates": [963791.3219544754, 1950830.1136619265]}, "properties": {"kind": "drone", "drone_id": 14, "frame": 126, "time_s": 126.0, "timestamp": "2025-01-01T00:02:06", "mode": "SUM_MIN", "is_static": false, "battery": 44.00000000000082}}, {"type": "Feature", "geometry": {"type": "Point", "coordinates": [962399.4954126789, 1951526.542233355]}, "properties": {"kind": "drone", "drone_id": 15, "frame": 126, "time_s": 126.0, "timestamp": "2025-01-01T00:02:06", "mode": "SUM_MIN", "is_static": false, "battery": 39.500000000000625}}, {"type": "Feature", "geometry": {"type": "Point", "coordinates": [963531.5143333401, 1950980.1136619265]}, "properties": {"kind": "drone", "drone_id": 16, "frame": 126, "time_s": 126.0, "timestamp": "2025-01-01T00:02:06", "mode": "SUM_MIN", "is_static": false, "battery": 50.0}}, {"type": "Feature", "geometry": {"type": "Point", "coordinates": [964552.1871306574, 1949640.8279476408]}, "properties": {"kind": "drone", "drone_id": 17, "frame": 126, "time_s": 126.0, "timestamp": "2025-01-01T00:02:06", "mode": "SUM_MIN", "is_static": false, "battery": 27.499999999999492}}, {"type": "Feature", "geometry": {"type": "Point", "coordinates": [964243.2554879679, 1949669.1897147088]}, "properties": {"kind": "drone", "drone_id": 18, "frame": 126, "time_s": 126.0, "timestamp": "2025-01-01T00:02:06", "mode": "SUM_MIN", "is_static": false, "battery": 15.751677852348763}}, {"type": "Feature", "geometry": {"type": "Point", "coordinates": [962622.1876593664, 1951505.1136619265]}, "properties": {"kind": "drone", "drone_id": 19, "frame": 126, "time_s": 126.0, "timestamp": "2025-01-01T00:02:06", "mode": "SUM_MIN", "is_static": false, "battery": 50.0}}, {"type": "Feature", "geometry": {"type": "Point", "coordinates": [965108.917747376, 1949769.3993762122]}, "properties": {"kind": "drone", "drone_id": 20, "frame": 126, "time_s": 126.0, "timestamp": "2025-01-01T00:02:06", "mode": "SUM_MIN", "is_static": false, "battery": 36.499999999998835}}, {"type": "Feature", "geometry": {"type": "Point", "coordinates": [961972.6686065281, 1951730.1136619265]}, "properties": {"kind": "base_A", "drone_id": 0, "frame": 126, "time_s": 126.0, "timestamp": "2025-01-01T00:02:06", "mode": "SUM_MIN", "is_static": true, "battery": 50.0}}, {"type": "Feature", "geometry": {"type": "Point", "coordinates": [966389.3981658287, 1948730.1136619265]}, "properties": {"kind": "base_B", "drone_id": 0, "frame": 126, "time_s": 126.0, "timestamp": "2025-01-01T00:02:06", "mode": "SUM_MIN", "is_static": true, "battery": 50.0}}, {"type": "Feature", "geometry": {"type": "Point", "coordinates": [965387.2830557353, 1949608.6850904978]}, "properties": {"kind": "drone", "drone_id": 1, "frame": 127, "time_s": 127.0, "timestamp": "2025-01-01T00:02:07", "mode": "SUM_MIN", "is_static": false, "battery": 34.99999999999965}}, {"type": "Feature", "geometry": {"type": "Point", "coordinates": [966222.3789808131, 1949276.542233355]}, "properties": {"kind": "drone", "drone_id": 2, "frame": 127, "time_s": 127.0, "timestamp": "2025-01-01T00:02:07", "mode": "SUM_MIN", "is_static": false, "battery": 43.99999999999942}}, {"type": "Feature", "geometry": {"type": "Point", "coordinates": [963809.8796416994, 1950519.3993762122]}, "properties": {"kind": "drone", "drone_id": 3, "frame": 127, "time_s": 127.0, "timestamp": "2025-01-01T00:02:07", "mode": "SUM_MIN", "is_static": false, "battery": 45.49999999999981}}, {"type": "Feature", "geometry": {"type": "Point", "coordinates": [962121.1301043197, 1951494.3993762122]}, "properties": {"kind": "drone", "drone_id": 4, "frame": 127, "time_s": 127.0, "timestamp": "2025-01-01T00:02:07", "mode": "SUM_MIN", "is_static": false, "battery": 43.99999999999981}}, {"type": "Feature", "geometry": {"type": "Point", "coordinates": [966389.3981658287, 1949051.542233355]}, "properties": {"kind": "drone", "drone_id": 5, "frame": 127, "time_s": 127.0, "timestamp": "2025-01-01T00:02:07", "mode": "SUM_MIN", "is_static": false, "battery": 35.00000000000081}}, {"type": "Feature", "geometry": {"type": "Point", "coordinates": [965665.6483640946, 1949597.9708047837]}, "properties": {"kind": "drone", "drone_id": 6, "frame": 127, "time_s": 127.0, "timestamp": "2025-01-01T00:02:07", "mode": "SUM_MIN", "is_static": false, "battery": 35.00000000000085}}, {"type": "Feature", "geometry": {"type": "Point", "coordinates": [963234.5913377568, 1951151.542233355]}, "properties": {"kind": "drone", "drone_id": 7, "frame": 127, "time_s": 127.0, "timestamp": "2025-01-01T00:02:07", "mode": "SUM_MIN", "is_static": false, "battery": 36.50000000000047}}, {"type": "Feature", "geometry": {"type": "Point", "coordinates": [964830.5524390168, 1949780.1136619265]}, "properties": {"kind": "drone", "drone_id": 8, "frame": 127, "time_s": 127.0, "timestamp": "2025-01-01T00:02:07", "mode": "SUM_MIN", "is_static": false, "battery": 27.49999999999988}}, {"type": "Feature", "geometry": {"type": "Point", "coordinates": [962956.2260293976, 1951312.2565190694]}, "properties": {"kind": "drone", "drone_id": 9, "frame": 127, "time_s": 127.0, "timestamp": "2025-01-01T00:02:07", "mode": "SUM_MIN", "is_static": false, "battery": 47.00000000000062}}, {"type": "Feature", "geometry": {"type": "Point", "coordinates": [965944.0136724538, 1949437.2565190694]}, "properties": {"kind": "drone", "drone_id": 10, "frame": 127, "time_s": 127.0, "timestamp": "2025-01-01T00:02:07", "mode": "SUM_MIN", "is_static": false, "battery": 48.49999999999981}}, {"type": "Feature", "geometry": {"type": "Point", "coordinates": [964273.8218222981, 1949651.542233355]}, "properties": {"kind": "drone", "drone_id": 11, "frame": 127, "time_s": 127.0, "timestamp": "2025-01-01T00:02:07", "mode": "SUM_MIN", "is_static": false, "battery": 32.00000000000027}}, {"type": "Feature", "geometry": {"type": "Point", "coordinates": [963921.225765043, 1949940.8279476408]}, "properties": {"kind": "drone", "drone_id": 12, "frame": 127, "time_s": 127.0, "timestamp": "2025-01-01T00:02:07", "mode": "SUM_MIN", "is_static": false, "battery": 33.500000000000234}}, {"type": "Feature", "geometry": {"type": "Point", "coordinates": [963921.225765043, 1950262.2565190694]}, "properties": {"kind": "drone", "drone_id": 13, "frame": 127, "time_s": 127.0, "timestamp": "2025-01-01T00:02:07", "mode": "SUM_MIN", "is_static": false, "battery": 39.5}}, {"type": "Feature", "geometry": {"type": "Point", "coordinates": [963791.3219544754, 1950830.1136619265]}, "properties": {"kind": "drone", "drone_id": 14, "frame": 127, "time_s": 127.0, "timestamp": "2025-01-01T00:02:07", "mode": "SUM_MIN", "is_static": false, "battery": 44.00000000000082}}, {"type": "Feature", "geometry": {"type": "Point", "coordinates": [962399.4954126789, 1951526.542233355]}, "properties": {"kind": "drone", "drone_id": 15, "frame": 127, "time_s": 127.0, "timestamp": "2025-01-01T00:02:07", "mode": "SUM_MIN", "is_static": false, "battery": 39.500000000000625}}, {"type": "Feature", "geometry": {"type": "Point", "coordinates": [963531.5143333401, 1950980.1136619265]}, "properties": {"kind": "drone", "drone_id": 16, "frame": 127, "time_s": 127.0, "timestamp": "2025-01-01T00:02:07", "mode": "SUM_MIN", "is_static": false, "battery": 50.0}}, {"type": "Feature", "geometry": {"type": "Point", "coordinates": [964552.1871306574, 1949640.8279476408]}, "properties": {"kind": "drone", "drone_id": 17, "frame": 127, "time_s": 127.0, "timestamp": "2025-01-01T00:02:07", "mode": "SUM_MIN", "is_static": false, "battery": 27.499999999999492}}, {"type": "Feature", "geometry": {"type": "Point", "coordinates": [964224.9679309176, 1949679.7480406945]}, "properties": {"kind": "drone", "drone_id": 18, "frame": 127, "time_s": 127.0, "timestamp": "2025-01-01T00:02:07", "mode": "SUM_MIN", "is_static": false, "battery": 15.479865771811852}}, {"type": "Feature", "geometry": {"type": "Point", "coordinates": [962622.1876593664, 1951505.1136619265]}, "properties": {"kind": "drone", "drone_id": 19, "frame": 127, "time_s": 127.0, "timestamp": "2025-01-01T00:02:07", "mode": "SUM_MIN", "is_static": false, "battery": 50.0}}, {"type": "Feature", "geometry": {"type": "Point", "coordinates": [965108.917747376, 1949769.3993762122]}, "properties": {"kind": "drone", "drone_id": 20, "frame": 127, "time_s": 127.0, "timestamp": "2025-01-01T00:02:07", "mode": "SUM_MIN", "is_static": false, "battery": 36.499999999998835}}, {"type": "Feature", "geometry": {"type": "Point", "coordinates": [961972.6686065281, 1951730.1136619265]}, "properties": {"kind": "base_A", "drone_id": 0, "frame": 127, "time_s": 127.0, "timestamp": "2025-01-01T00:02:07", "mode": "SUM_MIN", "is_static": true, "battery": 50.0}}, {"type": "Feature", "geometry": {"type": "Point", "coordinates": [966389.3981658287, 1948730.1136619265]}, "properties": {"kind": "base_B", "drone_id": 0, "frame": 127, "time_s": 127.0, "timestamp": "2025-01-01T00:02:07", "mode": "SUM_MIN", "is_static": true, "battery": 50.0}}, {"type": "Feature", "geometry": {"type": "Point", "coordinates": [965387.2830557353, 1949608.6850904978]}, "properties": {"kind": "drone", "drone_id": 1, "frame": 128, "time_s": 128.0, "timestamp": "2025-01-01T00:02:08", "mode": "SUM_MIN", "is_static": false, "battery": 34.99999999999965}}, {"type": "Feature", "geometry": {"type": "Point", "coordinates": [966222.3789808131, 1949276.542233355]}, "properties": {"kind": "drone", "drone_id": 2, "frame": 128, "time_s": 128.0, "timestamp": "2025-01-01T00:02:08", "mode": "SUM_MIN", "is_static": false, "battery": 43.99999999999942}}, {"type": "Feature", "geometry": {"type": "Point", "coordinates": [963809.8796416994, 1950519.3993762122]}, "properties": {"kind": "drone", "drone_id": 3, "frame": 128, "time_s": 128.0, "timestamp": "2025-01-01T00:02:08", "mode": "SUM_MIN", "is_static": false, "battery": 45.49999999999981}}, {"type": "Feature", "geometry": {"type": "Point", "coordinates": [962121.1301043197, 1951494.3993762122]}, "properties": {"kind": "drone", "drone_id": 4, "frame": 128, "time_s": 128.0, "timestamp": "2025-01-01T00:02:08", "mode": "SUM_MIN", "is_static": false, "battery": 43.99999999999981}}, {"type": "Feature", "geometry": {"type": "Point", "coordinates": [966389.3981658287, 1949051.542233355]}, "properties": {"kind": "drone", "drone_id": 5, "frame": 128, "time_s": 128.0, "timestamp": "2025-01-01T00:02:08", "mode": "SUM_MIN", "is_static": false, "battery": 35.00000000000081}}, {"type": "Feature", "geometry": {"type": "Point", "coordinates": [965665.6483640946, 1949597.9708047837]}, "properties": {"kind": "drone", "drone_id": 6, "frame": 128, "time_s": 128.0, "timestamp": "2025-01-01T00:02:08", "mode": "SUM_MIN", "is_static": false, "battery": 35.00000000000085}}, {"type": "Feature", "geometry": {"type": "Point", "coordinates": [963234.5913377568, 1951151.542233355]}, "properties": {"kind": "drone", "drone_id": 7, "frame": 128, "time_s": 128.0, "timestamp": "2025-01-01T00:02:08", "mode": "SUM_MIN", "is_static": false, "battery": 36.50000000000047}}, {"type": "Feature", "geometry": {"type": "Point", "coordinates": [964830.5524390168, 1949780.1136619265]}, "properties": {"kind": "drone", "drone_id": 8, "frame": 128, "time_s": 128.0, "timestamp": "2025-01-01T00:02:08", "mode": "SUM_MIN", "is_static": false, "battery": 27.49999999999988}}, {"type": "Feature", "geometry": {"type": "Point", "coordinates": [962956.2260293976, 1951312.2565190694]}, "properties": {"kind": "drone", "drone_id": 9, "frame": 128, "time_s": 128.0, "timestamp": "2025-01-01T00:02:08", "mode": "SUM_MIN", "is_static": false, "battery": 47.00000000000062}}, {"type": "Feature", "geometry": {"type": "Point", "coordinates": [965944.0136724538, 1949437.2565190694]}, "properties": {"kind": "drone", "drone_id": 10, "frame": 128, "time_s": 128.0, "timestamp": "2025-01-01T00:02:08", "mode": "SUM_MIN", "is_static": false, "battery": 48.49999999999981}}, {"type": "Feature", "geometry": {"type": "Point", "coordinates": [964273.8218222981, 1949651.542233355]}, "properties": {"kind": "drone", "drone_id": 11, "frame": 128, "time_s": 128.0, "timestamp": "2025-01-01T00:02:08", "mode": "SUM_MIN", "is_static": false, "battery": 32.00000000000027}}, {"type": "Feature", "geometry": {"type": "Point", "coordinates": [963921.225765043, 1949940.8279476408]}, "properties": {"kind": "drone", "drone_id": 12, "frame": 128, "time_s": 128.0, "timestamp": "2025-01-01T00:02:08", "mode": "SUM_MIN", "is_static": false, "battery": 33.500000000000234}}, {"type": "Feature", "geometry": {"type": "Point", "coordinates": [963921.225765043, 1950262.2565190694]}, "properties": {"kind": "drone", "drone_id": 13, "frame": 128, "time_s": 128.0, "timestamp": "2025-01-01T00:02:08", "mode": "SUM_MIN", "is_static": false, "battery": 39.5}}, {"type": "Feature", "geometry": {"type": "Point", "coordinates": [963791.3219544754, 1950830.1136619265]}, "properties": {"kind": "drone", "drone_id": 14, "frame": 128, "time_s": 128.0, "timestamp": "2025-01-01T00:02:08", "mode": "SUM_MIN", "is_static": false, "battery": 44.00000000000082}}, {"type": "Feature", "geometry": {"type": "Point", "coordinates": [962399.4954126789, 1951526.542233355]}, "properties": {"kind": "drone", "drone_id": 15, "frame": 128, "time_s": 128.0, "timestamp": "2025-01-01T00:02:08", "mode": "SUM_MIN", "is_static": false, "battery": 39.500000000000625}}, {"type": "Feature", "geometry": {"type": "Point", "coordinates": [963531.5143333401, 1950980.1136619265]}, "properties": {"kind": "drone", "drone_id": 16, "frame": 128, "time_s": 128.0, "timestamp": "2025-01-01T00:02:08", "mode": "SUM_MIN", "is_static": false, "battery": 50.0}}, {"type": "Feature", "geometry": {"type": "Point", "coordinates": [964552.1871306574, 1949640.8279476408]}, "properties": {"kind": "drone", "drone_id": 17, "frame": 128, "time_s": 128.0, "timestamp": "2025-01-01T00:02:08", "mode": "SUM_MIN", "is_static": false, "battery": 27.499999999999492}}, {"type": "Feature", "geometry": {"type": "Point", "coordinates": [964207.3550334059, 1949689.9168518141]}, "properties": {"kind": "drone", "drone_id": 18, "frame": 128, "time_s": 128.0, "timestamp": "2025-01-01T00:02:08", "mode": "SUM_MIN", "is_static": false, "battery": 15.208053691274934}}, {"type": "Feature", "geometry": {"type": "Point", "coordinates": [962622.1876593664, 1951505.1136619265]}, "properties": {"kind": "drone", "drone_id": 19, "frame": 128, "time_s": 128.0, "timestamp": "2025-01-01T00:02:08", "mode": "SUM_MIN", "is_static": false, "battery": 50.0}}, {"type": "Feature", "geometry": {"type": "Point", "coordinates": [965108.917747376, 1949769.3993762122]}, "properties": {"kind": "drone", "drone_id": 20, "frame": 128, "time_s": 128.0, "timestamp": "2025-01-01T00:02:08", "mode": "SUM_MIN", "is_static": false, "battery": 36.499999999998835}}, {"type": "Feature", "geometry": {"type": "Point", "coordinates": [961972.6686065281, 1951730.1136619265]}, "properties": {"kind": "base_A", "drone_id": 0, "frame": 128, "time_s": 128.0, "timestamp": "2025-01-01T00:02:08", "mode": "SUM_MIN", "is_static": true, "battery": 50.0}}, {"type": "Feature", "geometry": {"type": "Point", "coordinates": [966389.3981658287, 1948730.1136619265]}, "properties": {"kind": "base_B", "drone_id": 0, "frame": 128, "time_s": 128.0, "timestamp": "2025-01-01T00:02:08", "mode": "SUM_MIN", "is_static": true, "battery": 50.0}}, {"type": "Feature", "geometry": {"type": "Point", "coordinates": [965387.2830557353, 1949608.6850904978]}, "properties": {"kind": "drone", "drone_id": 1, "frame": 129, "time_s": 129.0, "timestamp": "2025-01-01T00:02:09", "mode": "SUM_MIN", "is_static": false, "battery": 34.99999999999965}}, {"type": "Feature", "geometry": {"type": "Point", "coordinates": [966222.3789808131, 1949276.542233355]}, "properties": {"kind": "drone", "drone_id": 2, "frame": 129, "time_s": 129.0, "timestamp": "2025-01-01T00:02:09", "mode": "SUM_MIN", "is_static": false, "battery": 43.99999999999942}}, {"type": "Feature", "geometry": {"type": "Point", "coordinates": [963809.8796416994, 1950519.3993762122]}, "properties": {"kind": "drone", "drone_id": 3, "frame": 129, "time_s": 129.0, "timestamp": "2025-01-01T00:02:09", "mode": "SUM_MIN", "is_static": false, "battery": 45.49999999999981}}, {"type": "Feature", "geometry": {"type": "Point", "coordinates": [962121.1301043197, 1951494.3993762122]}, "properties": {"kind": "drone", "drone_id": 4, "frame": 129, "time_s": 129.0, "timestamp": "2025-01-01T00:02:09", "mode": "SUM_MIN", "is_static": false, "battery": 43.99999999999981}}, {"type": "Feature", "geometry": {"type": "Point", "coordinates": [966389.3981658287, 1949051.542233355]}, "properties": {"kind": "drone", "drone_id": 5, "frame": 129, "time_s": 129.0, "timestamp": "2025-01-01T00:02:09", "mode": "SUM_MIN", "is_static": false, "battery": 35.00000000000081}}, {"type": "Feature", "geometry": {"type": "Point", "coordinates": [965665.6483640946, 1949597.9708047837]}, "properties": {"kind": "drone", "drone_id": 6, "frame": 129, "time_s": 129.0, "timestamp": "2025-01-01T00:02:09", "mode": "SUM_MIN", "is_static": false, "battery": 35.00000000000085}}, {"type": "Feature", "geometry": {"type": "Point", "coordinates": [963234.5913377568, 1951151.542233355]}, "properties": {"kind": "drone", "drone_id": 7, "frame": 129, "time_s": 129.0, "timestamp": "2025-01-01T00:02:09", "mode": "SUM_MIN", "is_static": false, "battery": 36.50000000000047}}, {"type": "Feature", "geometry": {"type": "Point", "coordinates": [964830.5524390168, 1949780.1136619265]}, "properties": {"kind": "drone", "drone_id": 8, "frame": 129, "time_s": 129.0, "timestamp": "2025-01-01T00:02:09", "mode": "SUM_MIN", "is_static": false, "battery": 27.49999999999988}}, {"type": "Feature", "geometry": {"type": "Point", "coordinates": [962956.2260293976, 1951312.2565190694]}, "properties": {"kind": "drone", "drone_id": 9, "frame": 129, "time_s": 129.0, "timestamp": "2025-01-01T00:02:09", "mode": "SUM_MIN", "is_static": false, "battery": 47.00000000000062}}, {"type": "Feature", "geometry": {"type": "Point", "coordinates": [965944.0136724538, 1949437.2565190694]}, "properties": {"kind": "drone", "drone_id": 10, "frame": 129, "time_s": 129.0, "timestamp": "2025-01-01T00:02:09", "mode": "SUM_MIN", "is_static": false, "battery": 48.49999999999981}}, {"type": "Feature", "geometry": {"type": "Point", "coordinates": [964273.8218222981, 1949651.542233355]}, "properties": {"kind": "drone", "drone_id": 11, "frame": 129, "time_s": 129.0, "timestamp": "2025-01-01T00:02:09", "mode": "SUM_MIN", "is_static": false, "battery": 32.00000000000027}}, {"type": "Feature", "geometry": {"type": "Point", "coordinates": [963921.225765043, 1949940.8279476408]}, "properties": {"kind": "drone", "drone_id": 12, "frame": 129, "time_s": 129.0, "timestamp": "2025-01-01T00:02:09", "mode": "SUM_MIN", "is_static": false, "battery": 33.500000000000234}}, {"type": "Feature", "geometry": {"type": "Point", "coordinates": [963921.225765043, 1950262.2565190694]}, "properties": {"kind": "drone", "drone_id": 13, "frame": 129, "time_s": 129.0, "timestamp": "2025-01-01T00:02:09", "mode": "SUM_MIN", "is_static": false, "battery": 39.5}}, {"type": "Feature", "geometry": {"type": "Point", "coordinates": [963791.3219544754, 1950830.1136619265]}, "properties": {"kind": "drone", "drone_id": 14, "frame": 129, "time_s": 129.0, "timestamp": "2025-01-01T00:02:09", "mode": "SUM_MIN", "is_static": false, "battery": 44.00000000000082}}, {"type": "Feature", "geometry": {"type": "Point", "coordinates": [962399.4954126789, 1951526.542233355]}, "properties": {"kind": "drone", "drone_id": 15, "frame": 129, "time_s": 129.0, "timestamp": "2025-01-01T00:02:09", "mode": "SUM_MIN", "is_static": false, "battery": 39.500000000000625}}, {"type": "Feature", "geometry": {"type": "Point", "coordinates": [963531.5143333401, 1950980.1136619265]}, "properties": {"kind": "drone", "drone_id": 16, "frame": 129, "time_s": 129.0, "timestamp": "2025-01-01T00:02:09", "mode": "SUM_MIN", "is_static": false, "battery": 50.0}}, {"type": "Feature", "geometry": {"type": "Point", "coordinates": [964552.1871306574, 1949640.8279476408]}, "properties": {"kind": "drone", "drone_id": 17, "frame": 129, "time_s": 129.0, "timestamp": "2025-01-01T00:02:09", "mode": "SUM_MIN", "is_static": false, "battery": 27.499999999999492}}, {"type": "Feature", "geometry": {"type": "Point", "coordinates": [964190.4296460908, 1949699.6887287367]}, "properties": {"kind": "drone", "drone_id": 18, "frame": 129, "time_s": 129.0, "timestamp": "2025-01-01T00:02:09", "mode": "SUM_MIN", "is_static": false, "battery": 14.936241610738023}}, {"type": "Feature", "geometry": {"type": "Point", "coordinates": [962622.1876593664, 1951505.1136619265]}, "properties": {"kind": "drone", "drone_id": 19, "frame": 129, "time_s": 129.0, "timestamp": "2025-01-01T00:02:09", "mode": "SUM_MIN", "is_static": false, "battery": 50.0}}, {"type": "Feature", "geometry": {"type": "Point", "coordinates": [965108.917747376, 1949769.3993762122]}, "properties": {"kind": "drone", "drone_id": 20, "frame": 129, "time_s": 129.0, "timestamp": "2025-01-01T00:02:09", "mode": "SUM_MIN", "is_static": false, "battery": 36.499999999998835}}, {"type": "Feature", "geometry": {"type": "Point", "coordinates": [961972.6686065281, 1951730.1136619265]}, "properties": {"kind": "base_A", "drone_id": 0, "frame": 129, "time_s": 129.0, "timestamp": "2025-01-01T00:02:09", "mode": "SUM_MIN", "is_static": true, "battery": 50.0}}, {"type": "Feature", "geometry": {"type": "Point", "coordinates": [966389.3981658287, 1948730.1136619265]}, "properties": {"kind": "base_B", "drone_id": 0, "frame": 129, "time_s": 129.0, "timestamp": "2025-01-01T00:02:09", "mode": "SUM_MIN", "is_static": true, "battery": 50.0}}, {"type": "Feature", "geometry": {"type": "Point", "coordinates": [965387.2830557353, 1949608.6850904978]}, "properties": {"kind": "drone", "drone_id": 1, "frame": 130, "time_s": 130.0, "timestamp": "2025-01-01T00:02:10", "mode": "SUM_MIN", "is_static": false, "battery": 34.99999999999965}}, {"type": "Feature", "geometry": {"type": "Point", "coordinates": [966222.3789808131, 1949276.542233355]}, "properties": {"kind": "drone", "drone_id": 2, "frame": 130, "time_s": 130.0, "timestamp": "2025-01-01T00:02:10", "mode": "SUM_MIN", "is_static": false, "battery": 43.99999999999942}}, {"type": "Feature", "geometry": {"type": "Point", "coordinates": [963809.8796416994, 1950519.3993762122]}, "properties": {"kind": "drone", "drone_id": 3, "frame": 130, "time_s": 130.0, "timestamp": "2025-01-01T00:02:10", "mode": "SUM_MIN", "is_static": false, "battery": 45.49999999999981}}, {"type": "Feature", "geometry": {"type": "Point", "coordinates": [962121.1301043197, 1951494.3993762122]}, "properties": {"kind": "drone", "drone_id": 4, "frame": 130, "time_s": 130.0, "timestamp": "2025-01-01T00:02:10", "mode": "SUM_MIN", "is_static": false, "battery": 43.99999999999981}}, {"type": "Feature", "geometry": {"type": "Point", "coordinates": [966389.3981658287, 1949051.542233355]}, "properties": {"kind": "drone", "drone_id": 5, "frame": 130, "time_s": 130.0, "timestamp": "2025-01-01T00:02:10", "mode": "SUM_MIN", "is_static": false, "battery": 35.00000000000081}}, {"type": "Feature", "geometry": {"type": "Point", "coordinates": [965665.6483640946, 1949597.9708047837]}, "properties": {"kind": "drone", "drone_id": 6, "frame": 130, "time_s": 130.0, "timestamp": "2025-01-01T00:02:10", "mode": "SUM_MIN", "is_static": false, "battery": 35.00000000000085}}, {"type": "Feature", "geometry": {"type": "Point", "coordinates": [963234.5913377568, 1951151.542233355]}, "properties": {"kind": "drone", "drone_id": 7, "frame": 130, "time_s": 130.0, "timestamp": "2025-01-01T00:02:10", "mode": "SUM_MIN", "is_static": false, "battery": 36.50000000000047}}, {"type": "Feature", "geometry": {"type": "Point", "coordinates": [964830.5524390168, 1949780.1136619265]}, "properties": {"kind": "drone", "drone_id": 8, "frame": 130, "time_s": 130.0, "timestamp": "2025-01-01T00:02:10", "mode": "SUM_MIN", "is_static": false, "battery": 27.49999999999988}}, {"type": "Feature", "geometry": {"type": "Point", "coordinates": [962956.2260293976, 1951312.2565190694]}, "properties": {"kind": "drone", "drone_id": 9, "frame": 130, "time_s": 130.0, "timestamp": "2025-01-01T00:02:10", "mode": "SUM_MIN", "is_static": false, "battery": 47.00000000000062}}, {"type": "Feature", "geometry": {"type": "Point", "coordinates": [965944.0136724538, 1949437.2565190694]}, "properties": {"kind": "drone", "drone_id": 10, "frame": 130, "time_s": 130.0, "timestamp": "2025-01-01T00:02:10", "mode": "SUM_MIN", "is_static": false, "battery": 48.49999999999981}}, {"type": "Feature", "geometry": {"type": "Point", "coordinates": [964273.8218222981, 1949651.542233355]}, "properties": {"kind": "drone", "drone_id": 11, "frame": 130, "time_s": 130.0, "timestamp": "2025-01-01T00:02:10", "mode": "SUM_MIN", "is_static": false, "battery": 32.00000000000027}}, {"type": "Feature", "geometry": {"type": "Point", "coordinates": [963921.225765043, 1949940.8279476408]}, "properties": {"kind": "drone", "drone_id": 12, "frame": 130, "time_s": 130.0, "timestamp": "2025-01-01T00:02:10", "mode": "SUM_MIN", "is_static": false, "battery": 33.500000000000234}}, {"type": "Feature", "geometry": {"type": "Point", "coordinates": [963921.225765043, 1950262.2565190694]}, "properties": {"kind": "drone", "drone_id": 13, "frame": 130, "time_s": 130.0, "timestamp": "2025-01-01T00:02:10", "mode": "SUM_MIN", "is_static": false, "battery": 39.5}}, {"type": "Feature", "geometry": {"type": "Point", "coordinates": [963791.3219544754, 1950830.1136619265]}, "properties": {"kind": "drone", "drone_id": 14, "frame": 130, "time_s": 130.0, "timestamp": "2025-01-01T00:02:10", "mode": "SUM_MIN", "is_static": false, "battery": 44.00000000000082}}, {"type": "Feature", "geometry": {"type": "Point", "coordinates": [962399.4954126789, 1951526.542233355]}, "properties": {"kind": "drone", "drone_id": 15, "frame": 130, "time_s": 130.0, "timestamp": "2025-01-01T00:02:10", "mode": "SUM_MIN", "is_static": false, "battery": 39.500000000000625}}, {"type": "Feature", "geometry": {"type": "Point", "coordinates": [963531.5143333401, 1950980.1136619265]}, "properties": {"kind": "drone", "drone_id": 16, "frame": 130, "time_s": 130.0, "timestamp": "2025-01-01T00:02:10", "mode": "SUM_MIN", "is_static": false, "battery": 50.0}}, {"type": "Feature", "geometry": {"type": "Point", "coordinates": [964552.1871306574, 1949640.8279476408]}, "properties": {"kind": "drone", "drone_id": 17, "frame": 130, "time_s": 130.0, "timestamp": "2025-01-01T00:02:10", "mode": "SUM_MIN", "is_static": false, "battery": 27.499999999999492}}, {"type": "Feature", "geometry": {"type": "Point", "coordinates": [964173.3504235568, 1949703.3393577114]}, "properties": {"kind": "drone", "drone_id": 18, "frame": 130, "time_s": 130.0, "timestamp": "2025-01-01T00:02:10", "mode": "SUM_MIN", "is_static": false, "battery": 14.664429530201112}}, {"type": "Feature", "geometry": {"type": "Point", "coordinates": [962622.1876593664, 1951505.1136619265]}, "properties": {"kind": "drone", "drone_id": 19, "frame": 130, "time_s": 130.0, "timestamp": "2025-01-01T00:02:10", "mode": "SUM_MIN", "is_static": false, "battery": 50.0}}, {"type": "Feature", "geometry": {"type": "Point", "coordinates": [965108.917747376, 1949769.3993762122]}, "properties": {"kind": "drone", "drone_id": 20, "frame": 130, "time_s": 130.0, "timestamp": "2025-01-01T00:02:10", "mode": "SUM_MIN", "is_static": false, "battery": 36.499999999998835}}, {"type": "Feature", "geometry": {"type": "Point", "coordinates": [961972.6686065281, 1951730.1136619265]}, "properties": {"kind": "base_A", "drone_id": 0, "frame": 130, "time_s": 130.0, "timestamp": "2025-01-01T00:02:10", "mode": "SUM_MIN", "is_static": true, "battery": 50.0}}, {"type": "Feature", "geometry": {"type": "Point", "coordinates": [966389.3981658287, 1948730.1136619265]}, "properties": {"kind": "base_B", "drone_id": 0, "frame": 130, "time_s": 130.0, "timestamp": "2025-01-01T00:02:10", "mode": "SUM_MIN", "is_static": true, "battery": 50.0}}, {"type": "Feature", "geometry": {"type": "Point", "coordinates": [965387.2830557353, 1949608.6850904978]}, "properties": {"kind": "drone", "drone_id": 1, "frame": 131, "time_s": 131.0, "timestamp": "2025-01-01T00:02:11", "mode": "SUM_MIN", "is_static": false, "battery": 34.99999999999965}}, {"type": "Feature", "geometry": {"type": "Point", "coordinates": [966222.3789808131, 1949276.542233355]}, "properties": {"kind": "drone", "drone_id": 2, "frame": 131, "time_s": 131.0, "timestamp": "2025-01-01T00:02:11", "mode": "SUM_MIN", "is_static": false, "battery": 43.99999999999942}}, {"type": "Feature", "geometry": {"type": "Point", "coordinates": [963809.8796416994, 1950519.3993762122]}, "properties": {"kind": "drone", "drone_id": 3, "frame": 131, "time_s": 131.0, "timestamp": "2025-01-01T00:02:11", "mode": "SUM_MIN", "is_static": false, "battery": 45.49999999999981}}, {"type": "Feature", "geometry": {"type": "Point", "coordinates": [962121.1301043197, 1951494.3993762122]}, "properties": {"kind": "drone", "drone_id": 4, "frame": 131, "time_s": 131.0, "timestamp": "2025-01-01T00:02:11", "mode": "SUM_MIN", "is_static": false, "battery": 43.99999999999981}}, {"type": "Feature", "geometry": {"type": "Point", "coordinates": [966389.3981658287, 1949051.542233355]}, "properties": {"kind": "drone", "drone_id": 5, "frame": 131, "time_s": 131.0, "timestamp": "2025-01-01T00:02:11", "mode": "SUM_MIN", "is_static": false, "battery": 35.00000000000081}}, {"type": "Feature", "geometry": {"type": "Point", "coordinates": [965665.6483640946, 1949597.9708047837]}, "properties": {"kind": "drone", "drone_id": 6, "frame": 131, "time_s": 131.0, "timestamp": "2025-01-01T00:02:11", "mode": "SUM_MIN", "is_static": false, "battery": 35.00000000000085}}, {"type": "Feature", "geometry": {"type": "Point", "coordinates": [963234.5913377568, 1951151.542233355]}, "properties": {"kind": "drone", "drone_id": 7, "frame": 131, "time_s": 131.0, "timestamp": "2025-01-01T00:02:11", "mode": "SUM_MIN", "is_static": false, "battery": 36.50000000000047}}, {"type": "Feature", "geometry": {"type": "Point", "coordinates": [964830.5524390168, 1949780.1136619265]}, "properties": {"kind": "drone", "drone_id": 8, "frame": 131, "time_s": 131.0, "timestamp": "2025-01-01T00:02:11", "mode": "SUM_MIN", "is_static": false, "battery": 27.49999999999988}}, {"type": "Feature", "geometry": {"type": "Point", "coordinates": [962956.2260293976, 1951312.2565190694]}, "properties": {"kind": "drone", "drone_id": 9, "frame": 131, "time_s": 131.0, "timestamp": "2025-01-01T00:02:11", "mode": "SUM_MIN", "is_static": false, "battery": 47.00000000000062}}, {"type": "Feature", "geometry": {"type": "Point", "coordinates": [965944.0136724538, 1949437.2565190694]}, "properties": {"kind": "drone", "drone_id": 10, "frame": 131, "time_s": 131.0, "timestamp": "2025-01-01T00:02:11", "mode": "SUM_MIN", "is_static": false, "battery": 48.49999999999981}}, {"type": "Feature", "geometry": {"type": "Point", "coordinates": [964273.8218222981, 1949651.542233355]}, "properties": {"kind": "drone", "drone_id": 11, "frame": 131, "time_s": 131.0, "timestamp": "2025-01-01T00:02:11", "mode": "SUM_MIN", "is_static": false, "battery": 32.00000000000027}}, {"type": "Feature", "geometry": {"type": "Point", "coordinates": [963921.225765043, 1949940.8279476408]}, "properties": {"kind": "drone", "drone_id": 12, "frame": 131, "time_s": 131.0, "timestamp": "2025-01-01T00:02:11", "mode": "SUM_MIN", "is_static": false, "battery": 33.500000000000234}}, {"type": "Feature", "geometry": {"type": "Point", "coordinates": [963921.225765043, 1950262.2565190694]}, "properties": {"kind": "drone", "drone_id": 13, "frame": 131, "time_s": 131.0, "timestamp": "2025-01-01T00:02:11", "mode": "SUM_MIN", "is_static": false, "battery": 39.5}}, {"type": "Feature", "geometry": {"type": "Point", "coordinates": [963791.3219544754, 1950830.1136619265]}, "properties": {"kind": "drone", "drone_id": 14, "frame": 131, "time_s": 131.0, "timestamp": "2025-01-01T00:02:11", "mode": "SUM_MIN", "is_static": false, "battery": 44.00000000000082}}, {"type": "Feature", "geometry": {"type": "Point", "coordinates": [962399.4954126789, 1951526.542233355]}, "properties": {"kind": "drone", "drone_id": 15, "frame": 131, "time_s": 131.0, "timestamp": "2025-01-01T00:02:11", "mode": "SUM_MIN", "is_static": false, "battery": 39.500000000000625}}, {"type": "Feature", "geometry": {"type": "Point", "coordinates": [963531.5143333401, 1950980.1136619265]}, "properties": {"kind": "drone", "drone_id": 16, "frame": 131, "time_s": 131.0, "timestamp": "2025-01-01T00:02:11", "mode": "SUM_MIN", "is_static": false, "battery": 50.0}}, {"type": "Feature", "geometry": {"type": "Point", "coordinates": [964552.1871306574, 1949640.8279476408]}, "properties": {"kind": "drone", "drone_id": 17, "frame": 131, "time_s": 131.0, "timestamp": "2025-01-01T00:02:11", "mode": "SUM_MIN", "is_static": false, "battery": 27.499999999999492}}, {"type": "Feature", "geometry": {"type": "Point", "coordinates": [964155.898268237, 1949699.3089550827]}, "properties": {"kind": "drone", "drone_id": 18, "frame": 131, "time_s": 131.0, "timestamp": "2025-01-01T00:02:11", "mode": "SUM_MIN", "is_static": false, "battery": 14.392617449664193}}, {"type": "Feature", "geometry": {"type": "Point", "coordinates": [962622.1876593664, 1951505.1136619265]}, "properties": {"kind": "drone", "drone_id": 19, "frame": 131, "time_s": 131.0, "timestamp": "2025-01-01T00:02:11", "mode": "SUM_MIN", "is_static": false, "battery": 50.0}}, {"type": "Feature", "geometry": {"type": "Point", "coordinates": [965108.917747376, 1949769.3993762122]}, "properties": {"kind": "drone", "drone_id": 20, "frame": 131, "time_s": 131.0, "timestamp": "2025-01-01T00:02:11", "mode": "SUM_MIN", "is_static": false, "battery": 36.499999999998835}}, {"type": "Feature", "geometry": {"type": "Point", "coordinates": [961972.6686065281, 1951730.1136619265]}, "properties": {"kind": "base_A", "drone_id": 0, "frame": 131, "time_s": 131.0, "timestamp": "2025-01-01T00:02:11", "mode": "SUM_MIN", "is_static": true, "battery": 50.0}}, {"type": "Feature", "geometry": {"type": "Point", "coordinates": [966389.3981658287, 1948730.1136619265]}, "properties": {"kind": "base_B", "drone_id": 0, "frame": 131, "time_s": 131.0, "timestamp": "2025-01-01T00:02:11", "mode": "SUM_MIN", "is_static": true, "battery": 50.0}}, {"type": "Feature", "geometry": {"type": "Point", "coordinates": [965387.2830557353, 1949608.6850904978]}, "properties": {"kind": "drone", "drone_id": 1, "frame": 132, "time_s": 132.0, "timestamp": "2025-01-01T00:02:12", "mode": "SUM_MIN", "is_static": false, "battery": 34.99999999999965}}, {"type": "Feature", "geometry": {"type": "Point", "coordinates": [966222.3789808131, 1949276.542233355]}, "properties": {"kind": "drone", "drone_id": 2, "frame": 132, "time_s": 132.0, "timestamp": "2025-01-01T00:02:12", "mode": "SUM_MIN", "is_static": false, "battery": 43.99999999999942}}, {"type": "Feature", "geometry": {"type": "Point", "coordinates": [963809.8796416994, 1950519.3993762122]}, "properties": {"kind": "drone", "drone_id": 3, "frame": 132, "time_s": 132.0, "timestamp": "2025-01-01T00:02:12", "mode": "SUM_MIN", "is_static": false, "battery": 45.49999999999981}}, {"type": "Feature", "geometry": {"type": "Point", "coordinates": [962121.1301043197, 1951494.3993762122]}, "properties": {"kind": "drone", "drone_id": 4, "frame": 132, "time_s": 132.0, "timestamp": "2025-01-01T00:02:12", "mode": "SUM_MIN", "is_static": false, "battery": 43.99999999999981}}, {"type": "Feature", "geometry": {"type": "Point", "coordinates": [966389.3981658287, 1949051.542233355]}, "properties": {"kind": "drone", "drone_id": 5, "frame": 132, "time_s": 132.0, "timestamp": "2025-01-01T00:02:12", "mode": "SUM_MIN", "is_static": false, "battery": 35.00000000000081}}, {"type": "Feature", "geometry": {"type": "Point", "coordinates": [965665.6483640946, 1949597.9708047837]}, "properties": {"kind": "drone", "drone_id": 6, "frame": 132, "time_s": 132.0, "timestamp": "2025-01-01T00:02:12", "mode": "SUM_MIN", "is_static": false, "battery": 35.00000000000085}}, {"type": "Feature", "geometry": {"type": "Point", "coordinates": [963234.5913377568, 1951151.542233355]}, "properties": {"kind": "drone", "drone_id": 7, "frame": 132, "time_s": 132.0, "timestamp": "2025-01-01T00:02:12", "mode": "SUM_MIN", "is_static": false, "battery": 36.50000000000047}}, {"type": "Feature", "geometry": {"type": "Point", "coordinates": [964830.5524390168, 1949780.1136619265]}, "properties": {"kind": "drone", "drone_id": 8, "frame": 132, "time_s": 132.0, "timestamp": "2025-01-01T00:02:12", "mode": "SUM_MIN", "is_static": false, "battery": 27.49999999999988}}, {"type": "Feature", "geometry": {"type": "Point", "coordinates": [962956.2260293976, 1951312.2565190694]}, "properties": {"kind": "drone", "drone_id": 9, "frame": 132, "time_s": 132.0, "timestamp": "2025-01-01T00:02:12", "mode": "SUM_MIN", "is_static": false, "battery": 47.00000000000062}}, {"type": "Feature", "geometry": {"type": "Point", "coordinates": [965944.0136724538, 1949437.2565190694]}, "properties": {"kind": "drone", "drone_id": 10, "frame": 132, "time_s": 132.0, "timestamp": "2025-01-01T00:02:12", "mode": "SUM_MIN", "is_static": false, "battery": 48.49999999999981}}, {"type": "Feature", "geometry": {"type": "Point", "coordinates": [964273.8218222981, 1949651.542233355]}, "properties": {"kind": "drone", "drone_id": 11, "frame": 132, "time_s": 132.0, "timestamp": "2025-01-01T00:02:12", "mode": "SUM_MIN", "is_static": false, "battery": 32.00000000000027}}, {"type": "Feature", "geometry": {"type": "Point", "coordinates": [963921.225765043, 1949940.8279476408]}, "properties": {"kind": "drone", "drone_id": 12, "frame": 132, "time_s": 132.0, "timestamp": "2025-01-01T00:02:12", "mode": "SUM_MIN", "is_static": false, "battery": 33.500000000000234}}, {"type": "Feature", "geometry": {"type": "Point", "coordinates": [963921.225765043, 1950262.2565190694]}, "properties": {"kind": "drone", "drone_id": 13, "frame": 132, "time_s": 132.0, "timestamp": "2025-01-01T00:02:12", "mode": "SUM_MIN", "is_static": false, "battery": 39.5}}, {"type": "Feature", "geometry": {"type": "Point", "coordinates": [963791.3219544754, 1950830.1136619265]}, "properties": {"kind": "drone", "drone_id": 14, "frame": 132, "time_s": 132.0, "timestamp": "2025-01-01T00:02:12", "mode": "SUM_MIN", "is_static": false, "battery": 44.00000000000082}}, {"type": "Feature", "geometry": {"type": "Point", "coordinates": [962399.4954126789, 1951526.542233355]}, "properties": {"kind": "drone", "drone_id": 15, "frame": 132, "time_s": 132.0, "timestamp": "2025-01-01T00:02:12", "mode": "SUM_MIN", "is_static": false, "battery": 39.500000000000625}}, {"type": "Feature", "geometry": {"type": "Point", "coordinates": [963531.5143333401, 1950980.1136619265]}, "properties": {"kind": "drone", "drone_id": 16, "frame": 132, "time_s": 132.0, "timestamp": "2025-01-01T00:02:12", "mode": "SUM_MIN", "is_static": false, "battery": 50.0}}, {"type": "Feature", "geometry": {"type": "Point", "coordinates": [964552.1871306574, 1949640.8279476408]}, "properties": {"kind": "drone", "drone_id": 17, "frame": 132, "time_s": 132.0, "timestamp": "2025-01-01T00:02:12", "mode": "SUM_MIN", "is_static": false, "battery": 27.499999999999492}}, {"type": "Feature", "geometry": {"type": "Point", "coordinates": [964139.2629966801, 1949695.467203678]}, "properties": {"kind": "drone", "drone_id": 18, "frame": 132, "time_s": 132.0, "timestamp": "2025-01-01T00:02:12", "mode": "SUM_MIN", "is_static": false, "battery": 14.120805369127275}}, {"type": "Feature", "geometry": {"type": "Point", "coordinates": [962622.1876593664, 1951505.1136619265]}, "properties": {"kind": "drone", "drone_id": 19, "frame": 132, "time_s": 132.0, "timestamp": "2025-01-01T00:02:12", "mode": "SUM_MIN", "is_static": false, "battery": 50.0}}, {"type": "Feature", "geometry": {"type": "Point", "coordinates": [965108.917747376, 1949769.3993762122]}, "properties": {"kind": "drone", "drone_id": 20, "frame": 132, "time_s": 132.0, "timestamp": "2025-01-01T00:02:12", "mode": "SUM_MIN", "is_static": false, "battery": 36.499999999998835}}, {"type": "Feature", "geometry": {"type": "Point", "coordinates": [961972.6686065281, 1951730.1136619265]}, "properties": {"kind": "base_A", "drone_id": 0, "frame": 132, "time_s": 132.0, "timestamp": "2025-01-01T00:02:12", "mode": "SUM_MIN", "is_static": true, "battery": 50.0}}, {"type": "Feature", "geometry": {"type": "Point", "coordinates": [966389.3981658287, 1948730.1136619265]}, "properties": {"kind": "base_B", "drone_id": 0, "frame": 132, "time_s": 132.0, "timestamp": "2025-01-01T00:02:12", "mode": "SUM_MIN", "is_static": true, "battery": 50.0}}, {"type": "Feature", "geometry": {"type": "Point", "coordinates": [965387.2830557353, 1949608.6850904978]}, "properties": {"kind": "drone", "drone_id": 1, "frame": 133, "time_s": 133.0, "timestamp": "2025-01-01T00:02:13", "mode": "SUM_MIN", "is_static": false, "battery": 34.99999999999965}}, {"type": "Feature", "geometry": {"type": "Point", "coordinates": [966222.3789808131, 1949276.542233355]}, "properties": {"kind": "drone", "drone_id": 2, "frame": 133, "time_s": 133.0, "timestamp": "2025-01-01T00:02:13", "mode": "SUM_MIN", "is_static": false, "battery": 43.99999999999942}}, {"type": "Feature", "geometry": {"type": "Point", "coordinates": [963809.8796416994, 1950519.3993762122]}, "properties": {"kind": "drone", "drone_id": 3, "frame": 133, "time_s": 133.0, "timestamp": "2025-01-01T00:02:13", "mode": "SUM_MIN", "is_static": false, "battery": 45.49999999999981}}, {"type": "Feature", "geometry": {"type": "Point", "coordinates": [962121.1301043197, 1951494.3993762122]}, "properties": {"kind": "drone", "drone_id": 4, "frame": 133, "time_s": 133.0, "timestamp": "2025-01-01T00:02:13", "mode": "SUM_MIN", "is_static": false, "battery": 43.99999999999981}}, {"type": "Feature", "geometry": {"type": "Point", "coordinates": [966389.3981658287, 1949051.542233355]}, "properties": {"kind": "drone", "drone_id": 5, "frame": 133, "time_s": 133.0, "timestamp": "2025-01-01T00:02:13", "mode": "SUM_MIN", "is_static": false, "battery": 35.00000000000081}}, {"type": "Feature", "geometry": {"type": "Point", "coordinates": [965665.6483640946, 1949597.9708047837]}, "properties": {"kind": "drone", "drone_id": 6, "frame": 133, "time_s": 133.0, "timestamp": "2025-01-01T00:02:13", "mode": "SUM_MIN", "is_static": false, "battery": 35.00000000000085}}, {"type": "Feature", "geometry": {"type": "Point", "coordinates": [963234.5913377568, 1951151.542233355]}, "properties": {"kind": "drone", "drone_id": 7, "frame": 133, "time_s": 133.0, "timestamp": "2025-01-01T00:02:13", "mode": "SUM_MIN", "is_static": false, "battery": 36.50000000000047}}, {"type": "Feature", "geometry": {"type": "Point", "coordinates": [964830.5524390168, 1949780.1136619265]}, "properties": {"kind": "drone", "drone_id": 8, "frame": 133, "time_s": 133.0, "timestamp": "2025-01-01T00:02:13", "mode": "SUM_MIN", "is_static": false, "battery": 27.49999999999988}}, {"type": "Feature", "geometry": {"type": "Point", "coordinates": [962956.2260293976, 1951312.2565190694]}, "properties": {"kind": "drone", "drone_id": 9, "frame": 133, "time_s": 133.0, "timestamp": "2025-01-01T00:02:13", "mode": "SUM_MIN", "is_static": false, "battery": 47.00000000000062}}, {"type": "Feature", "geometry": {"type": "Point", "coordinates": [965944.0136724538, 1949437.2565190694]}, "properties": {"kind": "drone", "drone_id": 10, "frame": 133, "time_s": 133.0, "timestamp": "2025-01-01T00:02:13", "mode": "SUM_MIN", "is_static": false, "battery": 48.49999999999981}}, {"type": "Feature", "geometry": {"type": "Point", "coordinates": [964273.8218222981, 1949651.542233355]}, "properties": {"kind": "drone", "drone_id": 11, "frame": 133, "time_s": 133.0, "timestamp": "2025-01-01T00:02:13", "mode": "SUM_MIN", "is_static": false, "battery": 32.00000000000027}}, {"type": "Feature", "geometry": {"type": "Point", "coordinates": [963921.225765043, 1949940.8279476408]}, "properties": {"kind": "drone", "drone_id": 12, "frame": 133, "time_s": 133.0, "timestamp": "2025-01-01T00:02:13", "mode": "SUM_MIN", "is_static": false, "battery": 33.500000000000234}}, {"type": "Feature", "geometry": {"type": "Point", "coordinates": [963921.225765043, 1950262.2565190694]}, "properties": {"kind": "drone", "drone_id": 13, "frame": 133, "time_s": 133.0, "timestamp": "2025-01-01T00:02:13", "mode": "SUM_MIN", "is_static": false, "battery": 39.5}}, {"type": "Feature", "geometry": {"type": "Point", "coordinates": [963791.3219544754, 1950830.1136619265]}, "properties": {"kind": "drone", "drone_id": 14, "frame": 133, "time_s": 133.0, "timestamp": "2025-01-01T00:02:13", "mode": "SUM_MIN", "is_static": false, "battery": 44.00000000000082}}, {"type": "Feature", "geometry": {"type": "Point", "coordinates": [962399.4954126789, 1951526.542233355]}, "properties": {"kind": "drone", "drone_id": 15, "frame": 133, "time_s": 133.0, "timestamp": "2025-01-01T00:02:13", "mode": "SUM_MIN", "is_static": false, "battery": 39.500000000000625}}, {"type": "Feature", "geometry": {"type": "Point", "coordinates": [963531.5143333401, 1950980.1136619265]}, "properties": {"kind": "drone", "drone_id": 16, "frame": 133, "time_s": 133.0, "timestamp": "2025-01-01T00:02:13", "mode": "SUM_MIN", "is_static": false, "battery": 50.0}}, {"type": "Feature", "geometry": {"type": "Point", "coordinates": [964552.1871306574, 1949640.8279476408]}, "properties": {"kind": "drone", "drone_id": 17, "frame": 133, "time_s": 133.0, "timestamp": "2025-01-01T00:02:13", "mode": "SUM_MIN", "is_static": false, "battery": 27.499999999999492}}, {"type": "Feature", "geometry": {"type": "Point", "coordinates": [964123.459067006, 1949691.8174424574]}, "properties": {"kind": "drone", "drone_id": 18, "frame": 133, "time_s": 133.0, "timestamp": "2025-01-01T00:02:13", "mode": "SUM_MIN", "is_static": false, "battery": 13.848993288590364}}, {"type": "Feature", "geometry": {"type": "Point", "coordinates": [962622.1876593664, 1951505.1136619265]}, "properties": {"kind": "drone", "drone_id": 19, "frame": 133, "time_s": 133.0, "timestamp": "2025-01-01T00:02:13", "mode": "SUM_MIN", "is_static": false, "battery": 50.0}}, {"type": "Feature", "geometry": {"type": "Point", "coordinates": [965108.917747376, 1949769.3993762122]}, "properties": {"kind": "drone", "drone_id": 20, "frame": 133, "time_s": 133.0, "timestamp": "2025-01-01T00:02:13", "mode": "SUM_MIN", "is_static": false, "battery": 36.499999999998835}}, {"type": "Feature", "geometry": {"type": "Point", "coordinates": [961972.6686065281, 1951730.1136619265]}, "properties": {"kind": "base_A", "drone_id": 0, "frame": 133, "time_s": 133.0, "timestamp": "2025-01-01T00:02:13", "mode": "SUM_MIN", "is_static": true, "battery": 50.0}}, {"type": "Feature", "geometry": {"type": "Point", "coordinates": [966389.3981658287, 1948730.1136619265]}, "properties": {"kind": "base_B", "drone_id": 0, "frame": 133, "time_s": 133.0, "timestamp": "2025-01-01T00:02:13", "mode": "SUM_MIN", "is_static": true, "battery": 50.0}}, {"type": "Feature", "geometry": {"type": "Point", "coordinates": [965387.2830557353, 1949608.6850904978]}, "properties": {"kind": "drone", "drone_id": 1, "frame": 134, "time_s": 134.0, "timestamp": "2025-01-01T00:02:14", "mode": "SUM_MIN", "is_static": false, "battery": 34.99999999999965}}, {"type": "Feature", "geometry": {"type": "Point", "coordinates": [966222.3789808131, 1949276.542233355]}, "properties": {"kind": "drone", "drone_id": 2, "frame": 134, "time_s": 134.0, "timestamp": "2025-01-01T00:02:14", "mode": "SUM_MIN", "is_static": false, "battery": 43.99999999999942}}, {"type": "Feature", "geometry": {"type": "Point", "coordinates": [963809.8796416994, 1950519.3993762122]}, "properties": {"kind": "drone", "drone_id": 3, "frame": 134, "time_s": 134.0, "timestamp": "2025-01-01T00:02:14", "mode": "SUM_MIN", "is_static": false, "battery": 45.49999999999981}}, {"type": "Feature", "geometry": {"type": "Point", "coordinates": [962121.1301043197, 1951494.3993762122]}, "properties": {"kind": "drone", "drone_id": 4, "frame": 134, "time_s": 134.0, "timestamp": "2025-01-01T00:02:14", "mode": "SUM_MIN", "is_static": false, "battery": 43.99999999999981}}, {"type": "Feature", "geometry": {"type": "Point", "coordinates": [966389.3981658287, 1949051.542233355]}, "properties": {"kind": "drone", "drone_id": 5, "frame": 134, "time_s": 134.0, "timestamp": "2025-01-01T00:02:14", "mode": "SUM_MIN", "is_static": false, "battery": 35.00000000000081}}, {"type": "Feature", "geometry": {"type": "Point", "coordinates": [965665.6483640946, 1949597.9708047837]}, "properties": {"kind": "drone", "drone_id": 6, "frame": 134, "time_s": 134.0, "timestamp": "2025-01-01T00:02:14", "mode": "SUM_MIN", "is_static": false, "battery": 35.00000000000085}}, {"type": "Feature", "geometry": {"type": "Point", "coordinates": [963234.5913377568, 1951151.542233355]}, "properties": {"kind": "drone", "drone_id": 7, "frame": 134, "time_s": 134.0, "timestamp": "2025-01-01T00:02:14", "mode": "SUM_MIN", "is_static": false, "battery": 36.50000000000047}}, {"type": "Feature", "geometry": {"type": "Point", "coordinates": [964830.5524390168, 1949780.1136619265]}, "properties": {"kind": "drone", "drone_id": 8, "frame": 134, "time_s": 134.0, "timestamp": "2025-01-01T00:02:14", "mode": "SUM_MIN", "is_static": false, "battery": 27.49999999999988}}, {"type": "Feature", "geometry": {"type": "Point", "coordinates": [962956.2260293976, 1951312.2565190694]}, "properties": {"kind": "drone", "drone_id": 9, "frame": 134, "time_s": 134.0, "timestamp": "2025-01-01T00:02:14", "mode": "SUM_MIN", "is_static": false, "battery": 47.00000000000062}}, {"type": "Feature", "geometry": {"type": "Point", "coordinates": [965944.0136724538, 1949437.2565190694]}, "properties": {"kind": "drone", "drone_id": 10, "frame": 134, "time_s": 134.0, "timestamp": "2025-01-01T00:02:14", "mode": "SUM_MIN", "is_static": false, "battery": 48.49999999999981}}, {"type": "Feature", "geometry": {"type": "Point", "coordinates": [964273.8218222981, 1949651.542233355]}, "properties": {"kind": "drone", "drone_id": 11, "frame": 134, "time_s": 134.0, "timestamp": "2025-01-01T00:02:14", "mode": "SUM_MIN", "is_static": false, "battery": 32.00000000000027}}, {"type": "Feature", "geometry": {"type": "Point", "coordinates": [963921.225765043, 1949940.8279476408]}, "properties": {"kind": "drone", "drone_id": 12, "frame": 134, "time_s": 134.0, "timestamp": "2025-01-01T00:02:14", "mode": "SUM_MIN", "is_static": false, "battery": 33.500000000000234}}, {"type": "Feature", "geometry": {"type": "Point", "coordinates": [963921.225765043, 1950262.2565190694]}, "properties": {"kind": "drone", "drone_id": 13, "frame": 134, "time_s": 134.0, "timestamp": "2025-01-01T00:02:14", "mode": "SUM_MIN", "is_static": false, "battery": 39.5}}, {"type": "Feature", "geometry": {"type": "Point", "coordinates": [963791.3219544754, 1950830.1136619265]}, "properties": {"kind": "drone", "drone_id": 14, "frame": 134, "time_s": 134.0, "timestamp": "2025-01-01T00:02:14", "mode": "SUM_MIN", "is_static": false, "battery": 44.00000000000082}}, {"type": "Feature", "geometry": {"type": "Point", "coordinates": [962399.4954126789, 1951526.542233355]}, "properties": {"kind": "drone", "drone_id": 15, "frame": 134, "time_s": 134.0, "timestamp": "2025-01-01T00:02:14", "mode": "SUM_MIN", "is_static": false, "battery": 39.500000000000625}}, {"type": "Feature", "geometry": {"type": "Point", "coordinates": [963531.5143333401, 1950980.1136619265]}, "properties": {"kind": "drone", "drone_id": 16, "frame": 134, "time_s": 134.0, "timestamp": "2025-01-01T00:02:14", "mode": "SUM_MIN", "is_static": false, "battery": 50.0}}, {"type": "Feature", "geometry": {"type": "Point", "coordinates": [964552.1871306574, 1949640.8279476408]}, "properties": {"kind": "drone", "drone_id": 17, "frame": 134, "time_s": 134.0, "timestamp": "2025-01-01T00:02:14", "mode": "SUM_MIN", "is_static": false, "battery": 27.499999999999492}}, {"type": "Feature", "geometry": {"type": "Point", "coordinates": [964108.5009373343, 1949688.3630103804]}, "properties": {"kind": "drone", "drone_id": 18, "frame": 134, "time_s": 134.0, "timestamp": "2025-01-01T00:02:14", "mode": "SUM_MIN", "is_static": false, "battery": 13.577181208053446}}, {"type": "Feature", "geometry": {"type": "Point", "coordinates": [962622.1876593664, 1951505.1136619265]}, "properties": {"kind": "drone", "drone_id": 19, "frame": 134, "time_s": 134.0, "timestamp": "2025-01-01T00:02:14", "mode": "SUM_MIN", "is_static": false, "battery": 50.0}}, {"type": "Feature", "geometry": {"type": "Point", "coordinates": [965108.917747376, 1949769.3993762122]}, "properties": {"kind": "drone", "drone_id": 20, "frame": 134, "time_s": 134.0, "timestamp": "2025-01-01T00:02:14", "mode": "SUM_MIN", "is_static": false, "battery": 36.499999999998835}}, {"type": "Feature", "geometry": {"type": "Point", "coordinates": [961972.6686065281, 1951730.1136619265]}, "properties": {"kind": "base_A", "drone_id": 0, "frame": 134, "time_s": 134.0, "timestamp": "2025-01-01T00:02:14", "mode": "SUM_MIN", "is_static": true, "battery": 50.0}}, {"type": "Feature", "geometry": {"type": "Point", "coordinates": [966389.3981658287, 1948730.1136619265]}, "properties": {"kind": "base_B", "drone_id": 0, "frame": 134, "time_s": 134.0, "timestamp": "2025-01-01T00:02:14", "mode": "SUM_MIN", "is_static": true, "battery": 50.0}}, {"type": "Feature", "geometry": {"type": "Point", "coordinates": [965387.2830557353, 1949608.6850904978]}, "properties": {"kind": "drone", "drone_id": 1, "frame": 135, "time_s": 135.0, "timestamp": "2025-01-01T00:02:15", "mode": "SUM_MIN", "is_static": false, "battery": 34.99999999999965}}, {"type": "Feature", "geometry": {"type": "Point", "coordinates": [966222.3789808131, 1949276.542233355]}, "properties": {"kind": "drone", "drone_id": 2, "frame": 135, "time_s": 135.0, "timestamp": "2025-01-01T00:02:15", "mode": "SUM_MIN", "is_static": false, "battery": 43.99999999999942}}, {"type": "Feature", "geometry": {"type": "Point", "coordinates": [963809.8796416994, 1950519.3993762122]}, "properties": {"kind": "drone", "drone_id": 3, "frame": 135, "time_s": 135.0, "timestamp": "2025-01-01T00:02:15", "mode": "SUM_MIN", "is_static": false, "battery": 45.49999999999981}}, {"type": "Feature", "geometry": {"type": "Point", "coordinates": [962121.1301043197, 1951494.3993762122]}, "properties": {"kind": "drone", "drone_id": 4, "frame": 135, "time_s": 135.0, "timestamp": "2025-01-01T00:02:15", "mode": "SUM_MIN", "is_static": false, "battery": 43.99999999999981}}, {"type": "Feature", "geometry": {"type": "Point", "coordinates": [966389.3981658287, 1949051.542233355]}, "properties": {"kind": "drone", "drone_id": 5, "frame": 135, "time_s": 135.0, "timestamp": "2025-01-01T00:02:15", "mode": "SUM_MIN", "is_static": false, "battery": 35.00000000000081}}, {"type": "Feature", "geometry": {"type": "Point", "coordinates": [965665.6483640946, 1949597.9708047837]}, "properties": {"kind": "drone", "drone_id": 6, "frame": 135, "time_s": 135.0, "timestamp": "2025-01-01T00:02:15", "mode": "SUM_MIN", "is_static": false, "battery": 35.00000000000085}}, {"type": "Feature", "geometry": {"type": "Point", "coordinates": [963234.5913377568, 1951151.542233355]}, "properties": {"kind": "drone", "drone_id": 7, "frame": 135, "time_s": 135.0, "timestamp": "2025-01-01T00:02:15", "mode": "SUM_MIN", "is_static": false, "battery": 36.50000000000047}}, {"type": "Feature", "geometry": {"type": "Point", "coordinates": [964830.5524390168, 1949780.1136619265]}, "properties": {"kind": "drone", "drone_id": 8, "frame": 135, "time_s": 135.0, "timestamp": "2025-01-01T00:02:15", "mode": "SUM_MIN", "is_static": false, "battery": 27.49999999999988}}, {"type": "Feature", "geometry": {"type": "Point", "coordinates": [962956.2260293976, 1951312.2565190694]}, "properties": {"kind": "drone", "drone_id": 9, "frame": 135, "time_s": 135.0, "timestamp": "2025-01-01T00:02:15", "mode": "SUM_MIN", "is_static": false, "battery": 47.00000000000062}}, {"type": "Feature", "geometry": {"type": "Point", "coordinates": [965944.0136724538, 1949437.2565190694]}, "properties": {"kind": "drone", "drone_id": 10, "frame": 135, "time_s": 135.0, "timestamp": "2025-01-01T00:02:15", "mode": "SUM_MIN", "is_static": false, "battery": 48.49999999999981}}, {"type": "Feature", "geometry": {"type": "Point", "coordinates": [964273.8218222981, 1949651.542233355]}, "properties": {"kind": "drone", "drone_id": 11, "frame": 135, "time_s": 135.0, "timestamp": "2025-01-01T00:02:15", "mode": "SUM_MIN", "is_static": false, "battery": 32.00000000000027}}, {"type": "Feature", "geometry": {"type": "Point", "coordinates": [963921.225765043, 1949940.8279476408]}, "properties": {"kind": "drone", "drone_id": 12, "frame": 135, "time_s": 135.0, "timestamp": "2025-01-01T00:02:15", "mode": "SUM_MIN", "is_static": false, "battery": 33.500000000000234}}, {"type": "Feature", "geometry": {"type": "Point", "coordinates": [963921.225765043, 1950262.2565190694]}, "properties": {"kind": "drone", "drone_id": 13, "frame": 135, "time_s": 135.0, "timestamp": "2025-01-01T00:02:15", "mode": "SUM_MIN", "is_static": false, "battery": 39.5}}, {"type": "Feature", "geometry": {"type": "Point", "coordinates": [963791.3219544754, 1950830.1136619265]}, "properties": {"kind": "drone", "drone_id": 14, "frame": 135, "time_s": 135.0, "timestamp": "2025-01-01T00:02:15", "mode": "SUM_MIN", "is_static": false, "battery": 44.00000000000082}}, {"type": "Feature", "geometry": {"type": "Point", "coordinates": [962399.4954126789, 1951526.542233355]}, "properties": {"kind": "drone", "drone_id": 15, "frame": 135, "time_s": 135.0, "timestamp": "2025-01-01T00:02:15", "mode": "SUM_MIN", "is_static": false, "battery": 39.500000000000625}}, {"type": "Feature", "geometry": {"type": "Point", "coordinates": [963531.5143333401, 1950980.1136619265]}, "properties": {"kind": "drone", "drone_id": 16, "frame": 135, "time_s": 135.0, "timestamp": "2025-01-01T00:02:15", "mode": "SUM_MIN", "is_static": false, "battery": 50.0}}, {"type": "Feature", "geometry": {"type": "Point", "coordinates": [964552.1871306574, 1949640.8279476408]}, "properties": {"kind": "drone", "drone_id": 17, "frame": 135, "time_s": 135.0, "timestamp": "2025-01-01T00:02:15", "mode": "SUM_MIN", "is_static": false, "battery": 27.499999999999492}}, {"type": "Feature", "geometry": {"type": "Point", "coordinates": [964094.4030657845, 1949685.1072464068]}, "properties": {"kind": "drone", "drone_id": 18, "frame": 135, "time_s": 135.0, "timestamp": "2025-01-01T00:02:15", "mode": "SUM_MIN", "is_static": false, "battery": 13.305369127516535}}, {"type": "Feature", "geometry": {"type": "Point", "coordinates": [962622.1876593664, 1951505.1136619265]}, "properties": {"kind": "drone", "drone_id": 19, "frame": 135, "time_s": 135.0, "timestamp": "2025-01-01T00:02:15", "mode": "SUM_MIN", "is_static": false, "battery": 50.0}}, {"type": "Feature", "geometry": {"type": "Point", "coordinates": [965108.917747376, 1949769.3993762122]}, "properties": {"kind": "drone", "drone_id": 20, "frame": 135, "time_s": 135.0, "timestamp": "2025-01-01T00:02:15", "mode": "SUM_MIN", "is_static": false, "battery": 36.499999999998835}}, {"type": "Feature", "geometry": {"type": "Point", "coordinates": [961972.6686065281, 1951730.1136619265]}, "properties": {"kind": "base_A", "drone_id": 0, "frame": 135, "time_s": 135.0, "timestamp": "2025-01-01T00:02:15", "mode": "SUM_MIN", "is_static": true, "battery": 50.0}}, {"type": "Feature", "geometry": {"type": "Point", "coordinates": [966389.3981658287, 1948730.1136619265]}, "properties": {"kind": "base_B", "drone_id": 0, "frame": 135, "time_s": 135.0, "timestamp": "2025-01-01T00:02:15", "mode": "SUM_MIN", "is_static": true, "battery": 50.0}}, {"type": "Feature", "geometry": {"type": "Point", "coordinates": [965387.2830557353, 1949608.6850904978]}, "properties": {"kind": "drone", "drone_id": 1, "frame": 136, "time_s": 136.0, "timestamp": "2025-01-01T00:02:16", "mode": "SUM_MIN", "is_static": false, "battery": 34.99999999999965}}, {"type": "Feature", "geometry": {"type": "Point", "coordinates": [966222.3789808131, 1949276.542233355]}, "properties": {"kind": "drone", "drone_id": 2, "frame": 136, "time_s": 136.0, "timestamp": "2025-01-01T00:02:16", "mode": "SUM_MIN", "is_static": false, "battery": 43.99999999999942}}, {"type": "Feature", "geometry": {"type": "Point", "coordinates": [963809.8796416994, 1950519.3993762122]}, "properties": {"kind": "drone", "drone_id": 3, "frame": 136, "time_s": 136.0, "timestamp": "2025-01-01T00:02:16", "mode": "SUM_MIN", "is_static": false, "battery": 45.49999999999981}}, {"type": "Feature", "geometry": {"type": "Point", "coordinates": [962121.1301043197, 1951494.3993762122]}, "properties": {"kind": "drone", "drone_id": 4, "frame": 136, "time_s": 136.0, "timestamp": "2025-01-01T00:02:16", "mode": "SUM_MIN", "is_static": false, "battery": 43.99999999999981}}, {"type": "Feature", "geometry": {"type": "Point", "coordinates": [966389.3981658287, 1949051.542233355]}, "properties": {"kind": "drone", "drone_id": 5, "frame": 136, "time_s": 136.0, "timestamp": "2025-01-01T00:02:16", "mode": "SUM_MIN", "is_static": false, "battery": 35.00000000000081}}, {"type": "Feature", "geometry": {"type": "Point", "coordinates": [965665.6483640946, 1949597.9708047837]}, "properties": {"kind": "drone", "drone_id": 6, "frame": 136, "time_s": 136.0, "timestamp": "2025-01-01T00:02:16", "mode": "SUM_MIN", "is_static": false, "battery": 35.00000000000085}}, {"type": "Feature", "geometry": {"type": "Point", "coordinates": [963234.5913377568, 1951151.542233355]}, "properties": {"kind": "drone", "drone_id": 7, "frame": 136, "time_s": 136.0, "timestamp": "2025-01-01T00:02:16", "mode": "SUM_MIN", "is_static": false, "battery": 36.50000000000047}}, {"type": "Feature", "geometry": {"type": "Point", "coordinates": [964830.5524390168, 1949780.1136619265]}, "properties": {"kind": "drone", "drone_id": 8, "frame": 136, "time_s": 136.0, "timestamp": "2025-01-01T00:02:16", "mode": "SUM_MIN", "is_static": false, "battery": 27.49999999999988}}, {"type": "Feature", "geometry": {"type": "Point", "coordinates": [962956.2260293976, 1951312.2565190694]}, "properties": {"kind": "drone", "drone_id": 9, "frame": 136, "time_s": 136.0, "timestamp": "2025-01-01T00:02:16", "mode": "SUM_MIN", "is_static": false, "battery": 47.00000000000062}}, {"type": "Feature", "geometry": {"type": "Point", "coordinates": [965944.0136724538, 1949437.2565190694]}, "properties": {"kind": "drone", "drone_id": 10, "frame": 136, "time_s": 136.0, "timestamp": "2025-01-01T00:02:16", "mode": "SUM_MIN", "is_static": false, "battery": 48.49999999999981}}, {"type": "Feature", "geometry": {"type": "Point", "coordinates": [964273.8218222981, 1949651.542233355]}, "properties": {"kind": "drone", "drone_id": 11, "frame": 136, "time_s": 136.0, "timestamp": "2025-01-01T00:02:16", "mode": "SUM_MIN", "is_static": false, "battery": 32.00000000000027}}, {"type": "Feature", "geometry": {"type": "Point", "coordinates": [963921.225765043, 1949940.8279476408]}, "properties": {"kind": "drone", "drone_id": 12, "frame": 136, "time_s": 136.0, "timestamp": "2025-01-01T00:02:16", "mode": "SUM_MIN", "is_static": false, "battery": 33.500000000000234}}, {"type": "Feature", "geometry": {"type": "Point", "coordinates": [963921.225765043, 1950262.2565190694]}, "properties": {"kind": "drone", "drone_id": 13, "frame": 136, "time_s": 136.0, "timestamp": "2025-01-01T00:02:16", "mode": "SUM_MIN", "is_static": false, "battery": 39.5}}, {"type": "Feature", "geometry": {"type": "Point", "coordinates": [963791.3219544754, 1950830.1136619265]}, "properties": {"kind": "drone", "drone_id": 14, "frame": 136, "time_s": 136.0, "timestamp": "2025-01-01T00:02:16", "mode": "SUM_MIN", "is_static": false, "battery": 44.00000000000082}}, {"type": "Feature", "geometry": {"type": "Point", "coordinates": [962399.4954126789, 1951526.542233355]}, "properties": {"kind": "drone", "drone_id": 15, "frame": 136, "time_s": 136.0, "timestamp": "2025-01-01T00:02:16", "mode": "SUM_MIN", "is_static": false, "battery": 39.500000000000625}}, {"type": "Feature", "geometry": {"type": "Point", "coordinates": [963531.5143333401, 1950980.1136619265]}, "properties": {"kind": "drone", "drone_id": 16, "frame": 136, "time_s": 136.0, "timestamp": "2025-01-01T00:02:16", "mode": "SUM_MIN", "is_static": false, "battery": 50.0}}, {"type": "Feature", "geometry": {"type": "Point", "coordinates": [964552.1871306574, 1949640.8279476408]}, "properties": {"kind": "drone", "drone_id": 17, "frame": 136, "time_s": 136.0, "timestamp": "2025-01-01T00:02:16", "mode": "SUM_MIN", "is_static": false, "battery": 27.499999999999492}}, {"type": "Feature", "geometry": {"type": "Point", "coordinates": [964081.1799104767, 1949682.0534894962]}, "properties": {"kind": "drone", "drone_id": 18, "frame": 136, "time_s": 136.0, "timestamp": "2025-01-01T00:02:16", "mode": "SUM_MIN", "is_static": false, "battery": 13.033557046979617}}, {"type": "Feature", "geometry": {"type": "Point", "coordinates": [962622.1876593664, 1951505.1136619265]}, "properties": {"kind": "drone", "drone_id": 19, "frame": 136, "time_s": 136.0, "timestamp": "2025-01-01T00:02:16", "mode": "SUM_MIN", "is_static": false, "battery": 50.0}}, {"type": "Feature", "geometry": {"type": "Point", "coordinates": [965108.917747376, 1949769.3993762122]}, "properties": {"kind": "drone", "drone_id": 20, "frame": 136, "time_s": 136.0, "timestamp": "2025-01-01T00:02:16", "mode": "SUM_MIN", "is_static": false, "battery": 36.499999999998835}}, {"type": "Feature", "geometry": {"type": "Point", "coordinates": [961972.6686065281, 1951730.1136619265]}, "properties": {"kind": "base_A", "drone_id": 0, "frame": 136, "time_s": 136.0, "timestamp": "2025-01-01T00:02:16", "mode": "SUM_MIN", "is_static": true, "battery": 50.0}}, {"type": "Feature", "geometry": {"type": "Point", "coordinates": [966389.3981658287, 1948730.1136619265]}, "properties": {"kind": "base_B", "drone_id": 0, "frame": 136, "time_s": 136.0, "timestamp": "2025-01-01T00:02:16", "mode": "SUM_MIN", "is_static": true, "battery": 50.0}}, {"type": "Feature", "geometry": {"type": "Point", "coordinates": [965387.2830557353, 1949608.6850904978]}, "properties": {"kind": "drone", "drone_id": 1, "frame": 137, "time_s": 137.0, "timestamp": "2025-01-01T00:02:17", "mode": "SUM_MIN", "is_static": false, "battery": 34.99999999999965}}, {"type": "Feature", "geometry": {"type": "Point", "coordinates": [966222.3789808131, 1949276.542233355]}, "properties": {"kind": "drone", "drone_id": 2, "frame": 137, "time_s": 137.0, "timestamp": "2025-01-01T00:02:17", "mode": "SUM_MIN", "is_static": false, "battery": 43.99999999999942}}, {"type": "Feature", "geometry": {"type": "Point", "coordinates": [963809.8796416994, 1950519.3993762122]}, "properties": {"kind": "drone", "drone_id": 3, "frame": 137, "time_s": 137.0, "timestamp": "2025-01-01T00:02:17", "mode": "SUM_MIN", "is_static": false, "battery": 45.49999999999981}}, {"type": "Feature", "geometry": {"type": "Point", "coordinates": [962121.1301043197, 1951494.3993762122]}, "properties": {"kind": "drone", "drone_id": 4, "frame": 137, "time_s": 137.0, "timestamp": "2025-01-01T00:02:17", "mode": "SUM_MIN", "is_static": false, "battery": 43.99999999999981}}, {"type": "Feature", "geometry": {"type": "Point", "coordinates": [966389.3981658287, 1949051.542233355]}, "properties": {"kind": "drone", "drone_id": 5, "frame": 137, "time_s": 137.0, "timestamp": "2025-01-01T00:02:17", "mode": "SUM_MIN", "is_static": false, "battery": 35.00000000000081}}, {"type": "Feature", "geometry": {"type": "Point", "coordinates": [965665.6483640946, 1949597.9708047837]}, "properties": {"kind": "drone", "drone_id": 6, "frame": 137, "time_s": 137.0, "timestamp": "2025-01-01T00:02:17", "mode": "SUM_MIN", "is_static": false, "battery": 35.00000000000085}}, {"type": "Feature", "geometry": {"type": "Point", "coordinates": [963234.5913377568, 1951151.542233355]}, "properties": {"kind": "drone", "drone_id": 7, "frame": 137, "time_s": 137.0, "timestamp": "2025-01-01T00:02:17", "mode": "SUM_MIN", "is_static": false, "battery": 36.50000000000047}}, {"type": "Feature", "geometry": {"type": "Point", "coordinates": [964830.5524390168, 1949780.1136619265]}, "properties": {"kind": "drone", "drone_id": 8, "frame": 137, "time_s": 137.0, "timestamp": "2025-01-01T00:02:17", "mode": "SUM_MIN", "is_static": false, "battery": 27.49999999999988}}, {"type": "Feature", "geometry": {"type": "Point", "coordinates": [962956.2260293976, 1951312.2565190694]}, "properties": {"kind": "drone", "drone_id": 9, "frame": 137, "time_s": 137.0, "timestamp": "2025-01-01T00:02:17", "mode": "SUM_MIN", "is_static": false, "battery": 47.00000000000062}}, {"type": "Feature", "geometry": {"type": "Point", "coordinates": [965944.0136724538, 1949437.2565190694]}, "properties": {"kind": "drone", "drone_id": 10, "frame": 137, "time_s": 137.0, "timestamp": "2025-01-01T00:02:17", "mode": "SUM_MIN", "is_static": false, "battery": 48.49999999999981}}, {"type": "Feature", "geometry": {"type": "Point", "coordinates": [964273.8218222981, 1949651.542233355]}, "properties": {"kind": "drone", "drone_id": 11, "frame": 137, "time_s": 137.0, "timestamp": "2025-01-01T00:02:17", "mode": "SUM_MIN", "is_static": false, "battery": 32.00000000000027}}, {"type": "Feature", "geometry": {"type": "Point", "coordinates": [963921.225765043, 1949940.8279476408]}, "properties": {"kind": "drone", "drone_id": 12, "frame": 137, "time_s": 137.0, "timestamp": "2025-01-01T00:02:17", "mode": "SUM_MIN", "is_static": false, "battery": 33.500000000000234}}, {"type": "Feature", "geometry": {"type": "Point", "coordinates": [963921.225765043, 1950262.2565190694]}, "properties": {"kind": "drone", "drone_id": 13, "frame": 137, "time_s": 137.0, "timestamp": "2025-01-01T00:02:17", "mode": "SUM_MIN", "is_static": false, "battery": 39.5}}, {"type": "Feature", "geometry": {"type": "Point", "coordinates": [963791.3219544754, 1950830.1136619265]}, "properties": {"kind": "drone", "drone_id": 14, "frame": 137, "time_s": 137.0, "timestamp": "2025-01-01T00:02:17", "mode": "SUM_MIN", "is_static": false, "battery": 44.00000000000082}}, {"type": "Feature", "geometry": {"type": "Point", "coordinates": [962399.4954126789, 1951526.542233355]}, "properties": {"kind": "drone", "drone_id": 15, "frame": 137, "time_s": 137.0, "timestamp": "2025-01-01T00:02:17", "mode": "SUM_MIN", "is_static": false, "battery": 39.500000000000625}}, {"type": "Feature", "geometry": {"type": "Point", "coordinates": [963531.5143333401, 1950980.1136619265]}, "properties": {"kind": "drone", "drone_id": 16, "frame": 137, "time_s": 137.0, "timestamp": "2025-01-01T00:02:17", "mode": "SUM_MIN", "is_static": false, "battery": 50.0}}, {"type": "Feature", "geometry": {"type": "Point", "coordinates": [964552.1871306574, 1949640.8279476408]}, "properties": {"kind": "drone", "drone_id": 17, "frame": 137, "time_s": 137.0, "timestamp": "2025-01-01T00:02:17", "mode": "SUM_MIN", "is_static": false, "battery": 27.499999999999492}}, {"type": "Feature", "geometry": {"type": "Point", "coordinates": [964068.8459295302, 1949679.2050786084]}, "properties": {"kind": "drone", "drone_id": 18, "frame": 137, "time_s": 137.0, "timestamp": "2025-01-01T00:02:17", "mode": "SUM_MIN", "is_static": false, "battery": 12.761744966442706}}, {"type": "Feature", "geometry": {"type": "Point", "coordinates": [962622.1876593664, 1951505.1136619265]}, "properties": {"kind": "drone", "drone_id": 19, "frame": 137, "time_s": 137.0, "timestamp": "2025-01-01T00:02:17", "mode": "SUM_MIN", "is_static": false, "battery": 50.0}}, {"type": "Feature", "geometry": {"type": "Point", "coordinates": [965108.917747376, 1949769.3993762122]}, "properties": {"kind": "drone", "drone_id": 20, "frame": 137, "time_s": 137.0, "timestamp": "2025-01-01T00:02:17", "mode": "SUM_MIN", "is_static": false, "battery": 36.499999999998835}}, {"type": "Feature", "geometry": {"type": "Point", "coordinates": [961972.6686065281, 1951730.1136619265]}, "properties": {"kind": "base_A", "drone_id": 0, "frame": 137, "time_s": 137.0, "timestamp": "2025-01-01T00:02:17", "mode": "SUM_MIN", "is_static": true, "battery": 50.0}}, {"type": "Feature", "geometry": {"type": "Point", "coordinates": [966389.3981658287, 1948730.1136619265]}, "properties": {"kind": "base_B", "drone_id": 0, "frame": 137, "time_s": 137.0, "timestamp": "2025-01-01T00:02:17", "mode": "SUM_MIN", "is_static": true, "battery": 50.0}}, {"type": "Feature", "geometry": {"type": "Point", "coordinates": [965387.2830557353, 1949608.6850904978]}, "properties": {"kind": "drone", "drone_id": 1, "frame": 138, "time_s": 138.0, "timestamp": "2025-01-01T00:02:18", "mode": "SUM_MIN", "is_static": false, "battery": 34.99999999999965}}, {"type": "Feature", "geometry": {"type": "Point", "coordinates": [966222.3789808131, 1949276.542233355]}, "properties": {"kind": "drone", "drone_id": 2, "frame": 138, "time_s": 138.0, "timestamp": "2025-01-01T00:02:18", "mode": "SUM_MIN", "is_static": false, "battery": 43.99999999999942}}, {"type": "Feature", "geometry": {"type": "Point", "coordinates": [963809.8796416994, 1950519.3993762122]}, "properties": {"kind": "drone", "drone_id": 3, "frame": 138, "time_s": 138.0, "timestamp": "2025-01-01T00:02:18", "mode": "SUM_MIN", "is_static": false, "battery": 45.49999999999981}}, {"type": "Feature", "geometry": {"type": "Point", "coordinates": [962121.1301043197, 1951494.3993762122]}, "properties": {"kind": "drone", "drone_id": 4, "frame": 138, "time_s": 138.0, "timestamp": "2025-01-01T00:02:18", "mode": "SUM_MIN", "is_static": false, "battery": 43.99999999999981}}, {"type": "Feature", "geometry": {"type": "Point", "coordinates": [966389.3981658287, 1949051.542233355]}, "properties": {"kind": "drone", "drone_id": 5, "frame": 138, "time_s": 138.0, "timestamp": "2025-01-01T00:02:18", "mode": "SUM_MIN", "is_static": false, "battery": 35.00000000000081}}, {"type": "Feature", "geometry": {"type": "Point", "coordinates": [965665.6483640946, 1949597.9708047837]}, "properties": {"kind": "drone", "drone_id": 6, "frame": 138, "time_s": 138.0, "timestamp": "2025-01-01T00:02:18", "mode": "SUM_MIN", "is_static": false, "battery": 35.00000000000085}}, {"type": "Feature", "geometry": {"type": "Point", "coordinates": [963234.5913377568, 1951151.542233355]}, "properties": {"kind": "drone", "drone_id": 7, "frame": 138, "time_s": 138.0, "timestamp": "2025-01-01T00:02:18", "mode": "SUM_MIN", "is_static": false, "battery": 36.50000000000047}}, {"type": "Feature", "geometry": {"type": "Point", "coordinates": [964830.5524390168, 1949780.1136619265]}, "properties": {"kind": "drone", "drone_id": 8, "frame": 138, "time_s": 138.0, "timestamp": "2025-01-01T00:02:18", "mode": "SUM_MIN", "is_static": false, "battery": 27.49999999999988}}, {"type": "Feature", "geometry": {"type": "Point", "coordinates": [962956.2260293976, 1951312.2565190694]}, "properties": {"kind": "drone", "drone_id": 9, "frame": 138, "time_s": 138.0, "timestamp": "2025-01-01T00:02:18", "mode": "SUM_MIN", "is_static": false, "battery": 47.00000000000062}}, {"type": "Feature", "geometry": {"type": "Point", "coordinates": [965944.0136724538, 1949437.2565190694]}, "properties": {"kind": "drone", "drone_id": 10, "frame": 138, "time_s": 138.0, "timestamp": "2025-01-01T00:02:18", "mode": "SUM_MIN", "is_static": false, "battery": 48.49999999999981}}, {"type": "Feature", "geometry": {"type": "Point", "coordinates": [964273.8218222981, 1949651.542233355]}, "properties": {"kind": "drone", "drone_id": 11, "frame": 138, "time_s": 138.0, "timestamp": "2025-01-01T00:02:18", "mode": "SUM_MIN", "is_static": false, "battery": 32.00000000000027}}, {"type": "Feature", "geometry": {"type": "Point", "coordinates": [963921.225765043, 1949940.8279476408]}, "properties": {"kind": "drone", "drone_id": 12, "frame": 138, "time_s": 138.0, "timestamp": "2025-01-01T00:02:18", "mode": "SUM_MIN", "is_static": false, "battery": 33.500000000000234}}, {"type": "Feature", "geometry": {"type": "Point", "coordinates": [963921.225765043, 1950262.2565190694]}, "properties": {"kind": "drone", "drone_id": 13, "frame": 138, "time_s": 138.0, "timestamp": "2025-01-01T00:02:18", "mode": "SUM_MIN", "is_static": false, "battery": 39.5}}, {"type": "Feature", "geometry": {"type": "Point", "coordinates": [963791.3219544754, 1950830.1136619265]}, "properties": {"kind": "drone", "drone_id": 14, "frame": 138, "time_s": 138.0, "timestamp": "2025-01-01T00:02:18", "mode": "SUM_MIN", "is_static": false, "battery": 44.00000000000082}}, {"type": "Feature", "geometry": {"type": "Point", "coordinates": [962399.4954126789, 1951526.542233355]}, "properties": {"kind": "drone", "drone_id": 15, "frame": 138, "time_s": 138.0, "timestamp": "2025-01-01T00:02:18", "mode": "SUM_MIN", "is_static": false, "battery": 39.500000000000625}}, {"type": "Feature", "geometry": {"type": "Point", "coordinates": [963531.5143333401, 1950980.1136619265]}, "properties": {"kind": "drone", "drone_id": 16, "frame": 138, "time_s": 138.0, "timestamp": "2025-01-01T00:02:18", "mode": "SUM_MIN", "is_static": false, "battery": 50.0}}, {"type": "Feature", "geometry": {"type": "Point", "coordinates": [964552.1871306574, 1949640.8279476408]}, "properties": {"kind": "drone", "drone_id": 17, "frame": 138, "time_s": 138.0, "timestamp": "2025-01-01T00:02:18", "mode": "SUM_MIN", "is_static": false, "battery": 27.499999999999492}}, {"type": "Feature", "geometry": {"type": "Point", "coordinates": [964057.415581065, 1949676.565352703]}, "properties": {"kind": "drone", "drone_id": 18, "frame": 138, "time_s": 138.0, "timestamp": "2025-01-01T00:02:18", "mode": "SUM_MIN", "is_static": false, "battery": 12.489932885905787}}, {"type": "Feature", "geometry": {"type": "Point", "coordinates": [962622.1876593664, 1951505.1136619265]}, "properties": {"kind": "drone", "drone_id": 19, "frame": 138, "time_s": 138.0, "timestamp": "2025-01-01T00:02:18", "mode": "SUM_MIN", "is_static": false, "battery": 50.0}}, {"type": "Feature", "geometry": {"type": "Point", "coordinates": [965108.917747376, 1949769.3993762122]}, "properties": {"kind": "drone", "drone_id": 20, "frame": 138, "time_s": 138.0, "timestamp": "2025-01-01T00:02:18", "mode": "SUM_MIN", "is_static": false, "battery": 36.499999999998835}}, {"type": "Feature", "geometry": {"type": "Point", "coordinates": [961972.6686065281, 1951730.1136619265]}, "properties": {"kind": "base_A", "drone_id": 0, "frame": 138, "time_s": 138.0, "timestamp": "2025-01-01T00:02:18", "mode": "SUM_MIN", "is_static": true, "battery": 50.0}}, {"type": "Feature", "geometry": {"type": "Point", "coordinates": [966389.3981658287, 1948730.1136619265]}, "properties": {"kind": "base_B", "drone_id": 0, "frame": 138, "time_s": 138.0, "timestamp": "2025-01-01T00:02:18", "mode": "SUM_MIN", "is_static": true, "battery": 50.0}}, {"type": "Feature", "geometry": {"type": "Point", "coordinates": [965387.2830557353, 1949608.6850904978]}, "properties": {"kind": "drone", "drone_id": 1, "frame": 139, "time_s": 139.0, "timestamp": "2025-01-01T00:02:19", "mode": "SUM_MIN", "is_static": false, "battery": 34.99999999999965}}, {"type": "Feature", "geometry": {"type": "Point", "coordinates": [966222.3789808131, 1949276.542233355]}, "properties": {"kind": "drone", "drone_id": 2, "frame": 139, "time_s": 139.0, "timestamp": "2025-01-01T00:02:19", "mode": "SUM_MIN", "is_static": false, "battery": 43.99999999999942}}, {"type": "Feature", "geometry": {"type": "Point", "coordinates": [963809.8796416994, 1950519.3993762122]}, "properties": {"kind": "drone", "drone_id": 3, "frame": 139, "time_s": 139.0, "timestamp": "2025-01-01T00:02:19", "mode": "SUM_MIN", "is_static": false, "battery": 45.49999999999981}}, {"type": "Feature", "geometry": {"type": "Point", "coordinates": [962121.1301043197, 1951494.3993762122]}, "properties": {"kind": "drone", "drone_id": 4, "frame": 139, "time_s": 139.0, "timestamp": "2025-01-01T00:02:19", "mode": "SUM_MIN", "is_static": false, "battery": 43.99999999999981}}, {"type": "Feature", "geometry": {"type": "Point", "coordinates": [966389.3981658287, 1949051.542233355]}, "properties": {"kind": "drone", "drone_id": 5, "frame": 139, "time_s": 139.0, "timestamp": "2025-01-01T00:02:19", "mode": "SUM_MIN", "is_static": false, "battery": 35.00000000000081}}, {"type": "Feature", "geometry": {"type": "Point", "coordinates": [965665.6483640946, 1949597.9708047837]}, "properties": {"kind": "drone", "drone_id": 6, "frame": 139, "time_s": 139.0, "timestamp": "2025-01-01T00:02:19", "mode": "SUM_MIN", "is_static": false, "battery": 35.00000000000085}}, {"type": "Feature", "geometry": {"type": "Point", "coordinates": [963234.5913377568, 1951151.542233355]}, "properties": {"kind": "drone", "drone_id": 7, "frame": 139, "time_s": 139.0, "timestamp": "2025-01-01T00:02:19", "mode": "SUM_MIN", "is_static": false, "battery": 36.50000000000047}}, {"type": "Feature", "geometry": {"type": "Point", "coordinates": [964830.5524390168, 1949780.1136619265]}, "properties": {"kind": "drone", "drone_id": 8, "frame": 139, "time_s": 139.0, "timestamp": "2025-01-01T00:02:19", "mode": "SUM_MIN", "is_static": false, "battery": 27.49999999999988}}, {"type": "Feature", "geometry": {"type": "Point", "coordinates": [962956.2260293976, 1951312.2565190694]}, "properties": {"kind": "drone", "drone_id": 9, "frame": 139, "time_s": 139.0, "timestamp": "2025-01-01T00:02:19", "mode": "SUM_MIN", "is_static": false, "battery": 47.00000000000062}}, {"type": "Feature", "geometry": {"type": "Point", "coordinates": [965944.0136724538, 1949437.2565190694]}, "properties": {"kind": "drone", "drone_id": 10, "frame": 139, "time_s": 139.0, "timestamp": "2025-01-01T00:02:19", "mode": "SUM_MIN", "is_static": false, "battery": 48.49999999999981}}, {"type": "Feature", "geometry": {"type": "Point", "coordinates": [964273.8218222981, 1949651.542233355]}, "properties": {"kind": "drone", "drone_id": 11, "frame": 139, "time_s": 139.0, "timestamp": "2025-01-01T00:02:19", "mode": "SUM_MIN", "is_static": false, "battery": 32.00000000000027}}, {"type": "Feature", "geometry": {"type": "Point", "coordinates": [963921.225765043, 1949940.8279476408]}, "properties": {"kind": "drone", "drone_id": 12, "frame": 139, "time_s": 139.0, "timestamp": "2025-01-01T00:02:19", "mode": "SUM_MIN", "is_static": false, "battery": 33.500000000000234}}, {"type": "Feature", "geometry": {"type": "Point", "coordinates": [963921.225765043, 1950262.2565190694]}, "properties": {"kind": "drone", "drone_id": 13, "frame": 139, "time_s": 139.0, "timestamp": "2025-01-01T00:02:19", "mode": "SUM_MIN", "is_static": false, "battery": 39.5}}, {"type": "Feature", "geometry": {"type": "Point", "coordinates": [963791.3219544754, 1950830.1136619265]}, "properties": {"kind": "drone", "drone_id": 14, "frame": 139, "time_s": 139.0, "timestamp": "2025-01-01T00:02:19", "mode": "SUM_MIN", "is_static": false, "battery": 44.00000000000082}}, {"type": "Feature", "geometry": {"type": "Point", "coordinates": [962399.4954126789, 1951526.542233355]}, "properties": {"kind": "drone", "drone_id": 15, "frame": 139, "time_s": 139.0, "timestamp": "2025-01-01T00:02:19", "mode": "SUM_MIN", "is_static": false, "battery": 39.500000000000625}}, {"type": "Feature", "geometry": {"type": "Point", "coordinates": [963531.5143333401, 1950980.1136619265]}, "properties": {"kind": "drone", "drone_id": 16, "frame": 139, "time_s": 139.0, "timestamp": "2025-01-01T00:02:19", "mode": "SUM_MIN", "is_static": false, "battery": 50.0}}, {"type": "Feature", "geometry": {"type": "Point", "coordinates": [964552.1871306574, 1949640.8279476408]}, "properties": {"kind": "drone", "drone_id": 17, "frame": 139, "time_s": 139.0, "timestamp": "2025-01-01T00:02:19", "mode": "SUM_MIN", "is_static": false, "battery": 27.499999999999492}}, {"type": "Feature", "geometry": {"type": "Point", "coordinates": [964046.9033232005, 1949674.1376507399]}, "properties": {"kind": "drone", "drone_id": 18, "frame": 139, "time_s": 139.0, "timestamp": "2025-01-01T00:02:19", "mode": "SUM_MIN", "is_static": false, "battery": 12.218120805368876}}, {"type": "Feature", "geometry": {"type": "Point", "coordinates": [962622.1876593664, 1951505.1136619265]}, "properties": {"kind": "drone", "drone_id": 19, "frame": 139, "time_s": 139.0, "timestamp": "2025-01-01T00:02:19", "mode": "SUM_MIN", "is_static": false, "battery": 50.0}}, {"type": "Feature", "geometry": {"type": "Point", "coordinates": [965108.917747376, 1949769.3993762122]}, "properties": {"kind": "drone", "drone_id": 20, "frame": 139, "time_s": 139.0, "timestamp": "2025-01-01T00:02:19", "mode": "SUM_MIN", "is_static": false, "battery": 36.499999999998835}}, {"type": "Feature", "geometry": {"type": "Point", "coordinates": [961972.6686065281, 1951730.1136619265]}, "properties": {"kind": "base_A", "drone_id": 0, "frame": 139, "time_s": 139.0, "timestamp": "2025-01-01T00:02:19", "mode": "SUM_MIN", "is_static": true, "battery": 50.0}}, {"type": "Feature", "geometry": {"type": "Point", "coordinates": [966389.3981658287, 1948730.1136619265]}, "properties": {"kind": "base_B", "drone_id": 0, "frame": 139, "time_s": 139.0, "timestamp": "2025-01-01T00:02:19", "mode": "SUM_MIN", "is_static": true, "battery": 50.0}}, {"type": "Feature", "geometry": {"type": "Point", "coordinates": [965387.2830557353, 1949608.6850904978]}, "properties": {"kind": "drone", "drone_id": 1, "frame": 140, "time_s": 140.0, "timestamp": "2025-01-01T00:02:20", "mode": "SUM_MIN", "is_static": false, "battery": 34.99999999999965}}, {"type": "Feature", "geometry": {"type": "Point", "coordinates": [966222.3789808131, 1949276.542233355]}, "properties": {"kind": "drone", "drone_id": 2, "frame": 140, "time_s": 140.0, "timestamp": "2025-01-01T00:02:20", "mode": "SUM_MIN", "is_static": false, "battery": 43.99999999999942}}, {"type": "Feature", "geometry": {"type": "Point", "coordinates": [963809.8796416994, 1950519.3993762122]}, "properties": {"kind": "drone", "drone_id": 3, "frame": 140, "time_s": 140.0, "timestamp": "2025-01-01T00:02:20", "mode": "SUM_MIN", "is_static": false, "battery": 45.49999999999981}}, {"type": "Feature", "geometry": {"type": "Point", "coordinates": [962121.1301043197, 1951494.3993762122]}, "properties": {"kind": "drone", "drone_id": 4, "frame": 140, "time_s": 140.0, "timestamp": "2025-01-01T00:02:20", "mode": "SUM_MIN", "is_static": false, "battery": 43.99999999999981}}, {"type": "Feature", "geometry": {"type": "Point", "coordinates": [966389.3981658287, 1949051.542233355]}, "properties": {"kind": "drone", "drone_id": 5, "frame": 140, "time_s": 140.0, "timestamp": "2025-01-01T00:02:20", "mode": "SUM_MIN", "is_static": false, "battery": 35.00000000000081}}, {"type": "Feature", "geometry": {"type": "Point", "coordinates": [965665.6483640946, 1949597.9708047837]}, "properties": {"kind": "drone", "drone_id": 6, "frame": 140, "time_s": 140.0, "timestamp": "2025-01-01T00:02:20", "mode": "SUM_MIN", "is_static": false, "battery": 35.00000000000085}}, {"type": "Feature", "geometry": {"type": "Point", "coordinates": [963234.5913377568, 1951151.542233355]}, "properties": {"kind": "drone", "drone_id": 7, "frame": 140, "time_s": 140.0, "timestamp": "2025-01-01T00:02:20", "mode": "SUM_MIN", "is_static": false, "battery": 36.50000000000047}}, {"type": "Feature", "geometry": {"type": "Point", "coordinates": [964830.5524390168, 1949780.1136619265]}, "properties": {"kind": "drone", "drone_id": 8, "frame": 140, "time_s": 140.0, "timestamp": "2025-01-01T00:02:20", "mode": "SUM_MIN", "is_static": false, "battery": 27.49999999999988}}, {"type": "Feature", "geometry": {"type": "Point", "coordinates": [962956.2260293976, 1951312.2565190694]}, "properties": {"kind": "drone", "drone_id": 9, "frame": 140, "time_s": 140.0, "timestamp": "2025-01-01T00:02:20", "mode": "SUM_MIN", "is_static": false, "battery": 47.00000000000062}}, {"type": "Feature", "geometry": {"type": "Point", "coordinates": [965944.0136724538, 1949437.2565190694]}, "properties": {"kind": "drone", "drone_id": 10, "frame": 140, "time_s": 140.0, "timestamp": "2025-01-01T00:02:20", "mode": "SUM_MIN", "is_static": false, "battery": 48.49999999999981}}, {"type": "Feature", "geometry": {"type": "Point", "coordinates": [964273.8218222981, 1949651.542233355]}, "properties": {"kind": "drone", "drone_id": 11, "frame": 140, "time_s": 140.0, "timestamp": "2025-01-01T00:02:20", "mode": "SUM_MIN", "is_static": false, "battery": 32.00000000000027}}, {"type": "Feature", "geometry": {"type": "Point", "coordinates": [963921.225765043, 1949940.8279476408]}, "properties": {"kind": "drone", "drone_id": 12, "frame": 140, "time_s": 140.0, "timestamp": "2025-01-01T00:02:20", "mode": "SUM_MIN", "is_static": false, "battery": 33.500000000000234}}, {"type": "Feature", "geometry": {"type": "Point", "coordinates": [963921.225765043, 1950262.2565190694]}, "properties": {"kind": "drone", "drone_id": 13, "frame": 140, "time_s": 140.0, "timestamp": "2025-01-01T00:02:20", "mode": "SUM_MIN", "is_static": false, "battery": 39.5}}, {"type": "Feature", "geometry": {"type": "Point", "coordinates": [963791.3219544754, 1950830.1136619265]}, "properties": {"kind": "drone", "drone_id": 14, "frame": 140, "time_s": 140.0, "timestamp": "2025-01-01T00:02:20", "mode": "SUM_MIN", "is_static": false, "battery": 44.00000000000082}}, {"type": "Feature", "geometry": {"type": "Point", "coordinates": [962399.4954126789, 1951526.542233355]}, "properties": {"kind": "drone", "drone_id": 15, "frame": 140, "time_s": 140.0, "timestamp": "2025-01-01T00:02:20", "mode": "SUM_MIN", "is_static": false, "battery": 39.500000000000625}}, {"type": "Feature", "geometry": {"type": "Point", "coordinates": [963531.5143333401, 1950980.1136619265]}, "properties": {"kind": "drone", "drone_id": 16, "frame": 140, "time_s": 140.0, "timestamp": "2025-01-01T00:02:20", "mode": "SUM_MIN", "is_static": false, "battery": 50.0}}, {"type": "Feature", "geometry": {"type": "Point", "coordinates": [964552.1871306574, 1949640.8279476408]}, "properties": {"kind": "drone", "drone_id": 17, "frame": 140, "time_s": 140.0, "timestamp": "2025-01-01T00:02:20", "mode": "SUM_MIN", "is_static": false, "battery": 27.499999999999492}}, {"type": "Feature", "geometry": {"type": "Point", "coordinates": [964037.3236140568, 1949671.9253116788]}, "properties": {"kind": "drone", "drone_id": 18, "frame": 140, "time_s": 140.0, "timestamp": "2025-01-01T00:02:20", "mode": "SUM_MIN", "is_static": false, "battery": 11.946308724831965}}, {"type": "Feature", "geometry": {"type": "Point", "coordinates": [962622.1876593664, 1951505.1136619265]}, "properties": {"kind": "drone", "drone_id": 19, "frame": 140, "time_s": 140.0, "timestamp": "2025-01-01T00:02:20", "mode": "SUM_MIN", "is_static": false, "battery": 50.0}}, {"type": "Feature", "geometry": {"type": "Point", "coordinates": [965108.917747376, 1949769.3993762122]}, "properties": {"kind": "drone", "drone_id": 20, "frame": 140, "time_s": 140.0, "timestamp": "2025-01-01T00:02:20", "mode": "SUM_MIN", "is_static": false, "battery": 36.499999999998835}}, {"type": "Feature", "geometry": {"type": "Point", "coordinates": [961972.6686065281, 1951730.1136619265]}, "properties": {"kind": "base_A", "drone_id": 0, "frame": 140, "time_s": 140.0, "timestamp": "2025-01-01T00:02:20", "mode": "SUM_MIN", "is_static": true, "battery": 50.0}}, {"type": "Feature", "geometry": {"type": "Point", "coordinates": [966389.3981658287, 1948730.1136619265]}, "properties": {"kind": "base_B", "drone_id": 0, "frame": 140, "time_s": 140.0, "timestamp": "2025-01-01T00:02:20", "mode": "SUM_MIN", "is_static": true, "battery": 50.0}}, {"type": "Feature", "geometry": {"type": "Point", "coordinates": [965387.2830557353, 1949608.6850904978]}, "properties": {"kind": "drone", "drone_id": 1, "frame": 141, "time_s": 141.0, "timestamp": "2025-01-01T00:02:21", "mode": "SUM_MIN", "is_static": false, "battery": 34.99999999999965}}, {"type": "Feature", "geometry": {"type": "Point", "coordinates": [966222.3789808131, 1949276.542233355]}, "properties": {"kind": "drone", "drone_id": 2, "frame": 141, "time_s": 141.0, "timestamp": "2025-01-01T00:02:21", "mode": "SUM_MIN", "is_static": false, "battery": 43.99999999999942}}, {"type": "Feature", "geometry": {"type": "Point", "coordinates": [963809.8796416994, 1950519.3993762122]}, "properties": {"kind": "drone", "drone_id": 3, "frame": 141, "time_s": 141.0, "timestamp": "2025-01-01T00:02:21", "mode": "SUM_MIN", "is_static": false, "battery": 45.49999999999981}}, {"type": "Feature", "geometry": {"type": "Point", "coordinates": [962121.1301043197, 1951494.3993762122]}, "properties": {"kind": "drone", "drone_id": 4, "frame": 141, "time_s": 141.0, "timestamp": "2025-01-01T00:02:21", "mode": "SUM_MIN", "is_static": false, "battery": 43.99999999999981}}, {"type": "Feature", "geometry": {"type": "Point", "coordinates": [966389.3981658287, 1949051.542233355]}, "properties": {"kind": "drone", "drone_id": 5, "frame": 141, "time_s": 141.0, "timestamp": "2025-01-01T00:02:21", "mode": "SUM_MIN", "is_static": false, "battery": 35.00000000000081}}, {"type": "Feature", "geometry": {"type": "Point", "coordinates": [965665.6483640946, 1949597.9708047837]}, "properties": {"kind": "drone", "drone_id": 6, "frame": 141, "time_s": 141.0, "timestamp": "2025-01-01T00:02:21", "mode": "SUM_MIN", "is_static": false, "battery": 35.00000000000085}}, {"type": "Feature", "geometry": {"type": "Point", "coordinates": [963234.5913377568, 1951151.542233355]}, "properties": {"kind": "drone", "drone_id": 7, "frame": 141, "time_s": 141.0, "timestamp": "2025-01-01T00:02:21", "mode": "SUM_MIN", "is_static": false, "battery": 36.50000000000047}}, {"type": "Feature", "geometry": {"type": "Point", "coordinates": [964830.5524390168, 1949780.1136619265]}, "properties": {"kind": "drone", "drone_id": 8, "frame": 141, "time_s": 141.0, "timestamp": "2025-01-01T00:02:21", "mode": "SUM_MIN", "is_static": false, "battery": 27.49999999999988}}, {"type": "Feature", "geometry": {"type": "Point", "coordinates": [962956.2260293976, 1951312.2565190694]}, "properties": {"kind": "drone", "drone_id": 9, "frame": 141, "time_s": 141.0, "timestamp": "2025-01-01T00:02:21", "mode": "SUM_MIN", "is_static": false, "battery": 47.00000000000062}}, {"type": "Feature", "geometry": {"type": "Point", "coordinates": [965944.0136724538, 1949437.2565190694]}, "properties": {"kind": "drone", "drone_id": 10, "frame": 141, "time_s": 141.0, "timestamp": "2025-01-01T00:02:21", "mode": "SUM_MIN", "is_static": false, "battery": 48.49999999999981}}, {"type": "Feature", "geometry": {"type": "Point", "coordinates": [964273.8218222981, 1949651.542233355]}, "properties": {"kind": "drone", "drone_id": 11, "frame": 141, "time_s": 141.0, "timestamp": "2025-01-01T00:02:21", "mode": "SUM_MIN", "is_static": false, "battery": 32.00000000000027}}, {"type": "Feature", "geometry": {"type": "Point", "coordinates": [963921.225765043, 1949940.8279476408]}, "properties": {"kind": "drone", "drone_id": 12, "frame": 141, "time_s": 141.0, "timestamp": "2025-01-01T00:02:21", "mode": "SUM_MIN", "is_static": false, "battery": 33.500000000000234}}, {"type": "Feature", "geometry": {"type": "Point", "coordinates": [963921.225765043, 1950262.2565190694]}, "properties": {"kind": "drone", "drone_id": 13, "frame": 141, "time_s": 141.0, "timestamp": "2025-01-01T00:02:21", "mode": "SUM_MIN", "is_static": false, "battery": 39.5}}, {"type": "Feature", "geometry": {"type": "Point", "coordinates": [963791.3219544754, 1950830.1136619265]}, "properties": {"kind": "drone", "drone_id": 14, "frame": 141, "time_s": 141.0, "timestamp": "2025-01-01T00:02:21", "mode": "SUM_MIN", "is_static": false, "battery": 44.00000000000082}}, {"type": "Feature", "geometry": {"type": "Point", "coordinates": [962399.4954126789, 1951526.542233355]}, "properties": {"kind": "drone", "drone_id": 15, "frame": 141, "time_s": 141.0, "timestamp": "2025-01-01T00:02:21", "mode": "SUM_MIN", "is_static": false, "battery": 39.500000000000625}}, {"type": "Feature", "geometry": {"type": "Point", "coordinates": [963531.5143333401, 1950980.1136619265]}, "properties": {"kind": "drone", "drone_id": 16, "frame": 141, "time_s": 141.0, "timestamp": "2025-01-01T00:02:21", "mode": "SUM_MIN", "is_static": false, "battery": 50.0}}, {"type": "Feature", "geometry": {"type": "Point", "coordinates": [964552.1871306574, 1949640.8279476408]}, "properties": {"kind": "drone", "drone_id": 17, "frame": 141, "time_s": 141.0, "timestamp": "2025-01-01T00:02:21", "mode": "SUM_MIN", "is_static": false, "battery": 27.499999999999492}}, {"type": "Feature", "geometry": {"type": "Point", "coordinates": [964028.6909117532, 1949669.9316744793]}, "properties": {"kind": "drone", "drone_id": 18, "frame": 141, "time_s": 141.0, "timestamp": "2025-01-01T00:02:21", "mode": "SUM_MIN", "is_static": false, "battery": 11.674496644295047}}, {"type": "Feature", "geometry": {"type": "Point", "coordinates": [962622.1876593664, 1951505.1136619265]}, "properties": {"kind": "drone", "drone_id": 19, "frame": 141, "time_s": 141.0, "timestamp": "2025-01-01T00:02:21", "mode": "SUM_MIN", "is_static": false, "battery": 50.0}}, {"type": "Feature", "geometry": {"type": "Point", "coordinates": [965108.917747376, 1949769.3993762122]}, "properties": {"kind": "drone", "drone_id": 20, "frame": 141, "time_s": 141.0, "timestamp": "2025-01-01T00:02:21", "mode": "SUM_MIN", "is_static": false, "battery": 36.499999999998835}}, {"type": "Feature", "geometry": {"type": "Point", "coordinates": [961972.6686065281, 1951730.1136619265]}, "properties": {"kind": "base_A", "drone_id": 0, "frame": 141, "time_s": 141.0, "timestamp": "2025-01-01T00:02:21", "mode": "SUM_MIN", "is_static": true, "battery": 50.0}}, {"type": "Feature", "geometry": {"type": "Point", "coordinates": [966389.3981658287, 1948730.1136619265]}, "properties": {"kind": "base_B", "drone_id": 0, "frame": 141, "time_s": 141.0, "timestamp": "2025-01-01T00:02:21", "mode": "SUM_MIN", "is_static": true, "battery": 50.0}}, {"type": "Feature", "geometry": {"type": "Point", "coordinates": [965387.2830557353, 1949608.6850904978]}, "properties": {"kind": "drone", "drone_id": 1, "frame": 142, "time_s": 142.0, "timestamp": "2025-01-01T00:02:22", "mode": "SUM_MIN", "is_static": false, "battery": 34.99999999999965}}, {"type": "Feature", "geometry": {"type": "Point", "coordinates": [966222.3789808131, 1949276.542233355]}, "properties": {"kind": "drone", "drone_id": 2, "frame": 142, "time_s": 142.0, "timestamp": "2025-01-01T00:02:22", "mode": "SUM_MIN", "is_static": false, "battery": 43.99999999999942}}, {"type": "Feature", "geometry": {"type": "Point", "coordinates": [963809.8796416994, 1950519.3993762122]}, "properties": {"kind": "drone", "drone_id": 3, "frame": 142, "time_s": 142.0, "timestamp": "2025-01-01T00:02:22", "mode": "SUM_MIN", "is_static": false, "battery": 45.49999999999981}}, {"type": "Feature", "geometry": {"type": "Point", "coordinates": [962121.1301043197, 1951494.3993762122]}, "properties": {"kind": "drone", "drone_id": 4, "frame": 142, "time_s": 142.0, "timestamp": "2025-01-01T00:02:22", "mode": "SUM_MIN", "is_static": false, "battery": 43.99999999999981}}, {"type": "Feature", "geometry": {"type": "Point", "coordinates": [966389.3981658287, 1949051.542233355]}, "properties": {"kind": "drone", "drone_id": 5, "frame": 142, "time_s": 142.0, "timestamp": "2025-01-01T00:02:22", "mode": "SUM_MIN", "is_static": false, "battery": 35.00000000000081}}, {"type": "Feature", "geometry": {"type": "Point", "coordinates": [965665.6483640946, 1949597.9708047837]}, "properties": {"kind": "drone", "drone_id": 6, "frame": 142, "time_s": 142.0, "timestamp": "2025-01-01T00:02:22", "mode": "SUM_MIN", "is_static": false, "battery": 35.00000000000085}}, {"type": "Feature", "geometry": {"type": "Point", "coordinates": [963234.5913377568, 1951151.542233355]}, "properties": {"kind": "drone", "drone_id": 7, "frame": 142, "time_s": 142.0, "timestamp": "2025-01-01T00:02:22", "mode": "SUM_MIN", "is_static": false, "battery": 36.50000000000047}}, {"type": "Feature", "geometry": {"type": "Point", "coordinates": [964830.5524390168, 1949780.1136619265]}, "properties": {"kind": "drone", "drone_id": 8, "frame": 142, "time_s": 142.0, "timestamp": "2025-01-01T00:02:22", "mode": "SUM_MIN", "is_static": false, "battery": 27.49999999999988}}, {"type": "Feature", "geometry": {"type": "Point", "coordinates": [962956.2260293976, 1951312.2565190694]}, "properties": {"kind": "drone", "drone_id": 9, "frame": 142, "time_s": 142.0, "timestamp": "2025-01-01T00:02:22", "mode": "SUM_MIN", "is_static": false, "battery": 47.00000000000062}}, {"type": "Feature", "geometry": {"type": "Point", "coordinates": [965944.0136724538, 1949437.2565190694]}, "properties": {"kind": "drone", "drone_id": 10, "frame": 142, "time_s": 142.0, "timestamp": "2025-01-01T00:02:22", "mode": "SUM_MIN", "is_static": false, "battery": 48.49999999999981}}, {"type": "Feature", "geometry": {"type": "Point", "coordinates": [964273.8218222981, 1949651.542233355]}, "properties": {"kind": "drone", "drone_id": 11, "frame": 142, "time_s": 142.0, "timestamp": "2025-01-01T00:02:22", "mode": "SUM_MIN", "is_static": false, "battery": 32.00000000000027}}, {"type": "Feature", "geometry": {"type": "Point", "coordinates": [963921.225765043, 1949940.8279476408]}, "properties": {"kind": "drone", "drone_id": 12, "frame": 142, "time_s": 142.0, "timestamp": "2025-01-01T00:02:22", "mode": "SUM_MIN", "is_static": false, "battery": 33.500000000000234}}, {"type": "Feature", "geometry": {"type": "Point", "coordinates": [963921.225765043, 1950262.2565190694]}, "properties": {"kind": "drone", "drone_id": 13, "frame": 142, "time_s": 142.0, "timestamp": "2025-01-01T00:02:22", "mode": "SUM_MIN", "is_static": false, "battery": 39.5}}, {"type": "Feature", "geometry": {"type": "Point", "coordinates": [963791.3219544754, 1950830.1136619265]}, "properties": {"kind": "drone", "drone_id": 14, "frame": 142, "time_s": 142.0, "timestamp": "2025-01-01T00:02:22", "mode": "SUM_MIN", "is_static": false, "battery": 44.00000000000082}}, {"type": "Feature", "geometry": {"type": "Point", "coordinates": [962399.4954126789, 1951526.542233355]}, "properties": {"kind": "drone", "drone_id": 15, "frame": 142, "time_s": 142.0, "timestamp": "2025-01-01T00:02:22", "mode": "SUM_MIN", "is_static": false, "battery": 39.500000000000625}}, {"type": "Feature", "geometry": {"type": "Point", "coordinates": [963531.5143333401, 1950980.1136619265]}, "properties": {"kind": "drone", "drone_id": 16, "frame": 142, "time_s": 142.0, "timestamp": "2025-01-01T00:02:22", "mode": "SUM_MIN", "is_static": false, "battery": 50.0}}, {"type": "Feature", "geometry": {"type": "Point", "coordinates": [964552.1871306574, 1949640.8279476408]}, "properties": {"kind": "drone", "drone_id": 17, "frame": 142, "time_s": 142.0, "timestamp": "2025-01-01T00:02:22", "mode": "SUM_MIN", "is_static": false, "battery": 27.499999999999492}}, {"type": "Feature", "geometry": {"type": "Point", "coordinates": [964021.0196744098, 1949668.160078101]}, "properties": {"kind": "drone", "drone_id": 18, "frame": 142, "time_s": 142.0, "timestamp": "2025-01-01T00:02:22", "mode": "SUM_MIN", "is_static": false, "battery": 11.402684563758136}}, {"type": "Feature", "geometry": {"type": "Point", "coordinates": [962622.1876593664, 1951505.1136619265]}, "properties": {"kind": "drone", "drone_id": 19, "frame": 142, "time_s": 142.0, "timestamp": "2025-01-01T00:02:22", "mode": "SUM_MIN", "is_static": false, "battery": 50.0}}, {"type": "Feature", "geometry": {"type": "Point", "coordinates": [965108.917747376, 1949769.3993762122]}, "properties": {"kind": "drone", "drone_id": 20, "frame": 142, "time_s": 142.0, "timestamp": "2025-01-01T00:02:22", "mode": "SUM_MIN", "is_static": false, "battery": 36.499999999998835}}, {"type": "Feature", "geometry": {"type": "Point", "coordinates": [961972.6686065281, 1951730.1136619265]}, "properties": {"kind": "base_A", "drone_id": 0, "frame": 142, "time_s": 142.0, "timestamp": "2025-01-01T00:02:22", "mode": "SUM_MIN", "is_static": true, "battery": 50.0}}, {"type": "Feature", "geometry": {"type": "Point", "coordinates": [966389.3981658287, 1948730.1136619265]}, "properties": {"kind": "base_B", "drone_id": 0, "frame": 142, "time_s": 142.0, "timestamp": "2025-01-01T00:02:22", "mode": "SUM_MIN", "is_static": true, "battery": 50.0}}, {"type": "Feature", "geometry": {"type": "Point", "coordinates": [965387.2830557353, 1949608.6850904978]}, "properties": {"kind": "drone", "drone_id": 1, "frame": 143, "time_s": 143.0, "timestamp": "2025-01-01T00:02:23", "mode": "SUM_MIN", "is_static": false, "battery": 34.99999999999965}}, {"type": "Feature", "geometry": {"type": "Point", "coordinates": [966222.3789808131, 1949276.542233355]}, "properties": {"kind": "drone", "drone_id": 2, "frame": 143, "time_s": 143.0, "timestamp": "2025-01-01T00:02:23", "mode": "SUM_MIN", "is_static": false, "battery": 43.99999999999942}}, {"type": "Feature", "geometry": {"type": "Point", "coordinates": [963809.8796416994, 1950519.3993762122]}, "properties": {"kind": "drone", "drone_id": 3, "frame": 143, "time_s": 143.0, "timestamp": "2025-01-01T00:02:23", "mode": "SUM_MIN", "is_static": false, "battery": 45.49999999999981}}, {"type": "Feature", "geometry": {"type": "Point", "coordinates": [962121.1301043197, 1951494.3993762122]}, "properties": {"kind": "drone", "drone_id": 4, "frame": 143, "time_s": 143.0, "timestamp": "2025-01-01T00:02:23", "mode": "SUM_MIN", "is_static": false, "battery": 43.99999999999981}}, {"type": "Feature", "geometry": {"type": "Point", "coordinates": [966389.3981658287, 1949051.542233355]}, "properties": {"kind": "drone", "drone_id": 5, "frame": 143, "time_s": 143.0, "timestamp": "2025-01-01T00:02:23", "mode": "SUM_MIN", "is_static": false, "battery": 35.00000000000081}}, {"type": "Feature", "geometry": {"type": "Point", "coordinates": [965665.6483640946, 1949597.9708047837]}, "properties": {"kind": "drone", "drone_id": 6, "frame": 143, "time_s": 143.0, "timestamp": "2025-01-01T00:02:23", "mode": "SUM_MIN", "is_static": false, "battery": 35.00000000000085}}, {"type": "Feature", "geometry": {"type": "Point", "coordinates": [963234.5913377568, 1951151.542233355]}, "properties": {"kind": "drone", "drone_id": 7, "frame": 143, "time_s": 143.0, "timestamp": "2025-01-01T00:02:23", "mode": "SUM_MIN", "is_static": false, "battery": 36.50000000000047}}, {"type": "Feature", "geometry": {"type": "Point", "coordinates": [964830.5524390168, 1949780.1136619265]}, "properties": {"kind": "drone", "drone_id": 8, "frame": 143, "time_s": 143.0, "timestamp": "2025-01-01T00:02:23", "mode": "SUM_MIN", "is_static": false, "battery": 27.49999999999988}}, {"type": "Feature", "geometry": {"type": "Point", "coordinates": [962956.2260293976, 1951312.2565190694]}, "properties": {"kind": "drone", "drone_id": 9, "frame": 143, "time_s": 143.0, "timestamp": "2025-01-01T00:02:23", "mode": "SUM_MIN", "is_static": false, "battery": 47.00000000000062}}, {"type": "Feature", "geometry": {"type": "Point", "coordinates": [965944.0136724538, 1949437.2565190694]}, "properties": {"kind": "drone", "drone_id": 10, "frame": 143, "time_s": 143.0, "timestamp": "2025-01-01T00:02:23", "mode": "SUM_MIN", "is_static": false, "battery": 48.49999999999981}}, {"type": "Feature", "geometry": {"type": "Point", "coordinates": [964273.8218222981, 1949651.542233355]}, "properties": {"kind": "drone", "drone_id": 11, "frame": 143, "time_s": 143.0, "timestamp": "2025-01-01T00:02:23", "mode": "SUM_MIN", "is_static": false, "battery": 32.00000000000027}}, {"type": "Feature", "geometry": {"type": "Point", "coordinates": [963921.225765043, 1949940.8279476408]}, "properties": {"kind": "drone", "drone_id": 12, "frame": 143, "time_s": 143.0, "timestamp": "2025-01-01T00:02:23", "mode": "SUM_MIN", "is_static": false, "battery": 33.500000000000234}}, {"type": "Feature", "geometry": {"type": "Point", "coordinates": [963921.225765043, 1950262.2565190694]}, "properties": {"kind": "drone", "drone_id": 13, "frame": 143, "time_s": 143.0, "timestamp": "2025-01-01T00:02:23", "mode": "SUM_MIN", "is_static": false, "battery": 39.5}}, {"type": "Feature", "geometry": {"type": "Point", "coordinates": [963791.3219544754, 1950830.1136619265]}, "properties": {"kind": "drone", "drone_id": 14, "frame": 143, "time_s": 143.0, "timestamp": "2025-01-01T00:02:23", "mode": "SUM_MIN", "is_static": false, "battery": 44.00000000000082}}, {"type": "Feature", "geometry": {"type": "Point", "coordinates": [962399.4954126789, 1951526.542233355]}, "properties": {"kind": "drone", "drone_id": 15, "frame": 143, "time_s": 143.0, "timestamp": "2025-01-01T00:02:23", "mode": "SUM_MIN", "is_static": false, "battery": 39.500000000000625}}, {"type": "Feature", "geometry": {"type": "Point", "coordinates": [963531.5143333401, 1950980.1136619265]}, "properties": {"kind": "drone", "drone_id": 16, "frame": 143, "time_s": 143.0, "timestamp": "2025-01-01T00:02:23", "mode": "SUM_MIN", "is_static": false, "battery": 50.0}}, {"type": "Feature", "geometry": {"type": "Point", "coordinates": [964552.1871306574, 1949640.8279476408]}, "properties": {"kind": "drone", "drone_id": 17, "frame": 143, "time_s": 143.0, "timestamp": "2025-01-01T00:02:23", "mode": "SUM_MIN", "is_static": false, "battery": 27.499999999999492}}, {"type": "Feature", "geometry": {"type": "Point", "coordinates": [964014.3243601458, 1949666.613861504]}, "properties": {"kind": "drone", "drone_id": 18, "frame": 143, "time_s": 143.0, "timestamp": "2025-01-01T00:02:23", "mode": "SUM_MIN", "is_static": false, "battery": 11.130872483221218}}, {"type": "Feature", "geometry": {"type": "Point", "coordinates": [962622.1876593664, 1951505.1136619265]}, "properties": {"kind": "drone", "drone_id": 19, "frame": 143, "time_s": 143.0, "timestamp": "2025-01-01T00:02:23", "mode": "SUM_MIN", "is_static": false, "battery": 50.0}}, {"type": "Feature", "geometry": {"type": "Point", "coordinates": [965108.917747376, 1949769.3993762122]}, "properties": {"kind": "drone", "drone_id": 20, "frame": 143, "time_s": 143.0, "timestamp": "2025-01-01T00:02:23", "mode": "SUM_MIN", "is_static": false, "battery": 36.499999999998835}}, {"type": "Feature", "geometry": {"type": "Point", "coordinates": [961972.6686065281, 1951730.1136619265]}, "properties": {"kind": "base_A", "drone_id": 0, "frame": 143, "time_s": 143.0, "timestamp": "2025-01-01T00:02:23", "mode": "SUM_MIN", "is_static": true, "battery": 50.0}}, {"type": "Feature", "geometry": {"type": "Point", "coordinates": [966389.3981658287, 1948730.1136619265]}, "properties": {"kind": "base_B", "drone_id": 0, "frame": 143, "time_s": 143.0, "timestamp": "2025-01-01T00:02:23", "mode": "SUM_MIN", "is_static": true, "battery": 50.0}}, {"type": "Feature", "geometry": {"type": "Point", "coordinates": [965387.2830557353, 1949608.6850904978]}, "properties": {"kind": "drone", "drone_id": 1, "frame": 144, "time_s": 144.0, "timestamp": "2025-01-01T00:02:24", "mode": "SUM_MIN", "is_static": false, "battery": 34.99999999999965}}, {"type": "Feature", "geometry": {"type": "Point", "coordinates": [966222.3789808131, 1949276.542233355]}, "properties": {"kind": "drone", "drone_id": 2, "frame": 144, "time_s": 144.0, "timestamp": "2025-01-01T00:02:24", "mode": "SUM_MIN", "is_static": false, "battery": 43.99999999999942}}, {"type": "Feature", "geometry": {"type": "Point", "coordinates": [963809.8796416994, 1950519.3993762122]}, "properties": {"kind": "drone", "drone_id": 3, "frame": 144, "time_s": 144.0, "timestamp": "2025-01-01T00:02:24", "mode": "SUM_MIN", "is_static": false, "battery": 45.49999999999981}}, {"type": "Feature", "geometry": {"type": "Point", "coordinates": [962121.1301043197, 1951494.3993762122]}, "properties": {"kind": "drone", "drone_id": 4, "frame": 144, "time_s": 144.0, "timestamp": "2025-01-01T00:02:24", "mode": "SUM_MIN", "is_static": false, "battery": 43.99999999999981}}, {"type": "Feature", "geometry": {"type": "Point", "coordinates": [966389.3981658287, 1949051.542233355]}, "properties": {"kind": "drone", "drone_id": 5, "frame": 144, "time_s": 144.0, "timestamp": "2025-01-01T00:02:24", "mode": "SUM_MIN", "is_static": false, "battery": 35.00000000000081}}, {"type": "Feature", "geometry": {"type": "Point", "coordinates": [965665.6483640946, 1949597.9708047837]}, "properties": {"kind": "drone", "drone_id": 6, "frame": 144, "time_s": 144.0, "timestamp": "2025-01-01T00:02:24", "mode": "SUM_MIN", "is_static": false, "battery": 35.00000000000085}}, {"type": "Feature", "geometry": {"type": "Point", "coordinates": [963234.5913377568, 1951151.542233355]}, "properties": {"kind": "drone", "drone_id": 7, "frame": 144, "time_s": 144.0, "timestamp": "2025-01-01T00:02:24", "mode": "SUM_MIN", "is_static": false, "battery": 36.50000000000047}}, {"type": "Feature", "geometry": {"type": "Point", "coordinates": [964830.5524390168, 1949780.1136619265]}, "properties": {"kind": "drone", "drone_id": 8, "frame": 144, "time_s": 144.0, "timestamp": "2025-01-01T00:02:24", "mode": "SUM_MIN", "is_static": false, "battery": 27.49999999999988}}, {"type": "Feature", "geometry": {"type": "Point", "coordinates": [962956.2260293976, 1951312.2565190694]}, "properties": {"kind": "drone", "drone_id": 9, "frame": 144, "time_s": 144.0, "timestamp": "2025-01-01T00:02:24", "mode": "SUM_MIN", "is_static": false, "battery": 47.00000000000062}}, {"type": "Feature", "geometry": {"type": "Point", "coordinates": [965944.0136724538, 1949437.2565190694]}, "properties": {"kind": "drone", "drone_id": 10, "frame": 144, "time_s": 144.0, "timestamp": "2025-01-01T00:02:24", "mode": "SUM_MIN", "is_static": false, "battery": 48.49999999999981}}, {"type": "Feature", "geometry": {"type": "Point", "coordinates": [964273.8218222981, 1949651.542233355]}, "properties": {"kind": "drone", "drone_id": 11, "frame": 144, "time_s": 144.0, "timestamp": "2025-01-01T00:02:24", "mode": "SUM_MIN", "is_static": false, "battery": 32.00000000000027}}, {"type": "Feature", "geometry": {"type": "Point", "coordinates": [963921.225765043, 1949940.8279476408]}, "properties": {"kind": "drone", "drone_id": 12, "frame": 144, "time_s": 144.0, "timestamp": "2025-01-01T00:02:24", "mode": "SUM_MIN", "is_static": false, "battery": 33.500000000000234}}, {"type": "Feature", "geometry": {"type": "Point", "coordinates": [963921.225765043, 1950262.2565190694]}, "properties": {"kind": "drone", "drone_id": 13, "frame": 144, "time_s": 144.0, "timestamp": "2025-01-01T00:02:24", "mode": "SUM_MIN", "is_static": false, "battery": 39.5}}, {"type": "Feature", "geometry": {"type": "Point", "coordinates": [963791.3219544754, 1950830.1136619265]}, "properties": {"kind": "drone", "drone_id": 14, "frame": 144, "time_s": 144.0, "timestamp": "2025-01-01T00:02:24", "mode": "SUM_MIN", "is_static": false, "battery": 44.00000000000082}}, {"type": "Feature", "geometry": {"type": "Point", "coordinates": [962399.4954126789, 1951526.542233355]}, "properties": {"kind": "drone", "drone_id": 15, "frame": 144, "time_s": 144.0, "timestamp": "2025-01-01T00:02:24", "mode": "SUM_MIN", "is_static": false, "battery": 39.500000000000625}}, {"type": "Feature", "geometry": {"type": "Point", "coordinates": [963531.5143333401, 1950980.1136619265]}, "properties": {"kind": "drone", "drone_id": 16, "frame": 144, "time_s": 144.0, "timestamp": "2025-01-01T00:02:24", "mode": "SUM_MIN", "is_static": false, "battery": 50.0}}, {"type": "Feature", "geometry": {"type": "Point", "coordinates": [964552.1871306574, 1949640.8279476408]}, "properties": {"kind": "drone", "drone_id": 17, "frame": 144, "time_s": 144.0, "timestamp": "2025-01-01T00:02:24", "mode": "SUM_MIN", "is_static": false, "battery": 27.499999999999492}}, {"type": "Feature", "geometry": {"type": "Point", "coordinates": [964008.6194270813, 1949665.2963636478]}, "properties": {"kind": "drone", "drone_id": 18, "frame": 144, "time_s": 144.0, "timestamp": "2025-01-01T00:02:24", "mode": "SUM_MIN", "is_static": false, "battery": 10.8590604026843}}, {"type": "Feature", "geometry": {"type": "Point", "coordinates": [962622.1876593664, 1951505.1136619265]}, "properties": {"kind": "drone", "drone_id": 19, "frame": 144, "time_s": 144.0, "timestamp": "2025-01-01T00:02:24", "mode": "SUM_MIN", "is_static": false, "battery": 50.0}}, {"type": "Feature", "geometry": {"type": "Point", "coordinates": [965108.917747376, 1949769.3993762122]}, "properties": {"kind": "drone", "drone_id": 20, "frame": 144, "time_s": 144.0, "timestamp": "2025-01-01T00:02:24", "mode": "SUM_MIN", "is_static": false, "battery": 36.499999999998835}}, {"type": "Feature", "geometry": {"type": "Point", "coordinates": [961972.6686065281, 1951730.1136619265]}, "properties": {"kind": "base_A", "drone_id": 0, "frame": 144, "time_s": 144.0, "timestamp": "2025-01-01T00:02:24", "mode": "SUM_MIN", "is_static": true, "battery": 50.0}}, {"type": "Feature", "geometry": {"type": "Point", "coordinates": [966389.3981658287, 1948730.1136619265]}, "properties": {"kind": "base_B", "drone_id": 0, "frame": 144, "time_s": 144.0, "timestamp": "2025-01-01T00:02:24", "mode": "SUM_MIN", "is_static": true, "battery": 50.0}}, {"type": "Feature", "geometry": {"type": "Point", "coordinates": [965387.2830557353, 1949608.6850904978]}, "properties": {"kind": "drone", "drone_id": 1, "frame": 145, "time_s": 145.0, "timestamp": "2025-01-01T00:02:25", "mode": "SUM_MIN", "is_static": false, "battery": 34.99999999999965}}, {"type": "Feature", "geometry": {"type": "Point", "coordinates": [966222.3789808131, 1949276.542233355]}, "properties": {"kind": "drone", "drone_id": 2, "frame": 145, "time_s": 145.0, "timestamp": "2025-01-01T00:02:25", "mode": "SUM_MIN", "is_static": false, "battery": 43.99999999999942}}, {"type": "Feature", "geometry": {"type": "Point", "coordinates": [963809.8796416994, 1950519.3993762122]}, "properties": {"kind": "drone", "drone_id": 3, "frame": 145, "time_s": 145.0, "timestamp": "2025-01-01T00:02:25", "mode": "SUM_MIN", "is_static": false, "battery": 45.49999999999981}}, {"type": "Feature", "geometry": {"type": "Point", "coordinates": [962121.1301043197, 1951494.3993762122]}, "properties": {"kind": "drone", "drone_id": 4, "frame": 145, "time_s": 145.0, "timestamp": "2025-01-01T00:02:25", "mode": "SUM_MIN", "is_static": false, "battery": 43.99999999999981}}, {"type": "Feature", "geometry": {"type": "Point", "coordinates": [966389.3981658287, 1949051.542233355]}, "properties": {"kind": "drone", "drone_id": 5, "frame": 145, "time_s": 145.0, "timestamp": "2025-01-01T00:02:25", "mode": "SUM_MIN", "is_static": false, "battery": 35.00000000000081}}, {"type": "Feature", "geometry": {"type": "Point", "coordinates": [965665.6483640946, 1949597.9708047837]}, "properties": {"kind": "drone", "drone_id": 6, "frame": 145, "time_s": 145.0, "timestamp": "2025-01-01T00:02:25", "mode": "SUM_MIN", "is_static": false, "battery": 35.00000000000085}}, {"type": "Feature", "geometry": {"type": "Point", "coordinates": [963234.5913377568, 1951151.542233355]}, "properties": {"kind": "drone", "drone_id": 7, "frame": 145, "time_s": 145.0, "timestamp": "2025-01-01T00:02:25", "mode": "SUM_MIN", "is_static": false, "battery": 36.50000000000047}}, {"type": "Feature", "geometry": {"type": "Point", "coordinates": [964830.5524390168, 1949780.1136619265]}, "properties": {"kind": "drone", "drone_id": 8, "frame": 145, "time_s": 145.0, "timestamp": "2025-01-01T00:02:25", "mode": "SUM_MIN", "is_static": false, "battery": 27.49999999999988}}, {"type": "Feature", "geometry": {"type": "Point", "coordinates": [962956.2260293976, 1951312.2565190694]}, "properties": {"kind": "drone", "drone_id": 9, "frame": 145, "time_s": 145.0, "timestamp": "2025-01-01T00:02:25", "mode": "SUM_MIN", "is_static": false, "battery": 47.00000000000062}}, {"type": "Feature", "geometry": {"type": "Point", "coordinates": [965944.0136724538, 1949437.2565190694]}, "properties": {"kind": "drone", "drone_id": 10, "frame": 145, "time_s": 145.0, "timestamp": "2025-01-01T00:02:25", "mode": "SUM_MIN", "is_static": false, "battery": 48.49999999999981}}, {"type": "Feature", "geometry": {"type": "Point", "coordinates": [964273.8218222981, 1949651.542233355]}, "properties": {"kind": "drone", "drone_id": 11, "frame": 145, "time_s": 145.0, "timestamp": "2025-01-01T00:02:25", "mode": "SUM_MIN", "is_static": false, "battery": 32.00000000000027}}, {"type": "Feature", "geometry": {"type": "Point", "coordinates": [963921.225765043, 1949940.8279476408]}, "properties": {"kind": "drone", "drone_id": 12, "frame": 145, "time_s": 145.0, "timestamp": "2025-01-01T00:02:25", "mode": "SUM_MIN", "is_static": false, "battery": 33.500000000000234}}, {"type": "Feature", "geometry": {"type": "Point", "coordinates": [963921.225765043, 1950262.2565190694]}, "properties": {"kind": "drone", "drone_id": 13, "frame": 145, "time_s": 145.0, "timestamp": "2025-01-01T00:02:25", "mode": "SUM_MIN", "is_static": false, "battery": 39.5}}, {"type": "Feature", "geometry": {"type": "Point", "coordinates": [963791.3219544754, 1950830.1136619265]}, "properties": {"kind": "drone", "drone_id": 14, "frame": 145, "time_s": 145.0, "timestamp": "2025-01-01T00:02:25", "mode": "SUM_MIN", "is_static": false, "battery": 44.00000000000082}}, {"type": "Feature", "geometry": {"type": "Point", "coordinates": [962399.4954126789, 1951526.542233355]}, "properties": {"kind": "drone", "drone_id": 15, "frame": 145, "time_s": 145.0, "timestamp": "2025-01-01T00:02:25", "mode": "SUM_MIN", "is_static": false, "battery": 39.500000000000625}}, {"type": "Feature", "geometry": {"type": "Point", "coordinates": [963531.5143333401, 1950980.1136619265]}, "properties": {"kind": "drone", "drone_id": 16, "frame": 145, "time_s": 145.0, "timestamp": "2025-01-01T00:02:25", "mode": "SUM_MIN", "is_static": false, "battery": 50.0}}, {"type": "Feature", "geometry": {"type": "Point", "coordinates": [964552.1871306574, 1949640.8279476408]}, "properties": {"kind": "drone", "drone_id": 17, "frame": 145, "time_s": 145.0, "timestamp": "2025-01-01T00:02:25", "mode": "SUM_MIN", "is_static": false, "battery": 27.499999999999492}}, {"type": "Feature", "geometry": {"type": "Point", "coordinates": [964003.919333336, 1949664.2109234922]}, "properties": {"kind": "drone", "drone_id": 18, "frame": 145, "time_s": 145.0, "timestamp": "2025-01-01T00:02:25", "mode": "SUM_MIN", "is_static": false, "battery": 10.587248322147389}}, {"type": "Feature", "geometry": {"type": "Point", "coordinates": [962622.1876593664, 1951505.1136619265]}, "properties": {"kind": "drone", "drone_id": 19, "frame": 145, "time_s": 145.0, "timestamp": "2025-01-01T00:02:25", "mode": "SUM_MIN", "is_static": false, "battery": 50.0}}, {"type": "Feature", "geometry": {"type": "Point", "coordinates": [965108.917747376, 1949769.3993762122]}, "properties": {"kind": "drone", "drone_id": 20, "frame": 145, "time_s": 145.0, "timestamp": "2025-01-01T00:02:25", "mode": "SUM_MIN", "is_static": false, "battery": 36.499999999998835}}, {"type": "Feature", "geometry": {"type": "Point", "coordinates": [961972.6686065281, 1951730.1136619265]}, "properties": {"kind": "base_A", "drone_id": 0, "frame": 145, "time_s": 145.0, "timestamp": "2025-01-01T00:02:25", "mode": "SUM_MIN", "is_static": true, "battery": 50.0}}, {"type": "Feature", "geometry": {"type": "Point", "coordinates": [966389.3981658287, 1948730.1136619265]}, "properties": {"kind": "base_B", "drone_id": 0, "frame": 145, "time_s": 145.0, "timestamp": "2025-01-01T00:02:25", "mode": "SUM_MIN", "is_static": true, "battery": 50.0}}, {"type": "Feature", "geometry": {"type": "Point", "coordinates": [965387.2830557353, 1949608.6850904978]}, "properties": {"kind": "drone", "drone_id": 1, "frame": 146, "time_s": 146.0, "timestamp": "2025-01-01T00:02:26", "mode": "SUM_MIN", "is_static": false, "battery": 34.99999999999965}}, {"type": "Feature", "geometry": {"type": "Point", "coordinates": [966222.3789808131, 1949276.542233355]}, "properties": {"kind": "drone", "drone_id": 2, "frame": 146, "time_s": 146.0, "timestamp": "2025-01-01T00:02:26", "mode": "SUM_MIN", "is_static": false, "battery": 43.99999999999942}}, {"type": "Feature", "geometry": {"type": "Point", "coordinates": [963809.8796416994, 1950519.3993762122]}, "properties": {"kind": "drone", "drone_id": 3, "frame": 146, "time_s": 146.0, "timestamp": "2025-01-01T00:02:26", "mode": "SUM_MIN", "is_static": false, "battery": 45.49999999999981}}, {"type": "Feature", "geometry": {"type": "Point", "coordinates": [962121.1301043197, 1951494.3993762122]}, "properties": {"kind": "drone", "drone_id": 4, "frame": 146, "time_s": 146.0, "timestamp": "2025-01-01T00:02:26", "mode": "SUM_MIN", "is_static": false, "battery": 43.99999999999981}}, {"type": "Feature", "geometry": {"type": "Point", "coordinates": [966389.3981658287, 1949051.542233355]}, "properties": {"kind": "drone", "drone_id": 5, "frame": 146, "time_s": 146.0, "timestamp": "2025-01-01T00:02:26", "mode": "SUM_MIN", "is_static": false, "battery": 35.00000000000081}}, {"type": "Feature", "geometry": {"type": "Point", "coordinates": [965665.6483640946, 1949597.9708047837]}, "properties": {"kind": "drone", "drone_id": 6, "frame": 146, "time_s": 146.0, "timestamp": "2025-01-01T00:02:26", "mode": "SUM_MIN", "is_static": false, "battery": 35.00000000000085}}, {"type": "Feature", "geometry": {"type": "Point", "coordinates": [963234.5913377568, 1951151.542233355]}, "properties": {"kind": "drone", "drone_id": 7, "frame": 146, "time_s": 146.0, "timestamp": "2025-01-01T00:02:26", "mode": "SUM_MIN", "is_static": false, "battery": 36.50000000000047}}, {"type": "Feature", "geometry": {"type": "Point", "coordinates": [964830.5524390168, 1949780.1136619265]}, "properties": {"kind": "drone", "drone_id": 8, "frame": 146, "time_s": 146.0, "timestamp": "2025-01-01T00:02:26", "mode": "SUM_MIN", "is_static": false, "battery": 27.49999999999988}}, {"type": "Feature", "geometry": {"type": "Point", "coordinates": [962956.2260293976, 1951312.2565190694]}, "properties": {"kind": "drone", "drone_id": 9, "frame": 146, "time_s": 146.0, "timestamp": "2025-01-01T00:02:26", "mode": "SUM_MIN", "is_static": false, "battery": 47.00000000000062}}, {"type": "Feature", "geometry": {"type": "Point", "coordinates": [965944.0136724538, 1949437.2565190694]}, "properties": {"kind": "drone", "drone_id": 10, "frame": 146, "time_s": 146.0, "timestamp": "2025-01-01T00:02:26", "mode": "SUM_MIN", "is_static": false, "battery": 48.49999999999981}}, {"type": "Feature", "geometry": {"type": "Point", "coordinates": [964273.8218222981, 1949651.542233355]}, "properties": {"kind": "drone", "drone_id": 11, "frame": 146, "time_s": 146.0, "timestamp": "2025-01-01T00:02:26", "mode": "SUM_MIN", "is_static": false, "battery": 32.00000000000027}}, {"type": "Feature", "geometry": {"type": "Point", "coordinates": [963921.225765043, 1949940.8279476408]}, "properties": {"kind": "drone", "drone_id": 12, "frame": 146, "time_s": 146.0, "timestamp": "2025-01-01T00:02:26", "mode": "SUM_MIN", "is_static": false, "battery": 33.500000000000234}}, {"type": "Feature", "geometry": {"type": "Point", "coordinates": [963921.225765043, 1950262.2565190694]}, "properties": {"kind": "drone", "drone_id": 13, "frame": 146, "time_s": 146.0, "timestamp": "2025-01-01T00:02:26", "mode": "SUM_MIN", "is_static": false, "battery": 39.5}}, {"type": "Feature", "geometry": {"type": "Point", "coordinates": [963791.3219544754, 1950830.1136619265]}, "properties": {"kind": "drone", "drone_id": 14, "frame": 146, "time_s": 146.0, "timestamp": "2025-01-01T00:02:26", "mode": "SUM_MIN", "is_static": false, "battery": 44.00000000000082}}, {"type": "Feature", "geometry": {"type": "Point", "coordinates": [962399.4954126789, 1951526.542233355]}, "properties": {"kind": "drone", "drone_id": 15, "frame": 146, "time_s": 146.0, "timestamp": "2025-01-01T00:02:26", "mode": "SUM_MIN", "is_static": false, "battery": 39.500000000000625}}, {"type": "Feature", "geometry": {"type": "Point", "coordinates": [963531.5143333401, 1950980.1136619265]}, "properties": {"kind": "drone", "drone_id": 16, "frame": 146, "time_s": 146.0, "timestamp": "2025-01-01T00:02:26", "mode": "SUM_MIN", "is_static": false, "battery": 50.0}}, {"type": "Feature", "geometry": {"type": "Point", "coordinates": [964552.1871306574, 1949640.8279476408]}, "properties": {"kind": "drone", "drone_id": 17, "frame": 146, "time_s": 146.0, "timestamp": "2025-01-01T00:02:26", "mode": "SUM_MIN", "is_static": false, "battery": 27.499999999999492}}, {"type": "Feature", "geometry": {"type": "Point", "coordinates": [964000.2385370292, 1949663.3608799968]}, "properties": {"kind": "drone", "drone_id": 18, "frame": 146, "time_s": 146.0, "timestamp": "2025-01-01T00:02:26", "mode": "SUM_MIN", "is_static": false, "battery": 10.31543624161047}}, {"type": "Feature", "geometry": {"type": "Point", "coordinates": [962622.1876593664, 1951505.1136619265]}, "properties": {"kind": "drone", "drone_id": 19, "frame": 146, "time_s": 146.0, "timestamp": "2025-01-01T00:02:26", "mode": "SUM_MIN", "is_static": false, "battery": 50.0}}, {"type": "Feature", "geometry": {"type": "Point", "coordinates": [965108.917747376, 1949769.3993762122]}, "properties": {"kind": "drone", "drone_id": 20, "frame": 146, "time_s": 146.0, "timestamp": "2025-01-01T00:02:26", "mode": "SUM_MIN", "is_static": false, "battery": 36.499999999998835}}, {"type": "Feature", "geometry": {"type": "Point", "coordinates": [961972.6686065281, 1951730.1136619265]}, "properties": {"kind": "base_A", "drone_id": 0, "frame": 146, "time_s": 146.0, "timestamp": "2025-01-01T00:02:26", "mode": "SUM_MIN", "is_static": true, "battery": 50.0}}, {"type": "Feature", "geometry": {"type": "Point", "coordinates": [966389.3981658287, 1948730.1136619265]}, "properties": {"kind": "base_B", "drone_id": 0, "frame": 146, "time_s": 146.0, "timestamp": "2025-01-01T00:02:26", "mode": "SUM_MIN", "is_static": true, "battery": 50.0}}, {"type": "Feature", "geometry": {"type": "Point", "coordinates": [965387.2830557353, 1949608.6850904978]}, "properties": {"kind": "drone", "drone_id": 1, "frame": 147, "time_s": 147.0, "timestamp": "2025-01-01T00:02:27", "mode": "SUM_MIN", "is_static": false, "battery": 34.99999999999965}}, {"type": "Feature", "geometry": {"type": "Point", "coordinates": [966222.3789808131, 1949276.542233355]}, "properties": {"kind": "drone", "drone_id": 2, "frame": 147, "time_s": 147.0, "timestamp": "2025-01-01T00:02:27", "mode": "SUM_MIN", "is_static": false, "battery": 43.99999999999942}}, {"type": "Feature", "geometry": {"type": "Point", "coordinates": [963809.8796416994, 1950519.3993762122]}, "properties": {"kind": "drone", "drone_id": 3, "frame": 147, "time_s": 147.0, "timestamp": "2025-01-01T00:02:27", "mode": "SUM_MIN", "is_static": false, "battery": 45.49999999999981}}, {"type": "Feature", "geometry": {"type": "Point", "coordinates": [962121.1301043197, 1951494.3993762122]}, "properties": {"kind": "drone", "drone_id": 4, "frame": 147, "time_s": 147.0, "timestamp": "2025-01-01T00:02:27", "mode": "SUM_MIN", "is_static": false, "battery": 43.99999999999981}}, {"type": "Feature", "geometry": {"type": "Point", "coordinates": [966389.3981658287, 1949051.542233355]}, "properties": {"kind": "drone", "drone_id": 5, "frame": 147, "time_s": 147.0, "timestamp": "2025-01-01T00:02:27", "mode": "SUM_MIN", "is_static": false, "battery": 35.00000000000081}}, {"type": "Feature", "geometry": {"type": "Point", "coordinates": [965665.6483640946, 1949597.9708047837]}, "properties": {"kind": "drone", "drone_id": 6, "frame": 147, "time_s": 147.0, "timestamp": "2025-01-01T00:02:27", "mode": "SUM_MIN", "is_static": false, "battery": 35.00000000000085}}, {"type": "Feature", "geometry": {"type": "Point", "coordinates": [963234.5913377568, 1951151.542233355]}, "properties": {"kind": "drone", "drone_id": 7, "frame": 147, "time_s": 147.0, "timestamp": "2025-01-01T00:02:27", "mode": "SUM_MIN", "is_static": false, "battery": 36.50000000000047}}, {"type": "Feature", "geometry": {"type": "Point", "coordinates": [964830.5524390168, 1949780.1136619265]}, "properties": {"kind": "drone", "drone_id": 8, "frame": 147, "time_s": 147.0, "timestamp": "2025-01-01T00:02:27", "mode": "SUM_MIN", "is_static": false, "battery": 27.49999999999988}}, {"type": "Feature", "geometry": {"type": "Point", "coordinates": [962956.2260293976, 1951312.2565190694]}, "properties": {"kind": "drone", "drone_id": 9, "frame": 147, "time_s": 147.0, "timestamp": "2025-01-01T00:02:27", "mode": "SUM_MIN", "is_static": false, "battery": 47.00000000000062}}, {"type": "Feature", "geometry": {"type": "Point", "coordinates": [965944.0136724538, 1949437.2565190694]}, "properties": {"kind": "drone", "drone_id": 10, "frame": 147, "time_s": 147.0, "timestamp": "2025-01-01T00:02:27", "mode": "SUM_MIN", "is_static": false, "battery": 48.49999999999981}}, {"type": "Feature", "geometry": {"type": "Point", "coordinates": [964273.8218222981, 1949651.542233355]}, "properties": {"kind": "drone", "drone_id": 11, "frame": 147, "time_s": 147.0, "timestamp": "2025-01-01T00:02:27", "mode": "SUM_MIN", "is_static": false, "battery": 32.00000000000027}}, {"type": "Feature", "geometry": {"type": "Point", "coordinates": [963921.225765043, 1949940.8279476408]}, "properties": {"kind": "drone", "drone_id": 12, "frame": 147, "time_s": 147.0, "timestamp": "2025-01-01T00:02:27", "mode": "SUM_MIN", "is_static": false, "battery": 33.500000000000234}}, {"type": "Feature", "geometry": {"type": "Point", "coordinates": [963921.225765043, 1950262.2565190694]}, "properties": {"kind": "drone", "drone_id": 13, "frame": 147, "time_s": 147.0, "timestamp": "2025-01-01T00:02:27", "mode": "SUM_MIN", "is_static": false, "battery": 39.5}}, {"type": "Feature", "geometry": {"type": "Point", "coordinates": [963791.3219544754, 1950830.1136619265]}, "properties": {"kind": "drone", "drone_id": 14, "frame": 147, "time_s": 147.0, "timestamp": "2025-01-01T00:02:27", "mode": "SUM_MIN", "is_static": false, "battery": 44.00000000000082}}, {"type": "Feature", "geometry": {"type": "Point", "coordinates": [962399.4954126789, 1951526.542233355]}, "properties": {"kind": "drone", "drone_id": 15, "frame": 147, "time_s": 147.0, "timestamp": "2025-01-01T00:02:27", "mode": "SUM_MIN", "is_static": false, "battery": 39.500000000000625}}, {"type": "Feature", "geometry": {"type": "Point", "coordinates": [963531.5143333401, 1950980.1136619265]}, "properties": {"kind": "drone", "drone_id": 16, "frame": 147, "time_s": 147.0, "timestamp": "2025-01-01T00:02:27", "mode": "SUM_MIN", "is_static": false, "battery": 50.0}}, {"type": "Feature", "geometry": {"type": "Point", "coordinates": [964552.1871306574, 1949640.8279476408]}, "properties": {"kind": "drone", "drone_id": 17, "frame": 147, "time_s": 147.0, "timestamp": "2025-01-01T00:02:27", "mode": "SUM_MIN", "is_static": false, "battery": 27.499999999999492}}, {"type": "Feature", "geometry": {"type": "Point", "coordinates": [963997.5914962811, 1949662.7495721213]}, "properties": {"kind": "drone", "drone_id": 18, "frame": 147, "time_s": 147.0, "timestamp": "2025-01-01T00:02:27", "mode": "SUM_MIN", "is_static": false, "battery": 10.04362416107356}}, {"type": "Feature", "geometry": {"type": "Point", "coordinates": [962622.1876593664, 1951505.1136619265]}, "properties": {"kind": "drone", "drone_id": 19, "frame": 147, "time_s": 147.0, "timestamp": "2025-01-01T00:02:27", "mode": "SUM_MIN", "is_static": false, "battery": 50.0}}, {"type": "Feature", "geometry": {"type": "Point", "coordinates": [965108.917747376, 1949769.3993762122]}, "properties": {"kind": "drone", "drone_id": 20, "frame": 147, "time_s": 147.0, "timestamp": "2025-01-01T00:02:27", "mode": "SUM_MIN", "is_static": false, "battery": 36.499999999998835}}, {"type": "Feature", "geometry": {"type": "Point", "coordinates": [961972.6686065281, 1951730.1136619265]}, "properties": {"kind": "base_A", "drone_id": 0, "frame": 147, "time_s": 147.0, "timestamp": "2025-01-01T00:02:27", "mode": "SUM_MIN", "is_static": true, "battery": 50.0}}, {"type": "Feature", "geometry": {"type": "Point", "coordinates": [966389.3981658287, 1948730.1136619265]}, "properties": {"kind": "base_B", "drone_id": 0, "frame": 147, "time_s": 147.0, "timestamp": "2025-01-01T00:02:27", "mode": "SUM_MIN", "is_static": true, "battery": 50.0}}, {"type": "Feature", "geometry": {"type": "Point", "coordinates": [965387.2830557353, 1949608.6850904978]}, "properties": {"kind": "drone", "drone_id": 1, "frame": 148, "time_s": 148.0, "timestamp": "2025-01-01T00:02:28", "mode": "SUM_MIN", "is_static": false, "battery": 34.99999999999965}}, {"type": "Feature", "geometry": {"type": "Point", "coordinates": [966222.3789808131, 1949276.542233355]}, "properties": {"kind": "drone", "drone_id": 2, "frame": 148, "time_s": 148.0, "timestamp": "2025-01-01T00:02:28", "mode": "SUM_MIN", "is_static": false, "battery": 43.99999999999942}}, {"type": "Feature", "geometry": {"type": "Point", "coordinates": [963809.8796416994, 1950519.3993762122]}, "properties": {"kind": "drone", "drone_id": 3, "frame": 148, "time_s": 148.0, "timestamp": "2025-01-01T00:02:28", "mode": "SUM_MIN", "is_static": false, "battery": 45.49999999999981}}, {"type": "Feature", "geometry": {"type": "Point", "coordinates": [962121.1301043197, 1951494.3993762122]}, "properties": {"kind": "drone", "drone_id": 4, "frame": 148, "time_s": 148.0, "timestamp": "2025-01-01T00:02:28", "mode": "SUM_MIN", "is_static": false, "battery": 43.99999999999981}}, {"type": "Feature", "geometry": {"type": "Point", "coordinates": [966389.3981658287, 1949051.542233355]}, "properties": {"kind": "drone", "drone_id": 5, "frame": 148, "time_s": 148.0, "timestamp": "2025-01-01T00:02:28", "mode": "SUM_MIN", "is_static": false, "battery": 35.00000000000081}}, {"type": "Feature", "geometry": {"type": "Point", "coordinates": [965665.6483640946, 1949597.9708047837]}, "properties": {"kind": "drone", "drone_id": 6, "frame": 148, "time_s": 148.0, "timestamp": "2025-01-01T00:02:28", "mode": "SUM_MIN", "is_static": false, "battery": 35.00000000000085}}, {"type": "Feature", "geometry": {"type": "Point", "coordinates": [963234.5913377568, 1951151.542233355]}, "properties": {"kind": "drone", "drone_id": 7, "frame": 148, "time_s": 148.0, "timestamp": "2025-01-01T00:02:28", "mode": "SUM_MIN", "is_static": false, "battery": 36.50000000000047}}, {"type": "Feature", "geometry": {"type": "Point", "coordinates": [964830.5524390168, 1949780.1136619265]}, "properties": {"kind": "drone", "drone_id": 8, "frame": 148, "time_s": 148.0, "timestamp": "2025-01-01T00:02:28", "mode": "SUM_MIN", "is_static": false, "battery": 27.49999999999988}}, {"type": "Feature", "geometry": {"type": "Point", "coordinates": [962956.2260293976, 1951312.2565190694]}, "properties": {"kind": "drone", "drone_id": 9, "frame": 148, "time_s": 148.0, "timestamp": "2025-01-01T00:02:28", "mode": "SUM_MIN", "is_static": false, "battery": 47.00000000000062}}, {"type": "Feature", "geometry": {"type": "Point", "coordinates": [965944.0136724538, 1949437.2565190694]}, "properties": {"kind": "drone", "drone_id": 10, "frame": 148, "time_s": 148.0, "timestamp": "2025-01-01T00:02:28", "mode": "SUM_MIN", "is_static": false, "battery": 48.49999999999981}}, {"type": "Feature", "geometry": {"type": "Point", "coordinates": [964273.8218222981, 1949651.542233355]}, "properties": {"kind": "drone", "drone_id": 11, "frame": 148, "time_s": 148.0, "timestamp": "2025-01-01T00:02:28", "mode": "SUM_MIN", "is_static": false, "battery": 32.00000000000027}}, {"type": "Feature", "geometry": {"type": "Point", "coordinates": [963921.225765043, 1949940.8279476408]}, "properties": {"kind": "drone", "drone_id": 12, "frame": 148, "time_s": 148.0, "timestamp": "2025-01-01T00:02:28", "mode": "SUM_MIN", "is_static": false, "battery": 33.500000000000234}}, {"type": "Feature", "geometry": {"type": "Point", "coordinates": [963921.225765043, 1950262.2565190694]}, "properties": {"kind": "drone", "drone_id": 13, "frame": 148, "time_s": 148.0, "timestamp": "2025-01-01T00:02:28", "mode": "SUM_MIN", "is_static": false, "battery": 39.5}}, {"type": "Feature", "geometry": {"type": "Point", "coordinates": [963791.3219544754, 1950830.1136619265]}, "properties": {"kind": "drone", "drone_id": 14, "frame": 148, "time_s": 148.0, "timestamp": "2025-01-01T00:02:28", "mode": "SUM_MIN", "is_static": false, "battery": 44.00000000000082}}, {"type": "Feature", "geometry": {"type": "Point", "coordinates": [962399.4954126789, 1951526.542233355]}, "properties": {"kind": "drone", "drone_id": 15, "frame": 148, "time_s": 148.0, "timestamp": "2025-01-01T00:02:28", "mode": "SUM_MIN", "is_static": false, "battery": 39.500000000000625}}, {"type": "Feature", "geometry": {"type": "Point", "coordinates": [963531.5143333401, 1950980.1136619265]}, "properties": {"kind": "drone", "drone_id": 16, "frame": 148, "time_s": 148.0, "timestamp": "2025-01-01T00:02:28", "mode": "SUM_MIN", "is_static": false, "battery": 50.0}}, {"type": "Feature", "geometry": {"type": "Point", "coordinates": [964552.1871306574, 1949640.8279476408]}, "properties": {"kind": "drone", "drone_id": 17, "frame": 148, "time_s": 148.0, "timestamp": "2025-01-01T00:02:28", "mode": "SUM_MIN", "is_static": false, "battery": 27.499999999999492}}, {"type": "Feature", "geometry": {"type": "Point", "coordinates": [963995.992669211, 1949662.3803388258]}, "properties": {"kind": "drone", "drone_id": 18, "frame": 148, "time_s": 148.0, "timestamp": "2025-01-01T00:02:28", "mode": "SUM_MIN", "is_static": false, "battery": 9.771812080536641}}, {"type": "Feature", "geometry": {"type": "Point", "coordinates": [962622.1876593664, 1951505.1136619265]}, "properties": {"kind": "drone", "drone_id": 19, "frame": 148, "time_s": 148.0, "timestamp": "2025-01-01T00:02:28", "mode": "SUM_MIN", "is_static": false, "battery": 50.0}}, {"type": "Feature", "geometry": {"type": "Point", "coordinates": [965108.917747376, 1949769.3993762122]}, "properties": {"kind": "drone", "drone_id": 20, "frame": 148, "time_s": 148.0, "timestamp": "2025-01-01T00:02:28", "mode": "SUM_MIN", "is_static": false, "battery": 36.499999999998835}}, {"type": "Feature", "geometry": {"type": "Point", "coordinates": [961972.6686065281, 1951730.1136619265]}, "properties": {"kind": "base_A", "drone_id": 0, "frame": 148, "time_s": 148.0, "timestamp": "2025-01-01T00:02:28", "mode": "SUM_MIN", "is_static": true, "battery": 50.0}}, {"type": "Feature", "geometry": {"type": "Point", "coordinates": [966389.3981658287, 1948730.1136619265]}, "properties": {"kind": "base_B", "drone_id": 0, "frame": 148, "time_s": 148.0, "timestamp": "2025-01-01T00:02:28", "mode": "SUM_MIN", "is_static": true, "battery": 50.0}}, {"type": "Feature", "geometry": {"type": "Point", "coordinates": [965387.2830557353, 1949608.6850904978]}, "properties": {"kind": "drone", "drone_id": 1, "frame": 149, "time_s": 149.0, "timestamp": "2025-01-01T00:02:29", "mode": "SUM_MIN", "is_static": false, "battery": 34.99999999999965}}, {"type": "Feature", "geometry": {"type": "Point", "coordinates": [966222.3789808131, 1949276.542233355]}, "properties": {"kind": "drone", "drone_id": 2, "frame": 149, "time_s": 149.0, "timestamp": "2025-01-01T00:02:29", "mode": "SUM_MIN", "is_static": false, "battery": 43.99999999999942}}, {"type": "Feature", "geometry": {"type": "Point", "coordinates": [963809.8796416994, 1950519.3993762122]}, "properties": {"kind": "drone", "drone_id": 3, "frame": 149, "time_s": 149.0, "timestamp": "2025-01-01T00:02:29", "mode": "SUM_MIN", "is_static": false, "battery": 45.49999999999981}}, {"type": "Feature", "geometry": {"type": "Point", "coordinates": [962121.1301043197, 1951494.3993762122]}, "properties": {"kind": "drone", "drone_id": 4, "frame": 149, "time_s": 149.0, "timestamp": "2025-01-01T00:02:29", "mode": "SUM_MIN", "is_static": false, "battery": 43.99999999999981}}, {"type": "Feature", "geometry": {"type": "Point", "coordinates": [966389.3981658287, 1949051.542233355]}, "properties": {"kind": "drone", "drone_id": 5, "frame": 149, "time_s": 149.0, "timestamp": "2025-01-01T00:02:29", "mode": "SUM_MIN", "is_static": false, "battery": 35.00000000000081}}, {"type": "Feature", "geometry": {"type": "Point", "coordinates": [965665.6483640946, 1949597.9708047837]}, "properties": {"kind": "drone", "drone_id": 6, "frame": 149, "time_s": 149.0, "timestamp": "2025-01-01T00:02:29", "mode": "SUM_MIN", "is_static": false, "battery": 35.00000000000085}}, {"type": "Feature", "geometry": {"type": "Point", "coordinates": [963234.5913377568, 1951151.542233355]}, "properties": {"kind": "drone", "drone_id": 7, "frame": 149, "time_s": 149.0, "timestamp": "2025-01-01T00:02:29", "mode": "SUM_MIN", "is_static": false, "battery": 36.50000000000047}}, {"type": "Feature", "geometry": {"type": "Point", "coordinates": [964830.5524390168, 1949780.1136619265]}, "properties": {"kind": "drone", "drone_id": 8, "frame": 149, "time_s": 149.0, "timestamp": "2025-01-01T00:02:29", "mode": "SUM_MIN", "is_static": false, "battery": 27.49999999999988}}, {"type": "Feature", "geometry": {"type": "Point", "coordinates": [962956.2260293976, 1951312.2565190694]}, "properties": {"kind": "drone", "drone_id": 9, "frame": 149, "time_s": 149.0, "timestamp": "2025-01-01T00:02:29", "mode": "SUM_MIN", "is_static": false, "battery": 47.00000000000062}}, {"type": "Feature", "geometry": {"type": "Point", "coordinates": [965944.0136724538, 1949437.2565190694]}, "properties": {"kind": "drone", "drone_id": 10, "frame": 149, "time_s": 149.0, "timestamp": "2025-01-01T00:02:29", "mode": "SUM_MIN", "is_static": false, "battery": 48.49999999999981}}, {"type": "Feature", "geometry": {"type": "Point", "coordinates": [964273.8218222981, 1949651.542233355]}, "properties": {"kind": "drone", "drone_id": 11, "frame": 149, "time_s": 149.0, "timestamp": "2025-01-01T00:02:29", "mode": "SUM_MIN", "is_static": false, "battery": 32.00000000000027}}, {"type": "Feature", "geometry": {"type": "Point", "coordinates": [963921.225765043, 1949940.8279476408]}, "properties": {"kind": "drone", "drone_id": 12, "frame": 149, "time_s": 149.0, "timestamp": "2025-01-01T00:02:29", "mode": "SUM_MIN", "is_static": false, "battery": 33.500000000000234}}, {"type": "Feature", "geometry": {"type": "Point", "coordinates": [963921.225765043, 1950262.2565190694]}, "properties": {"kind": "drone", "drone_id": 13, "frame": 149, "time_s": 149.0, "timestamp": "2025-01-01T00:02:29", "mode": "SUM_MIN", "is_static": false, "battery": 39.5}}, {"type": "Feature", "geometry": {"type": "Point", "coordinates": [963791.3219544754, 1950830.1136619265]}, "properties": {"kind": "drone", "drone_id": 14, "frame": 149, "time_s": 149.0, "timestamp": "2025-01-01T00:02:29", "mode": "SUM_MIN", "is_static": false, "battery": 44.00000000000082}}, {"type": "Feature", "geometry": {"type": "Point", "coordinates": [962399.4954126789, 1951526.542233355]}, "properties": {"kind": "drone", "drone_id": 15, "frame": 149, "time_s": 149.0, "timestamp": "2025-01-01T00:02:29", "mode": "SUM_MIN", "is_static": false, "battery": 39.500000000000625}}, {"type": "Feature", "geometry": {"type": "Point", "coordinates": [963531.5143333401, 1950980.1136619265]}, "properties": {"kind": "drone", "drone_id": 16, "frame": 149, "time_s": 149.0, "timestamp": "2025-01-01T00:02:29", "mode": "SUM_MIN", "is_static": false, "battery": 50.0}}, {"type": "Feature", "geometry": {"type": "Point", "coordinates": [964552.1871306574, 1949640.8279476408]}, "properties": {"kind": "drone", "drone_id": 17, "frame": 149, "time_s": 149.0, "timestamp": "2025-01-01T00:02:29", "mode": "SUM_MIN", "is_static": false, "battery": 27.499999999999492}}, {"type": "Feature", "geometry": {"type": "Point", "coordinates": [963995.4565139388, 1949662.2565190694]}, "properties": {"kind": "drone", "drone_id": 18, "frame": 149, "time_s": 149.0, "timestamp": "2025-01-01T00:02:29", "mode": "SUM_MIN", "is_static": false, "battery": 9.49999999999973}}, {"type": "Feature", "geometry": {"type": "Point", "coordinates": [962622.1876593664, 1951505.1136619265]}, "properties": {"kind": "drone", "drone_id": 19, "frame": 149, "time_s": 149.0, "timestamp": "2025-01-01T00:02:29", "mode": "SUM_MIN", "is_static": false, "battery": 50.0}}, {"type": "Feature", "geometry": {"type": "Point", "coordinates": [965108.917747376, 1949769.3993762122]}, "properties": {"kind": "drone", "drone_id": 20, "frame": 149, "time_s": 149.0, "timestamp": "2025-01-01T00:02:29", "mode": "SUM_MIN", "is_static": false, "battery": 36.499999999998835}}, {"type": "Feature", "geometry": {"type": "Point", "coordinates": [961972.6686065281, 1951730.1136619265]}, "properties": {"kind": "base_A", "drone_id": 0, "frame": 149, "time_s": 149.0, "timestamp": "2025-01-01T00:02:29", "mode": "SUM_MIN", "is_static": true, "battery": 50.0}}, {"type": "Feature", "geometry": {"type": "Point", "coordinates": [966389.3981658287, 1948730.1136619265]}, "properties": {"kind": "base_B", "drone_id": 0, "frame": 149, "time_s": 149.0, "timestamp": "2025-01-01T00:02:29", "mode": "SUM_MIN", "is_static": true, "battery": 50.0}}]}